"","genome2guild$guild","mat_trait$`mat_ori$id`","size","grassAmbDry1","grassAmbWet1","grassAmbDry2","grassAmbWet2","Average","grassRedDry1","grassRedWet1","grassRedDry2","grassRedWet2","Average.1","shrubAmbDry1","shrubAmbWet1","shrubAmbDry2","shrubAmbWet2","Average.2","shrubRedDry1","shrubRedWet1","shrubRedDry2","shrubRedWet2","Average.3"
"1","1","grassAmbDry1_bin.1.orig",5124209,3.294105,13.974645,6.814849,3.899776,6.99584375,0.37134,3.178216,3.792191,3.575317,2.729266,1.610632,5.521751,1.884381,3.153208,3.042493,1.218168,1.521184,3.605834,4.867165,2.80308775
"2","2","grassAmbDry1_bin.10.strict",3803326,4.61156,0.966636,0.0148335,0.019015,1.403011125,0.232863,0.062271,0.011102,0,0.076559,0.011026,0.012952,0.005659,0.015077,0.0111785,0.020265,0.003562,0.009967,0.008673,0.01061675
"3","3","grassAmbDry1_bin.11.orig",3237013,3.887554,7.553484,4.599337,1.445309,4.371421,1.356046,4.386683,7.119627,3.353531,4.05397175,2.559392,2.544679,3.501231,1.134145,2.43486175,3.086009,7.641361,6.280827,3.018717,5.0067285
"4","4","grassAmbDry1_bin.12.orig",2828624,26.586181,3.776493,0.850599,0.157947,7.842805,67.578982,15.310125,4.287617,0.376981,21.88842625,0.127106,0.014731,0.039278,0.035316,0.05410775,0.080334,0.025448,0.019555,0.011175,0.034128
"5","5","grassAmbDry1_bin.14.orig",2448232,5.7919,3.367726,1.154403,0.5086,2.70565725,3.456098,3.701057,2.242853,0.874592,2.56865,0.10272,0.009477,0.089202,0.167984,0.09234575,0.155198,0.487228,0.244608,0.253295,0.28508225
"6","6","grassAmbDry1_bin.15.strict",4097949,4.939381,0.657247,0.831391,0.202058,1.65751925,0.955759,0.197695,0.041298,0.402689,0.39936025,6.587721,2.717735,0.20321,0.04112,2.3874465,2.071335,0.529979,0.76803,0.133082,0.8756065
"7","7","grassAmbDry1_bin.16.orig",2706311,36.318855,8.72915,2.78184,1.471746,12.32539775,82.466624,36.533385,19.697255,5.097657,35.94873025,1.242254,0.842854,1.12651,1.041326,1.063236,2.235509,25.712184,5.674794,2.035629,8.914529
"8","7","grassAmbDry1_bin.17.orig",2783667,24.828651,7.894676,1.411708,0.732727,8.7169405,2.434374,1.690207,0.919122,0.940963,1.4961665,0.847383,0.618185,0.762705,0.776814,0.75127175,0.806996,1.689955,0.717127,0.684523,0.97465025
"9","8","grassAmbDry1_bin.18.strict",3005993,4.022231,12.061191,4.397553,2.458349,5.734831,8.504373,23.164338,25.30386,6.744074,15.92916125,0.029087,0.065345,0.089495,0.222685,0.101653,0.123449,0.116782,0.782614,1.174699,0.549386
"10","9","grassAmbDry1_bin.19.orig",4846694,1.911394,3.240481,4.767711,2.964056,3.2209105,0,0.142711,0.321958,1.302146,0.44170375,1.859263,2.021587,1.650522,2.004993,1.88409125,1.104663,0.982808,1.856496,1.992807,1.4841935
"11","10","grassAmbDry1_bin.2.orig",2181245,3.378249,2.348451,0.580948,0.632055,1.73492575,15.748864,9.11092,2.421027,0.968695,7.0623765,0.679367,0.618848,0.721328,0.735895,0.6888595,0.88894,2.035395,0.957604,0.998336,1.22006875
"12","7","grassAmbDry1_bin.20.orig",2210060,22.822516,10.627923,2.041186,1.102972,9.14864925,36.426393,12.10597,7.190446,1.568717,14.3228815,1.472041,1.175982,1.238707,1.037123,1.23096325,2.765332,35.543856,1.695698,1.176047,10.29523325
"13","11","grassAmbDry1_bin.21.orig",2164459,29.708417,9.458197,5.728355,1.761021,11.6639975,4.08005,2.679251,2.040982,2.034261,2.708636,1.297742,0.953033,1.064077,0.748602,1.0158635,1.24209,6.611227,1.61661,1.442066,2.72799825
"14","7","grassAmbDry1_bin.3.orig",2927666,16.244261,5.834044,5.505295,2.451869,7.50886725,1.85336,0.701665,1.18943,1.894971,1.4098565,2.53748,1.375056,1.884876,1.415856,1.803317,1.534718,2.261103,1.787932,2.076182,1.91498375
"15","12","grassAmbDry1_bin.4.orig",3980364,2.141566,2.224726,1.580056,1.404749,1.83777425,0.185854,0.061833,0.092128,0.497941,0.209439,0.736874,0.724497,0.776146,0.877848,0.77884125,1.235221,1.443224,0.657242,0.926397,1.065521
"16","13","grassAmbDry1_bin.5.orig",2673679,5.600987,24.83504,13.367918,10.094854,13.47469975,0.510016,2.459404,2.767088,4.312592,2.512275,3.416135,7.996195,4.340665,4.772732,5.13143175,2.048864,2.982049,3.724647,4.361676,3.279309
"17","14","grassAmbDry1_bin.6.orig",4630132,3.280861,4.232715,3.174726,0.908752,2.8992635,0.127688,0.234355,0.196394,0.50187,0.26507675,4.484204,5.232638,1.133572,0.503149,2.83839075,5.207374,2.234586,1.501312,1.722558,2.6664575
"18","15","grassAmbDry1_bin.7.permissive",2665156,1.6035205,1.3164575,1.4274985,6.672955,2.755107875,0,0,0,0.489619,0.12240475,0.2592915,0.367569,0.54428,2.3680915,0.884808,0.304359,0,0.276301,0.956694,0.3843385
"19","4","grassAmbDry1_bin.8.orig",2574775,3.658695,5.258728,5.407931,3.651619,4.49424325,1.098473,1.871586,3.605437,3.843428,2.604731,0.687909,0.798458,0.981598,0.825079,0.823261,0.739516,1.780944,2.208739,1.928739,1.6644845
"20","16","grassAmbDry1_bin.9.strict",2315610,3.060303,0.059493,0.009117,0,0.78222825,0.049379,0,0,0,0.01234475,0.895354,0.52622,0.354572,0.103405,0.46988775,3.806711,0.77671,0.84973,0.1367935,1.392486125
"21","3","grassAmbDry2_bin.1.orig",2518762,1.381637,13.573631,19.2904,12.83003,11.7689245,0.729495,5.3129,11.155833,20.83919,9.5093545,2.112322,6.503942,8.424196,8.502641,6.38577525,2.819276,4.524095,13.866061,13.436881,8.66157825
"22","2","grassAmbDry2_bin.10.orig",3208303,0.4272775,2.468908,2.650249,1.393559,1.734998375,0.089721,0.629771,0.981223,1.711637,0.853088,0.63769,1.740707,0.987995,1.1041725,1.117641125,1.041613,0.563056,0.954837,1.097643,0.91428725
"23","3","grassAmbDry2_bin.13.orig",2580551,1.271317,7.479507,15.674576,5.160428,7.396457,0.421936,0.805634,2.537599,3.658442,1.85590275,1.879522,3.322357,9.706683,2.056153,4.24117875,2.011493,6.677007,10.911799,4.394574,5.99871825
"24","11","grassAmbDry2_bin.14.orig",2221501,11.6690265,10.297008,23.159096,8.74182,13.46673763,0.558299,0.691435,4.009178,7.082288,3.0853,6.150386,5.381398,10.1354715,6.634204,7.075364875,2.943912,6.646931,13.748443,10.383358,8.430661
"25","13","grassAmbDry2_bin.15.orig",3149176,1.320601,2.795002,11.749328,21.476604,9.33538375,0.134014,0.383399,0.599632,2.056132,0.79329425,4.803643,3.708507,5.226037,8.193649,5.482959,3.954605,2.121481,3.653342,7.645065,4.34362325
"26","8","grassAmbDry2_bin.16.orig",3396820,0.091724,0.62275,4.185928,1.586487,1.62172225,0.002865,0.039108,0.336637,1.072025,0.36265875,0.066043,0.197636,1.072702,0.321181,0.4143905,0.346578,0.337822,4.654135,2.536217,1.968688
"27","7","grassAmbDry2_bin.17.orig",2535826,7.949283,2.682399,3.350531,1.279923,3.815534,1.200056,0.326106,0.692026,0.8805115,0.774674875,1.359428,0.655496,1.212702,0.914411,1.03550925,0.812406,1.214328,0.942299,1.122972,1.02300125
"28","17","grassAmbDry2_bin.19.orig",2448508,0.919956,2.244266,10.650678,8.325816,5.535179,0.418593,1.268052,1.458586,2.210536,1.33894175,6.132084,10.660928,5.241345,8.368131,7.600622,2.084313,2.257232,3.751342,6.402476,3.62384075
"29","18","grassAmbDry2_bin.2.orig",3939262,0.567143,0.552925,2.111856,4.382467,1.90359775,0,0.046193,0.074515,0.743773,0.21612025,1.163644,1.375245,2.000411,3.128859,1.91703975,2.238827,0.794303,1.438982,4.413347,2.22136475
"30","3","grassAmbDry2_bin.20.orig",3240006,1.02551,3.797279,5.385734,2.874248,3.27069275,0.0644185,0.325989,0.445289,1.136769,0.493116375,1.853882,2.41707,2.227979,1.976719,2.1189125,0.988071,1.164643,1.714029,3.978539,1.9613205
"31","7","grassAmbDry2_bin.21.orig",1873789,20.476815,10.155348,7.436444,2.069045,10.034413,2.7230475,1.783701,1.692525,1.737973,1.984311625,0.958293,0.777862,0.833279,0.547224,0.7791645,1.014105,4.89936,1.536023,1.345532,2.198755
"32","19","grassAmbDry2_bin.22.orig",2546719,2.416895,2.863944,15.716471,20.660512,10.4144555,0.083888,0.148235,0.227596,1.286978,0.43667425,6.313165,2.942682,4.119295,5.13427,4.627353,3.199997,2.244343,1.757856,3.065875,2.56701775
"33","8","grassAmbDry2_bin.23.orig",2416455,0.151034,0.880473,2.144621,1.715254,1.2228455,0,0,0,0.056213,0.01405325,0.049118,0.614688,0.203182,0.280183,0.28679275,0.073223,0,0.179835,0.240817,0.12346875
"34","20","grassAmbDry2_bin.24.orig",2987859,2.1502075,2.328357,8.156246,15.7271,7.090477625,0.337705,0.905653,1.74356,7.751127,2.68451125,13.8319915,5.7105195,17.429267,13.9448375,12.72915388,18.3996905,10.277831,8.2530715,9.5902875,11.63022013
"35","21","grassAmbDry2_bin.25.strict",3169615,0.565344,1.560995,2.783376,13.097546,4.50181525,0,0.048497,0.030686,0.642836,0.18050475,0.117356,0.23117,0.310659,2.413825,0.7682525,0.075074,0,0.206489,1.371211,0.4131935
"36","20","grassAmbDry2_bin.26.orig",3409630,0.337967,0.410176,1.962933,1.110468,0.955386,0,0,0,0.044344,0.011086,2.446319,2.225748,2.064139,2.215441,2.23791175,0.910085,0.917281,0.521951,0.700956,0.76256825
"37","1","grassAmbDry2_bin.27.orig",5204765,1.593295,11.081005,6.103765,2.985816,5.44097025,0.178405,1.790144,2.128225,2.004465,1.52530975,0.911733,3.182251,1.146847,1.922241,1.790768,0.711506,0.810528,2.037409,2.755641,1.578771
"38","13","grassAmbDry2_bin.28.orig",3024740,0.979251,4.921247,5.47851,3.002262,3.5953175,1.389308,3.766626,4.019797,5.332752,3.62712075,0.455848,0.88242,0.80185,1.013433,0.78838775,0.687916,1.870317,1.768089,2.736283,1.76565125
"39","21","grassAmbDry2_bin.29.permissive",3847310,0.03182,0.055104,2.342364,2.058453,1.12193525,0,0,0,0,0,0.224573,0.4114,0.727536,1.116918,0.62010675,0,0,0.100351,0.263208,0.09088975
"40","22","grassAmbDry2_bin.3.orig",2688382,0.152694,0.654061,4.356806,8.320686,3.37106175,0.015168,0.069051,0.178098,2.005773,0.5670225,1.048335,1.452599,1.821978,1.785393,1.52707625,3.855441,1.182474,2.884831,3.08693,2.752419
"41","15","grassAmbDry2_bin.30.strict",4359309,0.149476,2.19552,5.368989,2.969306,2.67082275,0,0.007903,0.052155,0.448402,0.127115,0.129487,0.803502,0.688277,0.899469,0.63018375,0.184305,0.071077,0.781787,1.204488,0.56041425
"42","14","grassAmbDry2_bin.31.orig",4789630,1.312429,4.731403,5.464159,1.154324,3.16557875,0.105455,0.209403,0.181812,0.454094,0.237691,3.664176,4.974694,1.033801,0.481079,2.5384375,4.446688,1.999044,1.310431,1.489339,2.3113755
"43","12","grassAmbDry2_bin.32.orig",4143743,1.167909,2.393475,2.440846,1.570404,1.8931585,0.214838,0.056142,0.089064,0.511255,0.21782475,0.724482,0.802489,0.821223,0.952853,0.82526175,1.403911,1.60525,0.753614,0.983631,1.1866015
"44","23","grassAmbDry2_bin.34.orig",2347420,1.33551,2.042308,4.511014,7.644609,3.88336025,0.2228185,0.937263,2.719709,7.482071,2.840465375,3.493696,2.040863,5.6266645,5.1450415,4.07656625,4.716405,3.292705,3.029454,5.874302,4.2282165
"45","24","grassAmbDry2_bin.35.orig",3004633,0.637542,1.311048,1.71602,0.866527,1.13278425,0.641828,1.164301,1.334271,2.300827,1.36030675,0.397341,0.5495365,1.10357,0.588023,0.659617625,1.128587,1.996623,0.7950495,0.739491,1.164937625
"46","25","grassAmbDry2_bin.36.orig",2152338,0.731123,1.678279,4.835426,5.903996,3.287206,0.04386,0.174504,0.206277,0.370679,0.19883,0.546073,0.949512,0.681605,1.575715,0.93822625,0.340694,0.218139,0.473822,0.734534,0.44179725
"47","26","grassAmbDry2_bin.37.orig",1627744,0.879465,0.643024,1.726693,0,0.8122955,12.440316,2.531435,0.9671355,0.0905875,4.0073685,0,0,0,0,0,0,0,0,0,0
"48","27","grassAmbDry2_bin.38.orig",8190640,0.119406,0.013565,3.11905,0.514266,0.94157175,0.017578,0.052008,0.054085,0.182702,0.07659325,0.7526645,1.049358,0.278791,0.258465,0.584819625,1.125451,0.173447,0.794191,0.301185,0.5985685
"49","28","grassAmbDry2_bin.39.orig",5173563,0.108071,0.672368,2.986923,1.970872,1.4345585,0,0.5565775,1.5049165,4.82781,1.722326,0.205998,0.684128,0.600627,1.6898495,0.795150625,0.507429,0.2145385,2.175286,2.43414,1.332848375
"50","9","grassAmbDry2_bin.4.orig",4889214,0.580103,1.658365,3.674236,1.989175,1.97546975,0.015442,0.120977,0.339229,1.254778,0.4326065,1.780652,2.006771,1.982014,1.994164,1.94090025,1.313784,0.979065,2.03115,2.118469,1.610617
"51","15","grassAmbDry2_bin.40.orig",3171039,0,0.138524,0.933546,0.133703,0.30144325,0,0.037741,0.263758,0.214454,0.12898825,0,0,0,0.169383,0.04234575,0,0,0.663475,0.389191,0.2631665
"52","21","grassAmbDry2_bin.5.orig",3018690,0.132457,1.226196,7.086045,1.906721,2.58785475,0,0.016752,0.170708,0.644107,0.20789175,0.12476,2.709379,2.916404,2.471107,2.0554125,0.704472,0.58228,5.884034,5.400004,3.1426975
"53","10","grassAmbDry2_bin.6.orig",2089584,34.561517,20.582777,30.237778,12.220424,24.400624,3.1304185,1.6562595,6.290787,12.282951,5.840104,4.615324,3.3109275,6.088505,4.361188,4.593986125,2.647861,9.910925,12.070271,9.819495,8.612138
"54","23","grassAmbDry2_bin.7.orig",3220472,2.872848,2.001989,6.385389,16.532005,6.94805775,0.308726,0.832081,0.889506,6.343684,2.09349925,21.9956,8.184797,14.761792,20.364888,16.32676925,16.892,8.725409,9.841742,11.768892,11.80701075
"55","11","grassAmbDry2_bin.8.orig",1049391,0.769256,1.981756,4.2077915,3.8531595,2.70299075,0.079885,0.547518,1.090948,2.771216,1.12239175,3.306921,4.471566,4.39829,5.163166,4.33498575,2.875259,1.983773,4.152225,4.490091,3.375337
"56","8","grassAmbDry2_bin.9.strict",2851570,0,0.170611,0.967085,0.305687,0.36084575,0.078357,0.579088,0.631172,0.847405,0.5340055,0.046735,0.120778,0.145244,0.201917,0.1286685,0.197667,0.093998,0.490666,0.615372,0.34942575
"57","21","grassAmbWet1_bin.1.strict",5806075,0.070781,5.84958,1.29199,1.956448,2.29219975,0,0.034798,0.065554,0.234924,0.083819,0.130675,0.901669,0.663778,0.629664,0.5814465,0.233418,0.1654,0.59295,1.02752,0.504822
"58","16","grassAmbWet1_bin.10.orig",1931119,0.9573265,1.1320125,0.2030175,0,0.573089125,0.472546,0.081515,0,0.091103,0.161291,0.5926595,0.509992,0,0,0.275662875,0.663346,0.115256,0.14386,0,0.2306155
"59","10","grassAmbWet1_bin.11.orig",2303227,15.077968,6.6754345,1.0208,0.443003,5.804301375,1.663313,1.141936,0.486246,0.504156,0.94891275,0.460224,0.297338,0.492314,0.4020265,0.412975625,0.406441,0.940124,0.361155,0.365194,0.5182285
"60","8","grassAmbWet1_bin.12.strict",6367739,0.104743,4.121464,0.823059,0.363316,1.3531455,1.992812,5.699553,0.744043,0.581313,2.25443025,0.007705,0.267934,0.06927,0.117977,0.1157215,0.013707,0.008302,0.038195,0.100637,0.04021025
"61","15","grassAmbWet1_bin.13.orig",3532275,0.049999,2.676584,0.40729,2.633867,1.441935,0,0.005245,0.004762,0.417426,0.10685825,0.065372,0.197264,0.126635,0.283024,0.16807375,0.070982,0.028723,0.131929,2.40031,0.657986
"62","23","grassAmbWet1_bin.14.orig",2952704,0.685247,2.07092,0.951469,0.91303,1.1551665,0.71407,1.208088,1.4283705,2.424468,1.443749125,0.323393,0.531278,1.118908,0.606521,0.645025,0.921605,2.125889,0.762686,0.681398,1.1228945
"63","21","grassAmbWet1_bin.15.orig",3828328,0.603533,2.927222,0.49486,0.510845,1.134115,0.083811,1.158466,0.336594,0.100369,0.41981,0,0.609405,0.149811,0.071524,0.207685,0.014677,0,0.145052,0.069795,0.057381
"64","3","grassAmbWet1_bin.16.orig",2394242,0.1824075,2.800104,3.879389,4.671394,2.883323625,0.0809545,0.396946,2.0744425,6.3196355,2.217994625,0.752937,1.111278,0.941873,1.328569,1.03366425,0.798366,0.631128,0.986108,1.471783,0.97184625
"65","28","grassAmbWet1_bin.17.orig",4796518,0.01789,3.955716,0.449861,0.2119,1.15884175,0.047631,0.156648,0.305761,0.229576,0.184904,0.004165,0.100148,0.047151,0.26116,0.103156,0.031198,0.00498,0.677998,0.405914,0.2800225
"66","28","grassAmbWet1_bin.18.strict",3333328,0.659401,7.23633,1.535891,0.739517,2.54278475,1.043821,0.21945,1.042583,0.140355,0.61155225,0.065074,0.930069,0.058676,0.287227,0.3352615,0.046518,0.015986,0.212426,0.09364,0.0921425
"67","9","grassAmbWet1_bin.19.orig",5328666,0.809344,3.699918,3.944763,2.664891,2.779729,0.014258,0.15896,0.393867,1.290964,0.46451225,1.585648,1.976344,1.68257,1.83698,1.7703855,1.091642,0.893288,1.718234,1.875996,1.39479
"68","10","grassAmbWet1_bin.2.orig",1478495,34.654467,21.556105,25.708564,11.722316,23.410363,3.280733,1.494835,5.745023,11.04431,5.39122525,5.045759,3.340152,5.999521,3.973547,4.58974475,2.588762,9.872101,11.026521,8.693203,8.04514675
"69","27","grassAmbWet1_bin.20.orig",2866659,0.385196,2.773039,0.083594,0.086135,0.831991,2.577022,2.637005,0.581278,0.211923,1.501807,0.101097,0.10354,0.118479,0.183423,0.12663475,0.163759,0.07047,0.092008,0.101393,0.1069075
"70","29","grassAmbWet1_bin.21.strict",5269091,1.130527,4.079276,3.115869,2.484929,2.70265025,0.113114,0.938667,1.737424,2.915425,1.4261575,4.752388,7.549748,4.848286,5.862427,5.75321225,2.342672,1.693214,3.014399,3.770536,2.70520525
"71","23","grassAmbWet1_bin.22.orig",3025001,1.682555,3.213247,4.326199,8.800371,4.505593,0.269876,1.179744,3.242256,8.840012,3.382972,4.61311,2.556711,7.371796,6.599978,5.28539875,5.849658,4.143567,3.854955,7.426642,5.3187055
"72","28","grassAmbWet1_bin.23.orig",4102138,0.009187,12.687356,0.212746,0.248031,3.28933,0.339176,1.262143,0.367663,0.101377,0.51758975,0.003312,0.13442,0,0.016288,0.038505,0.010545,0.068504,0.038734,0.91897,0.25918825
"73","18","grassAmbWet1_bin.24.orig",5012640,0.890858,3.967041,1.517573,1.203102,1.8946435,0.31755,1.614363,2.395491,1.479687,1.45177275,0.888156,0.950866,1.631585,1.158028,1.15715875,1.174255,0.721933,1.486398,1.020079,1.10066625
"74","30","grassAmbWet1_bin.25.orig",5098264,1.786848,11.232964,19.074995,5.058283,9.2882725,0.312792,0.683568,2.185976,3.400306,1.6456605,1.5018595,2.822836,9.94036,2.021721,4.071694125,1.885013,7.698497,14.103569,3.600597,6.821919
"75","12","grassAmbWet1_bin.26.orig",4177423,1.277765,3.545757,1.742153,1.538121,2.025949,0.207885,0.059268,0.088315,0.515006,0.2176185,0.66382,0.79313,0.818056,1.006394,0.82035,1.487708,1.566407,0.66905,0.967637,1.1727005
"76","2","grassAmbWet1_bin.27.orig",3286299,0.438557,3.372341,1.864555,1.543627,1.80477,0.10732,0.6715565,1.033984,1.9099525,0.93070325,0.671673,1.730919,0.990006,1.111034,1.125908,1.145323,0.590084,0.991039,1.246405,0.99321275
"77","27","grassAmbWet1_bin.28.orig",1524749,0.060221,1.454191,0.193942,0.062129,0.44262075,1.101464,1.122874,1.026726,0.339532,0.897649,0.283567,0.174327,0.095887,0.00159,0.13884275,1.078628,4.666446,2.202542,0.549942,2.1243895
"78","7","grassAmbWet1_bin.29.orig",2862502,12.404935,4.995094,4.148652,1.863179,5.852965,1.522211,0.500648,0.826337,1.251582,1.0251945,1.388724,0.874827,1.205477,1.056837,1.13146625,1.180561,1.175567,1.119912,1.335127,1.20279175
"79","8","grassAmbWet1_bin.3.orig",3768633,0.37906,4.901993,1.321279,1.079557,1.92047225,0,0.026015,0.026439,0.098157,0.03765275,0.068866,1.03177,0.261109,0.382623,0.436092,0.10166,0.030613,0.233871,0.267637,0.15844525
"80","15","grassAmbWet1_bin.30.orig",2898672,0.141592,1.624136,1.660605,2.555436,1.49544225,0,0.044338,0.443477,1.464253,0.488017,0.09342,0.286852,1.524261,0.51328,0.60445325,0.538833,0.462142,6.262215,3.392404,2.6638985
"81","31","grassAmbWet1_bin.31.strict",831654,0.342233,16.656114,10.803312,7.8592895,8.915237125,0,0.011431,0.303666,1.710154,0.50631275,0,1.78691,0.983158,1.995938,1.1915015,0.138151,0.248379,5.653023,11.27028,4.32745825
"82","2","grassAmbWet1_bin.32.strict",2983779,0.7100425,7.142481,1.702477,1.179381,2.683595375,0.755046,3.826156,2.303773,1.331533,2.054127,0.723188,2.511724,0.672859,0.447889,1.088915,1.142951,0.757944,1.240679,1.098633,1.06005175
"83","18","grassAmbWet1_bin.33.orig",4333769,0.489985,2.698756,2.268101,1.513135,1.74249425,0.363185,2.2392845,2.982413,2.659855,2.061184375,1.0856185,1.241663,2.074547,1.527978,1.482451625,1.394099,1.0166685,1.8657615,1.655268,1.48294925
"84","7","grassAmbWet1_bin.34.orig",2350728,31.306676,14.030919,2.395731,0.85646,12.1474465,11.800087,4.51508,1.635904,0.90893,4.71500025,1.013288,1.316924,0.727981,0.695494,0.93842175,2.951895,6.187153,0.977118,1.245144,2.8403275
"85","14","grassAmbWet1_bin.35.orig",4768503,1.089865,5.271039,2.922117,0.8326,2.52890525,0.091453,0.204097,0.168841,0.405132,0.21738075,3.464213,4.654301,0.945737,0.44957,2.37845525,4.062362,1.75611,1.233995,1.323236,2.09392575
"86","13","grassAmbWet1_bin.36.orig",3370926,0.960768,4.260473,4.24824,2.744452,3.05348325,0.063294,0.304861,0.381711,1.086064,0.4589825,1.84448,2.403121,2.082356,1.903874,2.05845775,0.909024,1.127154,1.7046365,3.871416,1.903057625
"87","32","grassAmbWet1_bin.37.orig",2738421,0.879254,6.067548,3.818734,2.744896,3.377608,1.356762,4.660866,4.860922,4.584381,3.86573275,0.951164,0.521073,0.871967,0.849124,0.798332,0.995704,0.802971,2.254972,1.485117,1.384691
"88","25","grassAmbWet1_bin.38.orig",1640501,1.0029385,3.7786885,1.1800555,0.907281,1.717240875,3.688159,11.4731885,9.1955875,2.165009,6.630486,0.2875155,1.3203805,0.7533095,1.600678,0.990470875,0.75055,0.70654,0.989757,0.7115275,0.789593625
"89","19","grassAmbWet1_bin.39.orig",2673533,2.3266995,3.50785,13.832937,19.169458,9.709236125,0.118554,0.169578,0.265553,1.23916,0.44821125,6.2422,2.904361,3.910814,4.650663,4.4270095,2.974886,2.259995,1.676465,3.08535,2.499174
"90","15","grassAmbWet1_bin.4.orig",2848871,0.088629,2.176485,0.575607,0.377346,0.80451675,0,0,0.135988,0.397299,0.13332175,0,0,0.065926,0,0.0164815,0,0,0.464118,0,0.1160295
"91","4","grassAmbWet1_bin.41.strict",2122906,0.884035,1.879227,0.383839,0.03447,0.79539275,29.117381,6.939194,1.83451,0.198648,9.52243325,0.035503,0,0,0,0.00887575,0,0,0,0,0
"92","10","grassAmbWet1_bin.42.strict",1905426,1.9861695,1.70297,0.7885985,0.02271,1.125112,1.014749,0.504389,0.209414,0.036246,0.4411995,0.022239,0,0.0652025,0.045142,0.033145875,0.034613,0.011843,0.022472,0.027365,0.02407325
"93","1","grassAmbWet1_bin.43.orig",3715617,1.049424,13.002866,3.935288,3.804123,5.44792525,0.249431,2.48874,2.629667,2.753054,2.030223,0.855123,3.250288,1.083831,2.249828,1.8597675,0.762819,0.808567,2.05447,2.965718,1.6478935
"94","33","grassAmbWet1_bin.44.orig",2387676,0.557596,4.842735,6.727368,5.44895,4.39416225,0.151219,0.501731,0.705706,0.799857,0.53962825,0.845014,3.852757,2.167146,2.101665,2.2416455,1.610538,0.765919,1.723719,2.011427,1.52790075
"95","28","grassAmbWet1_bin.45.orig",4751227,0.090741,4.369053,0.517129,1.0411515,1.504518625,0.11338,1.327495,4.185335,5.617998,2.811052,0.301156,0.511536,0.518835,1.108348,0.60996875,0.451572,0.319895,1.553852,1.63598,0.99032475
"96","11","grassAmbWet1_bin.46.orig",2068578,21.549998,12.538482,6.604089,2.098287,10.697714,3.4237,2.13072,1.940015,2.001314,2.37393725,1.151854,0.842456,0.8989,0.677638,0.892712,1.145416,6.020744,1.619861,1.330364,2.52909625
"97","25","grassAmbWet1_bin.47.orig",2114855,0.818247,3.083784,4.391955,7.568973,3.96573975,0.036789,0.138382,0.204078,0.479125,0.2145935,0.619132,1.020429,0.85587,1.665481,1.040228,0.243419,0.220161,0.455679,0.805093,0.431088
"98","3","grassAmbWet1_bin.48.orig",6298668,2.1517,11.794616,15.788326,5.517422,8.813016,0.901219,1.887912,9.454944,5.891449,4.533881,3.088158,3.7727,7.7624,2.28431,4.226892,2.177462,4.891001,9.948255,3.828785,5.21137575
"99","15","grassAmbWet1_bin.49.orig",3680981,0,1.306543,0.534412,0.518234,0.58979725,0.000197,0.2760135,1.309037,1.9808755,0.89153075,0.1634945,0.2576145,0.600329,0.362532,0.3459925,0.288278,0.200935,1.210135,0.6497925,0.587285125
"100","29","grassAmbWet1_bin.5.orig",3106922,0.464795,3.403987,3.141636,2.676075,2.42162325,0.129484,1.008818,2.199261,3.366354,1.67597925,2.481237,4.615847,4.028294,3.693499,3.70471925,2.788503,2.308019,3.784936,4.338291,3.30493725
"101","5","grassAmbWet1_bin.50.orig",2550222,3.461058,6.94818,1.382813,0.6842915,3.119085625,4.539288,5.272414,3.167226,1.174155,3.53827075,0.137344,0.075675,0.149513,0.166573,0.13227625,0.196195,0.525292,0.305649,0.334767,0.34047575
"102","3","grassAmbWet1_bin.51.orig",2707750,3.78433,24.313351,12.4101755,9.929984,12.60946013,0.514412,2.499915,2.8289535,4.515132,2.589603125,3.491475,7.315754,4.555186,4.800709,5.040781,2.216893,2.977717,3.973165,4.406257,3.393508
"103","32","grassAmbWet1_bin.52.orig",2189640,10.735263,4.39587,1.11254,0.474639,4.179578,2.060124,1.400682,2.274645,0.8813815,1.654208125,0.416766,0.191116,0.381227,0.3835055,0.343153625,0.580689,0.387765,0.342362,0.335831,0.41166175
"104","8","grassAmbWet1_bin.53.orig",2647447,0,0.772753,0.269788,0.298923,0.335366,0,0.513444,0.60392,0.690074,0.4518595,0,0.080068,0.120874,0.165635,0.09164425,0.149233,0,0.43552,0.524336,0.27727225
"105","34","grassAmbWet1_bin.54.orig",2093767,0.039094,1.367969,0.044523,0.110328,0.3904785,3.573114,1.68253,0.270964,0.069946,1.3991385,0.496037,0.236553,0.056251,0.038262,0.20677575,0,0.096121,0.172123,0.042415,0.07766475
"106","8","grassAmbWet1_bin.55.strict",4348602,0.667795,2.372428,2.161017,12.468005,4.41731125,0,0.034164,0.035005,0.578764,0.16198325,0.155557,0.303047,0.441421,2.506792,0.85170425,0.133165,0,0.297007,1.26108,0.422813
"107","28","grassAmbWet1_bin.6.permissive",2507845,0.014468,1.894206,0.740605,0.225689,0.718742,0.057386,0.782139,0.580451,0.219543,0.40987975,0,0.197179,0.008043,0.090978,0.07405,0.12792,0.150186,0.241505,0.532819,0.2631075
"108","8","grassAmbWet1_bin.7.strict",3938224,0.0980065,4.771195,0.642703,0.688863,1.550191875,0.444009,0.924199,1.290829,0.449897,0.7772335,0.011739,0.048494,0.077812,0.062332,0.05009425,0.114828,0.101283,1.573865,0.3257,0.528919
"109","2","grassAmbWet1_bin.8.orig",3243733,0.567451,3.836111,1.567041,1.95921,1.98245325,0.344327,3.168263,2.177801,1.498669,1.797265,1.493642,1.972359,2.483178,2.476987,2.1065415,1.22953,0.796799,1.684456,2.148673,1.4648645
"110","5","grassAmbWet1_bin.9.orig",3340784,0.846083,2.934013,0.912572,0.484991,1.29441475,6.057484,5.121695,2.554378,0.97662,3.67754425,0.395186,0.213374,0.390033,0.4519805,0.362643375,0.568617,0.322012,0.345449,0.31557,0.387912
"111","7","grassAmbWet2_bin.1.orig",1678726,0.482837,0.488786,1.665821,21.515495,6.03823475,0.064805,0.119417,0.22686,5.305175,1.42906425,5.112528,2.371688,3.486949,4.074958,3.76153075,2.520277,1.884577,1.293791,5.331257,2.7574755
"112","8","grassAmbWet2_bin.10.orig",3758421,0.00249,0.012206,0.64233,15.17708,3.9585265,0,0.007132,0.010625,0.098344,0.02902525,0.036056,0.027716,0.01679,0.421662,0.125556,0.016402,0.002387,0.014762,0.31518,0.08718275
"113","8","grassAmbWet2_bin.11.orig",2876533,0,0.094466,0.420653,1.860289,0.593852,0,0,0,0,0,0.419678,0.758236,0.911692,0.796631,0.72155925,0.172146,0.08323,0.527644,0.888415,0.41785875
"114","29","grassAmbWet2_bin.12.orig",3210905,0.363632,1.749205,2.602871,3.191141,1.97671225,0.098637,0.931645,2.524664,4.386784,1.9854325,1.493121,2.384083,2.8101935,2.7208565,2.3520635,1.779652,1.201939,2.797213,3.11621,2.2237535
"115","20","grassAmbWet2_bin.13.orig",3047600,0.2669395,1.104786,1.21514,3.954832,1.635424375,0,0.046289,0.090157,0.32391,0.115089,3.685701,5.036026,3.249475,5.139451,4.27766325,1.219232,1.188846,2.343168,4.696814,2.362015
"117","15","grassAmbWet2_bin.15.strict",5288539,0.002022,0.003665,0.003955,4.987144,1.2491965,0.000949,0.00807,0.002905,0.016816,0.007185,0.013695,0.011034,0.006879,0.088198,0.0299515,0.006474,0.001702,0.005129,0.009392,0.00567425
"118","15","grassAmbWet2_bin.16.strict",5056646,0.908478,5.125151,3.972336,3.281098,3.32176575,0.106372,1.171268,1.389507,1.733793,1.100235,0.676608,2.288605,1.0315475,1.779422,1.444045625,0.614139,0.683881,2.083764,2.472,1.463446
"119","8","grassAmbWet2_bin.17.orig",4574869,0.044135,0.133854,0.087827,4.627948,1.223441,0.007407,0.070442,0.05034,0.060107,0.047074,0.015216,0.134875,0.040929,2.266459,0.61436975,0.123944,0.003232,0.057385,0.603759,0.19708
"120","13","grassAmbWet2_bin.18.orig",2952736,0.806098,3.050752,3.685102,3.305632,2.711896,0.059313,0.267679,0.32108,1.026938,0.4187525,1.54566,2.105121,1.891457,1.658946,1.800296,0.843504,0.974958,1.471529,3.315826,1.65145425
"121","21","grassAmbWet2_bin.20.orig",7975310,0.131817,0.163211,0.960215,6.041526,1.82419225,0.016177,0.034294,0.044943,1.161927,0.31433525,0.515926,0.53075,0.671613,3.373285,1.2728935,0.641708,0.176011,0.352662,0.482511,0.413223
"122","7","grassAmbWet2_bin.21.orig",3351086,18.447909,13.666407,24.106427,16.330135,18.1377195,0.780008,0.601015,0.970142,6.731025,2.2705475,3.887341,2.068156,3.24819,3.2144985,3.104546375,2.79298,4.930685,7.675286,9.085141,6.121023
"123","15","grassAmbWet2_bin.22.orig",2371520,0,0.152296,0.151662,2.665067,0.74225625,0,0,0,0.304933,0.07623325,0,0.109734,0.06301,0.162612,0.083839,0.0347125,0,0.064725,0.619258,0.179673875
"124","15","grassAmbWet2_bin.23.strict",2092619,0.064859,0.072455,1.322468,2.6304,1.0225455,0,0.168277,4.029544,1.5084,1.42655525,0,0.093781,0.198602,0.222767,0.1287875,0,0,1.305544,0.452335,0.43946975
"125","8","grassAmbWet2_bin.24.orig",5033171,0.065533,0.032996,0.203686,5.982207,1.5711055,0.026429,0.20479,0.132222,0.892987,0.314107,0.229167,1.376849,0.110724,1.454616,0.792839,0.042803,0.039237,1.334677,0.166828,0.39588625
"126","31","grassAmbWet2_bin.25.orig",844678,0.00742,0.017255,0.02685,4.015881,1.0168515,0,0,0,0.024702,0.0061755,0.050107,0.134909,0.071746,0.304218,0.140245,0.042166,0.019946,0.027716,0.084064,0.043473
"127","35","grassAmbWet2_bin.26.orig",2138687,0.390141,0.549548,1.318753,4.911,1.7923605,0.258833,1.870155,2.8571,16.739336,5.431356,0.267243,0.339979,0.799417,1.158321,0.64124,2.296751,0.32277,1.598352,2.158278,1.59403775
"128","15","grassAmbWet2_bin.27.strict",2219619,0,0.140835,0.275059,1.048304,0.3660495,0.057334,0.589321,1.270434,1.271916,0.79725125,0,0.045667,0.059322,0.088332,0.04833025,0.132119,0,0.462882,0.655578,0.31264475
"129","8","grassAmbWet2_bin.29.orig",4280101,0.598494,1.749077,2.309195,15.338569,4.99883375,0,0.047259,0.037835,0.672582,0.189419,0.1291865,0.249538,0.385101,2.630518,0.848585875,0.154559,0,0.235669,1.4073865,0.449403625
"130","8","grassAmbWet2_bin.3.strict",5292958,0.139289,0.752055,1.525584,6.073641,2.12264225,0,0.002969,0.004795,0.080966,0.0221825,0.071621,0.057781,0.193036,0.617452,0.2349725,0.054845,0.008537,0.058248,0.073532,0.0487905
"131","22","grassAmbWet2_bin.31.orig",2972789,0.163491,0.72149,3.171367,11.572512,3.907215,0.019501,0.107362,0.236818,2.332245,0.6739815,1.029198,1.437941,1.826105,1.886001,1.54481125,4.011008,1.265556,2.689168,2.881243,2.71174375
"132","15","grassAmbWet2_bin.32.orig",3843076,0.041436,0.691614,1.886307,5.820413,2.1099425,0.002977,0.021715,0.085797,0.269584,0.09501825,0.149971,0.81935,1.349784,1.137985,0.8642725,0.209689,0.119398,1.308364,1.415834,0.76332125
"133","28","grassAmbWet2_bin.33.orig",3997345,0.142203,0.037893,0.082252,4.483572,1.18648,0,0.006948,0.012918,0.103754,0.030905,0.056472,0.031609,0.075787,0.258386,0.1055635,0.126079,0,0.054212,0.06866,0.06223775
"134","25","grassAmbWet2_bin.34.orig",2368845,0.546436,0.708132,1.942871,4.541482,1.93473025,0.046711,0.495504,1.52119,5.300863,1.841067,0.720966,0.735556,1.317544,3.227248,1.5003285,1.347209,0.424334,1.158053,3.260162,1.5474395
"135","1","grassAmbWet2_bin.35.strict",5796847,0.0918405,1.033357,0.916259,8.226471,2.566981875,0.02013,0.492254,1.016657,2.119653,0.9121735,0.39023,1.51829,0.698776,3.119859,1.43178875,0.650388,0.244156,1.340339,2.862542,1.27435625
"136","20","grassAmbWet2_bin.36.orig",2622090,0.523468,1.815374,2.5175845,4.169561,2.256496875,0.644669,1.476482,3.098796,4.086113,2.326515,0.240904,0.9277905,2.0344315,1.781004,1.2460325,0.647773,0.660765,4.941014,3.49683,2.4365955
"137","21","grassAmbWet2_bin.37.orig",5441303,0.052005,0.12895,1.269908,6.568282,2.00478625,0.00222,0.011277,0.052716,0.733977,0.2000475,0.199547,0.287574,0.611215,0.73327,0.4579015,0.316499,0.110309,0.365762,0.844275,0.40921125
"138","25","grassAmbWet2_bin.39.orig",2158994,0.719579,1.929083,3.950902,8.104485,3.67601225,0.018138,0.113135,0.234707,0.452378,0.2045895,0.570949,0.938437,0.78116,1.514171,0.95117925,0.350394,0.182285,0.393095,0.700535,0.40657725
"139","21","grassAmbWet2_bin.4.orig",5132567,0,0,0,3.529379,0.88234475,0,0,0,0.059676,0.014919,0,0,0,0.066346,0.0165865,0,0,0.010384,0.026769,0.00928825
"140","15","grassAmbWet2_bin.40.orig",3324554,0,0,0.031282,3.096555,0.78195925,0,0,0,0,0,0.596886,0.357747,0.433482,1.456586,0.71117525,0.040925,0,0.149631,0.030501,0.05526425
"141","3","grassAmbWet2_bin.41.orig",3097452,0.969362,4.821088,4.0033265,4.272338,3.516528625,1.21718,3.744469,3.713334,5.280046,3.48875725,0.496794,0.795488,0.627726,1.021136,0.735286,0.643347,1.501449,1.520513,2.352533,1.5044605
"142","30","grassAmbWet2_bin.42.orig",4272397,0.506049,0.9705185,2.621986,10.739253,3.709451625,0.411912,0.7023545,1.159374,2.975038,1.312169625,1.523396,2.391899,3.404522,2.935179,2.563749,2.06571,2.02288,4.3234385,5.843873,3.563975375
"143","31","grassAmbWet2_bin.44.orig",553158,0,0.034491,0.1006505,5.768838,1.475994875,0.006751,0.020114,0.017732,0.02591,0.01762675,0.167588,0.576428,0.120042,0.503103,0.34179025,0.099809,0.041264,0.055053,0.366506,0.140658
"144","1","grassAmbWet2_bin.45.orig",4879912,0.786379,24.023631,2.576085,13.200252,10.14658675,0.382972,7.109254,5.314667,6.971997,4.9447225,1.000863,4.519286,1.347175,3.980394,2.7119295,0.884327,0.864376,2.044453,3.549578,1.8356835
"145","23","grassAmbWet2_bin.46.orig",2786676,1.320395,1.862005,3.70652,10.532324,4.355311,0.218902,0.981798,3.118815,8.808332,3.28196175,4.002308,2.085526,5.863886,5.829951,4.44541775,4.86104,3.393132,2.950757,6.115937,4.3302165
"146","2","grassAmbWet2_bin.47.orig",4375271,0.342573,0.534845,1.388881,2.001029,1.066832,0,0.076694,0.126826,0.260669,0.11604725,1.7625515,1.794869,1.905098,1.80164,1.816039625,1.034128,0.998281,0.8060435,0.971404,0.952464125
"147","2","grassAmbWet2_bin.49.orig",2452078,0.362058,2.114184,1.541892,2.128923,1.53676425,0.0990805,0.594267,0.925182,1.627945,0.811618625,0.554607,1.570402,0.896531,1.002595,1.00603375,1.005808,0.552555,0.899835,1.05931,0.879377
"148","9","grassAmbWet2_bin.5.orig",5154316,0.652739,2.099811,3.34436,3.042983,2.28497325,0,0.133575,0.319445,1.19017,0.4107975,1.352539,1.73338,1.614148,1.700227,1.6000735,1.014217,0.939332,1.918821,1.825529,1.42447475
"149","8","grassAmbWet2_bin.50.strict",4160694,0.069771,0.593532,0.289367,10.134466,2.771784,0,0.018219,0.025648,0.320562,0.09110725,0.244656,0.967667,0.766773,4.744207,1.68082575,0.177654,0.044528,0.224571,0.493469,0.2350555
"150","24","grassAmbWet2_bin.51.orig",6892599,0.088934,0.154525,0.233029,3.106223,0.89567775,0,0.020128,0.058046,0.241343,0.07987925,9.362949,3.655942,4.421631,4.012108,5.3631575,2.986335,1.706698,1.192644,2.245791,2.032867
"151","30","grassAmbWet2_bin.52.orig",6255063,2.288613,20.840075,60.861376,16.92398,25.228511,0.290444,0.649917,2.353511,4.297202,1.8977685,2.013044,3.84892,15.158685,3.145708,6.04158925,2.407559,10.94546,18.945457,5.438235,9.43417775
"152","27","grassAmbWet2_bin.53.orig",3977022,0.287482,0.460494,2.988797,7.793815,2.882647,0.057155,0.241293,0.345758,0.737448,0.3454135,3.792567,3.245184,3.435356,4.241855,3.6787405,2.777215,1.54671,1.854857,3.287895,2.36666925
"153","30","grassAmbWet2_bin.54.orig",2590563,2.14397,1.584414,4.485189,11.255979,4.867388,0.102321,0.304537,0.459696,0.831688,0.4245605,1.206784,1.324387,1.357289,3.424332,1.828198,1.146118,0.538861,0.744111,1.152627,0.89542925
"154","8","grassAmbWet2_bin.55.orig",3336872,0.071104,0.146292,0.264813,8.005915,2.122031,0,0.018605,0.023435,0.178012,0.055013,0.065204,0.378586,0.215148,1.231717,0.47266375,0.112735,0.017746,0.156711,0.988411,0.31890075
"155","15","grassAmbWet2_bin.57.orig",3614296,0.096976,0.638368,1.197812,3.511869,1.36125625,0,0.057594,0.227642,0.363118,0.1620885,0.093085,0.101856,0.140321,0.551029,0.22157275,0.099008,0,0.401128,1.50756,0.501924
"156","36","grassAmbWet2_bin.59.orig",3036929,1.18992,0.893844,2.026652,4.640322,2.1876845,3.890472,6.569698,5.704076,8.6129,6.1942865,0.994603,1.77852,2.197923,4.905566,2.469153,0.985528,0.668186,3.206136,2.784927,1.91119425
"157","8","grassAmbWet2_bin.6.orig",5816711,0.031748,0.111499,0.860805,5.404938,1.6022475,0.001621,0.009402,0.010312,0.039261,0.015149,0.174801,0.208901,0.906093,1.320704,0.65262475,0.229777,0.029742,0.430993,0.169369,0.21497025
"158","37","grassAmbWet2_bin.60.orig",3777459,0.108339,0.185233,0.908089,2.39384,0.89887525,0.036799,0,0.0703915,0.17288,0.070017625,2.134774,2.100044,1.5683185,0.4742345,1.56934275,3.0581545,3.044053,2.775508,1.3445125,2.555557
"159","15","grassAmbWet2_bin.61.strict",2914606,0.1524015,0.593075,1.8425545,2.868361,1.364098,0,0.065787,0.3170945,0.378794,0.190418875,0,0,0.1193145,0.307926,0.106810125,0,0,0.470024,0.648388,0.279603
"160","26","grassAmbWet2_bin.7.orig",3335355,0.831273,0.627832,1.59202,6.037494,2.27215475,0.642178,0.476961,0.906099,1.949165,0.99360075,0.729724,0.5617345,0.938011,0.916483,0.786488125,0.885039,0.762485,2.7129655,2.219644,1.645033375
"161","18","grassAmbWet2_bin.8.orig",4261624,0.506013,0.56173,1.353161,5.638627,2.01488275,0.008251,0.037915,0.073335,0.743363,0.215716,1.128032,1.423049,2.028335,3.055176,1.908648,2.294102,0.765823,1.46747,4.654522,2.29547925
"162","18","grassAmbWet2_bin.9.orig",3455789,0.218227,0.29949,1.741255,7.448485,2.42686425,0.024329,0.1403175,0.177681,0.513877,0.214051125,1.82519,1.385241,2.094552,2.618014,1.98074925,2.200412,1.033162,1.208975,4.039512,2.12051525
"163","11","grassRedDry1_bin.1.orig",2402276,27.877552,12.710043,2.241099,0.834705,10.91584975,15.28643,4.847283,1.783005,0.91505,5.707942,1.095661,1.222892,0.704894,0.608896,0.90808575,3.107294,5.990984,0.914194,1.119735,2.78305175
"164","8","grassRedDry1_bin.10.orig",2887973,0,0,0,0,0,1.965834,0.730321,1.193087,0.31659,1.051458,0,0,0,0,0,0,0,0,0,0
"165","21","grassRedDry1_bin.11.orig",4509783,0,0,0,0,0,2.68018,0,0,0,0.670045,0,0,0,0,0,0.21175,0,0,0,0.0529375
"166","24","grassRedDry1_bin.12.orig",2575162,0.3151,0.37541,0.406388,0.359843,0.36418525,1.59927,1.9994235,2.782045,2.100678,2.120354125,0.316385,0.184312,0.4254445,0.360842,0.321745875,0.498937,0.571584,0.538011,0.32981,0.4845855
"167","38","grassRedDry1_bin.13.permissive",3456815,0,0.697249,0,0,0.17431225,3.342401,1.02083,0.3356815,0.461432,1.290086125,0,0,0,0,0,0.420034,0.530588,0.2618845,0,0.303126625
"168","39","grassRedDry1_bin.14.orig",2802763,1.51073,0.753338,0.540781,0.342996,0.78696125,3.757882,2.5174705,1.559684,0.697378,2.133103625,0.555047,0.224744,0.55607,0.573293,0.4772885,0.996107,0.999188,0.4384,0.325314,0.68975225
"169","5","grassRedDry1_bin.15.orig",2750030,3.347234,4.512379,1.326286,0.606775,2.4481685,5.9958,4.777367,2.985249,1.087313,3.71143225,0.087321,0.056587,0.172454,0.13156,0.1119805,0.202529,0.497727,0.289939,0.278537,0.317183
"170","32","grassRedDry1_bin.16.orig",2640867,0.21493,0.529259,0.51663,0.357095,0.4044785,2.085339,2.08805,2.016278,1.264806,1.86361825,0.168298,0.154134,0.282008,0.216873,0.20532825,0.208505,0.392851,0.573554,0.375387,0.38757425
"171","34","grassRedDry1_bin.17.orig",3866439,0.087019,0.775678,0.092903,0.203114,0.2896785,7.330075,2.639138,0.427621,0.137357,2.63354775,0.779102,0.423573,0.124454,0.169316,0.37411125,0.104585,0.182802,0.288692,0.111107,0.1717965
"172","2","grassRedDry1_bin.18.strict",3113749,0.014012,0,0,0,0.003503,3.218937,0.538591,0.039357,0,0.94922125,0,0,0,0,0,0,0,0,0,0
"173","15","grassRedDry1_bin.19.strict",2708604,0.002779,0,0,0,0.00069475,6.095452,1.033044,0.053259,0,1.79543875,0,0,0,0,0,0,0,0,0,0
"174","37","grassRedDry1_bin.20.orig",4223083,0.293975,0.506126,0.290409,0.536329,0.40670975,4.4300415,0.512039,0.258464,0.2054825,1.35150675,1.607939,2.662524,0.526018,0.318576,1.27876425,7.027286,2.336947,0.949958,0.694139,2.7520825
"176","34","grassRedDry1_bin.22.orig",4491089,1.456258,1.007597,0.132999,0.078442,0.668824,6.41213,2.796243,0.440298,0.105754,2.43860625,0.115276,0.275362,0.115318,0.226885,0.18321025,0.091832,0.057752,0.095617,0.068605,0.0784515
"177","27","grassRedDry1_bin.23.orig",3131180,0.565187,0.630095,0.128282,0.044704,0.342067,6.617441,3.842541,1.72462,0.234203,3.10470125,0.205231,0.07621,0.056024,0.044745,0.0955525,0.606927,0.869029,0.552205,0.233687,0.565462
"178","5","grassRedDry1_bin.24.orig",2764528,0.647735,1.362089,0.737677,0.358288,0.77644725,6.69363,4.340448,2.167316,0.889188,3.5226455,0.268796,0.173202,0.264739,0.31694,0.25591925,0.367338,0.205436,0.257394,0.190631,0.25519975
"179","1","grassRedDry1_bin.25.strict",3509161,0.04931,0.008599,0.004301,0.014608,0.0192045,34.543099,0.4028,0.031176,0.007736,8.74620275,0,0.009431,0.004316,0.014854,0.00715025,0.008784,0,0.005765,0.00878,0.00583225
"180","4","grassRedDry1_bin.26.strict",2056525,0.6126835,0.614423,0.189198,0,0.354076125,30.141001,6.079865,1.593791,0.176565,9.4978055,0,0,0,0,0,0,0,0,0,0
"181","10","grassRedDry1_bin.27.orig",1457699,0.566722,0.801537,0.64163,0.475963,0.621463,3.19209,2.503271,1.466023,1.087338,2.0621805,0.359727,0.331571,0.44161,0.42364,0.389137,0.406258,1.085119,0.598678,0.416298,0.62658825
"182","34","grassRedDry1_bin.28.orig",3658073,1.458509,6.042015,4.38917,4.334675,4.05609225,5.075284,12.387774,17.015457,10.266302,11.18620425,1.917831,2.954843,1.8985225,2.436356,2.301888125,1.794487,1.920473,2.460882,2.834937,2.25269475
"183","26","grassRedDry1_bin.29.orig",1788999,0.337865,0.688748,0.657624,0.477234,0.54036775,5.2408,5.765634,3.444249,1.950707,4.1003475,0.295957,0.180459,0.333206,0.344004,0.2884065,0.368317,0.272658,0.425893,0.44726,0.378532
"184","15","grassRedDry1_bin.3.orig",1683965,0,0,0,0.0513905,0.012847625,3.824999,1.235945,0.187388,0,1.312083,0,0.676539,0,0.052819,0.1823395,0,0,0,0.0448605,0.011215125
"185","28","grassRedDry1_bin.30.strict",3886243,0.009111,0.299504,0,0.006544,0.07878975,3.530957,1.404338,0.246141,0.115709,1.32428625,0,0.131732,0,0.008724,0.035114,0,0.07528,0.036169,0.495671,0.15178
"186","40","grassRedDry1_bin.31.orig",4282162,0.54056,0.485898,1.053932,2.064338,1.036182,3.81846,4.767552,5.830654,6.304559,5.18030625,2.411142,0.971262,3.074624,2.754477,2.30287625,3.114627,1.773601,1.351577,1.651384,1.97279725
"187","34","grassRedDry1_bin.32.orig",4154253,0.087631,0.162656,0.09533,1.895467,0.560271,5.232732,0.21281,0.13028,0.164204,1.4350065,0.361206,0.866379,0.19911,0.623096,0.51244775,0.460971,0.138575,0.254202,0.246205,0.27498825
"188","26","grassRedDry1_bin.33.permissive",2284031,0.069352,0.029969,0,0,0.02483025,4.930076,0.642164,1.743454,0.374168,1.9224655,0,0,0,0,0,0,0,0.076972,0,0.019243
"189","38","grassRedDry1_bin.34.strict",2257339,0.815652,0.322905,0.206777,0,0.3363335,6.693604,1.257416,0.697809,0.027558,2.16909675,0,0,0,0,0,0,0,0,0,0
"190","37","grassRedDry1_bin.35.orig",3922956,0.223587,0.593041,0.060799,0.069765,0.236798,17.610394,3.978214,1.987183,0.171481,5.936818,0.455551,0.493667,0.113272,0.085725,0.28705375,0.317246,0.47196,0.533702,0.159669,0.37064425
"191","17","grassRedDry1_bin.36.orig",1357615,19.823215,43.859046,3.233476,2.652408,17.39203625,30.986015,56.171262,8.568335,4.224192,24.987451,6.53118,16.951453,2.326295,2.756293,7.14130525,3.158434,14.055282,2.55899,3.395155,5.79196525
"192","36","grassRedDry1_bin.37.orig",2017427,0.694875,0.646271,1.353031,0.806855,0.875258,5.884734,6.61226,3.951095,2.110365,4.6396135,1.024989,0.517241,0.846155,0.896269,0.8211635,0.98696,0.925211,0.872248,0.625762,0.85254525
"193","30","grassRedDry1_bin.39.orig",3617662,0.187173,0.330765,0.283075,0.599088,0.35002525,4.032972,2.021021,1.21203,0.545608,1.95290775,0.602657,0.753118,0.653915,1.062893,0.76814575,0.690204,0.287469,0.612825,0.621338,0.552959
"194","33","grassRedDry1_bin.4.orig",2173193,0.148722,0.180937,0.058386,0.033111,0.105289,5.940564,4.049057,0.97924,0.146121,2.7787455,0.110334,0.08552,0.067111,0.064247,0.081803,0.205683,0.48179,0.16745,0.141726,0.24916225
"195","20","grassRedDry1_bin.41.orig",3596637,0.553832,2.132616,2.048407,1.736958,1.61795325,2.176156,2.202156,3.369879,2.762582,2.62769325,0.180475,0.87939,1.555514,1.145395,0.9401935,0.495946,0.541202,3.414591,2.276725,1.682116
"196","10","grassRedDry1_bin.42.orig",1791508,2.145646,3.305622,0.682597,0.537161,1.6677565,28.221997,15.632854,3.760362,1.188498,12.20092775,0.617182,0.681142,0.67653,0.560607,0.63386525,1.09556,3.006351,1.138935,1.056484,1.5743325
"197","32","grassRedDry1_bin.44.orig",2197378,0.656603,1.782514,0.710517,0.520539,0.91754325,7.284033,7.972259,8.041272,3.277513,6.64376925,0.303622,0.200297,0.375419,0.351218,0.307639,0.316899,0.326303,0.57901,0.412229,0.40861025
"198","11","grassRedDry1_bin.45.orig",2302810,27.889909,11.3988,5.526454,1.233703,11.5122165,34.14187,12.936815,8.736568,3.85861,14.91846575,1.870885,0.999848,0.961358,0.782865,1.153739,3.836649,20.848355,2.281336,1.348102,7.0786105
"199","26","grassRedDry1_bin.46.orig",2537157,1.581149,0.635761,0.842581,0.0578,0.77932275,3.617745,1.250385,0.589348,0.165707,1.40579625,0.041324,0.021307,0.062818,0.081354,0.05170075,0.104423,0.063913,0.05156,0.035069,0.06374125
"200","15","grassRedDry1_bin.47.permissive",3646773,0,0.004813,0,0.028803,0.008404,3.287377,0.141021,0,0,0.8570995,0,0.178383,0,0,0.04459575,0.024854,0,0,0.0104,0.0088135
"201","28","grassRedDry1_bin.48.orig",5450570,0.006011,0.006948,0.003634,0.008946,0.00638475,5.581412,0.014727,0.007151,0.007371,1.40266525,0.005259,0.01302,0.00828,0.016347,0.0107265,0.008903,0.001072,0.006803,0.009465,0.00656075
"202","33","grassRedDry1_bin.49.orig",2363112,0.340282,0.456238,0.0757795,0.034711,0.226752625,4.080015,2.845544,0.622021,0.23453,1.9455275,0.042764,0.059103,0.079483,0.079,0.0650875,0.081757,0.027416,0.069324,0.053679,0.058044
"203","5","grassRedDry1_bin.5.orig",3141052,0.428282,1.380032,0.66657,0.566417,0.76032525,8.331188,3.975052,5.685074,2.326639,5.07948825,0.909781,0.376293,0.701251,0.821177,0.7021255,0.915075,0.60699,0.631146,1.010029,0.79081
"204","2","grassRedDry1_bin.50.orig",3142164,0.101692,0.309629,0.1092175,0.122899,0.160859375,6.069279,5.689184,1.048042,0.244167,3.262668,0.2127865,0.208328,0.181429,0.233208,0.208937875,0.271364,0.207196,0.245813,0.196587,0.23024
"205","4","grassRedDry1_bin.51.orig",2634893,1.279188,0.674878,0.469714,0.028217,0.61299925,31.679236,5.704296,2.051088,0.187868,9.905622,0.036604,0,0,0,0.009151,0,0,0,0,0
"206","3","grassRedDry1_bin.52.orig",2793530,0.837694,2.7711305,1.793995,1.4919105,1.7236825,5.911947,23.849114,13.3799485,3.921111,11.76553013,0.969076,1.375875,1.063893,1.564095,1.24323475,0.845798,0.879209,1.5218365,1.503721,1.187641125
"207","24","grassRedDry1_bin.53.orig",3349944,0.294812,0.147759,0.170832,0.317302,0.23267625,5.195438,1.106466,0.901631,0.361706,1.89131025,0.615762,0.258666,0.491418,0.571296,0.4842855,0.665044,0.392552,0.340339,0.297559,0.4238735
"208","20","grassRedDry1_bin.54.permissive",2418980,0.601508,5.36083,1.598726,1.091984,2.163262,1.61885,3.459173,2.153503,1.240286,2.117953,0.686704,2.253622,0.700349,0.480262,1.03023425,1.038525,0.773981,1.231641,1.032869,1.019254
"209","17","grassRedDry1_bin.6.orig",2252680,0.226909,0.800474,1.040921,0.3958185,0.616030625,3.073626,7.032108,11.01384,5.11582,6.5588485,0.165785,0.256068,0.228505,0.313676,0.2410085,0.495783,0.86356,0.897056,0.869084,0.78137075
"210","13","grassRedDry1_bin.7.orig",2431278,0.241722,0.305159,0.129372,0.189273,0.2163815,5.316246,12.421725,1.243298,0.314074,4.82383575,0.227779,0.379167,0.197791,0.350492,0.28880725,0.279538,0.109797,0.137872,0.166038,0.17331125
"211","27","grassRedDry1_bin.8.orig",3300788,0.123282,0.315367,0.19514,0.07195,0.17643475,6.080438,6.130944,1.902676,0.504435,3.65462325,0.065174,0.066692,0.08744,0.079792,0.0747745,0.084288,0.066242,0.075133,0.054981,0.070161
"212","10","grassRedDry1_bin.9.orig",2240611,3.532018,2.7294575,1.461477,0.931768,2.163680125,11.882456,8.756699,5.926518,4.661885,7.8068895,0.9693725,0.728576,1.0579835,0.96114,0.929268,1.0529395,1.718682,0.998487,0.930905,1.175253375
"213","18","grassRedDry2_bin.1.orig",3732520,0.541225,2.198354,2.492109,1.608797,1.71012125,0.473027,3.463085,4.898357,3.548612,3.09577025,1.197856,1.383725,2.384819,1.794212,1.690153,1.460128,1.02571,2.209812,1.963313,1.66474075
"214","29","grassRedDry2_bin.10.orig",3166356,0.232337,1.602483,2.3246325,2.211589,1.592760375,0.150153,1.332499,5.000322,6.055737,3.13467775,0.493177,0.804278,1.804193,1.713069,1.20367925,0.610401,0.431947,1.928123,1.998934,1.24235125
"215","8","grassRedDry2_bin.11.strict",5292016,0.019073,0.264491,0.572303,0.678322,0.38354725,0.26889,1.149187,6.769155,4.213543,3.10019375,0,0.029027,0.063072,0.029145,0.030311,0.186311,0.031172,0.818953,1.537141,0.64339425
"216","41","grassRedDry2_bin.12.orig",1594602,1.024614,10.601062,8.409753,4.735014,6.19261075,0.609486,1.882218,5.909829,5.545539,3.486768,0.921429,2.071709,1.40025,1.425369,1.45468925,1.775376,0.741203,2.291539,2.174875,1.74574825
"217","23","grassRedDry2_bin.13.orig",3570051,0.53599,0.623635,1.140933,1.155523,0.86402025,0.672892,1.212618,5.340857,2.392628,2.40474875,1.73417,0.815505,1.432344,1.498467,1.3701215,1.945846,2.414172,5.447475,3.154833,3.2405815
"218","28","grassRedDry2_bin.14.strict",3598471,0.047383,0.847289,0.051987,0.140098,0.27168925,0.295438,5.94042,3.560283,0.483748,2.56997225,0,0.783344,0.073333,0.143048,0.24993125,0,0.016083,0.082198,0.37361,0.11797275
"219","8","grassRedDry2_bin.15.orig",5741259,0.044924,1.262989,0.831329,1.328202,0.866861,0.106897,1.522389,3.837259,2.30292,1.94236625,0,0.517153,0.306967,0.637937,0.36551425,0.063876,0.032025,0.107099,0.509621,0.17815525
"220","20","grassRedDry2_bin.16.orig",2916756,0.410247,2.753397,9.597116,8.506722,5.3168705,0.057821,0.628997,3.857812,11.952498,4.124282,3.087656,2.4382085,7.382432,4.790235,4.424632875,4.081743,2.5014125,8.319262,6.398583,5.325250125
"221","23","grassRedDry2_bin.17.strict",1918215,1.581413,0.45856,0.361582,0.415778,0.70433325,2.8977305,4.167314,5.091705,4.343284,4.125008375,0.534866,0.306644,0.55082,0.573476,0.4914515,0.8336845,0.7133,0.666935,0.677612,0.722882875
"222","15","grassRedDry2_bin.18.orig",1746649,0.327433,0.485413,0.860447,0.588812,0.56552625,0.779236,4.750355,22.96973,5.687264,8.54664625,0.54884,0.880118,0.6740885,1.512841,0.903971875,1.068447,0.443605,1.28784,0.920098,0.9299975
"223","10","grassRedDry2_bin.19.orig",3181351,8.703616,7.620583,16.174582,6.264076,9.69071425,0.567577,0.743123,4.519411,5.578511,2.8521555,4.596149,4.183959,7.708727,5.229336,5.42954275,2.247369,5.22984,9.933133,7.877527,6.32196725
"224","8","grassRedDry2_bin.2.orig",3343179,0.169614,6.11366,2.734048,0.717171,2.43362325,2.607515,8.085448,8.775875,3.428717,5.72438875,0.017621,0.037842,0.087023,0.053677,0.04904075,0.111251,0.134737,3.610156,0.472553,1.08217425
"225","7","grassRedDry2_bin.20.orig",2450167,7.109944,4.101224,2.257276,1.035112,3.625889,17.953927,8.113862,5.774355,2.298976,8.53528,0.798867,0.604449,0.821311,0.679857,0.726121,1.031995,3.639685,1.031607,0.974571,1.6694645
"226","27","grassRedDry2_bin.21.orig",2854892,0.528202,0.638149,0.120023,0.029993,0.32909175,5.646271,4.044746,2.725862,0.233073,3.162488,0.2189,0.0818,0.063629,0.035595,0.099981,0.462182,0.910936,0.598873,0.2289225,0.550228375
"227","28","grassRedDry2_bin.22.orig",4843764,0.013357,0.00395,0.014678,0.156599,0.047146,0.02251,0.734954,3.37473,1.2929235,1.356279375,0,0.084284,0.078636,0.101948,0.066217,0.022317,0,0.292512,0.176226,0.12276375
"228","32","grassRedDry2_bin.23.orig",2796301,0.679579,1.853937,0.739569,0.522138,0.94880575,5.755579,8.08225,9.27906,3.236938,6.58845675,0.38986,0.261937,0.398283,0.30821,0.3395725,0.40827,0.377715,0.530571,0.438599,0.43878875
"229","13","grassRedDry2_bin.24.orig",2458914,0.386335,0.985955,0.935026,0.989621,0.82423425,3.761815,5.353145,6.493667,3.351077,4.739926,0.815707,1.113454,0.706177,1.308654,0.985998,0.685736,0.633105,0.755214,1.153568,0.80690575
"230","25","grassRedDry2_bin.25.orig",3366769,0.727303,1.849833,2.930122,3.9093,2.3541395,0.333832,1.151482,12.555156,5.411436,4.8629765,2.1379085,2.648948,2.632617,3.470342,2.722453875,2.194883,1.35668,3.537616,3.801722,2.72272525
"231","41","grassRedDry2_bin.26.orig",1764123,0.302627,1.188678,0.922425,1.011855,0.85639625,2.298426,4.372304,6.177107,3.245086,4.02323075,0.514034,0.830357,0.617483,0.918326,0.72005,0.535233,0.550422,0.824257,1.005553,0.72886625
"232","11","grassRedDry2_bin.27.orig",1754579,1.678721,1.485889,2.162263,2.588863,1.978934,5.785204,5.608046,17.622087,7.773793,9.1972825,0.643701,1.098885,1.015217,0.859678,0.90437025,0.912063,0.828487,5.849483,2.867884,2.61447925
"233","15","grassRedDry2_bin.28.orig",3091261,0.259837,2.581091,1.207514,1.255274,1.325929,0.557301,4.3056655,9.310928,2.442584,4.154119625,1.009157,2.931927,0.895841,1.970252,1.70179425,0.819718,1.037147,1.898164,2.64595,1.60024475
"234","18","grassRedDry2_bin.29.orig",3846340,0.424459,2.258392,1.185624,2.862001,1.682619,0.491754,4.648074,4.077845,2.195249,2.8532305,0.900349,1.265434,1.599989,2.358061,1.53095825,0.842486,0.482641,1.030493,1.432812,0.947108
"235","37","grassRedDry2_bin.3.orig",3756299,0.225737,0.615683,0.060198,0.059263,0.24022025,15.760333,4.326306,3.17511,0.185121,5.8617175,0.383601,0.419159,0.123633,0.082855,0.252312,0.333161,0.508738,0.571443,0.139996,0.3883345
"236","10","grassRedDry2_bin.30.orig",2069921,0.629148,0.837523,0.66225,0.497417,0.6565845,2.498932,2.886531,2.5731585,1.398976,2.339399375,0.377638,0.344685,0.445442,0.48275,0.41262875,0.441807,1.138781,0.5955265,0.422594,0.649677125
"237","15","grassRedDry2_bin.31.orig",2421079,0,0.279012,0.283467,0.174262,0.18418525,0.352524,1.276351,6.24657,1.1552,2.25766125,0,0.007111,0.008922,0,0.00400825,0.009506,0.003277,0.681288,0.058054,0.18803125
"238","18","grassRedDry2_bin.32.orig",5566908,1.61593,1.018018,1.027667,1.194996,1.21415275,0.447302,2.346919,2.786467,2.115119,1.92395175,0.814919,1.04667,1.041686,1.607885,1.12779,1.360298,0.510448,1.185856,1.399998,1.11415
"239","28","grassRedDry2_bin.33.orig",4960236,0.457092,1.764643,0.856097,0.515901,0.89843325,0.801368,1.713396,8.053946,2.702753,3.31786575,0.619874,0.509689,0.363002,0.74022,0.55819625,0.691995,0.540456,0.760413,1.097411,0.77256875
"240","10","grassRedDry2_bin.34.orig",2735464,1.618641,2.485838,2.603458,1.840931,2.137217,1.286218,3.998102,6.893731,5.348425,4.381619,1.082476,0.730376,1.258521,0.92448,0.99896325,1.476744,0.881009,2.285436,1.950801,1.6484975
"241","24","grassRedDry2_bin.35.orig",4548556,0.751624,1.564464,1.219691,1.010014,1.13644825,0.941232,1.687137,2.730825,3.111632,2.1177065,0.384937,0.517672,1.069408,0.551468,0.63087125,1.219657,2.496019,0.932051,0.795089,1.360704
"242","17","grassRedDry2_bin.36.orig",2739552,0,0.020663,0.319254,0.654043,0.24849,0,0.421073,2.7174795,3.147787,1.571584875,0,0,0.105303,0.398452,0.12593875,0,0,0.157296,0.5259915,0.170821875
"243","40","grassRedDry2_bin.37.orig",4024104,0.38535,0.408461,0.960595,1.977975,0.93309525,1.314523,2.957307,4.889504,4.907124,3.5171145,2.923104,1.095962,3.59681,3.144531,2.69010175,3.560693,2.232599,1.598348,1.754127,2.28644175
"244","36","grassRedDry2_bin.38.orig",2330558,1.6318175,0.787416,0.493085,0.376436,0.822188625,2.680657,2.806403,2.559534,0.694026,2.185155,0.467308,0.185767,0.41546,0.431664,0.37504975,1.0768225,1.010619,0.408858,0.290942,0.696810375
"245","18","grassRedDry2_bin.39.orig",2838338,0.439334,1.17597,1.438928,1.596849,1.16277025,0.914201,4.380511,6.053571,5.517072,4.21633875,0.638383,0.94637,1.053443,1.019846,0.9145105,1.393492,0.607567,1.552599,1.441968,1.2489065
"246","1","grassRedDry2_bin.4.orig",4534884,0.037382,0.607311,0.695999,0.7128035,0.513373875,0.050954,0.446933,3.133274,3.228069,1.7148075,0.154281,0.197873,0.47412,0.321602,0.286969,0.260583,0.198025,1.495822,0.62821,0.64566
"247","10","grassRedDry2_bin.41.orig",2261777,0.810539,1.027471,3.622522,1.790706,1.8128095,5.194232,10.829251,19.556725,14.134287,12.42862375,1.026153,0.699702,1.090014,1.056291,0.96804,1.072417,1.774642,1.580775,1.367403,1.44880925
"248","27","grassRedDry2_bin.42.orig",3552820,0.141799,0.394653,0.259618,0.08904,0.2212775,3.872798,6.751135,3.056249,0.56065,3.560208,0.064708,0.0874735,0.079763,0.119938,0.087970625,0.103468,0.071589,0.03911,0.045061,0.064807
"249","8","grassRedDry2_bin.43.orig",4335375,0.074309,0.607096,0.465071,0.52541,0.4179715,0,0.643588,2.498365,1.148186,1.07253475,0,0.258911,0.145207,0.2088295,0.153236875,0,0,0.461679,0.688745,0.287606
"250","8","grassRedDry2_bin.44.strict",3927663,0.017175,0.401128,1.137273,2.062528,0.904526,0,0.192553,5.202973,2.477846,1.968343,0.059139,0.3746445,0.448627,0.875522,0.439483125,0.183345,0.311571,1.413613,2.4706325,1.094790375
"251","8","grassRedDry2_bin.45.orig",4157950,0,0.095862,0.0265,0.102651,0.05625325,0.3983,3.015403,3.745138,0.113252,1.81802325,0.364239,0.108119,0.026097,0.08935,0.14695125,0.2943925,1.135903,1.777088,1.569752,1.194283875
"252","15","grassRedDry2_bin.46.strict",2017657,0.049509,0.146422,0.170832,0.155994,0.13068925,0.1163495,0.534856,2.895343,0.457304,1.000963125,0.065135,0.3292045,0.039733,0.125039,0.139777875,0.12428,0.174804,0.225908,0.154072,0.169766
"253","28","grassRedDry2_bin.47.orig",4170777,0.010491,0.321505,0.005877,0.012256,0.08753225,0.662347,2.945894,4.163175,0.100826,1.9680605,0.003991,0.186854,0,0.018811,0.052414,0.008673,0.09752,0.042242,0.521474,0.16747725
"254","24","grassRedDry2_bin.48.orig",4373036,0.355639,0.485693,0.512686,0.388964,0.4357455,1.236165,3.043254,5.33855,3.242692,3.21516525,0.356977,0.146435,0.380356,0.353451,0.30930475,0.524961,0.711369,0.719685,0.425159,0.5952935
"255","8","grassRedDry2_bin.49.strict",4014496,0,0,0.015916,0,0.003979,0.67774,0.811654,2.782622,0.316045,1.14701525,0,0,0,0,0,0,0,0,0,0
"256","32","grassRedDry2_bin.5.orig",2380069,10.370352,3.474073,1.061573,0.475537,3.84538375,2.25641,1.557185,3.461174,0.929578,2.05108675,0.384359,0.190437,0.309979,0.342189,0.306741,0.563315,0.397967,0.374002,0.363257,0.42463525
"257","32","grassRedDry2_bin.50.orig",3038644,0.198802,0.319345,0.269349,0.264866,0.2630905,1.1792035,3.019381,3.911997,1.746435,2.464254125,0.184085,0.141801,0.253756,0.305333,0.22124375,0.199921,0.271315,0.371751,0.275824,0.27970275
"258","8","grassRedDry2_bin.51.strict",4053305,0,0.224498,0.315915,0.405322,0.23643375,0.084287,1.051577,1.635551,1.057532,0.95723675,0.06829,0.192822,0.206011,0.315856,0.19574475,0.246088,0.120473,0.667805,0.78818,0.4556365
"259","26","grassRedDry2_bin.52.orig",1325134,0.235584,0.59347,0.55836,0.43966,0.4567685,3.349658,4.803214,3.750275,1.584803,3.3719875,0.331754,0.216972,0.244434,0.334603,0.28194075,0.221687,0.224382,0.33281,0.354216,0.28327375
"260","11","grassRedDry2_bin.53.strict",1662407,0.556733,1.953611,2.320313,3.437247,2.066976,0.1948,1.628237,7.690368,10.429236,4.98566025,0.842726,0.643764,1.404878,1.150755,1.01053075,0.684104,0.60141,1.985042,2.923138,1.5484235
"261","41","grassRedDry2_bin.55.orig",4692350,0.696212,3.569963,2.911804,2.357735,2.3839285,1.1041185,2.647551,4.696548,3.447499,2.973929125,0.1679805,1.009976,2.008651,1.626751,1.203339625,0.498483,0.5554175,4.123672,2.7420145,1.97989675
"262","8","grassRedDry2_bin.6.orig",3560778,0,0.764098,0.136431,0.111522,0.25301275,0.392821,5.118934,2.224077,0.551111,2.07173575,0,0.393929,0,0.093496,0.12185625,0,0,0.265058,0.516006,0.195266
"263","27","grassRedDry2_bin.7.orig",3958295,0.583421,3.123199,3.147291,1.985567,2.2098695,0.385943,0.788921,4.368426,2.549589,2.02321975,1.225589,1.624971,3.822027,1.183769,1.964089,1.526048,2.219321,5.091663,2.954787,2.94795475
"264","4","grassRedDry2_bin.8.strict",1681361,0.599012,0.763011,0.192674,0.006131,0.390207,33.007413,7.922985,2.760332,0.198486,10.972304,0,0,0,0,0,0,0,0,0,0
"265","26","grassRedDry2_bin.9.permissive",2252055,0,0,0,0,0,3.234249,0.53595,2.315237,0.274286,1.5899305,0,0,0,0,0,0,0,0,0,0
"266","40","grassRedWet1_bin.1.orig",4218878,0.51971,0.508798,1.060944,2.034494,1.0309865,1.796085,5.500193,4.700702,5.805783,4.45069075,2.365525,0.899474,2.996457,2.50388,2.191334,2.843674,1.903445,1.455599,1.623917,1.95665875
"267","33","grassRedWet1_bin.10.orig",2175209,0.388962,0.598942,0.057475,0.048186,0.27339125,2.851101,3.767526,0.68037,0.200188,1.87479625,0.060009,0.060057,0.082652,0.117393,0.08002775,0.104068,0.036543,0.069982,0.072101,0.0706735
"268","17","grassRedWet1_bin.11.orig",2462489,1.28585,7.878496,9.131453,3.684931,5.4951825,2.635676,14.801677,23.225548,11.616778,13.06991975,1.805023,2.754987,2.997061,3.410374,2.74186125,1.508862,2.182439,11.175069,6.85018,5.4291375
"269","27","grassRedWet1_bin.12.orig",2610009,0.437284,0.524932,0.096534,0.020436,0.2697965,4.626853,4.415816,1.590162,0.206337,2.709792,0.172677,0.058955,0.044506,0.028532,0.0761675,0.404627,0.826873,0.455781,0.199241,0.4716305
"270","3","grassRedWet1_bin.13.orig",2374869,0.570485,6.178192,6.542371,3.918694,4.3024355,0.835626,6.871846,11.925955,10.249676,7.47077575,1.608509,2.934911,3.90089,4.251092,3.1738505,2.013773,1.847375,6.471531,5.465286,3.94949125
"271","10","grassRedWet1_bin.14.orig",2112193,0.746493,0.854515,0.724157,0.4804015,0.701391625,2.819905,4.0869085,1.94044,1.4871455,2.58359975,0.292903,0.327337,0.361015,0.3732455,0.338625125,0.4131255,0.906007,0.588234,0.421775,0.582285375
"272","3","grassRedWet1_bin.15.orig",2872857,0.984189,5.170834,3.763368,2.892953,3.202836,2.08048,6.034543,5.061361,6.004549,4.79523325,0.493755,0.876573,0.61979,0.956361,0.73661975,0.741135,1.734502,1.722386,2.809989,1.752003
"273","29","grassRedWet1_bin.16.orig",3843789,0.3218,2.0372255,2.749618,2.732999,1.960410625,0.191344,2.486383,5.239292,7.480315,3.8493335,0.578578,1.051102,2.221054,2.175892,1.5066565,0.810296,0.516314,2.4787855,2.416176,1.555392875
"274","17","grassRedWet1_bin.17.orig",3680642,0.167828,0.604756,0.75714,0.354001,0.47093125,1.828846,7.423599,8.633494,3.594479,5.3701045,0.163691,0.197869,0.212345,0.287403,0.215327,0.429124,0.92908,1.105704,0.775983,0.80997275
"275","34","grassRedWet1_bin.18.orig",4543379,0.565267,0.88858,0.120873,0.067893,0.41065325,0.71028,2.978645,0.250853,0.100112,1.0099725,0.13407,0.284731,0.111006,0.222311,0.1880295,0.165828,0.065435,0.101497,0.085025,0.10444625
"276","8","grassRedWet1_bin.19.orig",2918674,0.039657,0.102262,0.04026,0.099918,0.07052425,0.643964,3.83859,0.433097,0.42603,1.33542025,0.008553,0.071049,0.02909,0.07057,0.0448155,0.031261,0.007008,0.117334,0.100253,0.063964
"277","38","grassRedWet1_bin.2.permissive",1918488,0.57992,0.237236,0.133092,0,0.237562,3.836441,1.875595,0.504443,0.015781,1.558065,0,0,0,0,0,0,0,0,0,0
"278","41","grassRedWet1_bin.20.orig",2185762,0.5908265,0.884585,1.923073,1.158626,1.139277625,1.525875,12.146774,15.913248,7.2592125,9.211277375,0.324325,0.445697,0.6677275,0.753402,0.547787875,1.532713,0.337155,2.0380755,1.185787,1.273432625
"279","41","grassRedWet1_bin.22.orig",2861226,0.127406,0.206587,0.209314,0.397033,0.235085,1.636886,2.29392,0.887051,0.362287,1.295036,0.357044,0.478185,0.401735,0.698888,0.483963,0.498678,0.20478,0.399239,0.414391,0.379272
"280","33","grassRedWet1_bin.23.orig",2147307,0.584471,1.348697,1.180269,1.333939,1.111844,0.684928,3.4266075,2.48254,1.774255,2.092082625,1.420791,1.711647,1.544528,2.33005,1.751754,1.652051,0.986155,1.263341,1.531555,1.3582755
"281","29","grassRedWet1_bin.24.orig",2657324,1.186479,4.859253,5.713756,5.7036795,4.365791875,1.42931,8.719487,15.226123,13.293837,9.66718925,1.134415,3.513465,4.382937,3.693763,3.181145,1.389047,1.312051,7.247442,4.428258,3.5941995
"282","4","grassRedWet1_bin.25.orig",1466886,0.590754,0.676307,0.187006,0,0.36351675,30.571233,8.610852,2.029658,0.161738,10.34337025,0.037117,0,0,0,0.00927925,0,0,0,0,0
"283","39","grassRedWet1_bin.26.orig",2769377,1.720626,0.837374,0.560065,0.342358,0.86510575,2.715057,3.782088,1.764881,0.760769,2.25569875,0.421075,0.183222,0.440554,0.455659,0.3751275,1.028849,1.085324,0.441604,0.317621,0.7183495
"284","7","grassRedWet1_bin.27.orig",2136577,8.40127,4.673783,2.523107,1.129705,4.18196625,20.587937,10.782301,5.497564,2.622589,9.87259775,0.702856,0.701791,0.949095,0.702499,0.76406025,1.104306,4.218244,1.108903,1.009039,1.860123
"285","15","grassRedWet1_bin.28.strict",2597367,0,0.3865655,0.363076,0.4178275,0.29186725,0.1990565,2.5256865,1.291031,1.2547115,1.317621375,0,0,0,0,0,0,0,0.4944525,0.9478255,0.3605695
"286","15","grassRedWet1_bin.29.orig",3411325,0,0,0.006417,0,0.00160425,0.629148,1.565132,1.270059,0.268389,0.933182,0,0,0,0,0,0,0,0,0,0
"287","15","grassRedWet1_bin.3.orig",2765628,0.031624,0.979402,0.552584,0.205843,0.44236325,0.075984,2.85271,0.865768,0.327427,1.03047225,0.026933,0.279249,0.030585,0.131261,0.117007,0.186999,0.183754,0.328274,0.6489,0.33698175
"288","37","grassRedWet1_bin.30.orig",3557653,0.228594,0.585846,0.051329,0.058437,0.2310515,14.866871,5.08457,1.929267,0.17164,5.513087,0.308458,0.355235,0.098875,0.060143,0.20567775,0.204725,0.470644,0.488288,0.135534,0.32479775
"289","41","grassRedWet1_bin.31.strict",3323345,0,0,0.020825,0.02487,0.01142375,0.235078,10.768361,1.242689,0.172828,3.104739,0,0,0,0.024518,0.0061295,0,0,0,0.007267,0.00181675
"290","2","grassRedWet1_bin.32.orig",3150125,0.169737,1.16525,0.2175555,0.161539,0.428520375,2.640565,3.122599,0.799805,0.22615,1.69727975,0.066836,0.177237,0.128089,0.131278,0.12586,0.106919,0.087018,0.288812,0.291853,0.1936505
"291","15","grassRedWet1_bin.33.orig",3298779,0.0507,0.418724,0.357575,0.499826,0.33170625,0.785558,13.802771,14.095869,6.806216,8.8726035,0.138572,0.295995,0.344712,0.732527,0.3779515,0.671805,0.367834,1.881941,1.216432,1.034503
"292","3","grassRedWet1_bin.34.orig",4196596,1.59553,5.134251,3.278713,1.21798,2.8066185,3.619365,24.181406,20.257972,4.59515,13.16347325,1.376445,2.175433,2.977054,1.120274,1.9123015,2.114435,3.915992,4.612936,2.508981,3.288086
"293","26","grassRedWet1_bin.35.orig",1919396,0.358256,0.826786,0.66891,0.548611,0.60064075,4.377849,7.137659,3.632246,2.291336,4.3597725,0.436515,0.195123,0.354661,0.3488,0.33377475,0.447112,0.231984,0.435521,0.419249,0.3834665
"294","18","grassRedWet1_bin.37.orig",3728304,1.572381,0.846073,0.885346,0.999094,1.0757235,0.414236,2.942122,1.461662,1.961772,1.694948,0.714955,0.833525,0.854846,1.354631,0.93948925,1.226136,0.400312,1.002775,1.108355,0.9343945
"295","24","grassRedWet1_bin.38.orig",4707033,0.362009,0.487313,0.541034,0.421342,0.4529245,1.236692,3.907083,4.211101,3.129176,3.121013,0.400044,0.209286,0.468924,0.457934,0.384047,0.505889,0.679518,0.672407,0.448534,0.576587
"296","18","grassRedWet1_bin.39.orig",3922153,0.45139,2.290159,1.198914,2.694906,1.65884225,0.539948,6.353357,3.108437,2.309688,3.0778575,1.020992,1.338369,1.709022,2.606154,1.66863425,0.942742,0.558821,1.196782,1.52843,1.05669375
"297","28","grassRedWet1_bin.4.orig",3170024,0,0.240006,0,0,0.0600015,0.375366,8.78204,0.137442,0.077251,2.34302475,0,0.095498,0,0,0.0238745,0,0.049427,0.027219,0.623557,0.17505075
"298","21","grassRedWet1_bin.40.permissive",3302597,0.27465,1.011926,0.540481,0.5771615,0.601054625,0.540199,3.3254255,1.403307,2.091198,1.840032375,0,0.11162,0.205389,0.0787095,0.098929625,0.688262,0.116664,0.690631,1.568736,0.76607325
"299","28","grassRedWet1_bin.41.strict",3338567,0,0,0.001859,0.06201,0.01596725,0.021957,4.389869,0.119888,0.082387,1.15352525,0,0.047524,0.018113,0.033987,0.024906,0,0,0.009038,0.063255,0.01807325
"300","26","grassRedWet1_bin.42.orig",2623161,1.443774,0.675228,0.767242,0.065078,0.7378305,2.146543,1.951559,0.423499,0.139918,1.16537975,0.099875,0.06086,0.108355,0.083243,0.08808325,0.134049,0.059018,0.059804,0.057425,0.077574
"301","15","grassRedWet1_bin.43.orig",2949429,0,0,0,0,0,3.681065,2.924372,0.066846,0,1.66807075,0,0,0,0,0,0,0,0,0,0
"302","8","grassRedWet1_bin.44.orig",3662207,0,0.295403,0.294473,0.168994,0.1897175,0.36995,2.529515,3.724154,1.030937,1.913639,0,0.010598,0.008792,0.015791,0.00879525,0.007548,0.002304,0.702082,0.061254,0.193297
"303","15","grassRedWet1_bin.45.orig",2184835,0.02005,0.063105,0.011396,0.028463,0.0307535,0.049388,2.8752715,0.091211,0,0.753967625,0,0.253562,0.008386,0.025862,0.0719525,0,0,0,0.005349,0.00133725
"304","33","grassRedWet1_bin.47.orig",2742949,0.032261,0.145832,0,0,0.04452325,2.294154,2.985349,0.854066,0.163278,1.57421175,0.132931,0.067727,0,0,0.0501645,0.230368,0.412327,0.204946,0.156759,0.2511
"305","32","grassRedWet1_bin.48.orig",2125612,1.2065285,0.747287,0.729063,1.1598845,0.96069075,2.54557,8.856507,2.857158,1.497359,3.9391485,1.166585,0.788525,1.113896,1.134389,1.05084875,1.078942,0.936998,0.944621,0.901902,0.96561575
"306","15","grassRedWet1_bin.49.strict",3741022,0,0.012155,0,0.033747,0.0114755,0.6002225,2.920593,0.004614,0.005078,0.882626875,0,0.14815,0,0.013032,0.0402955,0.041127,0,0,0.018428,0.01488875
"307","32","grassRedWet1_bin.5.orig",3245551,0.389463,0.679468,0.697163,0.550987,0.57927025,1.410925,5.134589,3.482325,2.530331,3.1395425,0.229498,0.25382,0.381247,0.351198,0.30394075,0.296812,0.520383,0.74319,0.564737,0.5312805
"308","2","grassRedWet1_bin.50.orig",2710186,0.653713,5.742675,1.598724,1.125244,2.280089,0.782112,4.766631,2.236092,1.294165,2.26975,0.733946,2.474829,0.631296,0.454253,1.073581,1.141912,0.798672,1.277334,1.094793,1.07817775
"309","34","grassRedWet1_bin.51.orig",3319926,0.076305,0.714857,0.083791,0.157467,0.258105,5.030017,3.591252,0.419089,0.121512,2.2904675,0.77031,0.384059,0.114993,0.119558,0.34723,0.062691,0.19454,0.26195,0.091816,0.15274925
"310","41","grassRedWet1_bin.52.orig",1651462,0.396797,0.525052,0.635585,0.119652,0.4192715,2.006618,4.838902,2.253721,1.074324,2.54339125,0.67659,0.489591,0.200406,0.101624,0.36705275,2.461395,9.618371,3.649332,1.232036,4.2402835
"311","27","grassRedWet1_bin.53.orig",3656790,0.240597,0.566054,0.384456,0.12887,0.32999425,4.388174,10.518595,2.381675,0.837779,4.53155575,0.135171,0.143374,0.137868,0.164772,0.14529625,0.151774,0.121578,0.11442,0.126338,0.1285275
"312","28","grassRedWet1_bin.54.orig",3764211,0.05675,0.638839,0.072917,0.078122,0.211657,0.391566,9.975361,0.747279,0.057172,2.7928445,0.090041,0.431285,0.049683,0.158934,0.18248575,0.026561,0.010486,0.08374,0.114248,0.05875875
"313","15","grassRedWet1_bin.55.orig",1378398,0.218303,0.017221,0,0.012946,0.0621175,1.899647,2.526426,0.712276,0.06499,1.30083475,0,0,0,0,0,0,0,0,0.093013,0.02325325
"314","10","grassRedWet1_bin.56.orig",1549050,1.167169,1.99375,2.12263,1.464193,1.6869355,0.918787,3.442764,4.604752,4.114502,3.27020125,0.890703,0.561559,0.966802,0.745501,0.79114125,1.236288,0.665139,1.721964,1.383976,1.25184175
"315","41","grassRedWet1_bin.57.orig",2243451,0.25359,0.623648,0.511928,0.544213,0.48334475,3.451311,6.125396,4.497471,2.100986,4.043791,0.433157,0.641638,0.366256,0.479614,0.48016625,0.418196,0.319895,0.410573,0.568531,0.42929875
"316","15","grassRedWet1_bin.58.permissive",1925437,0,0,0,0.042924,0.010731,1.41908,2.09474,0.159023,0,0.91821075,0,0.538466,0,0,0.1346165,0,0,0,1.6e-05,4e-06
"317","15","grassRedWet1_bin.59.orig",3073056,0,0.164354,1.012794,1.242661,0.60495225,0.0666,2.228295,5.3722,5.798824,3.36647975,0,0,0.098774,0.10127,0.050011,0.159538,0,2.548239,2.166716,1.21862325
"318","31","grassRedWet1_bin.6.orig",1493580,0,0.075523,0.056673,0.1517335,0.070982375,0.615854,2.644447,1.857825,0.168794,1.32173,0.098357,0.18602,0.1542175,0.226427,0.166255375,0.183757,0.07298,1.584782,0.202061,0.510895
"319","5","grassRedWet1_bin.7.orig",2924688,0.730496,1.506917,0.842286,0.413637,0.873334,5.569543,5.786989,2.329853,0.971966,3.66458775,0.331094,0.13994,0.311132,0.29698,0.2697865,0.370626,0.263342,0.286729,0.230355,0.287763
"320","5","grassRedWet1_bin.8.orig",2656027,3.198079,4.405461,1.28331,0.62038,2.3768075,4.591147,5.87549,3.087128,1.085626,3.65984775,0.057495,0.0165845,0.0937185,0.119849,0.07191175,0.03001,0.491677,0.259768,0.286912,0.26709175
"321","24","grassRedWet1_bin.9.orig",4251528,1.011031,1.975515,1.481521,1.228086,1.42403825,1.129961,2.960864,2.363861,3.883427,2.58452825,0.331577,0.582829,1.225288,0.573787,0.67837025,1.51681,3.268688,1.01415,0.845518,1.6612915
"322","13","grassRedWet2_bin.1.orig",2573512,0.915344,4.712587,3.698018,3.019832,3.08644525,1.410812,4.212188,4.464954,6.965701,4.26341375,0.355152,0.734215,0.478372,0.843748,0.60287175,0.652631,1.444225,1.471459,2.361555,1.4824675
"323","15","grassRedWet2_bin.10.orig",2589939,0.1822875,0.085105,0.3136975,0.4551255,0.259053875,0.142172,0.8115765,2.656609,5.0841325,2.1736225,0,0,0,0,0,1.233012,0.1310575,0.91934,0.64728,0.732672375
"324","18","grassRedWet2_bin.11.orig",3922781,0.388791,2.172935,1.1330505,2.380429,1.518801375,0.428488,4.3761675,2.794539,3.817292,2.854121625,1.0730825,1.342472,1.747071,2.607992,1.692654375,0.974268,0.574121,1.106838,1.488406,1.03590825
"325","8","grassRedWet2_bin.12.permissive",4729521,0,0.206927,0.330957,0.388367,0.23156275,0.081899,0.841181,0.763482,2.038428,0.9312475,0.072005,0.184328,0.2178,0.309053,0.1957965,0.280127,0.130731,0.602752,0.7433815,0.439247875
"326","36","grassRedWet2_bin.13.orig",3170074,0.281683,0.376498,0.37076,0.375375,0.351079,0.797648,1.916151,2.691749,3.10467,2.1275545,0.229223,0.159689,0.387105,0.226332,0.25058725,0.390485,0.645709,0.482634,0.318794,0.4594055
"327","20","grassRedWet2_bin.14.orig",3367750,0.597993,3.243834,2.859091,2.356162,2.26427,0.201289,1.951584,3.454895,5.073555,2.67033075,1.605932,2.606008,3.040233,2.91849,2.54266575,1.904285,1.420897,3.335702,3.615518,2.5691005
"328","31","grassRedWet2_bin.15.permissive",752475,0,0.009045,0.009175,0.176201,0.04860525,0,0.007063,0.018918,4.25606,1.07051025,0.018248,0.04364,0.020101,0.117443,0.049858,0.033834,0,0.028129,0.05893,0.03022325
"329","32","grassRedWet2_bin.17.orig",2205607,0.405489,1.215922,0.463951,0.308336,0.5984245,3.712239,5.168213,5.293612,3.260377,4.35861025,0.267265,0.146346,0.272787,0.270226,0.239156,0.260357,0.250209,0.361337,0.293737,0.29141
"330","29","grassRedWet2_bin.18.orig",3636574,0.262716,1.779384,2.500294,2.440923,1.74582925,0.142041,1.411047,4.651733,8.046787,3.562902,0.56635,0.857538,2.011371,1.919939,1.3387995,0.712739,0.497403,2.178731,2.290669,1.4198855
"331","31","grassRedWet2_bin.19.strict",681005,0.010666,0.168587,0.073339,6.535886,1.6971195,0,0,0.015439,5.265689,1.320282,0.066666,0.101749,0.069349,0.366701,0.15111625,0.042713,0.014054,0.02667,1.788235,0.467918
"332","8","grassRedWet2_bin.20.strict",5172578,0.044422,1.53236,0.450464,3.127186,1.288608,0.005324,0.076946,0.378399,11.927623,3.097073,0.398445,0.982156,0.775877,1.345636,0.8755285,0.142833,0.115342,0.55312,1.400994,0.55307225
"333","8","grassRedWet2_bin.21.permissive",4301537,0.4549495,1.199795,3.700303,7.393625,3.187168125,0.007576,0.927352,2.323346,9.884282,3.285639,0.09186,0.157028,0.487821,0.952597,0.4223265,0.139105,0.029668,0.252416,0.623498,0.26117175
"334","42","grassRedWet2_bin.22.orig",6363782,1.908302,0.700784,3.329073,6.010857,2.987254,0.085204,0.217143,0.38507,7.188086,1.96887575,5.451217,1.943138,5.623154,6.312815,4.832581,9.137622,3.156359,2.515666,2.606746,4.35409825
"335","9","grassRedWet2_bin.23.orig",4799376,0.65362,2.360056,3.540623,2.57031,2.28115225,0,0.114895,0.363006,2.392098,0.71749975,1.379977,1.753878,1.44857,1.592425,1.5437125,0.953727,0.862523,2.051491,1.8731,1.43521025
"336","15","grassRedWet2_bin.25.orig",3299857,0,0.292174,0.281519,0.245393,0.2047715,0.163791,0.841635,2.253851,1.946171,1.301362,0,0.002714,0.016848,0.03762,0.0142955,0,0,0.304063,0.08729,0.09783825
"337","8","grassRedWet2_bin.26.permissive",4616484,0.087148,0.149385,1.181821,1.323559,0.68547825,0,0.046814,0.517309,6.947603,1.8779315,0,0.058444,0.460237,0.462536,0.24530425,0.193779,0,0.228369,0.784204,0.301588
"338","10","grassRedWet2_bin.27.orig",2063315,33.964665,19.88105,27.504532,12.185203,23.3838625,3.543623,1.772814,6.779703,15.867947,6.99102175,4.334286,3.42063,6.54716,4.459919,4.69049875,2.652504,10.960846,13.294721,10.260428,9.29212475
"339","8","grassRedWet2_bin.28.orig",3449068,0.132514,0.77591,1.5205,2.359159,1.19702075,0.005991,0.049916,0.45246,3.458329,0.991674,0.09775,0.253866,1.397796,0.544249,0.57341525,0.487152,0.454484,6.228539,3.235969,2.601536
"340","3","grassRedWet2_bin.29.orig",2776491,0.406464,2.099043,4.291823,5.036602,2.958483,0.193838,0.87886,2.836716,13.227688,4.2842755,2.025506,2.1668475,2.0089465,2.855141,2.26411025,2.020747,1.218537,1.826401,2.538567,1.901063
"341","21","grassRedWet2_bin.3.orig",5451442,0.142519,0.977689,0.800203,0.795246,0.67891425,0,0.689213,1.399215,3.086177,1.29365125,0,0.632231,0.413457,0.654257,0.42498625,0,0,0.986746,1.242169,0.55722875
"342","13","grassRedWet2_bin.30.orig",3120706,0.217845,0.59701,0.821806,0.662772,0.57485825,2.379202,4.538554,4.427669,4.74198,4.02185125,0.454691,0.57462,0.422596,0.594128,0.51150875,0.353846,0.336555,0.546866,0.716916,0.48854575
"343","8","grassRedWet2_bin.31.strict",5366386,0.040291,1.213847,0.132282,0.499877,0.47157425,0.031112,2.56806,1.25356,6.707645,2.64009425,0.180603,0.52822,0.044147,0.268918,0.255472,0.01563,0.003903,0.050375,0.29353,0.0908595
"344","19","grassRedWet2_bin.32.orig",2051055,0.397391,0.452726,1.78174,21.455507,6.021841,0.032868,0.096793,0.204648,8.505958,2.21006675,4.807632,2.160522,3.1665165,4.2922955,3.6067415,2.353459,1.863558,1.288883,6.94423,3.1125325
"345","15","grassRedWet2_bin.33.permissive",1343591,0,0,0,0.443183,0.11079575,0,0,0.015463,4.034934,1.01259925,0,0,0,0,0,0,0,0.162441,0.121624,0.07101625
"346","3","grassRedWet2_bin.34.orig",2837745,0.256732,3.004673,5.208141,6.777839,3.81184625,0.149012,0.681138,2.800573,26.059995,7.4226795,1.112719,1.398199,1.503518,1.813112,1.456887,1.173078,0.844127,1.345679,2.365657,1.43213525
"347","15","grassRedWet2_bin.35.orig",2569915,0,0.118969,0.806398,0.762565,0.421983,0,0,0,3.3736325,0.843408125,0,0,0.186203,0.128515,0.0786795,0,0,0.268397,0.337009,0.1513515
"348","3","grassRedWet2_bin.36.orig",2767536,1.612038,19.041882,25.746442,20.352788,16.6882875,0.896919,8.018824,18.787526,39.841344,16.88615325,2.686782,8.761894,12.236563,12.050145,8.933846,3.999136,6.136835,20.65962,20.040507,12.7090245
"349","28","grassRedWet2_bin.37.strict",3020249,0,0,0,0.040182,0.0100455,0,0.138825,0.142318,3.254856,0.88399975,0,0.076896,0.07615,0.058673,0.05292975,0,0,0.033849,0.086746,0.03014875
"350","1","grassRedWet2_bin.4.orig",5021545,0.034242,0.577792,0.718959,0.688632,0.50490625,0.047207,0.443511,1.920087,4.734041,1.7862115,0.189503,0.205976,0.477327,0.342321,0.30378175,0.23668,0.190075,1.502511,0.664492,0.6484395
"351","37","grassRedWet2_bin.40.orig",3529641,0.798691,2.652832,1.785768,0.747142,1.49610825,0.11867,0.442395,0.248538,2.42274,0.80808575,2.696864,3.57351,0.890681,0.360664,1.88042975,2.998066,1.371622,0.993657,1.190897,1.6385605
"352","18","grassRedWet2_bin.5.orig",4829644,0.703952,2.998878,2.97437,4.370651,2.76196275,0.670203,2.642223,3.741121,13.943039,5.2491465,1.936793,3.214111,2.151184,3.036359,2.58461175,1.496582,1.545075,3.443762,3.796189,2.570402
"353","3","grassRedWet2_bin.6.orig",2628875,0.2720185,0.868471,1.201617,0.495255,0.709340375,2.179027,7.277114,12.790005,7.135389,7.34538375,0.250193,0.337887,0.3724045,0.488349,0.362208375,0.75538,0.831016,0.936161,1.058167,0.895181
"354","8","grassRedWet2_bin.7.strict",4861548,0.019989,0.223693,0.462316,0.761358,0.366839,0.174272,1.078956,4.662576,6.355491,3.06782375,0.020356,0.031196,0.059163,0.033302,0.03600425,0.172185,0.028347,0.999904,1.558333,0.68969225
"355","15","grassRedWet2_bin.8.orig",1998945,0,0.050534,0.062147,0.2845975,0.099319625,0,0,0,3.656925,0.91423125,0.071676,0.2407455,0.337456,1.060542,0.427604875,0.20137,0.073602,0.951781,2.001579,0.807083
"356","13","grassRedWet2_bin.9.orig",3205835,5.867725,20.075868,2.82535,3.339807,8.0271875,2.868794,8.362437,2.177193,10.95525,6.0909185,3.144509,6.412488,2.278674,3.194394,3.75751625,1.682291,2.289973,2.126163,2.872259,2.2426715
"357","9","shrubAmbDry1_bin.1.orig",4496486,0.518562,1.608867,2.837915,1.624448,1.647448,0,0.063974,0.217574,0.872794,0.2885855,4.891767,2.130673,1.628273,1.628932,2.56991125,1.150336,1.034918,1.621055,1.849119,1.413857
"358","16","shrubAmbDry1_bin.10.orig",4121597,0.088868,0.073608,0.006966,0,0.0423605,0.22719,0.0506005,0.028023,0.4564465,0.190565,5.885826,0.906272,0.0277515,0.025196,1.711261375,3.523579,0.92592,0.160082,0.206124,1.20392625
"359","20","shrubAmbDry1_bin.11.orig",2928057,0.078945,0.089389,0.281562,0.285754,0.1839125,0,0,0.016004,0.059072,0.018769,5.190334,2.283433,2.204061,2.235632,2.978365,1.281439,1.152708,0.708432,0.772006,0.97864625
"360","41","shrubAmbDry1_bin.12.orig",1931306,0.413816,0.272734,0.579512,1.279317,0.63634475,0.07428,0.223166,0.252837,0.988643,0.3847315,17.589709,4.729966,6.782518,7.999204,9.27534925,4.0317115,4.777582,1.7376155,2.786294,3.33330075
"361","42","shrubAmbDry1_bin.15.orig",9467569,0.105716,0.031717,0.148876,0.247917,0.1335565,0,0,0.020276,0.178519,0.04969875,23.905476,1.804184,2.782597,4.824771,8.329257,2.596131,3.389153,0.481,1.137175,1.90086475
"362","30","shrubAmbDry1_bin.16.orig",5261414,0.817983,2.542759,1.006222,0.935804,1.325692,2.293531,4.738467,4.508946,1.56635,3.2768235,18.703507,3.445408,2.161499,1.008857,6.32981775,5.80698,22.904611,5.696549,2.875306,9.3208615
"363","20","shrubAmbDry1_bin.17.orig",2303867,0.259096,0.763649,0.719879,1.547276,0.822475,0,0.077001,0.115736,0.23493,0.10691675,5.364212,3.702558,2.398281,3.589436,3.76362175,1.190522,1.099062,1.637974,3.059262,1.746705
"364","1","shrubAmbDry1_bin.2.orig",6675928,0.769752,8.579471,4.098846,2.342875,3.947736,0.564737,7.37969,6.104251,4.583461,4.65803475,10.205096,22.9306305,3.631192,6.992739,10.93991438,2.227902,3.687405,6.1064385,7.600778,4.905630875
"365","30","shrubAmbDry1_bin.3.orig",4098058,0.820079,2.887032,5.622742,2.722758,3.01315275,0.755303,1.452614,2.976012,4.344522,2.38211275,15.500486,8.214323,18.201471,2.540834,11.1142785,7.04543,27.721418,13.631158,5.953206,13.587803
"366","3","shrubAmbDry1_bin.4.orig",2242227,0.499138,0.30207,0.874265,4.1584535,1.458481625,0.0549745,0.1252255,0.126979,0.976011,0.3207975,18.0613135,3.4772835,5.148415,9.0838435,8.942713875,4.929591,3.421849,1.9164815,4.136685,3.601151625
"367","43","shrubAmbDry1_bin.5.orig",3944147,0.468596,0.0826365,0.013272,0,0.141126125,0.106484,0,0,0,0.026621,4.121335,0.865485,0.439833,0.190103,1.404189,6.505154,1.500675,1.115797,0.266337,2.34699075
"368","12","shrubAmbDry1_bin.6.orig",4470855,0.366089,0.465308,0.45378,0.749277,0.5086135,0.023432,0.0325,0.07245,0.287985,0.10409175,10.285233,6.023956,3.700793,2.685518,5.673875,1.783408,2.745063,1.974457,3.475844,2.494693
"369","36","shrubAmbDry1_bin.7.orig",3410089,1.818786,1.753949,5.124614,9.444965,4.5355785,0.17142,0.28007,0.720434,7.392815,2.14118475,21.776749,5.659086,5.959141,6.264857,9.91495825,8.3180345,7.480647,4.643625,6.510642,6.738237125
"370","41","shrubAmbDry1_bin.8.orig",1821341,0.218945,0.553551,0.778537,1.155823,0.676714,0.070093,0.311888,0.539802,1.038611,0.4900985,13.15068,4.289764,3.233736,8.640291,7.32861775,3.4652985,2.225798,1.539203,2.509159,2.434864625
"371","6","shrubAmbDry1_bin.9.strict",3329598,0.153982,0.039275,0.038949,0,0.0580515,0.083711,0,0,0.022048,0.02643975,8.649565,3.080484,0.222316,0.047962,3.00008175,2.228782,0.911116,0.414134,0.172628,0.931665
"372","41","shrubAmbDry2_bin.1.orig",2464871,0.179518,0.4243025,0.774409,0.5191,0.474332375,0.063784,0.260354,0.334283,0.582604,0.31025625,0.933627,2.255626,6.852124,2.391727,3.108276,4.007138,1.2456525,5.031326,5.505716,3.947458125
"373","20","shrubAmbDry2_bin.10.orig",3027608,0.160573,0.186254,0.5668755,0.463031,0.344183375,0,0,0,0.05128,0.01282,2.432373,2.468908,3.304528,2.480071,2.67147,0.85894,0.871121,0.541495,0.861383,0.78323475
"374","19","shrubAmbDry2_bin.11.orig",2631617,0.433129,0.320711,0.980382,2.682233,1.10411375,0.066642,0.105484,0.170052,0.5626685,0.226211625,11.177466,6.2612405,14.018314,17.2172725,12.16857325,3.490452,3.990485,2.716753,4.059687,3.56434425
"375","21","shrubAmbDry2_bin.12.strict",4476170,0.939142,1.538776,1.671254,4.817316,2.241622,0,0.03332,0.052032,0.470391,0.13893575,1.607118,1.256347,3.573259,4.076621,2.62833625,1.292164,0.19069,0.989335,3.474486,1.48666875
"376","15","shrubAmbDry2_bin.13.orig",2323310,0,0.202795,0.436099,0.86073,0.374906,0,0,0.08862,0.241184,0.082451,0.673047,3.724205,5.714139,2.412816,3.13105175,0.361457,0.170381,1.491995,1.85458,0.96960325
"377","41","shrubAmbDry2_bin.14.orig",3145769,0,0,0.00669,0.031508,0.0095495,0,0,0,0,0,1.585525,2.30051,2.534456,3.5027605,2.480812875,0.629566,0.308141,0.276016,0.732311,0.4865085
"378","3","shrubAmbDry2_bin.15.orig",2272784,0.145869,0.436893,1.234321,1.40786,0.80623575,0,0.135169,0.248896,0.521128,0.22629825,7.171762,14.518265,15.991101,17.063997,13.68628125,3.424947,1.768381,5.954703,8.567042,4.92876825
"379","13","shrubAmbDry2_bin.16.orig",1414018,0.044831,0.296927,1.184626,3.882613,1.35224925,0,0.048214,0.05801,1.045473,0.28792425,0.674326,1.054061,2.031711,1.064323,1.20610525,2.273374,0.7190055,1.356259,1.715905,1.516135875
"380","17","shrubAmbDry2_bin.17.orig",2111170,0.464958,1.608033,1.744432,1.26885,1.27156825,0.046083,0.234771,0.277995,0.692459,0.312827,2.826031,2.830685,3.512167,2.05659,2.80636825,1.301782,1.357519,1.663396,3.047133,1.8424575
"381","11","shrubAmbDry2_bin.2.orig",1877757,1.699904,4.130865,7.183662,7.717455,5.1829715,0.440554,1.169487,4.65942,7.775696,3.51128925,4.158303,5.170686,15.092306,9.209177,8.407618,3.512239,3.932632,11.418594,13.371987,8.058863
"382","24","shrubAmbDry2_bin.3.orig",5606907,0.270762,0.135453,0.335277,0.717881,0.36484325,0.0419195,0.099981,0.114033,0.453899,0.177458125,9.683263,3.127456,8.67554,8.628117,7.528594,3.168865,2.457064,1.004537,1.606017,2.05912075
"383","9","shrubAmbDry2_bin.4.orig",4588569,0.493641,1.372908,2.852634,1.579361,1.574636,0,0.055423,0.192453,0.814193,0.26551725,1.849403,2.283321,2.674858,1.732027,2.13490225,1.053907,1.048709,1.847917,1.923105,1.4684095
"384","30","shrubAmbDry2_bin.5.orig",3572129,0.233823,0.844316,0.800744,1.635277,0.87854,0,0.04987,0.100223,0.232716,0.09570225,3.095106,4.080176,3.658842,3.913349,3.68686825,1.216239,1.074184,1.813246,3.333177,1.8592115
"385","42","shrubAmbDry2_bin.6.orig",9296440,0.032491,6e-06,0.066536,0.064465,0.0408745,0,0,0,0.053416,0.013354,14.324192,1.517932,3.774353,3.61736,5.80845925,1.545571,2.469105,0.282126,0.733369,1.25754275
"386","26","shrubAmbDry2_bin.7.orig",2378533,0.392851,1.237835,1.443257,2.997867,1.5179525,0.278323,0.540868,1.501008,2.67109,1.24782225,1.190034,1.583736,8.130923,3.205977,3.5276675,1.780749,0.840278,6.412334,10.548297,4.8954145
"387","8","shrubAmbDry2_bin.8.orig",2540149,0,0.115896,0.383127,0.485269,0.246073,0,0,0,0.046324,0.011581,0.526855,1.544857,3.167421,1.538058,1.69429775,0.2394045,0.125632,0.837363,1.431645,0.658511125
"388","14","shrubAmbDry2_bin.9.orig",4723217,0.101792,0.206671,0.746221,0.249014,0.3259245,0.148408,0.077745,0.059558,0.213314,0.12475625,9.018042,8.978946,9.553795,1.907995,7.3646945,9.559354,6.681686,4.411133,2.478891,5.782766
"389","15","shrubAmbWet1_bin.1.strict",1623204,0,0,0,0,0,0,0,0,0,0,1.017463,4.988056,0.224503,0.2704685,1.625122625,0,0,0,0,0
"390","9","shrubAmbWet1_bin.10.orig",4938320,0.421366,1.289573,2.721484,1.518317,1.487685,0,0.070616,0.219276,0.770936,0.265207,2.07061,4.04743,1.963985,1.846725,2.4821875,1.266114,1.300783,1.786544,1.95208,1.57638025
"391","33","shrubAmbWet1_bin.11.orig",3832488,0.369657,2.525361,1.218049,1.405675,1.3796855,0.175752,0.981763,1.191167,1.2904285,0.909777625,3.489309,13.076126,1.93033,2.583814,5.26989475,1.890411,2.11296,3.026108,4.90588,2.98383975
"392","8","shrubAmbWet1_bin.12.strict",3823721,0,0,0,1e-05,2.5e-06,0,0,0,0,0,0.273691,4.076266,1.013609,4.22887,2.398109,0.244572,0.112115,0.306135,0.783071,0.36147325
"393","19","shrubAmbWet1_bin.13.orig",2219853,0.312858,0.240401,0.759016,2.172883,0.8712895,0.0545325,0.116215,0.180135,0.521599,0.218120375,52.788652,36.689784,18.103581,20.533985,32.0290005,5.847792,11.138659,4.141844,7.301673,7.107492
"394","20","shrubAmbWet1_bin.14.orig",2512859,0.17341,0.649481,0.63768,1.411632,0.71805075,0,0,0.039773,0.152488,0.04806525,2.611965,4.557805,2.222496,3.317011,3.17731925,0.963649,0.895436,1.546572,2.960439,1.591524
"395","11","shrubAmbWet1_bin.15.orig",2571813,1.691188,1.069889,1.44074,1.200972,1.35069725,0.300984,0.298554,0.406427,0.81028,0.45406125,17.63253,12.861116,11.816141,14.153841,14.115907,3.47293,6.106749,4.605366,10.927771,6.278204
"396","41","shrubAmbWet1_bin.16.orig",3600546,0.24483,0.348296,0.606206,1.24425,0.6108955,0.06041,0.196977,0.287369,0.59975,0.2861265,10.446435,10.721586,4.151625,8.87335,8.548249,2.542239,1.927252,1.708585,3.096071,2.31853675
"397","8","shrubAmbWet1_bin.17.orig",3753475,0,0.017227,0.010219,0.024762,0.013052,0,0.013717,0,0,0.00342925,0.167708,4.833434,0.868065,0.868971,1.6845445,0,0.038901,0.035626,0.075623,0.0375375
"398","8","shrubAmbWet1_bin.18.orig",2143021,0,0,0,0,0,0,0,0,0,0,2.365386,4.463931,1.2653455,2.251586,2.586562125,0.5344215,0.8942055,0.2234165,0.689272,0.585328875
"399","12","shrubAmbWet1_bin.19.orig",4430816,0.355774,0.468323,0.440497,0.719343,0.49598425,0.029669,0.047098,0.080076,0.305445,0.115572,6.741169,7.318536,3.465794,2.599549,5.031262,1.693459,2.682797,1.836543,3.295989,2.377197
"400","42","shrubAmbWet1_bin.2.orig",7804833,0.115547,0.036371,0.146642,0.271424,0.142496,0,0.00359,0.022748,0.187673,0.05350275,11.148427,2.672407,2.1644325,3.301197,4.821615875,1.906522,2.404831,0.39166,0.855434,1.38961175
"401","6","shrubAmbWet1_bin.20.strict",4087809,0,0,0,0,0,0,0,0,0,0,4.685894,6.038334,0.388664,0.148516,2.815352,4.972431,2.46512,1.056483,0.392379,2.22160325
"402","20","shrubAmbWet1_bin.21.orig",2938835,0.61557,3.079074,3.606461,2.939542,2.56016175,0.142027,0.992902,1.789198,2.923649,1.461944,3.290156,7.181974,4.930024,4.73617,5.034581,3.700691,2.968846,4.773535,5.450116,4.223297
"403","3","shrubAmbWet1_bin.22.orig",1759685,0.113333,0.3853325,0.991083,1.1337975,0.6558865,0,0.110207,0.202975,0.462709,0.19397275,5.625845,13.045155,11.53901,13.0049215,10.80373288,2.67082,1.41237,4.758737,6.796017,3.909486
"404","30","shrubAmbWet1_bin.3.orig",4892723,0.356109,1.186991,1.822206,1.322955,1.17206525,0.320702,0.589487,1.036193,1.206244,0.7881565,3.687637,26.155515,5.243779,3.201916,9.57221175,1.389329,2.169916,4.094014,7.725303,3.8446405
"405","15","shrubAmbWet1_bin.4.permissive",2786109,0.098958,0.192582,0.0157405,0.077583,0.096215875,0,0.022165,0,0,0.00554125,0,4.715876,0.120575,0.053578,1.22250725,0,0,0,0.075028,0.018757
"406","34","shrubAmbWet1_bin.5.orig",3832970,0.093549,0.081918,0.090282,0.219681,0.1213575,0.029505,0.060049,0.053325,0.094172,0.05926275,3.043304,12.293168,0.892398,3.201609,4.85761975,0.372618,0.623268,0.512244,1.722146,0.807569
"407","16","shrubAmbWet1_bin.6.strict",2579225,0.096222,0.0355525,0.037057,0.029811,0.049660625,0.918292,0.019911,0,0.0367195,0.243730625,0.2591215,5.273196,0.192037,0.026328,1.437670625,3.664986,1.796258,1.07602,0.417522,1.7386965
"408","11","shrubAmbWet1_bin.7.orig",2223111,0.422803,0.401563,0.488243,0.674918,0.49688175,0.202395,0.2907555,0.408798,0.604341,0.376572375,9.560738,16.903396,6.569445,10.905176,10.98468875,1.968413,2.342527,4.494553,4.808648,3.40353525
"409","3","shrubAmbWet1_bin.8.orig",5560098,1.034596,2.498327,1.405274,0.659033,1.3993075,5.976193,11.329784,5.34754,1.683577,6.0842735,2.022481,15.45069,1.595426,1.104579,5.043294,3.034418,4.315575,4.083945,2.419339,3.46331925
"410","8","shrubAmbWet1_bin.9.strict",5204653,0.010146,0.054848,0.027303,0.060322,0.03815475,0.014111,0.087744,0.040087,0.032612,0.0436385,0.200583,8.798431,1.02729,0.318321,2.58615625,0.043724,0.013049,0.123923,0.068845,0.06238525
"411","2","shrubAmbWet2_bin.1.orig",4648614,0.232964,0.242931,0.741924,0.671496,0.47232875,0,8.5e-05,0.016302,0.063613,0.02,2.997375,2.889922,2.735038,4.131346,3.18842025,0.990842,0.998428,0.644678,1.035341,0.91732225
"412","28","shrubAmbWet2_bin.10.strict",4632668,0,0,0,0.048221,0.01205525,0,0.164048,0.094273,0.088054,0.08659375,0,0.085869,0.09057,4.745426,1.23046625,0,0,0.044474,0.093871,0.03458625
"413","24","shrubAmbWet2_bin.11.orig",4629282,0.219463,0.106338,0.271262,0.563573,0.290159,0.030712,0.076325,0.099824,0.357901,0.1411905,8.125808,2.558174,6.151342,8.718488,6.388453,2.774674,2.009009,0.866923,1.316177,1.74169575
"414","41","shrubAmbWet2_bin.12.orig",2770218,0.243574,0.512134,0.705373,0.557305,0.5045965,0.09093,0.413193,0.496555,0.560915,0.39039825,4.26672,13.564707,3.062258,6.729823,6.905877,2.120651,0.953028,1.537956,3.153002,1.94115925
"415","36","shrubAmbWet2_bin.13.orig",8072687,0.070381,0.106841,0.172362,1.20698,0.389141,0,0,0.038496,0.188235,0.05668275,9.166886,3.740848,4.060772,4.921164,5.4724175,2.297758,1.579936,1.040135,1.877398,1.69880675
"416","19","shrubAmbWet2_bin.14.orig",2725842,0.299618,0.212381,0.668099,2.201368,0.8453665,0.034317,0.093648,0.120351,0.445708,0.173506,13.024736,6.700796,11.761849,16.314954,11.95058375,3.314357,4.158861,2.468725,3.859104,3.45026175
"417","20","shrubAmbWet2_bin.15.orig",2271496,0.418691,0.402631,1.038685,3.394042,1.31351225,0,0.021004,0.043583,0.520878,0.14636625,0.940741,1.106347,1.57035,3.684148,1.8253965,1.799377,0.603514,1.094788,3.453394,1.73776825
"418","35","shrubAmbWet2_bin.16.orig",2561233,0,0,0,0.057196,0.014299,0,0,0,0,0,2.910925,7.3753,1.572732,5.221715,4.270168,0.542693,1.23076,0.342942,1.016027,0.7831055
"419","35","shrubAmbWet2_bin.17.strict",4271916,0,0,0.018989,0.051428,0.01760425,0,0,0,0,0,2.271892,3.55506,2.041291,7.212746,3.77024725,0.881537,0.433144,0.441857,1.161607,0.72953625
"420","8","shrubAmbWet2_bin.18.strict",4262175,0,0,0,0.008902,0.0022255,0,0,0,0,0,0.391017,3.170974,1.175552,6.441063,2.7946515,0.313717,0.131527,0.352695,0.942626,0.43514125
"421","15","shrubAmbWet2_bin.19.orig",2162246,0,0,0.2194955,0.527236,0.186682875,0,0,0,0,0,0,0.285042,0,3.957312,1.0605885,0,0,0,0.29031,0.0725775
"422","15","shrubAmbWet2_bin.2.permissive",2578120,0,0,0.087549,0,0.02188725,0,0,0,0.194466,0.0486165,1.3963825,0.2303075,1.25403,4.102529,1.74581225,0.874847,0,0.8592975,0.5319595,0.566526
"423","20","shrubAmbWet2_bin.20.orig",3465516,0.684207,2.931383,3.076574,3.244758,2.4842305,1.017943,2.347929,4.809763,4.372296,3.13698275,0.190463,1.079683,2.343229,3.417511,1.7577215,0.597392,0.703968,5.443433,3.985903,2.682674
"424","20","shrubAmbWet2_bin.21.orig",4138203,0.900083,1.90576,5.745207,7.40692,3.9894925,0,0.55985,1.652624,5.470679,1.92078825,6.244566,3.708488,12.37925,10.137008,8.117328,10.104929,5.192416,8.77702,6.173459,7.561956
"425","8","shrubAmbWet2_bin.22.orig",3051034,0.02928,0.111896,0.470416,0.64446,0.314013,0,0,0,0,0,0.71339,1.197318,1.655573,2.583005,1.5373215,0.291783,0.148154,0.882795,1.386797,0.67738225
"426","3","shrubAmbWet2_bin.23.orig",3373982,0.198271,0.534641,1.385346,1.532558,0.912704,0,0.184604,0.312906,0.6584725,0.288995625,8.632498,18.443831,16.418748,21.405796,16.22521825,4.184055,2.397021,7.647998,11.4514745,6.420137125
"427","15","shrubAmbWet2_bin.24.strict",2484996,0,0,0,0,0,0,0,0,0,0,0,0,0,4.04474,1.011185,0,0,0,0.036441,0.00911025
"428","21","shrubAmbWet2_bin.3.permissive",4413941,0,0.065669,0.243398,0.398165,0.176808,0,0,0,0,0,1.032627,0.783966,2.654651,5.636572,2.526954,0,0,0.276157,0.816446,0.27315075
"429","20","shrubAmbWet2_bin.4.orig",2769694,0.195633,0.74596,0.766288,1.728459,0.859085,0,0.017208,0.069699,0.185778,0.06817125,2.62399,3.552296,2.263149,4.579577,3.254753,0.964757,0.916722,1.664357,3.184906,1.6826855
"430","8","shrubAmbWet2_bin.5.orig",4716456,0.071233,1.137105,1.363699,2.698062,1.31752475,0.004113,0.025581,0.06425,0.421804,0.128937,0.160769,0.966482,1.131369,10.672875,3.23287375,0.223823,0.136081,1.481398,2.54828,1.0973955
"431","3","shrubAmbWet2_bin.6.orig",4836052,0.331372,0.758037,0.967033,1.530485,0.89673175,0.176565,0.387443,0.803059,1.017873,0.596235,1.362694,3.391861,3.234838,6.578688,3.64202025,1.332253,1.264441,1.666048,1.886008,1.5371875
"432","20","shrubAmbWet2_bin.7.orig",2675740,0.322825,0.82902,1.235145,1.599379,0.99659225,0.100274,0.432061,0.610463,1.253678,0.599119,7.201029,4.932826,3.240735,9.029164,6.1009385,2.753371,2.223649,1.813605,3.290682,2.52032675
"433","9","shrubAmbWet2_bin.8.orig",5510699,0.4655295,1.368523,2.582987,1.489117,1.476539125,0,0.053303,0.176449,0.741119,0.24271775,1.151108,1.6685855,1.15567,2.078278,1.513410375,0.713657,0.614915,1.12957,1.362348,0.9551225
"434","42","shrubAmbWet2_bin.9.orig",8627014,0,0,0.050184,0.054076,0.026065,0,0,0,0.021374,0.0053435,13.386133,1.362898,2.037409,6.275281,5.76543025,1.486683,2.709681,0.228236,0.789618,1.3035545
"435","40","shrubRedDry1_bin.1.orig",4789990,0.303046,0.186863,0.436767,0.959532,0.471552,0.0832,0.169983,0.217595,0.783487,0.31356625,3.818517,1.365057,2.563081,2.962204,2.67721475,18.398653,1.908957,0.940373,1.70843,5.73910325
"436","22","shrubRedDry1_bin.10.orig",3535205,0.143584,0.500465,2.191274,6.177821,2.253286,0.014096,0.06755,0.137944,1.64422,0.4659525,0.920622,1.553676,1.704953,1.514321,1.423393,5.714696,1.162611,2.326645,2.567902,2.9429635
"437","43","shrubRedDry1_bin.12.orig",4068985,0.19351,0.17393,0.020706,0.031306,0.104863,0.627859,0.160308,0.093943,0.539773,0.35547075,1.44039,1.673004,0.044422,0.036303,0.79852975,13.057096,2.382216,0.353451,0.532308,4.08126775
"438","8","shrubRedDry1_bin.2.strict",2383322,0,0.036981,0.03712,0.063873,0.0344935,0,0,0,0.129519,0.03237975,0.613198,0.759181,0.276961,0.3065515,0.488972875,6.228117,1.4423055,0.1483555,0.402938,2.055429
"439","33","shrubRedDry1_bin.3.orig",1257842,0.095027,0.41585,0.2873305,0.051632,0.212459875,1.064241,1.408394,1.16613,0.511747,1.037628,0.357457,0.262273,0.128125,0.048798,0.19916325,2.9616335,4.807921,1.808177,0.652747,2.557619625
"440","9","shrubRedDry1_bin.4.orig",4619313,0.60483,1.720941,3.144712,1.738818,1.80232525,0,0.066279,0.220506,0.899439,0.296556,1.920806,2.425995,1.730799,1.759378,1.9592445,2.910026,1.234827,1.910737,1.956048,2.0029095
"441","36","shrubRedDry1_bin.5.orig",4661602,0.209185,0.165302,0.401223,0.6952,0.3677275,0.052495,0.070921,0.142192,0.583098,0.2121765,3.122829,1.038546,2.545244,1.737592,2.11105275,8.747414,2.043268,1.678341,1.681617,3.53766
"442","43","shrubRedDry1_bin.6.orig",4362288,0.383598,0.236737,0.016772,0.014679,0.1629465,0.487093,0.23515,0.034677,0.027946,0.1962165,0.3146,0.484905,0.051332,0.003306,0.21353575,19.613042,0.950932,0.423553,0.469053,5.364145
"443","16","shrubRedDry1_bin.7.orig",2238817,0.017702,0.011268,0,0.02267,0.01291,0.052616,0.00799,0.008223,0,0.01720725,0.080912,0.112235,0.036076,0.034839,0.0660155,22.427932,0.926904,0.065827,0.045869,5.866633
"444","43","shrubRedDry1_bin.8.strict",4275930,0.1589825,0.032013,0,0,0.047748875,0.077416,0,0,0,0.019354,0.608024,0.411883,0.161995,0.082196,0.3160245,7.415379,0.921883,0.742895,0.181207,2.315341
"445","14","shrubRedDry1_bin.9.orig",4110632,0.146301,0.247079,0.143319,0.320858,0.21438925,0.226526,0.090331,0.066976,0.100385,0.1210545,2.915164,2.817582,0.444868,0.277616,1.6138075,13.904968,1.886646,0.72114,0.536244,4.2622495
"446","41","shrubRedDry2_bin.1.orig",2050298,0.353013,0.597917,0.729652,0.521312,0.5504735,0.806306,2.951807,3.60869,1.4820065,2.212202375,0.427325,0.927175,0.654569,1.359912,0.84224525,0.9158,0.426469,6.277002,2.1599365,2.444801875
"447","11","shrubRedDry2_bin.10.orig",2370655,11.039816,8.730393,16.886925,10.02885,11.671496,0.433026,0.371011,0.62571,4.286827,1.4291435,4.167351,2.355917,3.484762,3.238972,3.3117505,2.593047,4.64595,8.635197,8.377889,6.06302075
"448","19","shrubRedDry2_bin.11.orig",2309632,0.3536,0.27232,0.821874,2.415744,0.9658845,0.071051,0.118597,0.173462,0.544928,0.2270095,61.381209,44.39463,22.511213,25.806737,38.52344725,7.159073,14.305086,6.48432,9.286546,9.30875625
"449","3","shrubRedDry2_bin.12.orig",3982139,0.772277,0.416741,1.32616,2.135586,1.162691,0.07306,0.207199,0.417733,1.882038,0.6450075,4.679767,2.484656,5.985804,5.41284,4.64076675,7.085031,3.556691,6.92062,4.075628,5.4094925
"450","8","shrubRedDry2_bin.13.orig",3495219,0.043854,0.206286,0.488109,1.012257,0.4376265,0.005872,0.038723,0.07061,0.282329,0.0993835,0.44114,1.207504,9.597166,1.561563,3.20184325,0.714052,0.671235,9.826448,4.694585,3.97658
"451","8","shrubRedDry2_bin.14.strict",3316355,0.325656,5.201739,3.706857,1.329819,2.64101775,1.227322,2.778866,4.988491,1.433558,2.60705925,0.126863,0.279378,2.016253,0.329345,0.68795975,0.388946,0.604093,7.897798,2.246021,2.7842145
"452","13","shrubRedDry2_bin.15.orig",3211172,1.01093,9.144358,22.886402,24.584645,14.40658375,0.423099,1.48973,10.780949,20.441823,8.28390025,2.355626,3.476136,6.641098,6.885597,4.83961425,3.363663,2.113643,32.183436,15.830582,13.372831
"453","39","shrubRedDry2_bin.16.orig",4096464,0.193905,0.31178,0.875217,1.877782,0.814671,0.047405,0.085178,0.293372,0.819338,0.31132325,3.336871,1.450097,3.109408,2.913408,2.702446,2.094357,5.774989,6.676607,3.662133,4.5520215
"454","35","shrubRedDry2_bin.17.orig",2251477,0.428802,1.901242,1.968332,1.425103,1.43086975,0.053917,0.333013,0.345458,0.879574,0.4029905,1.992637,2.311994,2.058183,1.809261,2.04301875,1.046028,1.217181,2.639727,2.983344,1.97157
"455","8","shrubRedDry2_bin.18.strict",3962271,0,0.1734785,0.271005,0.327359,0.192960625,0.067791,0.645579,0.7409535,0.928543,0.595716625,0.058918,0.149377,0.177438,0.252686,0.15960475,0.237201,0.106078,1.859737,0.800908,0.750981
"456","24","shrubRedDry2_bin.19.orig",4319254,1.301055,0.803783,1.972713,3.153291,1.8077105,0.245732,0.529966,0.931613,2.849908,1.13930475,7.045457,2.184585,7.137683,5.173263,5.385247,7.873349,4.605518,11.170184,2.227583,6.4691585
"457","3","shrubRedDry2_bin.2.orig",2463833,0.857879,4.302213,3.556387,2.443114,2.78989825,1.285191,3.527069,3.592772,4.594497,3.24988225,0.40718,0.764289,0.638657,0.848255,0.66459525,0.666694,1.809616,2.884191,2.9596355,2.080034125
"458","14","shrubRedDry2_bin.20.orig",5200122,0.13494,0.180627,0.106866,0.209357,0.1579475,0.15959,0.084542,0.0719775,0.074779,0.097722125,2.298302,2.043258,0.374317,0.269784,1.24641525,2.12284,5.626833,8.400207,2.558878,4.6771895
"459","18","shrubRedDry2_bin.21.orig",4664305,0.162943,0.761,1.229729,1.552691,0.92659075,0.10582,0.539377,1.551859,4.696592,1.723412,1.222302,1.355353,3.350484,1.694959,1.9057745,3.1848715,2.601302,12.431568,4.763607,5.745337125
"460","2","shrubRedDry2_bin.22.orig",5296651,0.4801945,2.186164,2.5663,1.771864,1.751130625,0.291786,1.880697,2.987706,3.687481,2.2119175,1.574204,2.1629175,4.7314255,2.65565,2.78104925,2.351475,1.952407,5.798285,3.118401,3.305142
"461","11","shrubRedDry2_bin.23.orig",3005037,0.936499,0.956363,1.02811,1.172451,1.02335575,2.37299,1.784817,2.307357,1.500616,1.991445,0.839303,0.641659,0.808785,0.734693,0.75611,1.025037,1.09403,11.616603,1.942703,3.91959325
"462","15","shrubRedDry2_bin.24.orig",3493287,0,0.062662,0.196166,0.289767,0.13714875,0,0,0,0.174531,0.04363275,0.9223885,1.65092,1.003286,1.202215,1.194702375,0.781018,0.335604,4.456271,1.0192515,1.648036125
"463","11","shrubRedDry2_bin.25.orig",2661234,0.6252625,1.178663,1.276063,1.073764,1.038438125,0.387825,0.596113,1.178137,1.160064,0.83053475,0.40884,0.3867235,0.506931,0.476482,0.444744125,0.607695,2.831027,5.37961,1.711548,2.63247
"464","37","shrubRedDry2_bin.26.orig",3419002,0.101082,0.172376,0.925325,0.975821,0.543651,0.029989,0.006415,0.0604805,0.169057,0.066485375,2.425764,2.424865,1.84352,0.526742,1.80522275,3.403342,3.3689965,4.516273,1.503824,3.198108875
"465","9","shrubRedDry2_bin.27.orig",4947683,0.424879,1.590785,2.604967,1.747179,1.5919525,0,0.082164,0.241955,1.072239,0.3490895,1.379163,1.764426,1.528821,1.484472,1.5392205,1.057968,0.910897,2.759147,1.809588,1.6344
"466","15","shrubRedDry2_bin.3.orig",1655846,1.056048,6.9762,5.701327,3.440621,4.293549,6.421136,10.890134,25.702398,15.142879,14.53913675,0.029075,0.089603,0.210182,0.110068,0.109732,0.162982,0.705208,25.564309,1.008929,6.860357
"467","43","shrubRedDry2_bin.4.strict",3472961,0.217846,0.037971,0,0,0.06395425,0.08193,0,0,0,0.0204825,0.648744,0.395272,0.183217,0.086064,0.32832425,5.81805,0.970252,2.187678,0.166194,2.2855435
"468","41","shrubRedDry2_bin.5.orig",2183966,0.087384,0.808298,0.260527,0.064726,0.30523375,0.98303,1.251267,1.133779,0.501671,0.96743675,0.32222,0.225915,0.102906,0.006746,0.16444675,1.547631,6.753515,4.14977,0.817785,3.31717525
"469","3","shrubRedDry2_bin.6.orig",2532460,0.106444,0.5083,0.557531,0.266707,0.3597455,1.580332,6.490776,6.68215,2.260819,4.25351925,0.171628,0.231445,0.224346,0.352865,0.245071,0.430346,1.172414,2.859786,0.948492,1.3527595
"470","40","shrubRedDry2_bin.8.orig",4672448,0.151926,0.10225,0.223714,0.436824,0.2286785,0.044946,0.076752,0.100407,0.342717,0.1412055,1.810576,0.639606,2.150638,1.190107,1.44773175,1.094457,0.691416,10.549144,0.499756,3.20869325
"471","26","shrubRedDry2_bin.9.orig",2105008,0.929573,0.958704,1.122638,1.405522,1.10410925,0.692992,0.843247,1.112876,1.541849,1.047741,1.933584,1.15063,1.706982,1.725246,1.6291105,1.948136,1.86515,11.297859,2.236503,4.336912
"472","15","shrubRedWet1_bin.1.orig",2225730,5.007264,8.023585,3.179718,2.299608,4.62754375,12.763253,24.986647,7.519643,3.494026,12.19089225,3.604922,4.026837,2.062746,2.648249,3.0856885,8.050162,12.79235,2.659616,2.919608,6.605434
"473","13","shrubRedWet1_bin.10.orig",3027393,2.563524,15.064126,20.838713,15.471156,13.48437975,2.112623,11.27062,19.41892,32.160098,16.24056525,6.149101,7.536062,7.745236,9.086245,7.629161,8.253302,13.144302,16.433521,12.340594,12.54292975
"474","43","shrubRedWet1_bin.11.strict",4263164,0.286866,0.126086,0.015842,0.016234,0.111257,0.681221,0.080291,0.022411,0.013583,0.1993765,0.081495,0.240896,0.023928,0,0.08657975,1.672786,4.842155,0.127947,0.056944,1.674958
"475","43","shrubRedWet1_bin.13.strict",4379803,0.385755,0.061243,0.012746,0,0.114936,0.114429,0,0,0,0.02860725,1.25666,0.753129,0.365492,0.248024,0.65582625,7.010167,3.395815,0.971504,0.229098,2.901646
"476","12","shrubRedWet1_bin.16.orig",4432414,1.054853,1.120049,0.605896,0.639982,0.855195,0.247354,0.372562,0.245998,0.621902,0.371954,1.060384,0.637884,1.304219,1.026612,1.00727475,3.107682,12.52591,1.310673,0.895141,4.4598515
"477","11","shrubRedWet1_bin.17.orig",2025520,31.41298,12.947803,4.954062,2.285187,12.900008,29.560912,16.264742,11.143332,5.352083,15.58026725,3.580063,3.320581,1.938043,1.695913,2.63365,6.441125,119.137112,3.365289,3.002801,32.98658175
"478","26","shrubRedWet1_bin.18.orig",2864137,28.023405,11.064838,5.060127,1.436161,11.39613275,30.36635,12.009296,8.200304,3.521125,13.52426875,2.4421055,1.356878,1.24304,1.032625,1.518662125,5.206018,38.940462,2.544015,1.7438565,12.10858788
"479","13","shrubRedWet1_bin.19.orig",2334262,0.126517,0.495755,1.51515,2.662149,1.19989275,0.05097,0.228977,0.404733,1.378765,0.51586125,0.985736,1.373588,1.401139,1.36886,1.28233075,2.149226,2.139989,1.967685,2.166223,2.10578075
"480","9","shrubRedWet1_bin.2.orig",4624584,0.483634,1.663826,3.050722,1.745698,1.73597,0,0.062486,0.205448,0.867576,0.2838775,1.361024,2.14216,1.36666,1.272273,1.53552925,1.045007,2.178965,1.618174,1.577689,1.60495875
"481","6","shrubRedWet1_bin.20.strict",3662444,0,0,0,0,0,0,0,0,0,0,6.312927,4.945772,0.519918,0.185588,2.99105125,6.428262,4.410486,1.37796,0.514038,3.1826865
"482","41","shrubRedWet1_bin.21.orig",1792677,0.112943,0.597208,0.324739,0.060701,0.27389775,0.899675,1.319385,1.101191,0.47098,0.94780775,0.308276,0.231618,0.092234,0.031314,0.1658605,1.367219,6.580543,2.320791,0.643204,2.72793925
"483","11","shrubRedWet1_bin.23.orig",2708358,1.1296335,3.179987,2.363257,1.926905,2.149945625,0.858641,1.03356,1.668881,2.329063,1.47253625,0.55046,0.526458,0.611878,0.520458,0.5523135,0.490102,25.937207,2.212678,2.036838,7.66920625
"484","30","shrubRedWet1_bin.24.orig",4181808,3.988266,12.906933,5.079935,1.081782,5.764229,9.913182,17.043257,13.149156,3.984298,11.02247325,8.15983,3.442232,3.042741,1.054503,3.9248265,17.807914,75.948529,19.736012,4.644847,29.5343255
"485","42","shrubRedWet1_bin.25.orig",8737686,0.003874,0,0.062636,0.066092,0.0331505,0,0,0,0.052202,0.0130505,13.968298,1.287033,1.849179,3.54254,5.1617625,1.737748,4.253068,0.253041,0.862811,1.776667
"486","10","shrubRedWet1_bin.26.orig",2012225,1.864515,2.786447,0.692235,0.612262,1.48886475,22.087352,12.721185,3.077723,1.092097,9.74458925,0.701567,0.702533,0.713238,0.649396,0.6916835,1.040337,4.309758,1.117299,0.983665,1.86276475
"487","15","shrubRedWet1_bin.27.strict",2194982,0,0,0,0,0,0,0,0,0,0,0.2859965,1.685061,0.670807,1.0230555,0.91623,0.33633,2.564289,0.5557055,1.316762,1.193271625
"488","7","shrubRedWet1_bin.29.orig",2888015,2.341114,3.677813,1.610329,1.019852,2.162277,1.466476,1.179475,1.166309,1.348974,1.2903085,1.364254,0.882198,1.162993,1.159071,1.142129,1.888523,79.309291,1.183793,1.308124,20.92243275
"489","35","shrubRedWet1_bin.30.permissive",3344971,0,0,0,0,0,0,0,0,0,0,8.065461,4.385199,3.65755,3.00823,4.77911,2.55799,4.482698,0.445496,1.983925,2.36752725
"490","15","shrubRedWet1_bin.31.strict",2117471,0,1.690549,0,0,0.42263725,0.21125,0.824085,0,0.107873,0.285802,0,0,0,0,0,0,2.430184,0,0.187783,0.65449175
"491","36","shrubRedWet1_bin.32.orig",3965385,0.398313,0.145841,0.481594,0.584305,0.40251325,0,0.059874,0.066201,0.326576,0.11316275,4.717003,1.177667,2.338307,3.228353,2.8653325,4.185953,5.972555,0.79662,2.528329,3.37086425
"492","21","shrubRedWet1_bin.4.orig",2548061,0.101185,0.5318945,0.532215,0.320271,0.371391375,1.438974,6.1462,5.948171,2.087291,3.905159,0.198567,0.291416,0.221076,0.379953,0.272753,0.444957,2.993041,1.503682,0.797548,1.434807
"493","21","shrubRedWet1_bin.5.permissive",3779530,0,0,0,0,0,0,0,0,0,0,0.3753,0,0.503531,0.2181795,0.274252625,4.87905,3.520415,0,1.0652645,2.366182375
"494","30","shrubRedWet1_bin.6.orig",2999002,0.534508,1.783562,0.724859,0.631688,0.91865425,1.346704,2.876823,2.948841,1.039267,2.05290875,7.784746,2.210654,1.396941,0.66294,3.01382025,4.677249,20.08226,4.202182,2.249235,7.8027315
"495","11","shrubRedWet1_bin.7.orig",2745811,9.875211,7.990276,2.523426,1.446129,5.4587605,5.79584,5.14396,2.556587,1.831973,3.83209,2.724761,3.599778,1.709764,1.776422,2.45268125,4.945384,29.379378,2.32618,2.301186,9.738032
"496","7","shrubRedWet1_bin.8.orig",2874635,0.909154,1.721333,1.832137,1.287792,1.437604,0.509171,0.676617,1.22474,1.572785,0.99582825,0.526252,0.434088,0.554832,0.49116,0.501583,0.702407,98.393026,1.973174,1.271698,25.58507625
"497","2","shrubRedWet1_bin.9.orig",2676942,0.548022,4.7194035,1.395374,0.964608,1.906851875,0.654079,3.107804,1.790559,1.1896995,1.685535375,1.276354,3.481593,0.847362,0.640201,1.5613775,1.819424,2.444127,1.808403,1.489325,1.89031975
"498","21","shrubRedWet2_bin.1.strict",3963486,0.05345,0.221572,0.114613,0.09075,0.12009625,0.02771,0.211884,0.096793,0.095038,0.10785625,0.218104,1.940524,2.001121,1.6002,1.43998725,0.253286,0.139837,3.078227,6.3639445,2.458823625
"499","33","shrubRedWet2_bin.10.orig",2101096,0.156332,0.396318,0.649459,0.449054,0.41279075,0.055088,0.217838,0.284953,0.44467,0.25063725,0.823452,1.95852,4.962076,2.112865,2.46422825,3.586985,1.065538,4.267667,5.680519,3.65017725
"500","39","shrubRedWet2_bin.13.orig",4492867,0.2039,0.321061,0.898265,1.885783,0.82725225,0.038107,0.087367,0.294723,0.860404,0.32015025,3.539597,1.463404,3.149632,2.899284,2.76297925,2.159939,5.907876,5.172084,4.824774,4.51616825
"501","15","shrubRedWet2_bin.14.strict",2450226,0,0,0,0,0,0,0,0,0,0,0.28697,2.087423,0.841687,1.381524,1.149401,0.324836,0.537108,0.851883,2.771595,1.1213555
"502","28","shrubRedWet2_bin.15.strict",3086872,0,0.26926,0,0,0.067315,0.516339,3.60817,0.149818,0.122542,1.09921725,0,0.120807,0,0,0.03020175,0,0.056521,0.040219,3.951581,1.01208025
"503","20","shrubRedWet2_bin.16.orig",2993374,0,0.125059,0.210192,0.319898,0.16378725,0,0,0.05617,0.197896,0.0635165,1.089714,3.746944,1.508065,1.678531,2.0058135,0.46514,0.429351,1.135283,3.632705,1.41561975
"504","9","shrubRedWet2_bin.17.orig",4471365,0.406532,1.124482,2.232385,1.607659,1.3427645,0,0.063295,0.206615,0.914014,0.295981,1.578887,1.979598,1.481146,1.546173,1.646451,1.164801,1.066915,1.881257,2.538463,1.662859
"505","3","shrubRedWet2_bin.18.orig",2987220,4.290751,4.476998,10.257846,16.411103,8.8591745,0.223794,0.646095,0.9699465,2.1448595,0.99617375,8.5270495,16.858531,5.113948,7.881847,9.595343875,7.3075455,4.933302,4.8523565,17.260753,8.58848925
"506","1","shrubRedWet2_bin.19.orig",3604718,0.416849,7.555843,3.402399,2.448296,3.45584675,0.274336,3.606174,3.3167,2.633159,2.45759225,2.695483,9.539242,1.803027,5.637674,4.9188565,2.706333,3.980428,8.49197,10.720682,6.47485325
"507","7","shrubRedWet2_bin.2.orig",2400289,0.396202,0.957971,5.766559,7.454908,3.64391,0.234382,0.422209,1.104212,5.385724,1.78663175,1.204088,0.891685,2.188131,1.650375,1.48356975,1.866476,0.964492,5.6878,11.605375,5.03103575
"508","37","shrubRedWet2_bin.20.orig",2027408,0,0,0,0,0,0,0,0,0,0,1.091735,1.224946,0.078053,0,0.5986835,4.148683,1.323442,0.501955,1.168655,1.78568375
"509","8","shrubRedWet2_bin.21.strict",3620560,0,0.049135,0.102192,0.140117,0.072861,0,0.030662,0.036662,0.138346,0.0514175,0.015184,0.0979925,0.747956,0.4089455,0.3175195,0.698916,0.0597625,1.557518,3.203423,1.379904875
"510","23","shrubRedWet2_bin.22.orig",3079441,1.250199,0.754091,1.52949,2.773752,1.576883,0.22752,0.490879,0.754559,2.706724,1.0449205,6.255047,2.80629,6.002478,5.678405,5.185555,5.9012,4.123062,3.594047,4.721949,4.5850645
"511","21","shrubRedWet2_bin.23.orig",3155025,0,0,0.303705,0.359397,0.1657755,0,0,0.123476,1.129076,0.313138,0,0,0,0.086572,0.021643,0,0,0.658298,2.725055,0.84583825
"512","27","shrubRedWet2_bin.24.orig",5153688,1.308165,5.863074,2.384321,0.775237,2.58269925,7.751721,20.191248,9.651052,3.222504,10.20413125,1.987724,3.558433,2.752949,1.037294,2.3341,12.773544,19.002308,11.490845,11.787361,13.7635145
"513","35","shrubRedWet2_bin.25.orig",2275870,0,0,0,0,0,0,0,0,0,0,1.4346885,1.8548885,1.058395,2.324425,1.66809925,0.589291,0.371005,0.230828,1.475483,0.66665175
"514","8","shrubRedWet2_bin.26.strict",3701067,0.07773,0.542116,1.153968,1.657657,0.85786775,0,0.025452,0.321752,1.038475,0.34641975,0.061661,0.179273,1.053387,0.327335,0.405414,0.360504,0.328454,4.611587,3.99835,2.32472375
"515","8","shrubRedWet2_bin.27.orig",3018080,0.02635,0.127006,0.559067,0.698402,0.35270625,0,0,0,0,0,0.817317,1.232268,1.829852,1.360092,1.30988225,0.313443,0.170694,1.041871,2.616572,1.035645
"516","19","shrubRedWet2_bin.28.orig",2223363,0.444992,0.511267,1.937886,24.126488,6.75515825,0.042842,0.074551,0.198559,7.908361,2.05607825,5.223497,2.37571,3.545309,4.638459,3.94574375,2.3583025,1.979114,1.375375,12.5387615,4.56288825
"517","15","shrubRedWet2_bin.29.orig",1817785,0.996768,1.323451,2.086943,9.329808,3.4342425,0.061538,0.6174005,1.463674,9.9386,3.020303125,1.37905,1.342508,2.647483,5.754838,2.78096975,4.7146115,0.624165,2.563739,5.572821,3.368834125
"518","43","shrubRedWet2_bin.3.orig",4193519,0.324699,0.233211,0.012911,0.011183,0.145501,0.465516,0.184158,0.024775,0.025101,0.1748875,0.252122,0.313901,0.042208,0,0.15205775,13.847516,1.127773,0.234974,2.918585,4.532212
"519","31","shrubRedWet2_bin.30.orig",557304,0.128978,0.936106,0.44259,0.790746,0.574605,0.050282,0.129991,0.135617,0.1692325,0.121280625,0,0.319115,0.205159,0.392304,0.2291445,0.060281,0.0212925,0.530033,3.69412,1.076431625
"520","17","shrubRedWet2_bin.31.orig",1983015,0.246998,0.368797,0.707849,0.86281,0.5466135,0.165694,0.7707405,1.299102,1.566015,0.950387875,0.302363,0.614054,0.592363,1.4070315,0.728952875,0.695194,0.2599245,1.74981,2.738703,1.360907875
"521","26","shrubRedWet2_bin.32.orig",2761544,0.544583,0.75686,0.728214,0.700683,0.682585,0.339595,0.529732,1.184713,0.769947,0.70599675,0.98838,0.551004,0.773909,0.718043,0.757834,1.017804,2.072696,6.520898,6.04716,3.9146395
"522","26","shrubRedWet2_bin.33.orig",3959475,0.762322,0.609586,1.205103,3.074993,1.413001,0.907324,0.637985,1.227178,1.837489,1.152494,0.667867,0.581175,0.716173,0.728742,0.67348925,0.758495,0.844153,4.217073,7.657366,3.36927175
"523","8","shrubRedWet2_bin.34.strict",3581057,0.364334,5.757066,4.411378,1.459508,2.9980715,1.434676,3.017241,6.001345,1.897636,3.0877245,0.1597415,0.28164,1.632397,0.35943,0.608302125,0.426341,0.652395,6.424351,3.97157,2.86866425
"524","1","shrubRedWet2_bin.35.orig",5645144,0.1306,1.255784,1.288506,6.815616,2.3726265,0.016361,0.548264,1.185997,2.238068,0.9971725,0.517648,1.916756,0.965984,3.811226,1.8029035,1.063028,0.299887,1.56377,6.208605,2.2838225
"525","15","shrubRedWet2_bin.36.strict",3275569,0.157623,0.09153,0.3150445,1.316893,0.470272625,0,0,0,0.203811,0.05095275,0,0.15286,0.3442195,1.561365,0.514611125,0.305456,0,0.1461745,2.665378,0.779252125
"526","28","shrubRedWet2_bin.37.orig",4726296,0.016467,0.5898755,0.463669,0.247221,0.329308125,0.085097,0.184063,0.851053,0.805891,0.481526,0,0.166781,0.096576,0.358399,0.155439,0.025148,0.004017,0.870646,3.698093,1.149476
"527","31","shrubRedWet2_bin.38.strict",702797,0,0.168879,0.091077,0.134853,0.09870225,0,0.056792,0.042827,0.024781,0.0311,0.071632,3.024005,1.476469,2.714455,1.82164025,0.341581,0.447474,3.975555,6.217332,2.7454855
"528","18","shrubRedWet2_bin.4.orig",4294927,0.486082,0.52355,1.335984,4.566039,1.72791375,0,0.038324,0.069554,0.755563,0.21586025,1.162484,1.386051,2.054058,3.019717,1.9055775,2.319598,0.784597,1.627577,6.404268,2.78401
"529","30","shrubRedWet2_bin.5.orig",4587134,0.617931,1.9038455,3.257076,2.758715,2.134391875,0.562576,0.995164,1.838924,2.355019,1.43792075,3.015443,4.885414,12.6623345,4.885315,6.362126625,1.97286,3.7623155,7.843508,22.219261,8.949486125
"530","18","shrubRedWet2_bin.6.orig",2890184,0.162668,0.205934,1.279986,3.933944,1.395633,0.015181,0.075623,0.128594,0.380563,0.14999025,1.46114,1.060699,1.695934,2.228579,1.611588,1.783203,0.754872,0.997219,4.310835,1.96153225
"531","22","shrubRedWet2_bin.7.orig",2568116,0.078903,0.344142,1.434201,3.634406,1.372913,0,0.040896,0.098918,1.109022,0.312209,0.975528,1.246697,1.261598,1.288106,1.19298225,2.170305,0.853704,1.669156,3.109862,1.95075675
"532","13","shrubRedWet2_bin.8.orig",3104275,0.136983,0.584969,0.689579,0.391009,0.450635,1.811967,7.883581,8.614811,2.92192,5.30806975,0.320505,0.377082,0.339836,0.518728,0.38903775,0.698795,1.784155,3.018948,7.258471,3.19009225
"533","13","shrubRedWet2_bin.9.orig",3123587,0.974913,4.894582,3.549373,2.553967,2.99320875,1.254931,3.681831,3.291311,4.754458,3.24563275,0.521622,1.033378,0.713734,1.102773,0.84287675,0.885512,1.630056,2.194615,8.570836,3.32025475
