"","genome2guild$guild","mat_trait$`mat_ori$id`","Resource.Acquisition.Substrate.uptake.secondary.metabolite.transport.siderophore.based.transport","Stress.Tolerance.Specific.temperature.low.destabilization.of.secondary.structures.in.mRNAs.RNA.degradation","Stress.Tolerance.Specific.temperature.low.destabilization.of.secondary.structures.in.mRNAs.mRNA.stabilization","Stress.Tolerance.Specific.temperature.high.heat.induced.transcriptional.regulation.heat.induced.transcription.factor","Resource.Acquisition.Substrate.degradation.simple.compound.degradation.carbohydrate.degradation.maltose.degradation","Resource.Use.Chemotrophy.chemoorganoheterotrophy.fermentation.of.pyruvate.to.lactate.and.ethanol","Resource.Acquisition.Substrate.uptake.lipid.transport.cell.membrane.lipid.transport","Resource.Acquisition.Substrate.uptake.carbohydrate.transport.amino.sugar.transport","Resource.Use.Phototrophy.pigments.accessory.carotenoid.carotene.gammacarotene","Resource.Use.Chemotrophy.chemolithoheterotrophy.anaerobic.respiration.methylotrophic.methanogenesis.from.trimethylamine","Resource.Acquisition.Substrate.uptake.carboxylate.transport.dicarboxylate.transport","Resource.Acquisition.Substrate.uptake.ion.transport.metal.ion.transport","Resource.Acquisition.Substrate.uptake.N.compound.transport.amide.transport","Resource.Acquisition.Substrate.uptake.carbohydrate.transport.carbohydrate.phosphate.transport","Resource.Acquisition.Substrate.assimilation.C1.compounds.methanotrophy.PHB.cycle","Resource.Acquisition.Substrate.uptake.vitamin.transport.vitamin.C.transport","Resource.Use.Chemotrophy.chemoorganoheterotrophy.aerobic.respiration.nonoxidative.pentose.phosphate.pathway","Resource.Acquisition.Substrate.assimilation.P.compounds.phytase","Resource.Acquisition.Substrate.assimilation.C1.compounds.methanotrophy.formaldehyde.assimilation.with.RuMP.pathway","Resource.Acquisition.Substrate.assimilation.S.compounds.assimilatory.sulfate.reduction","Resource.Use.Phototrophy.pigments.accessory.carotenoid.carotene.neurosporene","Stress.Tolerance.General.protection..repair..degradation.of.denatured.misfolded.proteins.ATP.dependent.proteases","Resource.Acquisition.Substrate.uptake.carbohydrate.transport.sugar.alcohol.transport","Resource.Acquisition.Substrate.uptake.carbohydrate.transport.monosaccharide.transport","Resource.Use.Chemotrophy.chemoorganoheterotrophy.aerobic.respiration.electron.transport.chain..ETC.complex.IV","Resource.Acquisition.Substrate.assimilation.N.compounds.ammonia.assimilation.to.glutamine","Resource.Acquisition.Substrate.uptake.carboxylate.transport.monocarboxylate.transport","Resource.Acquisition.Substrate.assimilation.N.compounds.assimilatory.nitrate.reduction","Resource.Acquisition.Substrate.assimilation.P.compounds.phosphatase","Resource.Acquisition.Substrate.degradation.complex.carbohydrate.depolymerization.mixed.linkage.glucan.breakdown","Resource.Use.Chemotrophy.chemoorganoheterotrophy.aerobic.respiration.electron.transport.chain..ETC.complex.III","Resource.Use.Phototrophy.pigments.core.anoxygenic.bacteriochlorophyll.g","Resource.Acquisition.Substrate.degradation.simple.compound.degradation.carbohydrate.degradation.galactose.degradation","Resource.Acquisition.Substrate.uptake.nucleic.acid.component.transport.nucleotide.transport","Resource.Acquisition.Substrate.uptake.free.amino.acids.transport","Resource.Acquisition.Substrate.assimilation.N.compounds.ammonia.assimilation.to.aspartate","Resource.Use.Chemotrophy.chemolithoautotrophy.sulfide.oxidation","Stress.Tolerance.Specific.envelope.stress.phage.resistance.phage.shock.system","Stress.Tolerance.General.scavenging.of.reactive.oxygen.species.ROS.scavenging.enzymes","Stress.Tolerance.General.protection..repair..degradation.of.denatured.misfolded.proteins.heat.shock.proteins","Resource.Acquisition.Substrate.uptake.carboxylate.transport.tricarboxylate.transport","Resource.Acquisition.Substrate.uptake.vitamin.transport.vitamin.B.transport","Resource.Acquisition.Substrate.degradation.complex.carbohydrate.depolymerization.xyloglucan.breakdown","Resource.Acquisition.Substrate.degradation.simple.compound.degradation.carbohydrate.degradation.fructose.degradation","Resource.Acquisition.Substrate.uptake.nucleic.acid.component.transport.nucleoside.transport","Stress.Tolerance.General.biofilm.formation.EPS.biosynthesis.export","Resource.Acquisition.Substrate.uptake.carbohydrate.transport.oligosaccharide.transport.tetrasaccharide.transport","Resource.Acquisition.Substrate.degradation.simple.compound.degradation.sugar.acid.degradation.glucuronate.degradation","Resource.Acquisition.Substrate.degradation.simple.compound.degradation.carbohydrate.degradation.trehalose.degradation","Resource.Use.Chemotrophy.chemoorganoheterotrophy.aerobic.respiration.electron.transport.chain..ETC.complex.II","Resource.Acquisition.Substrate.uptake.peptide.transport","Resource.Acquisition.Substrate.degradation.complex.carbohydrate.depolymerization.heteromannan.breakdown","Resource.Acquisition.Substrate.uptake.N.compound.transport.ammonium.transport","Resource.Acquisition.Substrate.assimilation.C1.compounds.methanotrophy.formaldehyde.oxidation.pathway","Resource.Use.Phototrophy.pigments.accessory.carotenoid.carotene.lycopene","Stress.Tolerance.Specific.temperature.low.cold.sensing.machinery.cold.sensing.two.component.system","Stress.Tolerance.Specific.envelope.stress.misfolded.protein.secretion.stress.sensing.misfolded.proteins.secretion.stress.two.component.systems","Resource.Acquisition.Substrate.assimilation.C1.compounds.methanotrophy.formaldehyde.assimilation.with.serine.pathway","Stress.Tolerance.Specific.desiccation.osmotic.salt.stress.enhancement.of.microenvironment.EPS.biosynthesis.export","Resource.Acquisition.Substrate.degradation.simple.compound.degradation.alcohol.degradation.glycerol.degradation","Resource.Acquisition.Substrate.degradation.complex.carbohydrate.depolymerization.xylan.and.heteroxylan.breakdown","Resource.Acquisition.Substrate.assimilation.N.compounds.ammonia.assimilation.to.glutamate","Resource.Use.Phototrophy.pigments.accessory.carotenoid.xanthophyll.OH.spheroidenone","Resource.Acquisition.Substrate.uptake.lipid.transport","Stress.Tolerance.Specific.desiccation.osmotic.salt.stress.accumulation.of.compatible.solutes.transport.of.compatible.solutes","Resource.Acquisition.Substrate.uptake.nucleic.acid.component.transport.ribonucleoside.transport","Resource.Acquisition.Substrate.assimilation.C1.compounds.CO2.fixation.Calvin.Cycle","Resource.Acquisition.Substrate.uptake.ion.transport.inorganic.ion.transport","Resource.Acquisition.Substrate.degradation.complex.carbohydrate.depolymerization.chitin.breakdown","Resource.Use.Chemotrophy.chemoorganoheterotrophy.fermentation.of.pyruvate.to.alcohols","Resource.Acquisition.Substrate.uptake.S.compound.transport","Resource.Acquisition.Substrate.uptake.aromatic.acid.transport","Resource.Acquisition.Substrate.uptake.N.compound.transport.nitrogen.transport","Stress.Tolerance.Specific.temperature.low.membrane.stabilization.fatty.acid.desaturase","Resource.Acquisition.Substrate.uptake.osmolyte.transport"
"1","1","grassAmbDry1_bin.1.orig",0,1.95152071275781e-07,0,0,0,0,0,0,1,0,7.80608285103125e-07,9.75760356378906e-07,1.95152071275781e-07,0,0,0,0,1,0,1,1,3.90304142551563e-07,0,7.80608285103125e-07,0,0,0,0,0,3.90304142551563e-07,0,0,1,0,1.17091242765469e-06,1,0,0,1.95152071275781e-07,5.85456213827344e-07,0,1.95152071275781e-07,1.17091242765469e-06,1,0,5.85456213827344e-07,0,0,0,0,1.95152071275781e-07,1.95152071275781e-07,1.95152071275781e-07,1,1,0,0,1,5.85456213827344e-07,0,1.95152071275781e-06,1,0,3.90304142551563e-07,3.90304142551563e-07,1.95152071275781e-07,0,9.75760356378906e-07,7.80608285103125e-07,0,0,0,0,0,1.95152071275781e-07
"2","2","grassAmbDry1_bin.10.strict",7.88783291256127e-07,5.25855527504085e-07,2.62927763752042e-07,0,1,0,0,0,1,0,7.88783291256127e-07,2.62927763752042e-06,0,0,1,0,1,0,0,1,1,5.25855527504085e-07,2.62927763752042e-07,7.88783291256127e-07,1,1,5.25855527504085e-07,0,1,0,1,0,0,2.62927763752042e-07,4.20684422003268e-06,1,0,2.62927763752042e-07,5.25855527504085e-07,1.31463881876021e-06,2.62927763752042e-07,5.25855527504085e-07,7.88783291256127e-07,1,5.25855527504085e-07,7.88783291256127e-07,0,0,1,1,0,0,2.62927763752042e-07,0,1,0,2.62927763752042e-07,1,7.88783291256127e-07,1,7.88783291256127e-07,1,0,1.05171105500817e-06,5.25855527504085e-07,0,1,2.36634987376838e-06,5.25855527504085e-07,0,2.62927763752042e-07,2.62927763752042e-07,2.62927763752042e-07,0,0
"3","3","grassAmbDry1_bin.11.orig",0,0,3.08926779101598e-07,0,0,0,0,0,0,0,3.08926779101598e-07,1.54463389550799e-06,0,0,1,0,0,0,0,1,0,3.08926779101598e-07,3.08926779101598e-07,1.54463389550799e-06,1,1,3.08926779101598e-07,0,1,3.08926779101598e-07,1,0,0,3.08926779101598e-07,2.47141423281278e-06,0,0,0,6.17853558203195e-07,1.23570711640639e-06,3.08926779101598e-07,6.17853558203195e-07,9.26780337304793e-07,0,3.08926779101598e-07,6.17853558203195e-07,0,0,0,0,3.08926779101598e-07,3.08926779101598e-07,3.08926779101598e-07,0,0,3.08926779101598e-07,0,1,6.17853558203195e-07,0,2.16248745371118e-06,1,0,3.08926779101598e-07,6.17853558203195e-07,0,0,2.78034101191438e-06,6.17853558203195e-07,0,3.08926779101598e-07,3.08926779101598e-07,0,0,6.17853558203195e-07
"4","4","grassAmbDry1_bin.12.orig",7.07057565798777e-07,0,3.53528782899389e-07,3.53528782899389e-07,0,0,3.53528782899389e-07,0,0,0,7.07057565798777e-07,1.41411513159755e-06,0,0,0,3.53528782899389e-07,1,0,1,0,0,3.53528782899389e-07,3.53528782899389e-07,7.07057565798777e-07,1,1,3.53528782899389e-07,0,0,3.53528782899389e-07,1,0,0,3.53528782899389e-07,3.53528782899389e-06,1,0,3.53528782899389e-07,3.53528782899389e-07,1.06058634869817e-06,3.53528782899389e-07,1.41411513159755e-06,3.53528782899389e-07,1,3.53528782899389e-07,0,3.53528782899389e-07,0,0,1,3.53528782899389e-07,3.53528782899389e-07,3.53528782899389e-07,0,0,3.53528782899389e-07,0,1,0,0,1.76764391449694e-06,1,0,0,7.07057565798777e-07,0,0,2.12117269739633e-06,1.06058634869817e-06,0,3.53528782899389e-07,0,0,0,7.07057565798777e-07
"5","5","grassAmbDry1_bin.14.orig",0,0,4.08458021952168e-07,4.08458021952168e-07,1,0,8.16916043904336e-07,4.08458021952168e-07,0,0,4.08458021952168e-07,2.04229010976084e-06,0,0,0,0,0,0,0,0,0,0,0,8.16916043904336e-07,0,1,0,1,0,8.16916043904336e-07,1,0,0,4.08458021952168e-07,8.16916043904336e-07,0,1,4.08458021952168e-07,0,8.16916043904336e-07,4.08458021952168e-07,1.63383208780867e-06,8.16916043904336e-07,1,4.08458021952168e-07,4.08458021952168e-07,4.08458021952168e-07,1,1,0,0,4.08458021952168e-07,0,1,0,4.08458021952168e-07,0,1,4.08458021952168e-07,0,3.67612219756951e-06,1,0,0,8.16916043904336e-07,0,0,2.45074813171301e-06,1.2253740658565e-06,0,0,4.08458021952168e-07,0,0,4.08458021952168e-07
"6","6","grassAmbDry1_bin.15.strict",9.7609804319185e-07,4.88049021595925e-07,2.44024510797963e-07,0,1,0,2.44024510797963e-07,2.44024510797963e-07,1,0,2.68426961877759e-06,3.41634315117148e-06,2.44024510797963e-07,2.44024510797963e-07,0,2.44024510797963e-07,1,1,0,1,1,4.88049021595925e-07,4.88049021595925e-07,3.41634315117148e-06,1,1,1.22012255398981e-06,0,1,4.88049021595925e-07,0,0,0,2.44024510797963e-07,9.7609804319185e-06,1,0,2.44024510797963e-07,2.44024510797963e-07,1.22012255398981e-06,4.88049021595925e-07,1.46414706478778e-06,2.44024510797963e-07,1,7.32073532393888e-07,2.44024510797963e-07,2.44024510797963e-07,0,0,1,1.22012255398981e-06,2.44024510797963e-07,2.44024510797963e-07,1,1,0,7.32073532393888e-07,1,2.44024510797963e-07,1,1.46414706478778e-06,1,0,9.7609804319185e-07,9.7609804319185e-07,0,0,1.46414706478778e-06,7.32073532393888e-07,1,4.88049021595925e-07,2.44024510797963e-07,2.44024510797963e-07,0,1.22012255398981e-06
"7","7","grassAmbDry1_bin.16.orig",3.6950668271311e-07,3.6950668271311e-07,3.6950668271311e-07,3.6950668271311e-07,0,0,3.6950668271311e-07,0,0,0,3.6950668271311e-07,2.21704009627866e-06,0,0,0,3.6950668271311e-07,1,0,1,0,0,3.6950668271311e-07,0,7.3901336542622e-07,1,1,0,0,0,3.6950668271311e-07,1,0,1,0,3.32556014441799e-06,1,1,3.6950668271311e-07,3.6950668271311e-07,1.84753341356555e-06,3.6950668271311e-07,1.47802673085244e-06,3.6950668271311e-07,1,3.6950668271311e-07,0,3.6950668271311e-07,0,1,1,0,3.6950668271311e-07,3.6950668271311e-07,0,0,3.6950668271311e-07,0,1,0,1,1.47802673085244e-06,1,0,0,1.10852004813933e-06,0,0,2.21704009627866e-06,1.10852004813933e-06,0,0,3.6950668271311e-07,0,0,1.10852004813933e-06
"8","7","grassAmbDry1_bin.17.orig",7.18476743087445e-07,3.59238371543723e-07,3.59238371543723e-07,3.59238371543723e-07,0,0,0,0,0,0,1.07771511463117e-06,2.15543022926234e-06,3.59238371543723e-07,3.59238371543723e-07,0,3.59238371543723e-07,0,0,0,0,0,3.59238371543723e-07,0,1.07771511463117e-06,0,1,3.59238371543723e-07,0,0,3.59238371543723e-07,1,0,1,0,2.87390697234978e-06,1,0,3.59238371543723e-07,3.59238371543723e-07,1.07771511463117e-06,3.59238371543723e-07,1.43695348617489e-06,7.18476743087445e-07,1,3.59238371543723e-07,3.59238371543723e-07,3.59238371543723e-07,0,1,1,0,3.59238371543723e-07,3.59238371543723e-07,1,0,0,0,1,3.59238371543723e-07,0,2.51466860080606e-06,1,0,0,3.59238371543723e-07,0,0,2.15543022926234e-06,1.07771511463117e-06,0,3.59238371543723e-07,3.59238371543723e-07,0,0,0
"9","8","grassAmbDry1_bin.18.strict",0,3.32668772016435e-07,0,0,0,0,0,0,0,0,6.6533754403287e-07,1.33067508806574e-06,3.32668772016435e-07,3.32668772016435e-07,0,0,1,1,1,0,0,3.32668772016435e-07,0,1.33067508806574e-06,0,0,0,0,0,9.98006316049305e-07,0,0,0,0,2.32868140411505e-06,1,0,0,3.32668772016435e-07,1.33067508806574e-06,0,0,9.98006316049305e-07,0,0,9.98006316049305e-07,0,0,0,0,0,6.6533754403287e-07,3.32668772016435e-07,0,0,0,0,0,9.98006316049305e-07,0,2.99401894814792e-06,1,0,6.6533754403287e-07,6.6533754403287e-07,0,0,9.98006316049305e-07,1.33067508806574e-06,0,0,0,0,0,6.6533754403287e-07
"10","9","grassAmbDry1_bin.19.orig",0,2.06326209164433e-07,2.06326209164433e-07,2.06326209164433e-07,0,0,0,0,0,0,1.23795725498659e-06,1.85693588247989e-06,2.06326209164433e-07,0,1,0,1,0,0,1,1,2.06326209164433e-07,2.06326209164433e-07,1.65060967331546e-06,0,0,4.12652418328865e-07,0,1,4.12652418328865e-07,1,1,0,0,2.26958830080876e-06,0,0,0,4.12652418328865e-07,1.03163104582216e-06,2.06326209164433e-07,6.18978627493297e-07,4.12652418328865e-07,0,4.12652418328865e-07,8.2530483665773e-07,0,0,1,1,2.06326209164433e-07,2.06326209164433e-07,2.06326209164433e-07,0,1,0,0,1,8.2530483665773e-07,0,1.03163104582216e-06,1,1,4.12652418328865e-07,4.12652418328865e-07,0,0,8.2530483665773e-07,4.12652418328865e-07,0,4.12652418328865e-07,0,2.06326209164433e-07,0,6.18978627493297e-07
"11","10","grassAmbDry1_bin.2.orig",4.58453772959938e-07,4.58453772959938e-07,4.58453772959938e-07,4.58453772959938e-07,0,0,0,0,0,0,9.16907545919876e-07,1.83381509183975e-06,0,0,0,4.58453772959938e-07,0,0,1,1,0,4.58453772959938e-07,9.16907545919876e-07,9.16907545919876e-07,0,1,0,0,0,4.58453772959938e-07,0,0,0,4.58453772959938e-07,3.6676301836795e-06,1,0,0,4.58453772959938e-07,9.16907545919876e-07,4.58453772959938e-07,1.83381509183975e-06,9.16907545919876e-07,1,4.58453772959938e-07,4.58453772959938e-07,0,0,0,0,0,4.58453772959938e-07,0,0,0,4.58453772959938e-07,0,0,4.58453772959938e-07,1,3.6676301836795e-06,1,0,0,9.16907545919876e-07,0,0,1.37536131887981e-06,4.58453772959938e-07,0,0,0,0,0,0
"12","7","grassAmbDry1_bin.20.orig",9.0495280671113e-07,4.52476403355565e-07,0,4.52476403355565e-07,0,0,0,4.52476403355565e-07,0,0,1.80990561342226e-06,2.71485842013339e-06,4.52476403355565e-07,0,0,4.52476403355565e-07,0,0,1,0,0,4.52476403355565e-07,0,1.35742921006669e-06,1,1,0,0,0,1.35742921006669e-06,1,0,0,4.52476403355565e-07,2.26238201677782e-06,1,0,4.52476403355565e-07,4.52476403355565e-07,1.35742921006669e-06,4.52476403355565e-07,4.52476403355565e-07,1.80990561342226e-06,0,4.52476403355565e-07,0,4.52476403355565e-07,0,1,1,4.52476403355565e-07,4.52476403355565e-07,4.52476403355565e-07,0,0,4.52476403355565e-07,0,0,0,1,1.80990561342226e-06,1,0,0,9.0495280671113e-07,0,0,2.71485842013339e-06,4.52476403355565e-07,0,0,0,0,0,4.52476403355565e-07
"13","11","grassAmbDry1_bin.21.orig",4.62009213387733e-07,0,0,0,0,0,0,0,0,0,9.24018426775467e-07,2.31004606693867e-06,0,0,0,4.62009213387733e-07,0,0,1,0,0,4.62009213387733e-07,0,9.24018426775467e-07,0,1,0,0,0,1.3860276401632e-06,0,0,0,0,4.1580829204896e-06,1,0,4.62009213387733e-07,0,9.24018426775467e-07,0,1.3860276401632e-06,9.24018426775467e-07,1,4.62009213387733e-07,4.62009213387733e-07,4.62009213387733e-07,0,1,0,4.62009213387733e-07,9.24018426775467e-07,4.62009213387733e-07,1,0,4.62009213387733e-07,0,1,4.62009213387733e-07,1,2.7720552803264e-06,1,0,0,9.24018426775467e-07,0,0,1.84803685355093e-06,1.3860276401632e-06,0,0,0,0,0,9.24018426775467e-07
"14","7","grassAmbDry1_bin.3.orig",3.41569017777301e-07,3.41569017777301e-07,3.41569017777301e-07,3.41569017777301e-07,0,0,0,3.41569017777301e-07,0,0,6.83138035554602e-07,2.39098312444111e-06,0,0,0,0,1,0,1,0,0,3.41569017777301e-07,0,6.83138035554602e-07,0,1,0,0,0,1.3662760711092e-06,1,0,0,3.41569017777301e-07,2.39098312444111e-06,1,0,3.41569017777301e-07,3.41569017777301e-07,1.0247070533319e-06,0,1.0247070533319e-06,1.0247070533319e-06,1,3.41569017777301e-07,0,3.41569017777301e-07,0,1,1,6.83138035554602e-07,1.0247070533319e-06,3.41569017777301e-07,1,0,0,0,1,0,0,2.73255214221841e-06,1,0,0,6.83138035554602e-07,0,0,2.73255214221841e-06,1.0247070533319e-06,0,0,0,0,0,3.41569017777301e-07
"15","12","grassAmbDry1_bin.4.orig",2.51233304290763e-07,0,2.51233304290763e-07,2.51233304290763e-07,1,0,2.51233304290763e-07,2.51233304290763e-07,1,0,1.00493321716305e-06,2.00986643432611e-06,2.51233304290763e-07,0,0,0,0,0,0,0,1,2.51233304290763e-07,2.51233304290763e-07,1.25616652145382e-06,0,1,2.51233304290763e-07,0,1,5.02466608581527e-07,0,0,0,2.51233304290763e-07,2.26109973861687e-06,0,0,2.51233304290763e-07,2.51233304290763e-07,1.00493321716305e-06,0,5.02466608581527e-07,1.25616652145382e-06,1,2.51233304290763e-07,5.02466608581527e-07,2.51233304290763e-07,0,1,0,2.51233304290763e-07,2.51233304290763e-07,2.51233304290763e-07,1,1,2.51233304290763e-07,0,1,5.02466608581527e-07,1,2.26109973861687e-06,1,0,2.51233304290763e-07,5.02466608581527e-07,0,0,1.75863313003534e-06,7.5369991287229e-07,0,2.51233304290763e-07,2.51233304290763e-07,0,0,2.51233304290763e-07
"16","13","grassAmbDry1_bin.5.orig",3.74016476921874e-07,3.74016476921874e-07,0,3.74016476921874e-07,1,0,0,3.74016476921874e-07,1,0,3.74016476921874e-07,1.4960659076875e-06,0,0,1,0,0,1,0,1,1,3.74016476921874e-07,3.74016476921874e-07,1.87008238460937e-06,0,1,3.74016476921874e-07,0,1,1.12204943076562e-06,1,0,0,0,1.4960659076875e-06,0,0,3.74016476921874e-07,3.74016476921874e-07,1.12204943076562e-06,0,1.12204943076562e-06,1.12204943076562e-06,0,0,7.48032953843749e-07,0,0,0,1,3.74016476921874e-07,3.74016476921874e-07,3.74016476921874e-07,1,1,0,0,1,7.48032953843749e-07,0,2.99213181537499e-06,1,0,7.48032953843749e-07,3.74016476921874e-07,0,0,2.24409886153125e-06,1.4960659076875e-06,0,0,0,3.74016476921874e-07,0,0
"17","14","grassAmbDry1_bin.6.orig",6.47929691853278e-07,2.15976563951093e-07,2.15976563951093e-07,0,1,0,0,0,1,0,1.29585938370656e-06,2.59171876741311e-06,2.15976563951093e-07,2.15976563951093e-07,0,0,1,0,0,0,1,4.31953127902185e-07,4.31953127902185e-07,2.15976563951093e-06,1,1,2.15976563951093e-07,0,1,2.15976563951093e-07,1,0,0,2.15976563951093e-07,7.99113286619042e-06,0,0,2.15976563951093e-07,4.31953127902185e-07,6.47929691853278e-07,4.31953127902185e-07,6.47929691853278e-07,0,1,2.15976563951093e-07,8.6390625580437e-07,0,0,1,1,2.15976563951093e-07,2.15976563951093e-07,2.15976563951093e-07,1,1,0,0,1,8.6390625580437e-07,0,8.6390625580437e-07,1,0,4.31953127902185e-07,8.6390625580437e-07,0,0,2.59171876741311e-06,4.31953127902185e-07,0,4.31953127902185e-07,2.15976563951093e-07,2.15976563951093e-07,0,8.6390625580437e-07
"18","15","grassAmbDry1_bin.7.permissive",3.75212557914058e-07,3.75212557914058e-07,3.75212557914058e-07,0,1,0,0,0,0,0,0,1.12563767374217e-06,0,0,0,0,1,0,0,0,0,7.50425115828117e-07,0,1.12563767374217e-06,0,1,0,0,1,1.87606278957029e-06,0,0,0,0,3.75212557914058e-07,1,0,0,7.50425115828117e-07,1.12563767374217e-06,0,0,1.87606278957029e-06,0,0,3.75212557914058e-07,0,1,0,0,3.75212557914058e-07,7.50425115828117e-07,3.75212557914058e-07,0,0,0,0,1,3.75212557914058e-07,0,3.37691302122652e-06,1,0,3.75212557914058e-07,0,0,0,1.12563767374217e-06,1.12563767374217e-06,0,0,0,0,0,0
"19","4","grassAmbDry1_bin.8.orig",3.88383450981154e-07,0,3.88383450981154e-07,3.88383450981154e-07,0,0,7.76766901962307e-07,3.88383450981154e-07,0,0,7.76766901962307e-07,7.76766901962307e-07,0,0,0,3.88383450981154e-07,0,0,1,0,0,3.88383450981154e-07,0,1.55353380392461e-06,0,1,3.88383450981154e-07,0,0,1.16515035294346e-06,1,0,0,3.88383450981154e-07,4.66060141177384e-06,0,0,0,3.88383450981154e-07,1.16515035294346e-06,3.88383450981154e-07,3.88383450981154e-07,1.16515035294346e-06,0,0,0,3.88383450981154e-07,0,0,0,3.88383450981154e-07,7.76766901962307e-07,3.88383450981154e-07,1,0,0,0,0,0,0,3.88383450981154e-06,1,0,0,1.16515035294346e-06,0,0,1.94191725490577e-06,7.76766901962307e-07,0,0,3.88383450981154e-07,0,0,1.55353380392461e-06
"20","16","grassAmbDry1_bin.9.strict",8.63703300642163e-07,4.31851650321082e-07,0,0,1,0,4.31851650321082e-07,0,1,0,1.72740660128433e-06,3.45481320256865e-06,0,4.31851650321082e-07,0,4.31851650321082e-07,1,0,0,1,1,4.31851650321082e-07,8.63703300642163e-07,4.7503681535319e-06,0,1,8.63703300642163e-07,0,0,4.31851650321082e-07,0,0,0,4.31851650321082e-07,6.47777475481623e-06,1,0,4.31851650321082e-07,0,0,4.31851650321082e-07,2.15925825160541e-06,4.31851650321082e-07,1,8.63703300642163e-07,8.63703300642163e-07,0,0,0,0,8.63703300642163e-07,4.31851650321082e-07,0,0,1,0,4.31851650321082e-07,1,8.63703300642163e-07,1,1.72740660128433e-06,1,0,8.63703300642163e-07,8.63703300642163e-07,0,0,2.59110990192649e-06,1.29555495096325e-06,1,8.63703300642163e-07,4.31851650321082e-07,0,0,8.63703300642163e-07
"21","3","grassAmbDry2_bin.1.orig",3.97020440994425e-07,3.97020440994425e-07,3.97020440994425e-07,3.97020440994425e-07,0,0,0,0,0,0,0,1.5880817639777e-06,0,0,1,0,0,0,0,0,0,7.9404088198885e-07,0,1.19106132298328e-06,0,1,0,0,1,1.5880817639777e-06,0,0,0,0,1.19106132298328e-06,0,0,3.97020440994425e-07,3.97020440994425e-07,1.19106132298328e-06,0,3.97020440994425e-07,1.19106132298328e-06,0,3.97020440994425e-07,1.19106132298328e-06,0,0,0,0,3.97020440994425e-07,7.9404088198885e-07,3.97020440994425e-07,0,0,0,0,1,1.19106132298328e-06,0,2.77914308696098e-06,1,0,3.97020440994425e-07,7.9404088198885e-07,0,0,1.5880817639777e-06,1.5880817639777e-06,0,0,0,3.97020440994425e-07,0,7.9404088198885e-07
"22","2","grassAmbDry2_bin.10.orig",0,6.23382517174968e-07,0,3.11691258587484e-07,1,0,0,0,1,0,1.55845629293742e-06,3.11691258587484e-06,3.11691258587484e-07,0,1,0,1,0,0,1,1,3.11691258587484e-07,6.23382517174968e-07,9.35073775762451e-07,1,1,0,0,1,3.11691258587484e-07,1,0,0,0,2.80522132728735e-06,1,0,0,3.11691258587484e-07,1.24676503434994e-06,3.11691258587484e-07,1.55845629293742e-06,3.11691258587484e-07,0,0,9.35073775762451e-07,0,0,0,0,3.11691258587484e-07,3.11691258587484e-07,3.11691258587484e-07,0,1,0,0,1,9.35073775762451e-07,1,1.55845629293742e-06,1,0,3.11691258587484e-07,6.23382517174968e-07,0,1,1.24676503434994e-06,6.23382517174968e-07,0,6.23382517174968e-07,3.11691258587484e-07,3.11691258587484e-07,0,3.11691258587484e-07
"23","3","grassAmbDry2_bin.13.orig",3.87514139422162e-07,0,0,3.87514139422162e-07,0,0,0,0,0,0,1.55005655768865e-06,1.55005655768865e-06,3.87514139422162e-07,0,1,0,0,0,0,0,0,7.75028278844324e-07,0,1.16254241826649e-06,1,1,3.87514139422162e-07,0,1,3.87514139422162e-07,1,0,0,0,2.32508483653297e-06,0,0,0,3.87514139422162e-07,1.55005655768865e-06,0,7.75028278844324e-07,3.87514139422162e-07,0,0,1.16254241826649e-06,0,0,0,0,3.87514139422162e-07,3.87514139422162e-07,3.87514139422162e-07,0,0,0,0,1,1.16254241826649e-06,0,1.93757069711081e-06,1,0,7.75028278844324e-07,0,0,0,3.87514139422162e-07,3.87514139422162e-07,0,7.75028278844324e-07,0,0,0,0
"24","11","grassAmbDry2_bin.14.orig",9.00292189830209e-07,0,4.50146094915105e-07,4.50146094915105e-07,0,0,4.50146094915105e-07,4.50146094915105e-07,0,0,4.50146094915105e-07,1.35043828474531e-06,0,0,0,4.50146094915105e-07,0,0,1,0,0,0,0,4.50146094915105e-07,0,0,0,0,0,1.35043828474531e-06,0,0,0,4.50146094915105e-07,1.80058437966042e-06,0,0,4.50146094915105e-07,0,9.00292189830209e-07,0,0,1.80058437966042e-06,0,0,0,4.50146094915105e-07,0,1,0,4.50146094915105e-07,4.50146094915105e-07,4.50146094915105e-07,0,0,4.50146094915105e-07,0,1,0,0,2.70087656949063e-06,0,0,0,9.00292189830209e-07,0,0,3.15102266440573e-06,9.00292189830209e-07,0,0,0,0,0,9.00292189830209e-07
"25","13","grassAmbDry2_bin.15.orig",3.17543382776955e-07,6.3508676555391e-07,3.17543382776955e-07,3.17543382776955e-07,1,0,0,0,1,0,9.52630148330865e-07,1.27017353110782e-06,3.17543382776955e-07,0,1,0,0,1,0,1,1,6.3508676555391e-07,3.17543382776955e-07,1.90526029666173e-06,0,1,0,0,1,0,1,1,0,0,1.27017353110782e-06,1,0,3.17543382776955e-07,3.17543382776955e-07,1.58771691388477e-06,0,6.3508676555391e-07,3.17543382776955e-07,0,6.3508676555391e-07,3.17543382776955e-07,0,0,1,1,3.17543382776955e-07,0,3.17543382776955e-07,0,1,0,0,1,3.17543382776955e-07,0,9.52630148330865e-07,1,1,3.17543382776955e-07,0,0,0,1.27017353110782e-06,6.3508676555391e-07,0,3.17543382776955e-07,0,3.17543382776955e-07,0,0
"26","8","grassAmbDry2_bin.16.orig",0,5.88785982183336e-07,2.94392991091668e-07,0,1,0,0,0,0,0,8.83178973275004e-07,8.83178973275004e-07,2.94392991091668e-07,0,1,0,1,0,0,0,0,5.88785982183336e-07,0,5.88785982183336e-07,0,0,0,0,0,1.17757196436667e-06,0,0,0,0,1.17757196436667e-06,1,0,0,2.94392991091668e-07,1.17757196436667e-06,0,0,1.76635794655001e-06,0,0,8.83178973275004e-07,0,0,1,0,2.94392991091668e-07,5.88785982183336e-07,2.94392991091668e-07,0,0,0,0,1,8.83178973275004e-07,0,2.64953691982501e-06,1,0,5.88785982183336e-07,2.94392991091668e-07,0,0,5.88785982183336e-07,1.17757196436667e-06,0,0,0,0,0,0
"27","7","grassAmbDry2_bin.17.orig",3.94348823618024e-07,3.94348823618024e-07,0,3.94348823618024e-07,0,0,0,0,0,0,7.88697647236048e-07,1.97174411809012e-06,0,0,0,3.94348823618024e-07,0,0,1,0,0,0,0,7.88697647236048e-07,0,1,3.94348823618024e-07,0,0,1.18304647085407e-06,1,0,1,3.94348823618024e-07,2.76044176532617e-06,1,0,3.94348823618024e-07,3.94348823618024e-07,3.94348823618024e-07,0,1.18304647085407e-06,1.18304647085407e-06,1,3.94348823618024e-07,0,3.94348823618024e-07,0,1,0,3.94348823618024e-07,7.88697647236048e-07,3.94348823618024e-07,1,0,0,0,1,0,0,1.97174411809012e-06,1,0,0,7.88697647236048e-07,0,0,2.76044176532617e-06,1.18304647085407e-06,0,0,0,0,0,3.94348823618024e-07
"28","17","grassAmbDry2_bin.19.orig",1.22523593960077e-06,4.08411979866923e-07,0,4.08411979866923e-07,1,0,0,4.08411979866923e-07,0,0,8.16823959733846e-07,2.45047187920154e-06,0,0,1,0,0,0,0,0,0,4.08411979866923e-07,0,8.16823959733846e-07,0,0,0,0,1,8.16823959733846e-07,0,0,0,0,1.22523593960077e-06,1,0,4.08411979866923e-07,0,4.08411979866923e-07,0,0,1.22523593960077e-06,0,4.08411979866923e-07,4.08411979866923e-07,0,0,0,0,4.08411979866923e-07,4.08411979866923e-07,0,0,0,0,0,0,4.08411979866923e-07,0,2.45047187920154e-06,0,0,4.08411979866923e-07,4.08411979866923e-07,0,0,1.63364791946769e-06,1.63364791946769e-06,0,0,0,0,0,0
"29","18","grassAmbDry2_bin.2.orig",2.53854656024403e-07,2.53854656024403e-07,2.53854656024403e-07,2.53854656024403e-07,1,0,0,0,0,0,1.26927328012201e-06,2.79240121626843e-06,2.53854656024403e-07,0,0,0,0,0,0,1,0,2.53854656024403e-07,2.53854656024403e-07,1.26927328012201e-06,1,1,2.53854656024403e-07,0,1,2.53854656024403e-07,0,0,0,0,2.28469190421962e-06,1,0,0,2.53854656024403e-07,1.01541862409761e-06,5.07709312048805e-07,1.26927328012201e-06,0,0,0,7.61563968073208e-07,0,0,1,0,0,5.07709312048805e-07,2.53854656024403e-07,0,0,0,0,1,7.61563968073208e-07,0,1.26927328012201e-06,1,0,2.53854656024403e-07,5.07709312048805e-07,0,0,5.07709312048805e-07,7.61563968073208e-07,0,5.07709312048805e-07,0,2.53854656024403e-07,0,2.53854656024403e-07
"30","3","grassAmbDry2_bin.20.orig",3.08641403750487e-07,6.17282807500974e-07,3.08641403750487e-07,3.08641403750487e-07,1,0,0,0,0,0,1.23456561500195e-06,1.54320701875243e-06,3.08641403750487e-07,0,1,0,1,1,0,1,0,6.17282807500974e-07,3.08641403750487e-07,1.85184842250292e-06,1,1,3.08641403750487e-07,0,1,9.25924211251461e-07,0,0,0,0,1.23456561500195e-06,0,0,3.08641403750487e-07,3.08641403750487e-07,1.54320701875243e-06,0,9.25924211251461e-07,1.54320701875243e-06,0,3.08641403750487e-07,9.25924211251461e-07,0,1,0,0,0,6.17282807500974e-07,3.08641403750487e-07,0,0,0,0,1,9.25924211251461e-07,0,2.46913123000389e-06,1,0,6.17282807500974e-07,3.08641403750487e-07,0,0,1.54320701875243e-06,1.23456561500195e-06,0,0,0,3.08641403750487e-07,0,0
"31","7","grassAmbDry2_bin.21.orig",0,0,0,5.33678018176006e-07,0,0,0,0,0,0,2.13471207270402e-06,2.66839009088003e-06,5.33678018176006e-07,0,0,0,0,0,1,0,0,5.33678018176006e-07,5.33678018176006e-07,1.06735603635201e-06,0,1,0,0,0,1.60103405452802e-06,0,0,1,0,4.26942414540805e-06,1,0,5.33678018176006e-07,5.33678018176006e-07,1.06735603635201e-06,0,1.60103405452802e-06,0,0,0,0,0,0,1,1,0,1.06735603635201e-06,5.33678018176006e-07,1,0,5.33678018176006e-07,0,1,0,1,3.20206810905604e-06,0,0,0,5.33678018176006e-07,0,0,2.66839009088003e-06,1.06735603635201e-06,0,0,0,0,0,5.33678018176006e-07
"32","19","grassAmbDry2_bin.22.orig",0,3.92662087964946e-07,3.92662087964946e-07,3.92662087964946e-07,1,0,0,0,0,0,7.85324175929893e-07,2.74863461575462e-06,0,0,0,3.92662087964946e-07,1,0,1,0,0,0,0,3.92662087964946e-07,0,1,3.92662087964946e-07,0,1,3.92662087964946e-07,1,0,1,3.92662087964946e-07,1.96331043982473e-06,1,0,3.92662087964946e-07,3.92662087964946e-07,7.85324175929893e-07,0,1.17798626389484e-06,1.17798626389484e-06,0,0,3.92662087964946e-07,3.92662087964946e-07,0,0,0,3.92662087964946e-07,3.92662087964946e-07,3.92662087964946e-07,1,0,3.92662087964946e-07,0,1,3.92662087964946e-07,0,3.14129670371957e-06,1,0,0,3.92662087964946e-07,0,0,2.74863461575462e-06,7.85324175929893e-07,0,0,3.92662087964946e-07,0,0,0
"33","8","grassAmbDry2_bin.23.orig",0,0,4.13829349191274e-07,0,0,0,0,0,0,0,1.24148804757382e-06,8.27658698382548e-07,4.13829349191274e-07,0,0,0,1,0,0,0,0,4.13829349191274e-07,0,8.27658698382548e-07,0,1,4.13829349191274e-07,0,0,1.6553173967651e-06,0,0,0,0,1.6553173967651e-06,1,0,0,4.13829349191274e-07,1.6553173967651e-06,0,0,2.06914674595637e-06,0,0,8.27658698382548e-07,0,0,1,0,4.13829349191274e-07,8.27658698382548e-07,4.13829349191274e-07,0,0,0,0,1,8.27658698382548e-07,0,2.89680544433892e-06,1,0,8.27658698382548e-07,4.13829349191274e-07,0,0,4.13829349191274e-07,1.24148804757382e-06,0,0,0,0,0,0
"34","20","grassAmbDry2_bin.24.orig",0,0,0,3.34687814920316e-07,1,0,0,0,0,0,1.00406344476095e-06,3.34687814920316e-06,3.34687814920316e-07,0,0,0,0,0,0,0,0,3.34687814920316e-07,0,1.67343907460158e-06,0,1,0,0,1,6.69375629840632e-07,1,0,0,0,2.0081268895219e-06,0,0,3.34687814920316e-07,6.69375629840632e-07,3.34687814920316e-07,3.34687814920316e-07,3.34687814920316e-07,6.69375629840632e-07,0,0,3.34687814920316e-07,0,0,0,0,0,3.34687814920316e-07,3.34687814920316e-07,1,0,0,0,0,3.34687814920316e-07,0,2.0081268895219e-06,1,0,0,6.69375629840632e-07,0,0,2.67750251936253e-06,1.00406344476095e-06,0,0,0,0,0,3.34687814920316e-07
"35","21","grassAmbDry2_bin.25.strict",0,0,0,0,1,0,0,0,0,0,9.46487191662079e-07,9.46487191662079e-07,3.15495730554026e-07,0,0,0,0,0,0,0,0,6.30991461108053e-07,0,9.46487191662079e-07,0,1,0,0,1,9.46487191662079e-07,0,0,0,3.15495730554026e-07,1.26198292221611e-06,0,0,3.15495730554026e-07,0,6.30991461108053e-07,0,0,6.30991461108053e-07,0,3.15495730554026e-07,9.46487191662079e-07,0,0,1,0,3.15495730554026e-07,6.30991461108053e-07,0,0,0,0,0,1,9.46487191662079e-07,0,2.20847011387818e-06,1,0,3.15495730554026e-07,6.30991461108053e-07,0,0,6.30991461108053e-07,6.30991461108053e-07,0,0,0,0,0,6.30991461108053e-07
"36","20","grassAmbDry2_bin.26.orig",5.86573909779067e-07,2.93286954889533e-07,2.93286954889533e-07,2.93286954889533e-07,1,0,0,0,0,0,1.7597217293372e-06,2.34629563911627e-06,2.93286954889533e-07,0,1,0,0,0,0,0,0,2.93286954889533e-07,5.86573909779067e-07,1.46643477444767e-06,0,1,0,0,1,8.798608646686e-07,1,0,0,0,3.5194434586744e-06,0,0,0,2.93286954889533e-07,1.17314781955813e-06,2.93286954889533e-07,1.46643477444767e-06,8.798608646686e-07,0,0,8.798608646686e-07,2.93286954889533e-07,0,0,1,0,2.93286954889533e-07,2.93286954889533e-07,0,0,0,0,1,8.798608646686e-07,0,2.34629563911627e-06,1,0,8.798608646686e-07,2.93286954889533e-07,0,0,1.7597217293372e-06,2.93286954889533e-07,0,2.93286954889533e-07,0,0,0,2.93286954889533e-07
"37","1","grassAmbDry2_bin.27.orig",0,0,0,0,0,0,0,0,1,0,5.76394899673664e-07,7.68526532898219e-07,1.92131633224555e-07,0,0,0,0,1,0,0,1,1.92131633224555e-07,0,5.76394899673664e-07,0,0,0,0,0,5.76394899673664e-07,0,0,1,0,9.60658166122774e-07,0,0,0,1.92131633224555e-07,5.76394899673664e-07,0,1.92131633224555e-07,7.68526532898219e-07,1,0,3.8426326644911e-07,0,0,0,0,1.92131633224555e-07,1.92131633224555e-07,1.92131633224555e-07,1,1,0,0,0,3.8426326644911e-07,0,2.1134479654701e-06,1,0,3.8426326644911e-07,1.92131633224555e-07,1.92131633224555e-07,0,9.60658166122774e-07,7.68526532898219e-07,0,0,0,0,0,0
"38","13","grassAmbDry2_bin.28.orig",6.61213856397575e-07,6.61213856397575e-07,0,3.30606928198787e-07,1,0,0,0,1,0,9.91820784596362e-07,2.97546235378909e-06,3.30606928198787e-07,0,1,0,1,0,0,0,1,6.61213856397575e-07,3.30606928198787e-07,1.98364156919272e-06,1,1,3.30606928198787e-07,0,1,9.91820784596362e-07,0,0,0,0,1.32242771279515e-06,1,0,3.30606928198787e-07,3.30606928198787e-07,9.91820784596362e-07,0,9.91820784596362e-07,1.65303464099394e-06,0,3.30606928198787e-07,9.91820784596362e-07,0,1,0,0,3.30606928198787e-07,6.61213856397575e-07,3.30606928198787e-07,0,1,0,0,1,9.91820784596362e-07,0,2.97546235378909e-06,1,0,6.61213856397575e-07,0,0,0,1.32242771279515e-06,1.32242771279515e-06,0,0,0,3.30606928198787e-07,0,0
"39","21","grassAmbDry2_bin.29.permissive",0,2.59921867486634e-07,2.59921867486634e-07,0,1,0,0,0,0,0,5.19843734973267e-07,7.79765602459901e-07,0,0,0,0,0,0,0,1,0,5.19843734973267e-07,0,1.03968746994653e-06,0,1,2.59921867486634e-07,0,1,1.03968746994653e-06,0,0,0,0,5.19843734973267e-07,0,0,2.59921867486634e-07,5.19843734973267e-07,7.79765602459901e-07,0,0,1.03968746994653e-06,0,2.59921867486634e-07,5.19843734973267e-07,0,0,0,0,2.59921867486634e-07,2.59921867486634e-07,2.59921867486634e-07,0,0,0,0,1,5.19843734973267e-07,0,3.37898427732624e-06,1,0,5.19843734973267e-07,2.59921867486634e-07,0,0,5.19843734973267e-07,1.03968746994653e-06,0,0,0,0,0,0
"40","22","grassAmbDry2_bin.3.orig",3.7197094758111e-07,3.7197094758111e-07,3.7197094758111e-07,3.7197094758111e-07,0,0,0,0,1,0,7.4394189516222e-07,1.48788379032444e-06,0,0,1,0,0,0,0,1,1,3.7197094758111e-07,0,1.11591284274333e-06,1,1,7.4394189516222e-07,0,0,1.85985473790555e-06,1,0,0,0,1.48788379032444e-06,1,0,3.7197094758111e-07,3.7197094758111e-07,1.11591284274333e-06,0,7.4394189516222e-07,1.48788379032444e-06,0,3.7197094758111e-07,1.11591284274333e-06,0,1,0,1,0,7.4394189516222e-07,3.7197094758111e-07,0,1,0,0,1,1.11591284274333e-06,0,2.60379663306777e-06,1,0,3.7197094758111e-07,0,0,0,1.11591284274333e-06,1.11591284274333e-06,1,0,0,3.7197094758111e-07,0,0
"41","15","grassAmbDry2_bin.30.strict",0,2.29394153981743e-07,0,0,0,0,0,0,0,0,4.58788307963487e-07,9.17576615926974e-07,2.29394153981743e-07,0,0,0,1,1,0,0,0,2.29394153981743e-07,0,6.8818246194523e-07,0,1,0,0,0,1.14697076990872e-06,0,0,0,0,9.17576615926974e-07,0,0,0,2.29394153981743e-07,9.17576615926974e-07,0,0,1.14697076990872e-06,1,0,6.8818246194523e-07,0,0,0,0,2.29394153981743e-07,4.58788307963487e-07,2.29394153981743e-07,0,0,0,0,1,6.8818246194523e-07,0,2.98212400176266e-06,1,0,4.58788307963487e-07,2.29394153981743e-07,2.29394153981743e-07,0,4.58788307963487e-07,6.8818246194523e-07,0,0,0,0,0,0
"42","14","grassAmbDry2_bin.31.orig",6.26353183857626e-07,4.17568789238417e-07,2.08784394619209e-07,0,1,0,0,0,1,0,1.25270636771525e-06,2.92298152466892e-06,2.08784394619209e-07,2.08784394619209e-07,0,0,1,0,0,1,1,4.17568789238417e-07,4.17568789238417e-07,2.08784394619209e-06,1,1,8.35137578476834e-07,0,1,2.08784394619209e-07,1,0,0,2.08784394619209e-07,5.84596304933784e-06,0,0,2.08784394619209e-07,4.17568789238417e-07,1.04392197309604e-06,4.17568789238417e-07,4.17568789238417e-07,0,1,2.08784394619209e-07,8.35137578476834e-07,0,0,1,1,2.08784394619209e-07,2.08784394619209e-07,2.08784394619209e-07,1,1,0,0,1,8.35137578476834e-07,0,8.35137578476834e-07,1,0,8.35137578476834e-07,8.35137578476834e-07,0,0,2.29662834081129e-06,4.17568789238417e-07,0,4.17568789238417e-07,2.08784394619209e-07,2.08784394619209e-07,0,1.04392197309604e-06
"43","12","grassAmbDry2_bin.32.orig",2.41327707823579e-07,0,0,2.41327707823579e-07,0,0,2.41327707823579e-07,2.41327707823579e-07,1,0,7.23983123470736e-07,1.93062166258863e-06,0,0,0,0,1,0,0,0,1,2.41327707823579e-07,2.41327707823579e-07,1.20663853911789e-06,0,1,4.82655415647158e-07,0,1,2.41327707823579e-07,1,0,1,2.41327707823579e-07,2.41327707823579e-06,1,1,2.41327707823579e-07,4.82655415647158e-07,9.65310831294315e-07,0,4.82655415647158e-07,7.23983123470736e-07,1,2.41327707823579e-07,4.82655415647158e-07,2.41327707823579e-07,0,1,0,2.41327707823579e-07,2.41327707823579e-07,2.41327707823579e-07,1,1,2.41327707823579e-07,0,0,4.82655415647158e-07,1,2.17194937041221e-06,1,0,2.41327707823579e-07,2.41327707823579e-07,0,0,1.44796624694147e-06,7.23983123470736e-07,0,2.41327707823579e-07,2.41327707823579e-07,0,0,0
"44","23","grassAmbDry2_bin.34.orig",4.25999608080361e-07,0,0,0,0,0,4.25999608080361e-07,0,0,0,1.27799882424108e-06,2.98199725656252e-06,4.25999608080361e-07,0,1,0,0,0,0,0,0,0,0,8.51999216160721e-07,0,1,4.25999608080361e-07,0,1,4.25999608080361e-07,1,0,0,0,2.98199725656252e-06,1,0,4.25999608080361e-07,4.25999608080361e-07,8.51999216160721e-07,0,1.27799882424108e-06,0,1,4.25999608080361e-07,0,0,0,0,0,0,4.25999608080361e-07,4.25999608080361e-07,0,0,0,0,0,0,0,2.1299980404018e-06,1,0,4.25999608080361e-07,4.25999608080361e-07,0,0,1.27799882424108e-06,4.25999608080361e-07,0,0,4.25999608080361e-07,0,0,0
"45","24","grassAmbDry2_bin.35.orig",3.32819349318203e-07,0,0,3.32819349318203e-07,0,0,0,0,1,0,9.98458047954609e-07,3.32819349318203e-06,0,0,0,0,0,0,0,0,1,0,0,9.98458047954609e-07,1,1,3.32819349318203e-07,0,1,6.65638698636406e-07,1,0,1,3.32819349318203e-07,1.66409674659101e-06,1,0,3.32819349318203e-07,6.65638698636406e-07,1.33127739727281e-06,3.32819349318203e-07,6.65638698636406e-07,9.98458047954609e-07,1,3.32819349318203e-07,3.32819349318203e-07,3.32819349318203e-07,0,0,0,0,3.32819349318203e-07,0,1,1,3.32819349318203e-07,0,1,3.32819349318203e-07,0,2.66255479454562e-06,1,0,0,6.65638698636406e-07,0,0,1.99691609590922e-06,6.65638698636406e-07,0,3.32819349318203e-07,0,0,0,0
"46","25","grassAmbDry2_bin.36.orig",0,9.2922208314865e-07,0,0,0,0,0,0,1,0,4.64611041574325e-07,1.8584441662973e-06,0,0,1,0,1,0,0,1,1,4.64611041574325e-07,0,9.2922208314865e-07,0,1,4.64611041574325e-07,0,1,4.64611041574325e-07,0,0,0,0,1.8584441662973e-06,1,0,4.64611041574325e-07,4.64611041574325e-07,4.64611041574325e-07,0,1.39383312472298e-06,1.8584441662973e-06,0,4.64611041574325e-07,9.2922208314865e-07,0,0,0,0,0,4.64611041574325e-07,4.64611041574325e-07,0,1,0,0,1,9.2922208314865e-07,0,3.25227729102028e-06,1,0,1.39383312472298e-06,9.2922208314865e-07,0,0,1.39383312472298e-06,1.39383312472298e-06,0,4.64611041574325e-07,0,4.64611041574325e-07,4.64611041574325e-07,4.64611041574325e-07
"47","26","grassAmbDry2_bin.37.orig",0,0,0,0,0,0,6.14347219218747e-07,0,0,0,6.14347219218747e-07,1.22869443843749e-06,0,0,0,0,1,0,1,0,0,6.14347219218747e-07,6.14347219218747e-07,0,0,1,6.14347219218747e-07,0,0,6.14347219218747e-07,0,0,0,6.14347219218747e-07,4.30043053453123e-06,0,0,0,6.14347219218747e-07,1.22869443843749e-06,6.14347219218747e-07,2.45738887687499e-06,6.14347219218747e-07,1,6.14347219218747e-07,0,0,0,0,1,0,6.14347219218747e-07,0,0,0,6.14347219218747e-07,0,1,0,0,2.45738887687499e-06,1,0,0,6.14347219218747e-07,0,0,3.07173609609373e-06,6.14347219218747e-07,0,0,0,0,0,0
"48","27","grassAmbDry2_bin.38.orig",1.22090581444185e-07,1.22090581444185e-07,1.22090581444185e-07,1.22090581444185e-07,1,0,0,0,1,0,2.4418116288837e-07,6.10452907220925e-07,0,0,0,0,1,0,0,1,1,2.4418116288837e-07,1.22090581444185e-07,3.66271744332555e-07,1,1,1.22090581444185e-07,0,0,3.66271744332555e-07,0,0,0,0,7.3254348866511e-07,1,1,1.22090581444185e-07,1.22090581444185e-07,3.66271744332555e-07,0,3.66271744332555e-07,6.10452907220925e-07,1,0,2.4418116288837e-07,0,0,1,0,1.22090581444185e-07,3.66271744332555e-07,1.22090581444185e-07,0,1,0,0,1,2.4418116288837e-07,0,9.76724651553481e-07,1,1,1.22090581444185e-07,0,0,0,9.76724651553481e-07,6.10452907220925e-07,0,1.22090581444185e-07,0,1.22090581444185e-07,0,1.22090581444185e-07
"49","28","grassAmbDry2_bin.39.orig",1.93290388074911e-07,3.86580776149822e-07,1.93290388074911e-07,0,0,0,0,0,0,0,5.79871164224733e-07,9.66451940374554e-07,1.93290388074911e-07,0,0,0,0,1,0,0,0,3.86580776149822e-07,0,5.79871164224733e-07,0,0,0,0,1,3.86580776149822e-07,0,0,1,1.93290388074911e-07,5.79871164224733e-07,1,0,1.93290388074911e-07,1.93290388074911e-07,5.79871164224733e-07,0,0,7.73161552299643e-07,1,0,5.79871164224733e-07,0,0,0,0,1.93290388074911e-07,3.86580776149822e-07,0,0,0,0,0,1,5.79871164224733e-07,0,1.7396134926742e-06,1,0,3.86580776149822e-07,1.93290388074911e-07,1.93290388074911e-07,0,5.79871164224733e-07,5.79871164224733e-07,0,0,0,0,0,0
"50","9","grassAmbDry2_bin.4.orig",0,2.04531853177218e-07,2.04531853177218e-07,2.04531853177218e-07,0,0,0,0,0,0,8.18127412708873e-07,1.84078667859496e-06,0,0,1,0,1,0,0,1,1,4.09063706354437e-07,2.04531853177218e-07,1.63625482541775e-06,0,1,4.09063706354437e-07,0,1,4.09063706354437e-07,1,1,0,0,2.2498503849494e-06,1,0,0,4.09063706354437e-07,8.18127412708873e-07,2.04531853177218e-07,6.13595559531655e-07,4.09063706354437e-07,0,4.09063706354437e-07,8.18127412708873e-07,0,0,1,0,4.09063706354437e-07,2.04531853177218e-07,2.04531853177218e-07,0,1,0,0,1,8.18127412708873e-07,0,1.02265926588609e-06,1,1,4.09063706354437e-07,4.09063706354437e-07,0,0,8.18127412708873e-07,4.09063706354437e-07,0,4.09063706354437e-07,0,2.04531853177218e-07,0,6.13595559531655e-07
"51","15","grassAmbDry2_bin.40.orig",0,0,0,0,0,0,0,0,0,0,1.26141621090122e-06,1.26141621090122e-06,3.15354052725305e-07,3.15354052725305e-07,0,0,0,0,0,0,0,6.30708105450611e-07,0,3.15354052725305e-07,0,0,0,0,0,9.46062158175916e-07,0,0,0,0,9.46062158175916e-07,0,0,0,3.15354052725305e-07,0,0,0,9.46062158175916e-07,0,0,6.30708105450611e-07,0,0,0,0,3.15354052725305e-07,3.15354052725305e-07,3.15354052725305e-07,0,0,0,0,0,6.30708105450611e-07,0,2.52283242180244e-06,1,0,6.30708105450611e-07,6.30708105450611e-07,0,0,6.30708105450611e-07,1.26141621090122e-06,0,0,0,0,0,3.15354052725305e-07
"52","21","grassAmbDry2_bin.5.orig",0,3.31269524197582e-07,3.31269524197582e-07,0,0,0,0,0,0,0,1.32507809679033e-06,6.62539048395165e-07,3.31269524197582e-07,0,0,0,0,1,0,0,0,6.62539048395165e-07,0,9.93808572592747e-07,0,1,3.31269524197582e-07,0,1,9.93808572592747e-07,0,0,0,0,6.62539048395165e-07,0,0,0,0,9.93808572592747e-07,0,0,1.32507809679033e-06,1,0,9.93808572592747e-07,0,0,1,0,0,6.62539048395165e-07,3.31269524197582e-07,0,0,0,0,1,9.93808572592747e-07,0,2.98142571777824e-06,1,0,6.62539048395165e-07,3.31269524197582e-07,3.31269524197582e-07,0,6.62539048395165e-07,1.32507809679033e-06,0,0,0,0,0,0
"53","10","grassAmbDry2_bin.6.orig",4.78564154396282e-07,0,0,0,0,0,0,4.78564154396282e-07,0,0,4.78564154396282e-07,2.39282077198141e-06,0,0,0,4.78564154396282e-07,1,0,1,1,0,0,0,0,0,1,0,0,0,1.91425661758513e-06,1,0,1,4.78564154396282e-07,2.39282077198141e-06,1,0,4.78564154396282e-07,4.78564154396282e-07,9.57128308792564e-07,0,9.57128308792564e-07,1.43569246318885e-06,0,4.78564154396282e-07,4.78564154396282e-07,4.78564154396282e-07,0,0,0,9.57128308792564e-07,9.57128308792564e-07,4.78564154396282e-07,0,0,0,0,1,4.78564154396282e-07,0,4.78564154396282e-06,1,0,0,0,0,0,2.87138492637769e-06,1.43569246318885e-06,0,0,0,0,0,4.78564154396282e-07
"54","23","grassAmbDry2_bin.7.orig",3.10513489948057e-07,3.10513489948057e-07,0,3.10513489948057e-07,1,0,0,0,0,1,1.55256744974029e-06,1.86308093968834e-06,3.10513489948057e-07,0,0,0,0,0,0,1,0,3.10513489948057e-07,3.10513489948057e-07,6.21026979896115e-07,0,1,6.21026979896115e-07,0,1,6.21026979896115e-07,1,0,0,3.10513489948057e-07,2.1735944296364e-06,0,0,3.10513489948057e-07,3.10513489948057e-07,9.31540469844172e-07,3.10513489948057e-07,1.24205395979223e-06,3.10513489948057e-07,1,6.21026979896115e-07,0,0,0,0,0,3.10513489948057e-07,3.10513489948057e-07,0,0,0,3.10513489948057e-07,0,0,0,0,1.86308093968834e-06,1,0,0,3.10513489948057e-07,0,0,9.31540469844172e-07,6.21026979896115e-07,0,3.10513489948057e-07,3.10513489948057e-07,0,0,3.10513489948057e-07
"55","11","grassAmbDry2_bin.8.orig",0,0,0,0,0,0,0,0,0,0,1.90586730780043e-06,3.81173461560086e-06,9.52933653900214e-07,0,1,0,0,0,0,0,0,1.90586730780043e-06,0,0,0,1,0,0,0,0,1,0,0,0,5.71760192340129e-06,0,0,0,0,2.85880096170064e-06,0,9.52933653900214e-07,0,0,0,0,0,0,1,0,0,0,9.52933653900214e-07,0,0,0,0,1,0,0,9.52933653900214e-07,1,0,0,0,0,0,1.90586730780043e-06,9.52933653900214e-07,0,9.52933653900214e-07,0,0,0,0
"56","8","grassAmbDry2_bin.9.strict",3.50684009159866e-07,7.01368018319733e-07,0,0,0,0,0,0,0,0,3.50684009159866e-07,1.40273603663947e-06,0,0,0,0,1,0,0,0,0,3.50684009159866e-07,0,1.0520520274796e-06,0,1,0,1,0,1.0520520274796e-06,0,0,0,0,3.50684009159866e-07,0,0,0,3.50684009159866e-07,1.0520520274796e-06,0,0,1.0520520274796e-06,1,0,7.01368018319733e-07,0,0,1,0,3.50684009159866e-07,7.01368018319733e-07,3.50684009159866e-07,0,0,0,0,1,7.01368018319733e-07,0,2.80547207327893e-06,1,0,3.50684009159866e-07,3.50684009159866e-07,0,0,1.0520520274796e-06,1.0520520274796e-06,0,0,0,0,0,0
"57","21","grassAmbWet1_bin.1.strict",0,3.44466786942986e-07,0,0,0,0,0,0,0,0,8.61166967357466e-07,6.88933573885973e-07,1.72233393471493e-07,0,0,0,0,1,0,0,0,3.44466786942986e-07,0,6.88933573885973e-07,0,1,1.72233393471493e-07,0,1,8.61166967357466e-07,0,0,0,0,8.61166967357466e-07,1,0,0,1.72233393471493e-07,8.61166967357466e-07,0,0,1.03340036082896e-06,1,0,5.1670018041448e-07,0,0,1,0,1.72233393471493e-07,3.44466786942986e-07,1.72233393471493e-07,0,0,0,0,1,5.1670018041448e-07,0,2.06680072165792e-06,1,0,3.44466786942986e-07,1.72233393471493e-07,1.72233393471493e-07,0,6.88933573885973e-07,6.88933573885973e-07,0,0,0,0,0,0
"58","16","grassAmbWet1_bin.10.orig",1.03566895670334e-06,5.17834478351671e-07,5.17834478351671e-07,0,1,0,0,5.17834478351671e-07,0,0,1.03566895670334e-06,2.07133791340668e-06,0,0,0,5.17834478351671e-07,0,1,0,1,0,5.17834478351671e-07,5.17834478351671e-07,3.62484134846169e-06,0,0,1.03566895670334e-06,0,1,5.17834478351671e-07,0,0,0,0,5.69617926186838e-06,0,0,0,0,5.17834478351671e-07,5.17834478351671e-07,1.03566895670334e-06,5.17834478351671e-07,0,5.17834478351671e-07,5.17834478351671e-07,0,0,0,0,1.55350343505501e-06,5.17834478351671e-07,5.17834478351671e-07,0,0,0,5.17834478351671e-07,1,5.17834478351671e-07,1,2.07133791340668e-06,0,0,5.17834478351671e-07,5.17834478351671e-07,0,0,3.10700687011002e-06,5.17834478351671e-07,0,1.03566895670334e-06,0,5.17834478351671e-07,0,1.03566895670334e-06
"59","10","grassAmbWet1_bin.11.orig",4.34173444475946e-07,0,4.34173444475946e-07,4.34173444475946e-07,0,0,0,0,0,0,1.30252033342784e-06,3.03921411133162e-06,4.34173444475946e-07,0,0,4.34173444475946e-07,0,0,0,0,0,0,0,1.30252033342784e-06,0,1,4.34173444475946e-07,0,0,8.68346888951892e-07,0,0,0,0,3.47338755580757e-06,0,0,4.34173444475946e-07,0,8.68346888951892e-07,0,1.30252033342784e-06,1.30252033342784e-06,1,0,8.68346888951892e-07,4.34173444475946e-07,0,0,0,0,4.34173444475946e-07,4.34173444475946e-07,1,0,4.34173444475946e-07,0,0,8.68346888951892e-07,0,3.03921411133162e-06,1,0,0,4.34173444475946e-07,0,0,2.17086722237973e-06,1.30252033342784e-06,0,4.34173444475946e-07,4.34173444475946e-07,0,0,8.68346888951892e-07
"60","8","grassAmbWet1_bin.12.strict",0,1.57041612415333e-07,0,0,0,0,0,0,0,0,6.28166449661332e-07,9.42249674491998e-07,1.57041612415333e-07,0,0,0,1,1,1,0,0,3.14083224830666e-07,0,6.28166449661332e-07,0,0,0,1,1,4.71124837245999e-07,0,0,1,0,7.85208062076665e-07,1,0,0,3.14083224830666e-07,6.28166449661332e-07,0,0,7.85208062076665e-07,1,0,4.71124837245999e-07,0,0,1,0,1.57041612415333e-07,3.14083224830666e-07,1.57041612415333e-07,0,0,0,0,1,4.71124837245999e-07,0,1.57041612415333e-06,0,0,3.14083224830666e-07,4.71124837245999e-07,1.57041612415333e-07,0,7.85208062076665e-07,6.28166449661332e-07,0,0,0,0,0,4.71124837245999e-07
"61","15","grassAmbWet1_bin.13.orig",0,5.66207330969418e-07,2.83103665484709e-07,0,0,0,0,0,0,0,2.83103665484709e-07,1.13241466193884e-06,0,0,0,0,1,1,0,0,0,5.66207330969418e-07,0,2.83103665484709e-07,0,1,0,0,0,1.13241466193884e-06,0,0,0,0,1.41551832742354e-06,1,0,0,2.83103665484709e-07,8.49310996454127e-07,0,0,1.41551832742354e-06,0,0,8.49310996454127e-07,0,0,0,0,2.83103665484709e-07,5.66207330969418e-07,2.83103665484709e-07,0,0,0,0,1,8.49310996454127e-07,0,2.26482932387767e-06,1,0,5.66207330969418e-07,2.83103665484709e-07,0,0,8.49310996454127e-07,1.13241466193884e-06,0,0,0,0,0,0
"62","23","grassAmbWet1_bin.14.orig",0,0,3.38672620079764e-07,3.38672620079764e-07,1,0,0,0,0,0,1.35469048031906e-06,2.70938096063811e-06,3.38672620079764e-07,0,0,0,0,0,0,0,0,0,0,1.01601786023929e-06,0,1,1.01601786023929e-06,0,1,1.01601786023929e-06,0,0,1,3.38672620079764e-07,2.03203572047859e-06,0,1,3.38672620079764e-07,6.77345240159528e-07,1.01601786023929e-06,3.38672620079764e-07,6.77345240159528e-07,6.77345240159528e-07,1,3.38672620079764e-07,0,0,0,0,0,3.38672620079764e-07,3.38672620079764e-07,3.38672620079764e-07,1,0,3.38672620079764e-07,0,1,0,0,2.37070834055835e-06,0,0,0,3.38672620079764e-07,0,0,2.70938096063811e-06,6.77345240159528e-07,0,3.38672620079764e-07,0,0,0,0
"63","21","grassAmbWet1_bin.15.orig",2.61210638168934e-07,5.22421276337869e-07,0,0,0,0,0,0,0,0,1.04484255267574e-06,1.56726382901361e-06,2.61210638168934e-07,0,0,0,1,1,1,0,0,5.22421276337869e-07,0,1.04484255267574e-06,0,1,0,0,1,1.04484255267574e-06,0,0,0,0,7.83631914506803e-07,0,0,2.61210638168934e-07,2.61210638168934e-07,1.04484255267574e-06,0,2.61210638168934e-07,7.83631914506803e-07,1,5.22421276337869e-07,2.61210638168934e-07,0,0,0,0,0,5.22421276337869e-07,2.61210638168934e-07,0,0,0,0,1,2.61210638168934e-07,0,2.08968510535147e-06,1,0,2.61210638168934e-07,2.61210638168934e-07,0,0,7.83631914506803e-07,1.04484255267574e-06,0,0,0,0,0,2.61210638168934e-07
"64","3","grassAmbWet1_bin.16.orig",0,4.17668723545907e-07,0,4.17668723545907e-07,0,0,0,0,0,0,1.25300617063772e-06,2.08834361772954e-06,0,0,1,0,1,1,0,0,0,8.35337447091814e-07,0,8.35337447091814e-07,0,1,4.17668723545907e-07,0,0,4.17668723545907e-07,1,0,0,0,8.35337447091814e-07,0,0,4.17668723545907e-07,8.35337447091814e-07,8.35337447091814e-07,0,4.17668723545907e-07,0,0,8.35337447091814e-07,8.35337447091814e-07,0,0,0,0,4.17668723545907e-07,4.17668723545907e-07,4.17668723545907e-07,1,0,0,0,1,8.35337447091814e-07,0,2.50601234127544e-06,1,0,4.17668723545907e-07,4.17668723545907e-07,0,0,2.92368106482135e-06,4.17668723545907e-07,0,4.17668723545907e-07,0,4.17668723545907e-07,4.17668723545907e-07,0
"65","28","grassAmbWet1_bin.17.orig",2.08484571516254e-07,4.16969143032508e-07,2.08484571516254e-07,0,0,0,0,0,0,0,8.33938286065016e-07,8.33938286065016e-07,2.08484571516254e-07,2.08484571516254e-07,0,0,1,0,0,0,0,4.16969143032508e-07,0,4.16969143032508e-07,0,1,0,0,0,6.25453714548762e-07,0,0,1,0,1.04242285758127e-06,1,0,0,0,1.04242285758127e-06,0,2.08484571516254e-07,1.25090742909752e-06,1,0,6.25453714548762e-07,0,0,1,0,2.08484571516254e-07,2.08484571516254e-07,2.08484571516254e-07,0,0,0,0,1,6.25453714548762e-07,0,1.66787657213003e-06,1,0,4.16969143032508e-07,4.16969143032508e-07,0,0,6.25453714548762e-07,8.33938286065016e-07,0,0,0,0,0,2.08484571516254e-07
"66","28","grassAmbWet1_bin.18.strict",3.00000480000768e-07,6.00000960001536e-07,3.00000480000768e-07,0,0,0,0,0,0,0,1.20000192000307e-06,1.20000192000307e-06,3.00000480000768e-07,0,0,0,1,0,0,0,0,6.00000960001536e-07,0,3.00000480000768e-07,1,0,0,0,1,6.00000960001536e-07,0,0,1,0,9.00001440002304e-07,1,0,0,3.00000480000768e-07,1.50000240000384e-06,0,0,2.10000336000538e-06,1,0,9.00001440002304e-07,0,0,0,0,3.00000480000768e-07,3.00000480000768e-07,3.00000480000768e-07,0,0,0,0,1,9.00001440002304e-07,0,3.00000480000768e-06,1,0,6.00000960001536e-07,3.00000480000768e-07,3.00000480000768e-07,0,6.00000960001536e-07,6.00000960001536e-07,0,0,0,0,0,0
"67","9","grassAmbWet1_bin.19.orig",0,1.8766422965898e-07,1.8766422965898e-07,1.8766422965898e-07,0,0,0,0,0,0,1.12598537795388e-06,1.68897806693082e-06,1.8766422965898e-07,0,1,0,1,0,0,1,1,3.75328459317961e-07,1.8766422965898e-07,1.50131383727184e-06,0,1,3.75328459317961e-07,0,1,3.75328459317961e-07,1,1,0,0,2.06430652624878e-06,1,0,0,3.75328459317961e-07,7.50656918635921e-07,1.8766422965898e-07,5.62992688976941e-07,3.75328459317961e-07,0,3.75328459317961e-07,7.50656918635921e-07,0,0,1,1,3.75328459317961e-07,1.8766422965898e-07,1.8766422965898e-07,0,1,0,0,1,7.50656918635921e-07,0,9.38321148294902e-07,1,1,3.75328459317961e-07,3.75328459317961e-07,0,1,7.50656918635921e-07,3.75328459317961e-07,0,3.75328459317961e-07,0,1.8766422965898e-07,0,5.62992688976941e-07
"68","10","grassAmbWet1_bin.2.orig",6.76363464198391e-07,6.76363464198391e-07,0,0,0,0,0,0,0,0,1.35272692839678e-06,2.70545385679356e-06,0,0,0,6.76363464198391e-07,0,0,0,1,0,0,0,6.76363464198391e-07,0,1,0,0,0,2.70545385679356e-06,1,0,0,6.76363464198391e-07,5.41090771358713e-06,0,0,6.76363464198391e-07,6.76363464198391e-07,2.70545385679356e-06,0,1.35272692839678e-06,1.35272692839678e-06,0,6.76363464198391e-07,6.76363464198391e-07,6.76363464198391e-07,0,0,0,6.76363464198391e-07,1.35272692839678e-06,0,0,0,0,0,0,6.76363464198391e-07,1,2.70545385679356e-06,1,0,0,6.76363464198391e-07,0,0,4.05818078519035e-06,6.76363464198391e-07,0,0,0,0,0,1.35272692839678e-06
"69","27","grassAmbWet1_bin.20.orig",6.97676284483086e-07,6.97676284483086e-07,3.48838142241543e-07,3.48838142241543e-07,1,0,0,0,1,0,2.09302885344926e-06,1.74419071120772e-06,3.48838142241543e-07,0,1,0,1,0,0,0,1,6.97676284483086e-07,1.04651442672463e-06,2.09302885344926e-06,0,1,6.97676284483086e-07,0,0,6.97676284483086e-07,0,0,0,3.48838142241543e-07,2.79070513793235e-06,1,0,0,6.97676284483086e-07,1.39535256896617e-06,3.48838142241543e-07,2.09302885344926e-06,6.97676284483086e-07,1,3.48838142241543e-07,1.04651442672463e-06,3.48838142241543e-07,1,1,0,3.48838142241543e-07,3.48838142241543e-07,3.48838142241543e-07,0,1,0,0,1,1.04651442672463e-06,0,1.39535256896617e-06,1,0,1.04651442672463e-06,6.97676284483086e-07,0,1,3.48838142241543e-06,6.97676284483086e-07,0,3.48838142241543e-07,0,3.48838142241543e-07,3.48838142241543e-07,3.48838142241543e-07
"70","29","grassAmbWet1_bin.21.strict",0,1.89786056076845e-07,0,1.89786056076845e-07,1,0,0,0,1,0,1.13871633646107e-06,1.51828844861476e-06,1.89786056076845e-07,0,0,0,0,1,0,1,1,0,5.69358168230535e-07,1.32850239253792e-06,0,0,0,0,1,1.89786056076845e-07,0,1,0,0,7.59144224307381e-07,1,0,1.89786056076845e-07,1.89786056076845e-07,1.89786056076845e-07,1.89786056076845e-07,1.89786056076845e-07,0,1,0,5.69358168230535e-07,1.89786056076845e-07,0,0,0,1.89786056076845e-07,3.7957211215369e-07,1.89786056076845e-07,0,1,0,0,0,5.69358168230535e-07,0,1.51828844861476e-06,1,1,3.7957211215369e-07,1.89786056076845e-07,0,0,1.13871633646107e-06,3.7957211215369e-07,0,1.89786056076845e-07,0,1.89786056076845e-07,0,0
"71","23","grassAmbWet1_bin.22.orig",3.30578403114577e-07,0,3.30578403114577e-07,3.30578403114577e-07,1,0,0,0,0,0,1.32231361245831e-06,2.9752056280312e-06,3.30578403114577e-07,0,1,0,0,0,0,1,0,3.30578403114577e-07,0,9.91735209343732e-07,0,1,3.30578403114577e-07,0,1,3.30578403114577e-07,1,0,1,0,2.31404882180204e-06,1,0,3.30578403114577e-07,3.30578403114577e-07,9.91735209343732e-07,3.30578403114577e-07,9.91735209343732e-07,0,0,3.30578403114577e-07,0,0,0,0,0,3.30578403114577e-07,3.30578403114577e-07,3.30578403114577e-07,0,0,3.30578403114577e-07,0,0,0,0,1.98347041868746e-06,1,0,3.30578403114577e-07,3.30578403114577e-07,0,0,1.98347041868746e-06,9.91735209343732e-07,0,0,3.30578403114577e-07,0,0,0
"72","28","grassAmbWet1_bin.23.orig",0,4.87550638228163e-07,2.43775319114082e-07,0,0,0,0,0,0,0,9.75101276456326e-07,1.21887659557041e-06,2.43775319114082e-07,0,0,0,1,0,0,0,0,4.87550638228163e-07,0,9.75101276456326e-07,0,0,0,0,1,4.87550638228163e-07,0,0,1,0,1.46265191468449e-06,1,0,0,4.87550638228163e-07,1.21887659557041e-06,0,0,9.75101276456326e-07,1,0,4.87550638228163e-07,0,0,0,0,2.43775319114082e-07,2.43775319114082e-07,2.43775319114082e-07,0,0,0,0,1,4.87550638228163e-07,0,1.95020255291265e-06,1,0,4.87550638228163e-07,7.31325957342244e-07,0,0,9.75101276456326e-07,1.21887659557041e-06,0,0,0,0,0,7.31325957342244e-07
"73","18","grassAmbWet1_bin.24.orig",1.99495674933767e-07,1.99495674933767e-07,0,1.99495674933767e-07,1,0,0,0,0,0,5.98487024801302e-07,2.39394809920521e-06,0,0,1,0,1,0,0,0,0,1.99495674933767e-07,1.99495674933767e-07,1.1969740496026e-06,1,1,1.99495674933767e-07,0,1,5.98487024801302e-07,1,0,0,0,1.39646972453637e-06,1,0,0,0,5.98487024801302e-07,1.99495674933767e-07,3.98991349867535e-07,3.98991349867535e-07,1,1.99495674933767e-07,5.98487024801302e-07,0,0,0,0,0,1.99495674933767e-07,1.99495674933767e-07,0,0,0,0,1,5.98487024801302e-07,0,1.79546107440391e-06,1,0,3.98991349867535e-07,5.98487024801302e-07,0,0,1.79546107440391e-06,3.98991349867535e-07,0,3.98991349867535e-07,1.99495674933767e-07,1.99495674933767e-07,0,1.99495674933767e-07
"74","30","grassAmbWet1_bin.25.orig",3.92290395318877e-07,0,1.96145197659439e-07,1.96145197659439e-07,0,0,0,0,1,0,7.84580790637754e-07,1.56916158127551e-06,0,0,1,0,0,0,0,0,1,1.96145197659439e-07,1.96145197659439e-07,2.15759717425382e-06,1,1,1.96145197659439e-07,0,1,3.92290395318877e-07,0,0,0,1.96145197659439e-07,2.15759717425382e-06,0,0,0,1.96145197659439e-07,3.92290395318877e-07,0,7.84580790637754e-07,7.84580790637754e-07,0,1.96145197659439e-07,5.88435592978316e-07,0,0,0,0,1.96145197659439e-07,3.92290395318877e-07,1.96145197659439e-07,0,1,1.96145197659439e-07,1.96145197659439e-07,1,5.88435592978316e-07,0,1.96145197659439e-06,1,0,7.84580790637754e-07,5.88435592978316e-07,0,0,1.17687118595663e-06,5.88435592978316e-07,0,3.92290395318877e-07,0,0,0,1.96145197659439e-07
"75","12","grassAmbWet1_bin.26.orig",2.39382030500622e-07,0,2.39382030500622e-07,2.39382030500622e-07,1,0,2.39382030500622e-07,2.39382030500622e-07,0,0,9.57528122002488e-07,2.39382030500622e-06,2.39382030500622e-07,0,0,0,0,0,0,0,1,2.39382030500622e-07,2.39382030500622e-07,1.43629218300373e-06,0,1,2.39382030500622e-07,0,1,4.78764061001244e-07,1,0,1,2.39382030500622e-07,2.39382030500622e-06,1,1,2.39382030500622e-07,2.39382030500622e-07,1.19691015250311e-06,0,9.57528122002488e-07,7.18146091501866e-07,1,2.39382030500622e-07,4.78764061001244e-07,2.39382030500622e-07,0,1,1,2.39382030500622e-07,4.78764061001244e-07,2.39382030500622e-07,1,1,0,0,1,4.78764061001244e-07,1,2.1544382745056e-06,1,0,0,4.78764061001244e-07,0,0,1.67567421350435e-06,7.18146091501866e-07,0,0,2.39382030500622e-07,0,0,2.39382030500622e-07
"76","2","grassAmbWet1_bin.27.orig",0,6.08587350085917e-07,3.04293675042959e-07,3.04293675042959e-07,1,0,0,0,1,0,1.52146837521479e-06,2.73864307538663e-06,3.04293675042959e-07,0,1,0,1,0,0,1,1,6.08587350085917e-07,6.08587350085917e-07,1.21717470017183e-06,1,1,0,0,0,3.04293675042959e-07,1,0,0,0,3.04293675042959e-06,1,0,0,3.04293675042959e-07,1.21717470017183e-06,3.04293675042959e-07,1.52146837521479e-06,3.04293675042959e-07,0,0,9.12881025128876e-07,0,0,0,1,3.04293675042959e-07,3.04293675042959e-07,3.04293675042959e-07,0,1,0,0,1,9.12881025128876e-07,1,1.21717470017183e-06,1,0,3.04293675042959e-07,9.12881025128876e-07,0,1,9.12881025128876e-07,6.08587350085917e-07,0,3.04293675042959e-07,3.04293675042959e-07,3.04293675042959e-07,0,6.08587350085917e-07
"77","27","grassAmbWet1_bin.28.orig",6.55845650661191e-07,0,0,0,0,0,0,0,1,0,2.62338260264476e-06,3.27922825330595e-06,0,0,0,0,0,0,0,1,1,6.55845650661191e-07,6.55845650661191e-07,1.31169130132238e-06,0,1,0,0,0,2.62338260264476e-06,1,0,0,0,3.93507390396714e-06,0,0,0,6.55845650661191e-07,1.31169130132238e-06,6.55845650661191e-07,1.96753695198357e-06,6.55845650661191e-07,1,0,6.55845650661191e-07,0,0,1,0,6.55845650661191e-07,1.31169130132238e-06,6.55845650661191e-07,0,1,0,0,1,6.55845650661191e-07,0,1.96753695198357e-06,1,0,1.31169130132238e-06,6.55845650661191e-07,0,0,1.96753695198357e-06,1.31169130132238e-06,0,6.55845650661191e-07,0,6.55845650661191e-07,0,6.55845650661191e-07
"78","7","grassAmbWet1_bin.29.orig",3.49344734082282e-07,3.49344734082282e-07,3.49344734082282e-07,3.49344734082282e-07,0,0,0,0,0,0,6.98689468164564e-07,1.74672367041141e-06,0,0,0,3.49344734082282e-07,0,0,1,0,0,0,0,1.39737893632913e-06,0,1,0,0,0,1.39737893632913e-06,1,0,1,3.49344734082282e-07,3.14410260674054e-06,1,0,3.49344734082282e-07,3.49344734082282e-07,6.98689468164564e-07,0,0,6.98689468164564e-07,1,3.49344734082282e-07,0,3.49344734082282e-07,0,1,0,3.49344734082282e-07,1.04803420224685e-06,3.49344734082282e-07,1,0,0,0,0,0,0,3.14410260674054e-06,1,0,0,1.04803420224685e-06,0,0,2.79475787265826e-06,6.98689468164564e-07,0,0,0,0,0,1.04803420224685e-06
"79","8","grassAmbWet1_bin.3.orig",2.65348204508107e-07,5.30696409016214e-07,2.65348204508107e-07,0,0,0,0,0,0,0,1.06139281803243e-06,1.06139281803243e-06,2.65348204508107e-07,0,0,0,1,1,0,0,0,5.30696409016214e-07,0,5.30696409016214e-07,0,1,2.65348204508107e-07,1,0,1.06139281803243e-06,0,0,0,0,1.06139281803243e-06,1,0,0,2.65348204508107e-07,1.32674102254053e-06,0,0,1.59208922704864e-06,1,0,5.30696409016214e-07,0,0,1,0,2.65348204508107e-07,5.30696409016214e-07,2.65348204508107e-07,0,0,0,0,1,5.30696409016214e-07,0,2.12278563606485e-06,1,0,5.30696409016214e-07,2.65348204508107e-07,0,0,7.9604461352432e-07,1.06139281803243e-06,0,0,0,0,0,0
"80","15","grassAmbWet1_bin.30.orig",0,6.89971131607854e-07,0,0,1,0,0,0,0,0,1.03495669741178e-06,1.03495669741178e-06,3.44985565803927e-07,0,0,0,0,0,0,0,0,6.89971131607854e-07,0,6.89971131607854e-07,0,0,0,0,0,1.03495669741178e-06,0,0,0,0,1.03495669741178e-06,1,0,0,3.44985565803927e-07,6.89971131607854e-07,0,0,1.37994226321571e-06,1,0,6.89971131607854e-07,0,0,0,0,3.44985565803927e-07,6.89971131607854e-07,3.44985565803927e-07,0,0,0,0,1,6.89971131607854e-07,0,3.10487009223534e-06,1,0,6.89971131607854e-07,3.44985565803927e-07,0,0,6.89971131607854e-07,1.03495669741178e-06,0,0,0,0,0,0
"81","31","grassAmbWet1_bin.31.strict",1.20242312307763e-06,0,1.20242312307763e-06,0,0,0,0,0,0,0,0,0,0,0,0,0,0,0,0,0,0,0,0,0,0,0,0,0,0,3.60726936923288e-06,0,0,0,0,0,0,0,0,0,2.40484624615525e-06,0,0,1.20242312307763e-06,0,0,0,0,0,0,0,0,1.20242312307763e-06,0,0,0,0,0,1,0,0,4.8096924923105e-06,0,0,0,1.20242312307763e-06,0,0,0,1.20242312307763e-06,0,0,0,0,0,0
"82","2","grassAmbWet1_bin.32.strict",0,3.35145464861841e-07,3.35145464861841e-07,3.35145464861841e-07,1,0,0,0,1,0,2.01087278917105e-06,2.01087278917105e-06,3.35145464861841e-07,0,1,0,0,0,0,0,1,6.70290929723683e-07,3.35145464861841e-07,2.01087278917105e-06,1,1,0,0,1,3.35145464861841e-07,1,0,0,0,2.68116371889473e-06,1,0,0,0,1.34058185944737e-06,3.35145464861841e-07,1.34058185944737e-06,0,1,0,1.00543639458552e-06,3.35145464861841e-07,0,1,0,6.70290929723683e-07,3.35145464861841e-07,3.35145464861841e-07,0,1,0,0,1,1.00543639458552e-06,0,1.00543639458552e-06,1,0,6.70290929723683e-07,1.00543639458552e-06,0,0,2.68116371889473e-06,6.70290929723683e-07,0,0,3.35145464861841e-07,3.35145464861841e-07,0,1.00543639458552e-06
"83","18","grassAmbWet1_bin.33.orig",4.61492063836351e-07,2.30746031918176e-07,0,2.30746031918176e-07,1,0,0,0,0,0,1.15373015959088e-06,1.61522222342723e-06,2.30746031918176e-07,0,1,0,1,0,0,1,0,4.61492063836351e-07,0,0,0,0,2.30746031918176e-07,0,1,4.61492063836351e-07,0,0,0,0,1.61522222342723e-06,1,0,0,2.30746031918176e-07,2.30746031918176e-07,2.30746031918176e-07,9.22984127672702e-07,0,0,2.30746031918176e-07,9.22984127672702e-07,0,0,0,0,0,2.30746031918176e-07,2.30746031918176e-07,0,0,0,0,1,9.22984127672702e-07,0,1.15373015959088e-06,1,0,6.92238095754527e-07,6.92238095754527e-07,0,0,2.07671428726358e-06,4.61492063836351e-07,0,2.30746031918176e-07,2.30746031918176e-07,2.30746031918176e-07,0,9.22984127672702e-07
"84","7","grassAmbWet1_bin.34.orig",8.50800262727121e-07,0,0,4.25400131363561e-07,0,0,0,0,0,0,8.50800262727121e-07,2.55240078818136e-06,0,4.25400131363561e-07,0,4.25400131363561e-07,0,0,0,0,0,0,0,8.50800262727121e-07,1,1,0,0,1,1.70160052545424e-06,1,0,1,4.25400131363561e-07,2.97780091954492e-06,0,0,0,4.25400131363561e-07,1.27620039409068e-06,4.25400131363561e-07,1.27620039409068e-06,8.50800262727121e-07,0,4.25400131363561e-07,0,4.25400131363561e-07,0,1,0,4.25400131363561e-07,8.50800262727121e-07,4.25400131363561e-07,0,0,4.25400131363561e-07,0,0,0,0,3.40320105090848e-06,1,0,0,1.27620039409068e-06,0,0,1.27620039409068e-06,1.27620039409068e-06,0,0,0,0,0,8.50800262727121e-07
"85","14","grassAmbWet1_bin.35.orig",6.291282610077e-07,4.194188406718e-07,2.097094203359e-07,0,1,0,0,0,1,0,1.2582565220154e-06,2.3068036236949e-06,2.097094203359e-07,2.097094203359e-07,0,0,1,0,0,1,1,4.194188406718e-07,4.194188406718e-07,1.8873847830231e-06,1,1,2.097094203359e-07,0,1,2.097094203359e-07,1,0,0,2.097094203359e-07,6.9204108710847e-06,0,0,2.097094203359e-07,4.194188406718e-07,8.388376813436e-07,2.097094203359e-07,6.291282610077e-07,0,1,2.097094203359e-07,8.388376813436e-07,0,0,1,1,2.097094203359e-07,2.097094203359e-07,2.097094203359e-07,1,1,0,0,1,8.388376813436e-07,0,8.388376813436e-07,1,0,8.388376813436e-07,8.388376813436e-07,0,0,2.5165130440308e-06,4.194188406718e-07,0,4.194188406718e-07,2.097094203359e-07,2.097094203359e-07,0,8.388376813436e-07
"86","13","grassAmbWet1_bin.36.orig",2.96654391107963e-07,2.96654391107963e-07,0,2.96654391107963e-07,1,0,0,0,1,0,1.18661756443185e-06,1.77992634664778e-06,2.96654391107963e-07,0,1,0,0,1,0,1,1,2.96654391107963e-07,0,5.93308782215925e-07,1,1,2.96654391107963e-07,0,1,8.89963173323888e-07,0,0,0,0,1.48327195553981e-06,1,0,2.96654391107963e-07,2.96654391107963e-07,5.93308782215925e-07,0,8.89963173323888e-07,1.18661756443185e-06,0,2.96654391107963e-07,8.89963173323888e-07,0,1,0,0,0,5.93308782215925e-07,2.96654391107963e-07,1,1,0,0,1,8.89963173323888e-07,0,2.3732351288637e-06,1,0,2.96654391107963e-07,2.96654391107963e-07,0,0,1.77992634664778e-06,1.18661756443185e-06,0,0,0,2.96654391107963e-07,0,0
"87","32","grassAmbWet1_bin.37.orig",3.65173945131154e-07,3.65173945131154e-07,3.65173945131154e-07,3.65173945131154e-07,1,1,0,7.30347890262308e-07,0,0,1.46069578052462e-06,2.19104367078692e-06,3.65173945131154e-07,0,0,0,1,0,1,0,0,3.65173945131154e-07,0,3.65173945131154e-07,0,1,1.46069578052462e-06,0,0,7.30347890262308e-07,1,0,1,3.65173945131154e-07,3.65173945131154e-06,1,1,3.65173945131154e-07,3.65173945131154e-07,1.09552183539346e-06,0,1.46069578052462e-06,7.30347890262308e-07,1,3.65173945131154e-07,3.65173945131154e-07,3.65173945131154e-07,0,1,1,7.30347890262308e-07,3.65173945131154e-07,3.65173945131154e-07,0,0,3.65173945131154e-07,0,1,3.65173945131154e-07,0,3.28656550618039e-06,1,0,0,7.30347890262308e-07,0,0,2.55621761591808e-06,1.09552183539346e-06,0,0,0,0,0,1.09552183539346e-06
"88","25","grassAmbWet1_bin.38.orig",0,6.09569881395988e-07,0,6.09569881395988e-07,0,0,0,0,0,0,2.43827952558395e-06,1.82870964418796e-06,6.09569881395988e-07,0,1,0,1,0,0,1,1,0,0,1.21913976279198e-06,1,0,0,0,1,6.09569881395988e-07,1,0,0,0,1.21913976279198e-06,1,0,6.09569881395988e-07,6.09569881395988e-07,1.21913976279198e-06,0,1.21913976279198e-06,1.21913976279198e-06,0,0,1.21913976279198e-06,0,0,0,0,0,6.09569881395988e-07,6.09569881395988e-07,0,1,0,0,1,1.21913976279198e-06,0,1.82870964418796e-06,1,0,0,1.21913976279198e-06,0,0,4.26698916977192e-06,1.21913976279198e-06,0,0,6.09569881395988e-07,6.09569881395988e-07,0,1.21913976279198e-06
"89","19","grassAmbWet1_bin.39.orig",3.74036901732651e-07,0,3.74036901732651e-07,3.74036901732651e-07,1,0,0,3.74036901732651e-07,0,0,7.48073803465302e-07,2.61825831212856e-06,0,0,0,3.74036901732651e-07,0,0,0,0,0,3.74036901732651e-07,0,3.74036901732651e-07,1,1,3.74036901732651e-07,0,1,3.74036901732651e-07,1,0,0,3.74036901732651e-07,2.24422141039591e-06,0,0,3.74036901732651e-07,0,3.74036901732651e-07,0,3.74036901732651e-07,1.12211070519795e-06,0,0,7.48073803465302e-07,3.74036901732651e-07,0,0,1,3.74036901732651e-07,3.74036901732651e-07,3.74036901732651e-07,1,0,3.74036901732651e-07,0,1,7.48073803465302e-07,0,1.87018450866326e-06,1,0,0,3.74036901732651e-07,0,0,2.61825831212856e-06,7.48073803465302e-07,0,0,3.74036901732651e-07,0,0,0
"90","15","grassAmbWet1_bin.4.orig",0,0,3.51016244680788e-07,0,0,1,0,0,0,0,3.51016244680788e-07,1.05304873404236e-06,0,0,0,0,0,1,0,0,0,3.51016244680788e-07,0,7.02032489361575e-07,0,1,3.51016244680788e-07,0,0,1.40406497872315e-06,0,0,0,0,2.10609746808473e-06,1,0,0,0,0,0,0,1.75508122340394e-06,1,0,7.02032489361575e-07,0,0,0,0,3.51016244680788e-07,7.02032489361575e-07,3.51016244680788e-07,0,0,0,0,0,7.02032489361575e-07,0,3.51016244680788e-06,1,0,7.02032489361575e-07,3.51016244680788e-07,0,0,1.75508122340394e-06,1.40406497872315e-06,0,0,0,0,0,0
"91","4","grassAmbWet1_bin.41.strict",9.42104831773051e-07,0,0,4.71052415886525e-07,0,0,0,0,0,0,9.42104831773051e-07,1.41315724765958e-06,0,0,0,4.71052415886525e-07,1,0,1,0,0,4.71052415886525e-07,4.71052415886525e-07,9.42104831773051e-07,1,1,4.71052415886525e-07,0,0,4.71052415886525e-07,1,0,0,4.71052415886525e-07,4.71052415886525e-06,1,0,4.71052415886525e-07,4.71052415886525e-07,1.8842096635461e-06,4.71052415886525e-07,1.41315724765958e-06,4.71052415886525e-07,1,4.71052415886525e-07,0,4.71052415886525e-07,0,0,0,4.71052415886525e-07,4.71052415886525e-07,4.71052415886525e-07,0,0,4.71052415886525e-07,0,1,0,0,2.35526207943263e-06,1,0,0,4.71052415886525e-07,0,0,2.35526207943263e-06,1.41315724765958e-06,0,4.71052415886525e-07,0,0,0,9.42104831773051e-07
"92","10","grassAmbWet1_bin.42.strict",0,0,0,5.2481702254509e-07,0,0,1.04963404509018e-06,0,0,0,1.04963404509018e-06,1.57445106763527e-06,0,0,0,5.2481702254509e-07,0,0,0,0,0,0,5.2481702254509e-07,1.57445106763527e-06,0,1,5.2481702254509e-07,0,0,5.2481702254509e-07,0,0,0,5.2481702254509e-07,1.57445106763527e-06,0,0,5.2481702254509e-07,0,1.57445106763527e-06,5.2481702254509e-07,1.57445106763527e-06,5.2481702254509e-07,1,0,5.2481702254509e-07,0,0,0,0,0,5.2481702254509e-07,5.2481702254509e-07,1,0,5.2481702254509e-07,0,1,5.2481702254509e-07,0,3.14890213527054e-06,1,0,0,5.2481702254509e-07,0,0,3.67371915781563e-06,1.04963404509018e-06,1,5.2481702254509e-07,0,0,0,0
"93","1","grassAmbWet1_bin.43.orig",0,2.69134305284963e-07,2.69134305284963e-07,0,0,0,0,0,1,0,0,5.38268610569927e-07,0,0,0,0,1,0,0,1,1,5.38268610569927e-07,0,5.38268610569927e-07,1,0,0,0,0,5.38268610569927e-07,0,0,0,0,1.34567152642482e-06,1,0,2.69134305284963e-07,5.38268610569927e-07,2.69134305284963e-07,0,0,1.61480583170978e-06,1,0,2.69134305284963e-07,0,0,0,0,2.69134305284963e-07,2.69134305284963e-07,2.69134305284963e-07,1,1,0,0,0,2.69134305284963e-07,0,2.15307444227971e-06,1,0,2.69134305284963e-07,2.69134305284963e-07,2.69134305284963e-07,0,5.38268610569927e-07,1.07653722113985e-06,0,0,0,0,0,0
"94","33","grassAmbWet1_bin.44.orig",0,4.18817293468628e-07,0,0,0,0,0,0,0,1,1.67526917387451e-06,4.60699022815491e-06,0,0,1,0,0,0,0,0,0,8.37634586937256e-07,4.18817293468628e-07,3.35053834774902e-06,0,1,0,0,1,1.25645188040588e-06,1,0,0,0,2.51290376081177e-06,1,0,0,4.18817293468628e-07,8.37634586937256e-07,4.18817293468628e-07,1.25645188040588e-06,4.18817293468628e-07,0,0,1.25645188040588e-06,4.18817293468628e-07,0,0,0,4.18817293468628e-07,4.18817293468628e-07,0,0,0,0,0,0,1.25645188040588e-06,0,1.67526917387451e-06,1,0,0,8.37634586937256e-07,0,0,2.51290376081177e-06,8.37634586937256e-07,0,4.18817293468628e-07,4.18817293468628e-07,4.18817293468628e-07,4.18817293468628e-07,8.37634586937256e-07
"95","28","grassAmbWet1_bin.45.orig",0,2.10471947562177e-07,2.10471947562177e-07,0,0,0,0,0,0,0,8.41887790248708e-07,1.05235973781089e-06,2.10471947562177e-07,0,0,0,1,0,0,1,0,4.20943895124354e-07,0,6.31415842686531e-07,1,0,0,0,1,6.31415842686531e-07,0,0,1,0,1.26283168537306e-06,1,0,2.10471947562177e-07,2.10471947562177e-07,8.41887790248708e-07,0,0,1.05235973781089e-06,0,0,6.31415842686531e-07,0,0,0,0,2.10471947562177e-07,2.10471947562177e-07,2.10471947562177e-07,0,0,0,0,1,6.31415842686531e-07,0,2.31519142318395e-06,1,0,4.20943895124354e-07,4.20943895124354e-07,2.10471947562177e-07,0,4.20943895124354e-07,6.31415842686531e-07,0,0,0,0,0,2.10471947562177e-07
"96","11","grassAmbWet1_bin.46.orig",4.834238786258e-07,0,0,4.834238786258e-07,0,0,0,4.834238786258e-07,0,0,1.9336955145032e-06,3.3839671503806e-06,4.834238786258e-07,0,0,4.834238786258e-07,1,0,0,0,0,0,0,9.668477572516e-07,0,1,0,0,0,1.4502716358774e-06,0,0,1,0,4.834238786258e-06,1,0,4.834238786258e-07,0,9.668477572516e-07,4.834238786258e-07,9.668477572516e-07,1.4502716358774e-06,1,4.834238786258e-07,4.834238786258e-07,0,0,0,0,4.834238786258e-07,9.668477572516e-07,4.834238786258e-07,1,0,0,0,0,4.834238786258e-07,1,3.3839671503806e-06,0,0,0,9.668477572516e-07,0,0,1.9336955145032e-06,9.668477572516e-07,0,0,0,0,0,9.668477572516e-07
"97","25","grassAmbWet1_bin.47.orig",0,9.45691312170338e-07,0,0,0,0,0,0,1,0,4.72845656085169e-07,1.41853696825551e-06,0,0,1,0,1,0,0,1,1,9.45691312170338e-07,0,1.41853696825551e-06,0,1,4.72845656085169e-07,0,1,0,0,0,0,0,2.83707393651101e-06,1,0,4.72845656085169e-07,4.72845656085169e-07,9.45691312170338e-07,0,1.41853696825551e-06,1.41853696825551e-06,0,4.72845656085169e-07,9.45691312170338e-07,0,0,0,1,0,0,4.72845656085169e-07,0,1,0,0,1,9.45691312170338e-07,0,2.36422828042584e-06,1,0,1.41853696825551e-06,9.45691312170338e-07,0,0,1.41853696825551e-06,1.41853696825551e-06,0,0,0,0,4.72845656085169e-07,4.72845656085169e-07
"98","3","grassAmbWet1_bin.48.orig",4.76291177753773e-07,3.17527451835848e-07,1.58763725917924e-07,1.58763725917924e-07,0,0,0,0,0,0,7.93818629589621e-07,1.27010980734339e-06,1.58763725917924e-07,0,1,0,0,0,0,1,0,1.58763725917924e-07,1.58763725917924e-07,1.42887353326132e-06,0,1,0,0,1,6.35054903671697e-07,1,0,1,0,1.74640098509717e-06,0,0,0,1.58763725917924e-07,6.35054903671697e-07,0,6.35054903671697e-07,7.93818629589621e-07,1,1.58763725917924e-07,4.76291177753773e-07,0,0,0,0,1.58763725917924e-07,1.58763725917924e-07,1.58763725917924e-07,1,0,1.58763725917924e-07,0,1,4.76291177753773e-07,0,1.74640098509717e-06,1,0,6.35054903671697e-07,7.93818629589621e-07,0,0,1.90516471101509e-06,4.76291177753773e-07,0,3.17527451835848e-07,0,0,0,6.35054903671697e-07
"99","15","grassAmbWet1_bin.49.orig",0,2.71666710586118e-07,2.71666710586118e-07,0,0,0,0,0,0,0,8.15000131758355e-07,1.08666684234447e-06,2.71666710586118e-07,0,0,0,0,0,0,0,0,5.43333421172236e-07,0,8.15000131758355e-07,0,0,0,0,1,1.08666684234447e-06,0,0,0,0,8.15000131758355e-07,1,0,0,2.71666710586118e-07,5.43333421172236e-07,0,0,1.35833355293059e-06,1,2.71666710586118e-07,8.15000131758355e-07,0,0,0,0,2.71666710586118e-07,2.71666710586118e-07,2.71666710586118e-07,0,0,0,0,1,8.15000131758355e-07,0,2.9883338164473e-06,1,0,5.43333421172236e-07,2.71666710586118e-07,2.71666710586118e-07,0,8.15000131758355e-07,8.15000131758355e-07,0,0,0,0,0,0
"100","29","grassAmbWet1_bin.5.orig",0,3.21861958555767e-07,0,3.21861958555767e-07,0,0,0,0,0,0,1.60930979277883e-06,3.21861958555767e-06,3.21861958555767e-07,0,1,0,0,0,0,1,1,0,3.21861958555767e-07,1.9311717513346e-06,0,1,3.21861958555767e-07,0,1,6.43723917111534e-07,0,1,0,0,1.60930979277883e-06,0,0,0,3.21861958555767e-07,6.43723917111534e-07,3.21861958555767e-07,6.43723917111534e-07,0,0,3.21861958555767e-07,6.43723917111534e-07,0,0,1,0,0,3.21861958555767e-07,3.21861958555767e-07,0,1,0,0,1,6.43723917111534e-07,0,1.28744783422307e-06,1,0,6.43723917111534e-07,3.21861958555767e-07,0,0,2.57489566844613e-06,3.21861958555767e-07,0,6.43723917111534e-07,0,0,0,0
"101","5","grassAmbWet1_bin.50.orig",3.9212272500198e-07,0,3.9212272500198e-07,0,1,0,7.8424545000396e-07,3.9212272500198e-07,0,0,3.9212272500198e-07,2.35273635001188e-06,0,0,0,0,0,0,0,0,0,3.9212272500198e-07,0,3.9212272500198e-07,0,1,0,1,0,7.8424545000396e-07,0,0,0,3.9212272500198e-07,2.74485907501386e-06,1,1,3.9212272500198e-07,0,3.9212272500198e-07,3.9212272500198e-07,1.56849090000792e-06,1.17636817500594e-06,1,3.9212272500198e-07,0,3.9212272500198e-07,1,1,0,0,3.9212272500198e-07,3.9212272500198e-07,1,0,0,0,0,0,0,3.52910452501782e-06,1,0,0,7.8424545000396e-07,0,0,2.35273635001188e-06,1.17636817500594e-06,0,0,3.9212272500198e-07,0,0,3.9212272500198e-07
"102","3","grassAmbWet1_bin.51.orig",7.3862062598098e-07,3.6931031299049e-07,3.6931031299049e-07,3.6931031299049e-07,0,0,0,3.6931031299049e-07,0,0,3.6931031299049e-07,2.21586187794294e-06,0,0,1,0,0,1,0,0,0,3.6931031299049e-07,3.6931031299049e-07,2.21586187794294e-06,0,0,0,0,1,1.10793093897147e-06,1,0,0,0,1.10793093897147e-06,1,0,3.6931031299049e-07,3.6931031299049e-07,1.10793093897147e-06,0,7.3862062598098e-07,1.47724125196196e-06,0,3.6931031299049e-07,3.6931031299049e-07,0,0,0,1,3.6931031299049e-07,3.6931031299049e-07,0,1,0,0,0,1,3.6931031299049e-07,0,3.32379281691441e-06,1,0,1.10793093897147e-06,0,0,0,1.47724125196196e-06,1.47724125196196e-06,0,0,0,0,0,0
"103","32","grassAmbWet1_bin.52.orig",4.56696077894083e-07,4.56696077894083e-07,4.56696077894083e-07,4.56696077894083e-07,1,0,4.56696077894083e-07,0,0,0,1.82678431157633e-06,1.82678431157633e-06,4.56696077894083e-07,4.56696077894083e-07,0,0,1,0,1,0,0,4.56696077894083e-07,0,1.37008823368225e-06,0,1,4.56696077894083e-07,0,1,9.13392155788166e-07,0,0,1,0,2.7401764673645e-06,1,1,4.56696077894083e-07,4.56696077894083e-07,1.37008823368225e-06,0,1.37008823368225e-06,1.37008823368225e-06,1,4.56696077894083e-07,0,0,0,1,1,4.56696077894083e-07,4.56696077894083e-07,4.56696077894083e-07,1,0,0,0,1,0,0,2.7401764673645e-06,1,0,0,9.13392155788166e-07,0,0,3.19687254525858e-06,1.37008823368225e-06,0,0,0,0,0,1.37008823368225e-06
"104","8","grassAmbWet1_bin.53.orig",3.77722386888198e-07,3.77722386888198e-07,3.77722386888198e-07,0,0,0,0,0,0,0,1.1331671606646e-06,1.51088954755279e-06,3.77722386888198e-07,0,0,0,1,0,0,0,0,3.77722386888198e-07,0,1.1331671606646e-06,0,1,0,0,0,1.51088954755279e-06,0,0,0,0,7.55444773776397e-07,0,0,0,0,7.55444773776397e-07,0,0,1.51088954755279e-06,1,3.77722386888198e-07,7.55444773776397e-07,0,0,1,0,3.77722386888198e-07,7.55444773776397e-07,3.77722386888198e-07,0,0,0,0,1,7.55444773776397e-07,0,2.64405670821739e-06,1,0,3.77722386888198e-07,0,0,0,1.51088954755279e-06,1.51088954755279e-06,0,0,0,0,0,0
"105","34","grassAmbWet1_bin.54.orig",9.5521612481236e-07,4.7760806240618e-07,4.7760806240618e-07,0,1,0,0,0,0,0,9.5521612481236e-07,1.43282418721854e-06,0,0,1,0,0,1,0,0,0,4.7760806240618e-07,0,1.43282418721854e-06,1,1,0,0,1,0,1,0,0,0,2.86564837443708e-06,0,0,4.7760806240618e-07,4.7760806240618e-07,4.7760806240618e-07,0,4.7760806240618e-07,1.43282418721854e-06,1,9.5521612481236e-07,4.7760806240618e-07,0,0,0,0,4.7760806240618e-07,0,4.7760806240618e-07,0,0,4.7760806240618e-07,0,1,4.7760806240618e-07,0,1.43282418721854e-06,1,0,9.5521612481236e-07,9.5521612481236e-07,0,0,3.34325643684326e-06,1.91043224962472e-06,0,0,4.7760806240618e-07,0,0,1.43282418721854e-06
"106","8","grassAmbWet1_bin.55.strict",0,0,2.29958961523726e-07,0,0,0,0,0,0,0,6.89876884571179e-07,9.19835846094906e-07,2.29958961523726e-07,0,0,0,0,0,0,0,0,4.59917923047453e-07,0,4.59917923047453e-07,0,1,0,0,0,6.89876884571179e-07,0,0,0,2.29958961523726e-07,4.59917923047453e-07,0,0,0,4.59917923047453e-07,2.29958961523726e-07,0,0,4.59917923047453e-07,1,2.29958961523726e-07,6.89876884571179e-07,0,0,1,0,2.29958961523726e-07,4.59917923047453e-07,2.29958961523726e-07,0,0,0,0,1,6.89876884571179e-07,0,2.06963065371354e-06,1,0,2.29958961523726e-07,2.29958961523726e-07,0,0,4.59917923047453e-07,4.59917923047453e-07,0,0,0,0,0,0
"107","28","grassAmbWet1_bin.6.permissive",0,7.9749745299251e-07,0,0,0,0,0,0,0,0,7.9749745299251e-07,1.99374363248127e-06,3.98748726496255e-07,0,0,0,0,0,0,0,0,7.9749745299251e-07,0,1.19624617948876e-06,0,0,0,0,0,7.9749745299251e-07,0,0,1,0,1.59499490598502e-06,1,0,0,3.98748726496255e-07,1.99374363248127e-06,0,0,1.19624617948876e-06,0,0,7.9749745299251e-07,0,0,0,0,0,7.9749745299251e-07,3.98748726496255e-07,0,0,0,0,1,7.9749745299251e-07,0,2.79124108547378e-06,1,0,3.98748726496255e-07,3.98748726496255e-07,3.98748726496255e-07,0,7.9749745299251e-07,1.19624617948876e-06,0,0,0,0,0,0
"108","8","grassAmbWet1_bin.7.strict",0,2.53921564644368e-07,2.53921564644368e-07,0,0,0,0,0,0,0,1.01568625857747e-06,7.61764693933103e-07,2.53921564644368e-07,2.53921564644368e-07,1,0,1,1,1,0,0,5.07843129288735e-07,0,7.61764693933103e-07,0,0,2.53921564644368e-07,0,1,1.01568625857747e-06,0,0,0,0,1.77745095251057e-06,1,0,0,2.53921564644368e-07,5.07843129288735e-07,0,2.53921564644368e-07,1.26960782322184e-06,0,0,7.61764693933103e-07,0,0,1,0,2.53921564644368e-07,5.07843129288735e-07,2.53921564644368e-07,0,0,0,0,1,7.61764693933103e-07,0,2.28529408179931e-06,0,0,5.07843129288735e-07,0,2.53921564644368e-07,0,1.01568625857747e-06,7.61764693933103e-07,0,0,0,0,0,0
"109","2","grassAmbWet1_bin.8.orig",0,0,0,3.08286779460578e-07,0,0,0,0,0,0,1.84972067676347e-06,2.46629423568463e-06,3.08286779460578e-07,0,1,0,0,0,0,0,1,3.08286779460578e-07,3.08286779460578e-07,6.16573558921157e-07,0,1,6.16573558921157e-07,0,1,3.08286779460578e-07,1,0,0,3.08286779460578e-07,3.08286779460578e-06,1,0,0,3.08286779460578e-07,9.24860338381735e-07,3.08286779460578e-07,1.23314711784231e-06,0,1,0,9.24860338381735e-07,3.08286779460578e-07,0,1,0,0,3.08286779460578e-07,3.08286779460578e-07,0,1,0,0,1,9.24860338381735e-07,0,1.23314711784231e-06,1,0,6.16573558921157e-07,6.16573558921157e-07,0,0,2.46629423568463e-06,6.16573558921157e-07,0,6.16573558921157e-07,3.08286779460578e-07,0,3.08286779460578e-07,6.16573558921157e-07
"110","5","grassAmbWet1_bin.9.orig",5.98661870985972e-07,2.99330935492986e-07,2.99330935492986e-07,2.99330935492986e-07,1,1,2.99330935492986e-07,2.99330935492986e-07,0,0,1.79598561295792e-06,1.49665467746493e-06,0,2.99330935492986e-07,0,0,0,0,0,0,0,2.99330935492986e-07,0,8.97992806478958e-07,0,1,5.98661870985972e-07,0,0,2.99330935492986e-07,1,0,0,2.99330935492986e-07,2.99330935492986e-06,0,1,2.99330935492986e-07,2.99330935492986e-07,8.97992806478958e-07,2.99330935492986e-07,1.19732374197194e-06,8.97992806478958e-07,1,2.99330935492986e-07,0,2.99330935492986e-07,0,1,1,0,2.99330935492986e-07,2.99330935492986e-07,1,0,2.99330935492986e-07,0,1,0,1,2.99330935492986e-06,0,0,0,5.98661870985972e-07,0,0,1.49665467746493e-06,8.97992806478958e-07,0,0,0,0,0,2.99330935492986e-07
"111","7","grassAmbWet2_bin.1.orig",0,0,0,5.95689826690002e-07,0,0,0,0,0,0,5.95689826690002e-07,2.97844913345001e-06,0,0,0,5.95689826690002e-07,0,0,0,0,0,5.95689826690002e-07,0,1.19137965338e-06,0,1,0,0,0,5.95689826690002e-07,1,0,1,5.95689826690002e-07,1.78706948007001e-06,0,0,5.95689826690002e-07,5.95689826690002e-07,1.78706948007001e-06,0,1.78706948007001e-06,5.95689826690002e-07,0,0,0,5.95689826690002e-07,0,1,0,0,5.95689826690002e-07,5.95689826690002e-07,1,0,5.95689826690002e-07,0,1,0,0,2.97844913345001e-06,0,0,0,0,0,0,2.38275930676001e-06,1.19137965338e-06,0,0,0,0,0,0
"112","8","grassAmbWet2_bin.10.orig",2.66069181712214e-07,5.32138363424427e-07,2.66069181712214e-07,0,1,0,0,0,0,0,2.66069181712214e-07,1.8624842719855e-06,0,0,0,0,1,0,0,0,0,5.32138363424427e-07,0,2.66069181712214e-07,0,1,0,1,0,1.06427672684885e-06,0,0,0,0,1.33034590856107e-06,1,0,0,0,1.33034590856107e-06,0,5.32138363424427e-07,1.06427672684885e-06,0,0,7.98207545136641e-07,0,0,1,0,0,2.66069181712214e-07,2.66069181712214e-07,0,0,0,0,1,7.98207545136641e-07,0,2.12855345369771e-06,1,0,5.32138363424427e-07,2.66069181712214e-07,0,0,7.98207545136641e-07,5.32138363424427e-07,0,0,0,0,0,0
"113","8","grassAmbWet2_bin.11.orig",3.4764071887929e-07,6.9528143775858e-07,3.4764071887929e-07,0,1,0,0,0,0,0,1.39056287551716e-06,1.04292215663787e-06,3.4764071887929e-07,0,0,0,1,1,0,0,0,3.4764071887929e-07,0,1.04292215663787e-06,0,0,3.4764071887929e-07,0,0,1.39056287551716e-06,0,0,0,0,1.39056287551716e-06,0,0,0,3.4764071887929e-07,1.04292215663787e-06,0,0,1.39056287551716e-06,1,0,1.04292215663787e-06,0,0,1,0,3.4764071887929e-07,6.9528143775858e-07,0,0,0,0,0,1,1.04292215663787e-06,0,3.4764071887929e-06,1,0,6.9528143775858e-07,3.4764071887929e-07,3.4764071887929e-07,0,6.9528143775858e-07,1.39056287551716e-06,0,0,0,0,0,0
"114","29","grassAmbWet2_bin.12.orig",0,0,0,3.11438675389026e-07,1,0,0,0,0,0,1.86863205233415e-06,3.42582542927928e-06,3.11438675389026e-07,0,1,0,0,0,0,1,1,3.11438675389026e-07,3.11438675389026e-07,2.18007072772318e-06,0,1,3.11438675389026e-07,0,1,6.22877350778052e-07,0,1,0,0,2.49150940311221e-06,1,0,0,3.11438675389026e-07,1.2457547015561e-06,3.11438675389026e-07,6.22877350778052e-07,0,0,6.22877350778052e-07,1.2457547015561e-06,0,0,1,0,0,3.11438675389026e-07,3.11438675389026e-07,0,1,0,0,1,1.2457547015561e-06,0,1.55719337694513e-06,0,0,3.11438675389026e-07,0,0,0,2.18007072772318e-06,3.11438675389026e-07,0,3.11438675389026e-07,0,3.11438675389026e-07,0,0
"115","20","grassAmbWet2_bin.13.orig",3.28127050794067e-07,3.28127050794067e-07,0,0,0,0,0,0,0,0,6.56254101588135e-07,2.29688935555847e-06,0,0,1,0,1,0,0,0,1,3.28127050794067e-07,0,3.28127050794067e-07,0,1,0,0,1,3.28127050794067e-07,1,0,0,0,1.9687623047644e-06,0,0,0,3.28127050794067e-07,6.56254101588135e-07,3.28127050794067e-07,6.56254101588135e-07,0,1,0,6.56254101588135e-07,0,0,0,1,0,3.28127050794067e-07,3.28127050794067e-07,1,1,0,3.28127050794067e-07,0,6.56254101588135e-07,0,1.31250820317627e-06,0,0,6.56254101588135e-07,0,0,0,9.84381152382202e-07,9.84381152382202e-07,0,0,3.28127050794067e-07,3.28127050794067e-07,0,0
"116","15","grassAmbWet2_bin.15.strict",1.89088139465361e-07,3.78176278930722e-07,1.89088139465361e-07,0,0,0,0,0,0,0,3.78176278930722e-07,7.56352557861443e-07,1.89088139465361e-07,0,1,0,1,1,0,0,0,3.78176278930722e-07,0,5.67264418396083e-07,1,0,0,0,0,1.89088139465361e-07,0,0,0,0,3.78176278930722e-07,1,0,0,1.89088139465361e-07,9.45440697326804e-07,0,0,3.78176278930722e-07,0,0,5.67264418396083e-07,0,0,1,0,1.89088139465361e-07,0,1.89088139465361e-07,1,0,0,0,1,5.67264418396083e-07,0,9.45440697326804e-07,1,0,3.78176278930722e-07,1.89088139465361e-07,0,0,1.89088139465361e-07,5.67264418396083e-07,0,0,0,0,0,0
"117","15","grassAmbWet2_bin.16.strict",0,0,0,0,0,0,0,0,1,0,1.97759542590088e-07,5.93278627770265e-07,0,0,0,0,0,0,0,0,1,1.97759542590088e-07,0,3.95519085180177e-07,0,0,0,0,1,5.93278627770265e-07,0,0,1,0,7.91038170360353e-07,0,0,0,0,3.95519085180177e-07,0,1.97759542590088e-07,7.91038170360353e-07,1,0,5.93278627770265e-07,0,0,0,0,1.97759542590088e-07,1.97759542590088e-07,1.97759542590088e-07,1,1,0,0,1,5.93278627770265e-07,0,2.37311451108106e-06,0,0,3.95519085180177e-07,3.95519085180177e-07,0,0,3.95519085180177e-07,9.88797712950442e-07,0,0,0,0,0,1.97759542590088e-07
"118","8","grassAmbWet2_bin.17.orig",0,4.37170987846865e-07,2.18585493923433e-07,0,0,0,0,0,0,0,6.55756481770298e-07,8.7434197569373e-07,2.18585493923433e-07,0,0,0,1,1,0,0,0,4.37170987846865e-07,0,6.55756481770298e-07,0,0,0,1,0,8.7434197569373e-07,0,0,0,0,1.09292746961716e-06,1,0,0,0,6.55756481770298e-07,0,0,1.53009845746403e-06,1,0,6.55756481770298e-07,0,0,1,0,2.18585493923433e-07,4.37170987846865e-07,2.18585493923433e-07,0,0,0,0,1,6.55756481770298e-07,0,1.96726944531089e-06,1,0,4.37170987846865e-07,4.37170987846865e-07,2.18585493923433e-07,0,6.55756481770298e-07,8.7434197569373e-07,0,0,0,0,0,2.18585493923433e-07
"119","13","grassAmbWet2_bin.18.orig",3.38668949746947e-07,6.77337899493893e-07,3.38668949746947e-07,3.38668949746947e-07,1,0,0,0,1,0,1.01600684924084e-06,2.37068264822863e-06,3.38668949746947e-07,0,1,0,0,1,0,1,1,6.77337899493893e-07,3.38668949746947e-07,2.03201369848168e-06,1,1,3.38668949746947e-07,0,1,1.01600684924084e-06,0,0,0,0,1.35467579898779e-06,1,0,3.38668949746947e-07,3.38668949746947e-07,1.01600684924084e-06,0,6.77337899493893e-07,1.69334474873473e-06,0,3.38668949746947e-07,1.35467579898779e-06,0,1,0,0,3.38668949746947e-07,6.77337899493893e-07,0,0,1,0,0,1,1.35467579898779e-06,0,2.70935159797557e-06,1,0,3.38668949746947e-07,3.38668949746947e-07,0,0,1.01600684924084e-06,1.35467579898779e-06,0,0,0,3.38668949746947e-07,0,0
"120","21","grassAmbWet2_bin.20.orig",1.25386975553301e-07,1.25386975553301e-07,1.25386975553301e-07,1.25386975553301e-07,1,0,0,0,0,0,5.01547902213205e-07,5.01547902213205e-07,1.25386975553301e-07,0,1,0,1,0,0,0,1,2.50773951106603e-07,0,2.50773951106603e-07,1,1,1.25386975553301e-07,0,1,1.25386975553301e-07,0,0,0,0,5.01547902213205e-07,0,0,1.25386975553301e-07,1.25386975553301e-07,6.26934877766507e-07,0,1.25386975553301e-07,5.01547902213205e-07,1,0,2.50773951106603e-07,0,0,1,0,0,2.50773951106603e-07,1.25386975553301e-07,1,1,0,0,1,2.50773951106603e-07,0,1.12848277997971e-06,1,0,3.76160926659904e-07,2.50773951106603e-07,0,0,6.26934877766507e-07,5.01547902213205e-07,0,0,0,0,0,1.25386975553301e-07
"121","7","grassAmbWet2_bin.21.orig",2.98410724165241e-07,0,0,2.98410724165241e-07,0,0,0,2.98410724165241e-07,0,0,5.96821448330481e-07,1.19364289666096e-06,0,0,0,2.98410724165241e-07,0,0,1,0,0,2.98410724165241e-07,0,8.95232172495722e-07,0,1,0,0,0,1.19364289666096e-06,1,0,1,2.98410724165241e-07,2.08887506915669e-06,0,0,2.98410724165241e-07,2.98410724165241e-07,0,0,5.96821448330481e-07,8.95232172495722e-07,0,2.98410724165241e-07,0,2.98410724165241e-07,0,1,0,2.98410724165241e-07,5.96821448330481e-07,2.98410724165241e-07,1,0,0,0,1,0,0,2.38728579332193e-06,1,0,0,8.95232172495722e-07,0,0,2.08887506915669e-06,1.19364289666096e-06,0,0,0,0,0,8.95232172495722e-07
"122","15","grassAmbWet2_bin.22.orig",4.21670489812441e-07,8.43340979624882e-07,0,0,0,0,0,0,0,0,1.26501146943732e-06,2.10835244906221e-06,0,0,0,0,1,0,0,0,0,0,0,1.26501146943732e-06,0,1,4.21670489812441e-07,0,0,1.68668195924976e-06,0,0,0,0,2.53002293887465e-06,0,0,0,4.21670489812441e-07,0,0,0,2.10835244906221e-06,0,0,8.43340979624882e-07,0,0,0,0,0,8.43340979624882e-07,4.21670489812441e-07,0,0,0,0,1,8.43340979624882e-07,0,3.37336391849953e-06,1,0,8.43340979624882e-07,4.21670489812441e-07,0,0,1.26501146943732e-06,8.43340979624882e-07,0,0,0,0,0,0
"123","15","grassAmbWet2_bin.23.strict",0,9.55740151456142e-07,4.77870075728071e-07,0,0,0,0,0,0,0,4.77870075728071e-07,1.43361022718421e-06,0,0,0,0,1,0,0,0,0,4.77870075728071e-07,0,4.77870075728071e-07,0,0,0,0,0,9.55740151456142e-07,0,0,0,0,1.43361022718421e-06,0,0,0,9.55740151456142e-07,1.43361022718421e-06,0,0,1.91148030291228e-06,0,0,9.55740151456142e-07,0,0,0,0,4.77870075728071e-07,4.77870075728071e-07,4.77870075728071e-07,0,0,0,0,1,9.55740151456142e-07,0,2.86722045436843e-06,1,0,9.55740151456142e-07,4.77870075728071e-07,0,0,9.55740151456142e-07,9.55740151456142e-07,0,0,0,0,0,0
"124","8","grassAmbWet2_bin.24.orig",0,3.97363809018211e-07,1.98681904509106e-07,0,0,0,0,0,0,0,7.94727618036423e-07,7.94727618036423e-07,1.98681904509106e-07,0,0,0,1,1,0,0,0,3.97363809018211e-07,0,5.96045713527317e-07,0,1,0,1,0,9.93409522545529e-07,0,0,1,0,1.19209142705463e-06,1,0,0,3.97363809018211e-07,9.93409522545529e-07,0,0,9.93409522545529e-07,1,0,3.97363809018211e-07,0,0,0,0,1.98681904509106e-07,5.96045713527317e-07,1.98681904509106e-07,0,0,0,0,1,3.97363809018211e-07,0,2.18550094960016e-06,1,0,3.97363809018211e-07,3.97363809018211e-07,1.98681904509106e-07,0,5.96045713527317e-07,7.94727618036423e-07,0,0,0,0,0,1.98681904509106e-07
"125","31","grassAmbWet2_bin.25.orig",0,0,1.18388308917718e-06,0,0,0,0,0,0,0,0,1.18388308917718e-06,0,0,0,0,0,0,0,0,0,0,0,0,1,0,0,0,0,2.36776617835436e-06,0,0,0,0,0,0,0,1.18388308917718e-06,0,5.91941544588589e-06,0,0,0,0,0,0,0,0,0,0,0,2.36776617835436e-06,0,1,0,0,0,1,0,0,2.36776617835436e-06,0,0,0,1.18388308917718e-06,0,0,0,1.18388308917718e-06,0,0,0,0,0,0
"126","35","grassAmbWet2_bin.26.orig",0,4.67576601905749e-07,0,0,1,0,0,0,1,0,1.40272980571725e-06,2.80545961143449e-06,0,0,0,0,0,0,0,0,1,9.35153203811497e-07,0,2.33788300952874e-06,0,1,0,0,0,4.67576601905749e-07,0,0,0,0,1.87030640762299e-06,0,0,0,4.67576601905749e-07,4.67576601905749e-07,4.67576601905749e-07,1.40272980571725e-06,4.67576601905749e-07,0,0,1.40272980571725e-06,0,0,0,0,0,4.67576601905749e-07,4.67576601905749e-07,0,1,0,0,0,1.40272980571725e-06,0,2.80545961143449e-06,1,0,0,9.35153203811497e-07,0,0,1.40272980571725e-06,9.35153203811497e-07,0,4.67576601905749e-07,4.67576601905749e-07,4.67576601905749e-07,0,9.35153203811497e-07
"127","15","grassAmbWet2_bin.27.strict",0,0,0,0,0,0,0,0,0,0,4.50527770757053e-07,1.35158331227116e-06,0,0,0,0,0,0,0,0,0,9.01055541514107e-07,0,4.50527770757053e-07,0,1,0,0,0,1.80211108302821e-06,0,0,0,0,9.01055541514107e-07,0,0,0,4.50527770757053e-07,9.01055541514107e-07,0,0,4.50527770757053e-07,0,4.50527770757053e-07,9.01055541514107e-07,0,0,0,0,4.50527770757053e-07,9.01055541514107e-07,0,0,0,0,0,1,9.01055541514107e-07,0,3.15369439529937e-06,1,0,9.01055541514107e-07,9.01055541514107e-07,0,0,9.01055541514107e-07,1.35158331227116e-06,0,0,0,0,0,4.50527770757053e-07
"128","8","grassAmbWet2_bin.29.orig",0,2.33639346361219e-07,2.33639346361219e-07,0,1,0,0,0,0,0,2.33639346361219e-07,9.34557385444876e-07,0,0,0,0,0,0,0,0,0,4.67278692722438e-07,0,9.34557385444876e-07,0,1,2.33639346361219e-07,0,1,9.34557385444876e-07,0,0,0,0,4.67278692722438e-07,1,0,0,4.67278692722438e-07,7.00918039083657e-07,0,0,9.34557385444876e-07,1,4.67278692722438e-07,7.00918039083657e-07,0,0,1,0,0,4.67278692722438e-07,2.33639346361219e-07,0,0,0,0,1,7.00918039083657e-07,0,2.10275411725097e-06,1,0,4.67278692722438e-07,2.33639346361219e-07,0,0,7.00918039083657e-07,7.00918039083657e-07,0,0,0,0,0,2.33639346361219e-07
"129","8","grassAmbWet2_bin.3.strict",0,3.77860546031161e-07,1.8893027301558e-07,0,1,0,0,0,0,0,0,9.44651365077902e-07,0,0,0,0,1,0,0,0,0,1.8893027301558e-07,0,3.77860546031161e-07,0,1,1.8893027301558e-07,1,0,7.55721092062321e-07,0,0,0,0,5.66790819046741e-07,1,0,0,3.77860546031161e-07,9.44651365077902e-07,0,0,7.55721092062321e-07,1,1.8893027301558e-07,3.77860546031161e-07,0,1,1,0,0,5.66790819046741e-07,1.8893027301558e-07,0,0,0,0,1,3.77860546031161e-07,0,2.07823300317138e-06,1,0,1.8893027301558e-07,3.77860546031161e-07,0,0,7.55721092062321e-07,7.55721092062321e-07,0,0,0,0,0,1.8893027301558e-07
"130","22","grassAmbWet2_bin.31.orig",3.36384452445162e-07,3.36384452445162e-07,3.36384452445162e-07,3.36384452445162e-07,0,0,0,3.36384452445162e-07,1,0,1.34553780978065e-06,2.01830671467097e-06,3.36384452445162e-07,0,1,0,1,0,0,0,1,6.72768904890324e-07,0,1.00915335733549e-06,1,1,6.72768904890324e-07,0,0,1.68192226222581e-06,1,0,0,0,1.34553780978065e-06,1,0,3.36384452445162e-07,3.36384452445162e-07,1.68192226222581e-06,0,6.72768904890324e-07,1.34553780978065e-06,0,3.36384452445162e-07,6.72768904890324e-07,0,1,0,1,3.36384452445162e-07,6.72768904890324e-07,3.36384452445162e-07,0,1,0,0,1,6.72768904890324e-07,0,3.02746007200646e-06,1,0,3.36384452445162e-07,0,0,0,1.00915335733549e-06,1.34553780978065e-06,1,0,0,3.36384452445162e-07,0,0
"131","15","grassAmbWet2_bin.32.orig",0,0,0,0,0,0,0,0,0,0,1.04083291613281e-06,7.80624687099605e-07,2.60208229033202e-07,0,0,0,0,1,0,0,0,5.20416458066403e-07,0,7.80624687099605e-07,0,1,2.60208229033202e-07,0,0,1.30104114516601e-06,0,0,0,0,7.80624687099605e-07,1,0,0,2.60208229033202e-07,5.20416458066403e-07,0,0,1.04083291613281e-06,1,0,7.80624687099605e-07,0,0,0,0,0,5.20416458066403e-07,2.60208229033202e-07,0,0,0,0,1,7.80624687099605e-07,0,3.38270697743162e-06,1,0,5.20416458066403e-07,2.60208229033202e-07,0,0,1.04083291613281e-06,1.04083291613281e-06,0,0,0,0,0,0
"132","28","grassAmbWet2_bin.33.orig",2.5016604771417e-07,5.00332095428341e-07,2.5016604771417e-07,0,0,0,0,0,0,0,7.50498143142511e-07,1.00066419085668e-06,2.5016604771417e-07,0,0,0,0,0,0,1,0,5.00332095428341e-07,0,5.00332095428341e-07,1,1,0,0,1,1.25083023857085e-06,0,0,0,0,1.50099628628502e-06,1,0,0,2.5016604771417e-07,1.25083023857085e-06,0,0,1.50099628628502e-06,1,0,5.00332095428341e-07,0,0,0,0,2.5016604771417e-07,5.00332095428341e-07,2.5016604771417e-07,0,0,0,0,1,5.00332095428341e-07,0,2.25149442942753e-06,1,0,2.5016604771417e-07,5.00332095428341e-07,2.5016604771417e-07,0,7.50498143142511e-07,1.00066419085668e-06,0,0,0,0,0,2.5016604771417e-07
"133","25","grassAmbWet2_bin.34.orig",4.22146657970445e-07,8.44293315940891e-07,4.22146657970445e-07,0,0,0,0,0,1,0,1.68858663188178e-06,1.68858663188178e-06,4.22146657970445e-07,0,1,0,1,1,0,1,1,8.44293315940891e-07,0,1.68858663188178e-06,0,1,8.44293315940891e-07,0,0,4.22146657970445e-07,0,0,0,0,8.44293315940891e-07,1,0,4.22146657970445e-07,0,8.44293315940891e-07,0,8.44293315940891e-07,0,0,0,1.26643997391134e-06,0,0,0,0,0,4.22146657970445e-07,4.22146657970445e-07,0,1,0,0,0,1.26643997391134e-06,0,2.11073328985223e-06,1,0,4.22146657970445e-07,4.22146657970445e-07,0,0,1.68858663188178e-06,8.44293315940891e-07,0,4.22146657970445e-07,0,4.22146657970445e-07,0,0
"134","1","grassAmbWet2_bin.35.strict",0,1.72507571788595e-07,1.72507571788595e-07,0,0,0,0,0,1,0,3.45015143577189e-07,8.62537858942974e-07,1.72507571788595e-07,0,0,0,1,1,0,1,1,1.72507571788595e-07,0,5.17522715365784e-07,1,0,0,0,1,5.17522715365784e-07,0,0,1,0,1.03504543073157e-06,0,0,0,3.45015143577189e-07,6.90030287154379e-07,0,0,5.17522715365784e-07,1,0,5.17522715365784e-07,0,0,0,0,1.72507571788595e-07,3.45015143577189e-07,1.72507571788595e-07,0,1,0,0,1,5.17522715365784e-07,0,1.89758328967454e-06,1,0,3.45015143577189e-07,3.45015143577189e-07,1.72507571788595e-07,0,5.17522715365784e-07,6.90030287154379e-07,0,0,0,0,0,1.72507571788595e-07
"135","20","grassAmbWet2_bin.36.orig",3.81375162561163e-07,0,3.81375162561163e-07,3.81375162561163e-07,1,0,0,0,0,0,7.62750325122326e-07,7.62750325122326e-07,0,0,1,0,0,0,0,1,0,3.81375162561163e-07,0,0,1,1,0,0,1,3.81375162561163e-07,0,0,0,3.81375162561163e-07,1.90687581280582e-06,0,0,0,0,0,3.81375162561163e-07,3.81375162561163e-07,3.81375162561163e-07,0,3.81375162561163e-07,7.62750325122326e-07,0,0,0,0,0,3.81375162561163e-07,3.81375162561163e-07,0,0,0,0,1,7.62750325122326e-07,0,1.14412548768349e-06,0,0,1.14412548768349e-06,7.62750325122326e-07,0,0,1.52550065024465e-06,7.62750325122326e-07,0,7.62750325122326e-07,0,0,0,3.81375162561163e-07
"136","21","grassAmbWet2_bin.37.orig",0,0,1.8377951016512e-07,1.8377951016512e-07,0,0,0,0,0,0,7.35118040660482e-07,1.28645657115584e-06,1.8377951016512e-07,0,0,0,1,0,0,1,0,3.67559020330241e-07,0,7.35118040660482e-07,0,1,1.8377951016512e-07,1,1,5.51338530495361e-07,0,0,0,0,1.10267706099072e-06,1,0,1.8377951016512e-07,0,9.18897550825602e-07,0,3.67559020330241e-07,1.47023608132096e-06,1,1.8377951016512e-07,5.51338530495361e-07,0,0,0,0,0,3.67559020330241e-07,1.8377951016512e-07,1,0,0,1.8377951016512e-07,1,5.51338530495361e-07,0,2.02157461181632e-06,1,0,1.8377951016512e-07,0,0,0,7.35118040660482e-07,5.51338530495361e-07,0,1.8377951016512e-07,0,0,0,0
"137","25","grassAmbWet2_bin.39.orig",0,9.26357368292825e-07,0,0,0,0,0,0,1,0,1.38953605243924e-06,1.38953605243924e-06,4.63178684146413e-07,0,1,0,1,0,0,1,1,9.26357368292825e-07,0,9.26357368292825e-07,0,1,4.63178684146413e-07,0,1,4.63178684146413e-07,0,0,0,0,2.31589342073206e-06,1,0,4.63178684146413e-07,4.63178684146413e-07,9.26357368292825e-07,0,1.38953605243924e-06,9.26357368292825e-07,0,4.63178684146413e-07,9.26357368292825e-07,0,0,0,1,0,4.63178684146413e-07,4.63178684146413e-07,0,1,0,0,1,9.26357368292825e-07,0,3.7054294731713e-06,1,0,1.38953605243924e-06,4.63178684146413e-07,0,0,1.38953605243924e-06,1.85271473658565e-06,0,0,0,4.63178684146413e-07,4.63178684146413e-07,0
"138","21","grassAmbWet2_bin.4.orig",1.94834280779968e-07,3.89668561559937e-07,1.94834280779968e-07,0,1,0,0,0,0,0,3.89668561559937e-07,9.74171403899842e-07,1.94834280779968e-07,1.94834280779968e-07,0,0,1,0,0,0,0,3.89668561559937e-07,0,1.94834280779968e-07,1,0,1.94834280779968e-07,0,1,7.79337123119874e-07,0,0,0,0,7.79337123119874e-07,1,0,1.94834280779968e-07,0,9.74171403899842e-07,0,1.94834280779968e-07,7.79337123119874e-07,1,1.94834280779968e-07,3.89668561559937e-07,0,0,1,0,0,1.94834280779968e-07,1.94834280779968e-07,0,0,0,0,1,3.89668561559937e-07,0,1.75350852701972e-06,0,0,3.89668561559937e-07,1.94834280779968e-07,0,0,3.89668561559937e-07,5.84502842339905e-07,0,0,0,0,1.94834280779968e-07,0
"139","15","grassAmbWet2_bin.40.orig",0,0,0,0,1,0,0,0,0,0,0,6.01584453132661e-07,0,0,0,0,0,1,0,1,0,6.01584453132661e-07,0,1.20316890626532e-06,0,1,0,0,0,6.01584453132661e-07,0,0,0,0,9.02376679698991e-07,1,0,0,3.0079222656633e-07,1.20316890626532e-06,0,0,1.80475335939798e-06,0,0,6.01584453132661e-07,0,0,0,0,3.0079222656633e-07,3.0079222656633e-07,3.0079222656633e-07,0,0,0,0,1,6.01584453132661e-07,0,1.80475335939798e-06,1,0,3.0079222656633e-07,6.01584453132661e-07,0,0,6.01584453132661e-07,1.20316890626532e-06,0,0,0,0,0,3.0079222656633e-07
"140","3","grassAmbWet2_bin.41.orig",6.45692007495193e-07,6.45692007495193e-07,0,3.22846003747596e-07,1,0,0,0,0,0,1.29138401499039e-06,2.58276802998077e-06,3.22846003747596e-07,0,1,0,1,0,0,1,0,6.45692007495193e-07,3.22846003747596e-07,1.29138401499039e-06,1,1,3.22846003747596e-07,0,1,9.68538011242789e-07,1,0,0,0,1.61423001873798e-06,1,0,3.22846003747596e-07,3.22846003747596e-07,1.29138401499039e-06,0,9.68538011242789e-07,1.61423001873798e-06,0,3.22846003747596e-07,9.68538011242789e-07,0,1,0,0,3.22846003747596e-07,6.45692007495193e-07,3.22846003747596e-07,0,0,0,0,1,9.68538011242789e-07,0,2.25992202623317e-06,0,0,6.45692007495193e-07,0,0,0,1.93707602248558e-06,1.29138401499039e-06,0,0,0,3.22846003747596e-07,0,0
"141","30","grassAmbWet2_bin.42.orig",2.34060645581391e-07,2.34060645581391e-07,0,2.34060645581391e-07,0,0,0,0,1,0,9.36242582325566e-07,1.87248516465113e-06,2.34060645581391e-07,0,1,0,1,0,0,0,1,4.68121291162783e-07,0,1.17030322790696e-06,0,1,2.34060645581391e-07,0,1,1.17030322790696e-06,1,0,1,0,1.63842451906974e-06,0,0,0,4.68121291162783e-07,4.68121291162783e-07,2.34060645581391e-07,7.02181936744174e-07,1.17030322790696e-06,1,2.34060645581391e-07,7.02181936744174e-07,0,0,0,0,2.34060645581391e-07,4.68121291162783e-07,2.34060645581391e-07,0,1,0,4.68121291162783e-07,1,7.02181936744174e-07,0,2.34060645581391e-06,1,0,9.36242582325566e-07,4.68121291162783e-07,0,0,9.36242582325566e-07,9.36242582325566e-07,0,4.68121291162783e-07,0,2.34060645581391e-07,0,0
"142","31","grassAmbWet2_bin.44.orig",0,0,1.80780174922897e-06,0,0,0,0,0,0,0,0,0,0,0,0,0,0,0,0,0,0,0,0,0,1,0,0,0,0,3.61560349845794e-06,0,0,0,0,0,0,0,0,0,7.23120699691589e-06,0,0,1.80780174922897e-06,0,0,0,0,0,0,0,0,1.80780174922897e-06,0,0,0,0,0,1,0,0,3.61560349845794e-06,0,0,0,0,0,0,3.61560349845794e-06,0,0,0,0,0,0,0
"143","1","grassAmbWet2_bin.45.orig",2.04921728096736e-07,0,0,0,1,0,0,0,1,0,8.19686912386945e-07,8.19686912386945e-07,2.04921728096736e-07,0,0,0,1,1,0,1,1,4.09843456193472e-07,0,8.19686912386945e-07,0,0,0,0,0,6.14765184290208e-07,0,0,1,2.04921728096736e-07,1.02460864048368e-06,1,0,2.04921728096736e-07,4.09843456193472e-07,4.09843456193472e-07,0,2.04921728096736e-07,1.02460864048368e-06,1,0,6.14765184290208e-07,0,0,0,0,2.04921728096736e-07,2.04921728096736e-07,2.04921728096736e-07,0,1,0,0,0,6.14765184290208e-07,0,1.84429555287063e-06,0,0,4.09843456193472e-07,4.09843456193472e-07,2.04921728096736e-07,0,4.09843456193472e-07,8.19686912386945e-07,0,0,0,0,0,2.04921728096736e-07
"144","23","grassAmbWet2_bin.46.orig",3.58850472749613e-07,0,0,3.58850472749613e-07,1,0,0,0,0,0,1.07655141824884e-06,3.22965425474652e-06,3.58850472749613e-07,0,1,0,0,0,0,1,1,3.58850472749613e-07,0,1.43540189099845e-06,0,1,0,0,1,3.58850472749613e-07,0,0,1,3.58850472749613e-07,2.51195330924729e-06,0,0,3.58850472749613e-07,7.17700945499226e-07,1.07655141824884e-06,0,1.07655141824884e-06,3.58850472749613e-07,1,3.58850472749613e-07,0,0,0,1,0,3.58850472749613e-07,3.58850472749613e-07,3.58850472749613e-07,0,1,3.58850472749613e-07,0,0,0,0,1.43540189099845e-06,1,0,3.58850472749613e-07,3.58850472749613e-07,0,0,1.79425236374806e-06,3.58850472749613e-07,0,0,3.58850472749613e-07,0,0,0
"145","2","grassAmbWet2_bin.47.orig",4.57114542162074e-07,2.28557271081037e-07,0,2.28557271081037e-07,1,0,0,0,1,0,9.14229084324148e-07,2.05701543972933e-06,2.28557271081037e-07,0,1,0,0,0,0,1,1,4.57114542162074e-07,4.57114542162074e-07,1.14278635540519e-06,0,0,0,0,1,6.85671813243111e-07,1,0,0,0,1.8284581686483e-06,1,0,0,4.57114542162074e-07,2.28557271081037e-07,2.28557271081037e-07,6.85671813243111e-07,4.57114542162074e-07,0,2.28557271081037e-07,6.85671813243111e-07,0,0,1,0,2.28557271081037e-07,2.28557271081037e-07,2.28557271081037e-07,0,1,0,0,1,6.85671813243111e-07,1,2.05701543972933e-06,1,0,6.85671813243111e-07,4.57114542162074e-07,0,0,2.05701543972933e-06,4.57114542162074e-07,0,4.57114542162074e-07,2.28557271081037e-07,0,0,2.28557271081037e-07
"146","2","grassAmbWet2_bin.49.orig",0,8.15634739188558e-07,4.07817369594279e-07,4.07817369594279e-07,1,0,0,0,1,0,2.03908684797139e-06,2.85472158715995e-06,4.07817369594279e-07,0,1,0,0,0,0,1,1,4.07817369594279e-07,8.15634739188558e-07,2.03908684797139e-06,1,1,0,0,1,4.07817369594279e-07,1,0,0,0,3.26253895675423e-06,1,0,0,4.07817369594279e-07,8.15634739188558e-07,4.07817369594279e-07,2.03908684797139e-06,0,1,0,1.22345210878284e-06,4.07817369594279e-07,1,0,0,0,4.07817369594279e-07,4.07817369594279e-07,0,1,0,0,0,1.22345210878284e-06,1,1.63126947837712e-06,1,0,4.07817369594279e-07,8.15634739188558e-07,0,1,1.22345210878284e-06,4.07817369594279e-07,0,4.07817369594279e-07,0,4.07817369594279e-07,0,4.07817369594279e-07
"147","9","grassAmbWet2_bin.5.orig",0,1.94012163786621e-07,1.94012163786621e-07,1.94012163786621e-07,0,0,0,0,0,0,1.16407298271972e-06,1.94012163786621e-06,1.94012163786621e-07,0,1,0,1,0,0,1,1,3.88024327573242e-07,1.94012163786621e-07,1.55209731029297e-06,0,1,3.88024327573242e-07,0,1,3.88024327573242e-07,1,1,0,0,2.13413380165283e-06,1,0,0,3.88024327573242e-07,7.76048655146483e-07,1.94012163786621e-07,5.82036491359862e-07,3.88024327573242e-07,0,3.88024327573242e-07,7.76048655146483e-07,0,0,1,1,3.88024327573242e-07,1.94012163786621e-07,1.94012163786621e-07,0,1,0,0,1,7.76048655146483e-07,0,9.70060818933104e-07,1,1,3.88024327573242e-07,3.88024327573242e-07,0,0,9.70060818933104e-07,3.88024327573242e-07,0,3.88024327573242e-07,0,1.94012163786621e-07,0,5.82036491359862e-07
"148","8","grassAmbWet2_bin.50.strict",2.40344519447957e-07,4.80689038895915e-07,2.40344519447957e-07,0,0,0,0,0,0,0,9.6137807779183e-07,9.6137807779183e-07,2.40344519447957e-07,0,0,0,1,1,0,0,0,4.80689038895915e-07,0,9.6137807779183e-07,0,1,2.40344519447957e-07,0,0,9.6137807779183e-07,0,0,0,0,1.44206711668774e-06,1,0,0,2.40344519447957e-07,1.20172259723979e-06,0,0,9.6137807779183e-07,1,0,7.21033558343872e-07,0,0,1,0,2.40344519447957e-07,4.80689038895915e-07,2.40344519447957e-07,0,0,0,0,1,7.21033558343872e-07,0,2.16310067503162e-06,1,0,4.80689038895915e-07,2.40344519447957e-07,2.40344519447957e-07,0,9.6137807779183e-07,9.6137807779183e-07,0,0,0,0,0,0
"149","24","grassAmbWet2_bin.51.orig",2.90166307368237e-07,1.45083153684118e-07,0,1.45083153684118e-07,1,0,1.45083153684118e-07,0,1,0,7.25415768420591e-07,1.45083153684118e-06,1.45083153684118e-07,0,0,0,0,0,0,0,1,1.45083153684118e-07,0,7.25415768420591e-07,1,1,2.90166307368237e-07,0,1,4.35249461052355e-07,1,0,1,1.45083153684118e-07,1.16066522947295e-06,0,0,1.45083153684118e-07,2.90166307368237e-07,4.35249461052355e-07,0,4.35249461052355e-07,7.25415768420591e-07,1,0,1.45083153684118e-07,1.45083153684118e-07,0,1,0,1.45083153684118e-07,2.90166307368237e-07,0,1,1,1.45083153684118e-07,0,1,1.45083153684118e-07,0,1.30574838315706e-06,1,0,0,2.90166307368237e-07,0,0,7.25415768420591e-07,7.25415768420591e-07,0,1.45083153684118e-07,0,0,0,1.45083153684118e-07
"150","30","grassAmbWet2_bin.52.orig",3.197409842235e-07,0,1.5987049211175e-07,1.5987049211175e-07,0,0,0,0,1,0,9.59222952670501e-07,1.278963936894e-06,1.5987049211175e-07,0,1,0,1,0,0,0,1,3.197409842235e-07,1.5987049211175e-07,1.75857541322925e-06,1,1,1.5987049211175e-07,0,0,6.39481968447e-07,0,0,1,1.5987049211175e-07,1.75857541322925e-06,0,0,0,1.5987049211175e-07,4.7961147633525e-07,0,6.39481968447e-07,6.39481968447e-07,1,1.5987049211175e-07,4.7961147633525e-07,0,0,0,0,1.5987049211175e-07,3.197409842235e-07,1.5987049211175e-07,0,1,1.5987049211175e-07,1.5987049211175e-07,1,4.7961147633525e-07,0,1.5987049211175e-06,1,0,6.39481968447e-07,4.7961147633525e-07,0,0,1.5987049211175e-06,4.7961147633525e-07,0,3.197409842235e-07,0,1.5987049211175e-07,0,1.5987049211175e-07
"151","27","grassAmbWet2_bin.53.orig",2.51444422484965e-07,5.0288884496993e-07,0,2.51444422484965e-07,0,0,0,0,1,0,7.54333267454895e-07,2.01155537987972e-06,0,0,1,0,0,0,0,1,1,5.0288884496993e-07,2.51444422484965e-07,1.25722211242482e-06,0,1,0,0,0,2.51444422484965e-07,1,0,0,0,2.26299980236468e-06,1,0,0,2.51444422484965e-07,1.00577768993986e-06,2.51444422484965e-07,7.54333267454895e-07,0,1,0,7.54333267454895e-07,0,1,1,0,0,2.51444422484965e-07,2.51444422484965e-07,0,1,0,0,1,7.54333267454895e-07,0,7.54333267454895e-07,1,0,5.0288884496993e-07,5.0288884496993e-07,0,0,2.01155537987972e-06,5.0288884496993e-07,0,5.0288884496993e-07,2.51444422484965e-07,2.51444422484965e-07,0,2.51444422484965e-07
"152","30","grassAmbWet2_bin.54.orig",3.86016475955227e-07,3.86016475955227e-07,3.86016475955227e-07,0,0,0,0,3.86016475955227e-07,1,0,7.72032951910453e-07,1.93008237977613e-06,0,0,1,0,0,0,0,0,1,7.72032951910453e-07,0,7.72032951910453e-07,1,1,3.86016475955227e-07,0,1,1.15804942786568e-06,0,0,0,0,1.54406590382091e-06,1,0,3.86016475955227e-07,3.86016475955227e-07,3.86016475955227e-07,3.86016475955227e-07,7.72032951910453e-07,1.15804942786568e-06,0,3.86016475955227e-07,3.86016475955227e-07,0,0,0,1,3.86016475955227e-07,3.86016475955227e-07,3.86016475955227e-07,0,1,3.86016475955227e-07,0,1,3.86016475955227e-07,0,3.08813180764181e-06,0,0,7.72032951910453e-07,7.72032951910453e-07,0,0,1.15804942786568e-06,1.54406590382091e-06,0,7.72032951910453e-07,0,3.86016475955227e-07,0,3.86016475955227e-07
"153","8","grassAmbWet2_bin.55.orig",0,2.99681857739823e-07,2.99681857739823e-07,0,0,0,0,0,0,0,1.49840928869912e-06,1.19872743095929e-06,2.99681857739823e-07,0,0,0,1,0,0,0,0,5.99363715479647e-07,0,5.99363715479647e-07,0,1,2.99681857739823e-07,1,1,8.9904557321947e-07,0,0,0,0,1.49840928869912e-06,1,0,0,0,1.19872743095929e-06,0,2.99681857739823e-07,1.49840928869912e-06,1,0,8.9904557321947e-07,0,0,1,0,2.99681857739823e-07,5.99363715479647e-07,2.99681857739823e-07,0,0,0,0,1,8.9904557321947e-07,0,2.99681857739823e-06,1,0,5.99363715479647e-07,2.99681857739823e-07,0,0,5.99363715479647e-07,8.9904557321947e-07,0,0,0,0,0,0
"154","15","grassAmbWet2_bin.57.orig",2.76679054510201e-07,2.76679054510201e-07,0,0,0,0,0,0,0,0,2.76679054510201e-07,1.1067162180408e-06,0,0,1,0,0,0,0,0,1,5.53358109020401e-07,0,5.53358109020401e-07,0,0,0,0,0,5.53358109020401e-07,0,0,0,0,5.53358109020401e-07,1,0,0,2.76679054510201e-07,8.30037163530602e-07,0,0,2.76679054510201e-07,0,0,8.30037163530602e-07,0,0,0,0,2.76679054510201e-07,2.76679054510201e-07,0,1,1,0,0,1,8.30037163530602e-07,0,1.383395272551e-06,0,0,2.76679054510201e-07,2.76679054510201e-07,0,0,8.30037163530602e-07,8.30037163530602e-07,0,0,0,0,0,0
"155","36","grassAmbWet2_bin.59.orig",0,3.29280006216807e-07,0,3.29280006216807e-07,0,0,0,3.29280006216807e-07,0,0,9.8784001865042e-07,1.97568003730084e-06,3.29280006216807e-07,0,0,0,0,0,0,0,1,6.58560012433613e-07,0,3.29280006216807e-07,0,1,3.29280006216807e-07,0,1,3.29280006216807e-07,1,0,0,3.29280006216807e-07,1.31712002486723e-06,0,1,3.29280006216807e-07,3.29280006216807e-07,1.64640003108403e-06,3.29280006216807e-07,9.8784001865042e-07,3.29280006216807e-07,0,3.29280006216807e-07,6.58560012433613e-07,0,0,1,0,0,3.29280006216807e-07,0,0,1,0,0,0,6.58560012433613e-07,0,2.30496004351765e-06,1,0,6.58560012433613e-07,3.29280006216807e-07,0,0,1.64640003108403e-06,0,0,0,3.29280006216807e-07,0,0,3.29280006216807e-07
"156","8","grassAmbWet2_bin.6.orig",0,3.43836920899113e-07,1.71918460449556e-07,0,0,0,0,0,0,0,6.87673841798226e-07,5.15755381348669e-07,1.71918460449556e-07,0,0,0,1,0,0,1,0,3.43836920899113e-07,0,6.87673841798226e-07,1,1,1.71918460449556e-07,0,1,8.59592302247782e-07,0,0,0,0,6.87673841798226e-07,1,0,1.71918460449556e-07,3.43836920899113e-07,8.59592302247782e-07,0,1.71918460449556e-07,8.59592302247782e-07,1,1.71918460449556e-07,3.43836920899113e-07,0,0,1,0,1.71918460449556e-07,3.43836920899113e-07,1.71918460449556e-07,0,0,0,0,1,3.43836920899113e-07,0,2.06302152539468e-06,1,0,1.71918460449556e-07,1.71918460449556e-07,0,0,3.43836920899113e-07,6.87673841798226e-07,0,0,0,0,0,0
"157","37","grassAmbWet2_bin.60.orig",5.29456441486195e-07,2.64728220743097e-07,0,0,1,0,0,0,0,0,7.94184662229292e-07,2.91201042817407e-06,0,2.64728220743097e-07,0,0,1,0,0,1,0,5.29456441486195e-07,5.29456441486195e-07,2.64728220743097e-06,0,1,0,0,0,2.64728220743097e-07,0,0,0,2.64728220743097e-07,6.08874907709124e-06,0,1,2.64728220743097e-07,5.29456441486195e-07,1.05891288297239e-06,5.29456441486195e-07,7.94184662229292e-07,0,1,2.64728220743097e-07,1.05891288297239e-06,0,0,1,1,2.64728220743097e-07,5.29456441486195e-07,0,1,0,0,0,1,1.05891288297239e-06,0,1.32364110371549e-06,1,0,1.05891288297239e-06,7.94184662229292e-07,0,0,1.85309754520168e-06,7.94184662229292e-07,0,5.29456441486195e-07,2.64728220743097e-07,2.64728220743097e-07,0,5.29456441486195e-07
"158","15","grassAmbWet2_bin.61.strict",0,0,0,0,1,0,0,0,0,0,1.02929864276681e-06,1.37239819035575e-06,3.43099547588937e-07,0,0,0,0,0,0,0,0,3.43099547588937e-07,0,6.86199095177873e-07,0,0,0,0,0,6.86199095177873e-07,0,0,0,0,0,1,0,0,6.86199095177873e-07,0,0,0,3.43099547588937e-07,0,0,3.43099547588937e-07,0,0,0,0,3.43099547588937e-07,3.43099547588937e-07,0,0,0,0,0,0,3.43099547588937e-07,0,1.71549773794468e-06,1,0,6.86199095177873e-07,0,0,0,6.86199095177873e-07,6.86199095177873e-07,0,0,0,0,3.43099547588937e-07,0
"159","26","grassAmbWet2_bin.7.orig",2.99818160285787e-07,0,2.99818160285787e-07,2.99818160285787e-07,0,0,0,0,0,0,5.99636320571573e-07,1.49909080142893e-06,0,0,0,0,1,0,0,0,0,2.99818160285787e-07,2.99818160285787e-07,8.9945448085736e-07,0,1,0,0,0,5.99636320571573e-07,0,0,0,2.99818160285787e-07,2.09872712200051e-06,1,0,0,2.99818160285787e-07,8.9945448085736e-07,2.99818160285787e-07,8.9945448085736e-07,5.99636320571573e-07,1,2.99818160285787e-07,2.99818160285787e-07,2.99818160285787e-07,0,1,0,5.99636320571573e-07,2.99818160285787e-07,0,1,0,2.99818160285787e-07,0,1,2.99818160285787e-07,0,2.99818160285787e-06,1,0,0,2.99818160285787e-07,0,0,2.69836344257208e-06,8.9945448085736e-07,0,0,2.99818160285787e-07,0,0,2.99818160285787e-07
"160","18","grassAmbWet2_bin.8.orig",2.3465232972219e-07,2.3465232972219e-07,2.3465232972219e-07,2.3465232972219e-07,1,0,0,0,0,0,9.38609318888762e-07,2.11187096749971e-06,2.3465232972219e-07,0,1,0,0,0,0,1,0,4.69304659444381e-07,0,4.69304659444381e-07,1,1,2.3465232972219e-07,0,1,2.3465232972219e-07,0,0,0,0,2.11187096749971e-06,1,0,0,2.3465232972219e-07,1.17326164861095e-06,4.69304659444381e-07,1.17326164861095e-06,0,0,0,7.03956989166571e-07,0,0,1,1,0,2.3465232972219e-07,2.3465232972219e-07,0,0,0,0,1,7.03956989166571e-07,0,1.17326164861095e-06,1,0,2.3465232972219e-07,4.69304659444381e-07,0,0,7.03956989166571e-07,7.03956989166571e-07,0,4.69304659444381e-07,0,2.3465232972219e-07,0,2.3465232972219e-07
"161","18","grassAmbWet2_bin.9.orig",2.89369518798746e-07,2.89369518798746e-07,2.89369518798746e-07,0,0,0,0,0,0,0,1.44684759399373e-06,1.73621711279248e-06,2.89369518798746e-07,0,1,0,1,0,0,1,0,2.89369518798746e-07,2.89369518798746e-07,1.73621711279248e-06,1,1,0,0,0,2.89369518798746e-07,1,0,0,0,3.7618037443837e-06,1,0,0,2.89369518798746e-07,8.68108556396238e-07,5.78739037597492e-07,5.78739037597492e-07,2.89369518798746e-07,1,0,8.68108556396238e-07,0,1,1,0,2.89369518798746e-07,2.89369518798746e-07,2.89369518798746e-07,0,0,0,0,1,8.68108556396238e-07,0,1.73621711279248e-06,1,0,5.78739037597492e-07,5.78739037597492e-07,0,0,1.15747807519498e-06,5.78739037597492e-07,0,5.78739037597492e-07,2.89369518798746e-07,2.89369518798746e-07,0,2.89369518798746e-07
"162","11","grassRedDry1_bin.1.orig",8.32543804292263e-07,0,0,4.16271902146131e-07,0,0,0,4.16271902146131e-07,0,0,8.32543804292263e-07,2.49763141287679e-06,0,0,0,4.16271902146131e-07,0,0,0,0,0,4.16271902146131e-07,0,1.24881570643839e-06,0,1,0,0,0,1.24881570643839e-06,0,0,1,4.16271902146131e-07,2.49763141287679e-06,0,0,4.16271902146131e-07,0,8.32543804292263e-07,4.16271902146131e-07,1.24881570643839e-06,8.32543804292263e-07,0,0,0,4.16271902146131e-07,0,0,0,4.16271902146131e-07,8.32543804292263e-07,4.16271902146131e-07,0,0,0,0,1,0,0,3.33017521716905e-06,1,0,0,8.32543804292263e-07,0,0,2.49763141287679e-06,1.24881570643839e-06,0,0,0,0,0,4.16271902146131e-07
"163","8","grassRedDry1_bin.10.orig",0,0,0,0,1,1,0,0,0,0,2.07758175024489e-06,1.38505450016326e-06,3.46263625040816e-07,0,0,0,0,1,0,0,0,3.46263625040816e-07,0,1.38505450016326e-06,0,0,3.46263625040816e-07,0,0,1.73131812520408e-06,0,0,0,0,2.77010900032653e-06,0,0,0,3.46263625040816e-07,3.46263625040816e-07,0,0,1.38505450016326e-06,1,6.92527250081632e-07,6.92527250081632e-07,0,0,1,0,0,6.92527250081632e-07,3.46263625040816e-07,0,0,0,0,1,6.92527250081632e-07,0,3.46263625040816e-06,1,0,3.46263625040816e-07,1.03879087512245e-06,0,0,1.03879087512245e-06,1.38505450016326e-06,0,0,0,0,0,1.03879087512245e-06
"164","21","grassRedDry1_bin.11.orig",0,4.43480318232607e-07,2.21740159116303e-07,0,0,1,2.21740159116303e-07,0,0,0,6.6522047734891e-07,2.21740159116303e-06,0,0,0,0,0,0,1,1,0,4.43480318232607e-07,0,1.10870079558152e-06,0,1,0,0,1,6.6522047734891e-07,0,0,0,0,3.76958270497716e-06,0,0,2.21740159116303e-07,2.21740159116303e-07,4.43480318232607e-07,0,6.6522047734891e-07,1.33044095469782e-06,1,2.21740159116303e-07,4.43480318232607e-07,2.21740159116303e-07,0,0,0,2.21740159116303e-07,4.43480318232607e-07,2.21740159116303e-07,0,0,0,0,1,4.43480318232607e-07,0,2.66088190939564e-06,1,0,2.21740159116303e-07,8.86960636465214e-07,0,0,1.77392127293043e-06,6.6522047734891e-07,0,2.21740159116303e-07,2.21740159116303e-07,0,0,6.6522047734891e-07
"165","24","grassRedDry1_bin.12.orig",3.88325084014132e-07,0,3.88325084014132e-07,3.88325084014132e-07,1,0,3.88325084014132e-07,3.88325084014132e-07,0,0,1.1649752520424e-06,2.32995050408479e-06,0,0,0,0,0,0,0,0,1,0,0,1.1649752520424e-06,0,1,3.88325084014132e-07,0,1,7.76650168028264e-07,1,0,1,3.88325084014132e-07,3.49492575612719e-06,0,0,3.88325084014132e-07,0,3.88325084014132e-07,3.88325084014132e-07,3.88325084014132e-07,7.76650168028264e-07,1,3.88325084014132e-07,3.88325084014132e-07,3.88325084014132e-07,0,0,0,3.88325084014132e-07,7.76650168028264e-07,3.88325084014132e-07,1,1,0,0,0,3.88325084014132e-07,0,1.55330033605653e-06,1,0,0,3.88325084014132e-07,0,0,3.10660067211306e-06,3.88325084014132e-07,0,3.88325084014132e-07,3.88325084014132e-07,0,0,0
"166","38","grassRedDry1_bin.13.permissive",0,5.78567264953433e-07,2.89283632476716e-07,2.89283632476716e-07,0,0,2.89283632476716e-07,2.89283632476716e-07,0,0,1.15713452990687e-06,2.60355269229045e-06,0,0,0,0,0,0,1,1,1,2.89283632476716e-07,0,1.7357017948603e-06,0,1,8.67850897430149e-07,0,0,5.78567264953433e-07,0,0,0,2.89283632476716e-07,2.89283632476716e-06,0,0,2.89283632476716e-07,2.89283632476716e-07,1.15713452990687e-06,0,2.89283632476716e-07,8.67850897430149e-07,0,2.89283632476716e-07,5.78567264953433e-07,2.89283632476716e-07,0,0,0,2.89283632476716e-07,2.89283632476716e-07,2.89283632476716e-07,0,1,0,0,1,5.78567264953433e-07,1,2.89283632476716e-06,1,0,0,1.15713452990687e-06,0,0,1.7357017948603e-06,1.15713452990687e-06,0,2.89283632476716e-07,0,0,2.89283632476716e-07,1.15713452990687e-06
"167","39","grassRedDry1_bin.14.orig",3.56790781097082e-07,3.56790781097082e-07,3.56790781097082e-07,3.56790781097082e-07,1,0,3.56790781097082e-07,3.56790781097082e-07,1,0,1.78395390548541e-06,2.49753546767957e-06,3.56790781097082e-07,0,0,0,0,0,0,1,1,0,3.56790781097082e-07,1.42716312438833e-06,1,1,3.56790781097082e-07,0,1,3.56790781097082e-07,1,0,1,3.56790781097082e-07,2.85432624877665e-06,1,1,3.56790781097082e-07,3.56790781097082e-07,1.42716312438833e-06,3.56790781097082e-07,3.56790781097082e-07,3.56790781097082e-07,1,3.56790781097082e-07,3.56790781097082e-07,3.56790781097082e-07,0,1,1,3.56790781097082e-07,3.56790781097082e-07,3.56790781097082e-07,0,1,3.56790781097082e-07,0,1,3.56790781097082e-07,0,3.56790781097082e-06,1,0,0,7.13581562194163e-07,0,0,2.14074468658249e-06,7.13581562194163e-07,0,0,3.56790781097082e-07,0,0,1.07037234329125e-06
"168","5","grassRedDry1_bin.15.orig",3.6363239673749e-07,0,3.6363239673749e-07,3.6363239673749e-07,1,0,7.2726479347498e-07,3.6363239673749e-07,0,0,3.6363239673749e-07,2.18179438042494e-06,0,0,0,0,0,0,0,0,0,0,0,3.6363239673749e-07,0,1,0,1,0,7.2726479347498e-07,0,0,0,3.6363239673749e-07,2.18179438042494e-06,1,1,3.6363239673749e-07,0,1.09089719021247e-06,3.6363239673749e-07,1.45452958694996e-06,1.09089719021247e-06,1,3.6363239673749e-07,0,0,1,1,0,0,3.6363239673749e-07,3.6363239673749e-07,1,0,3.6363239673749e-07,0,1,0,0,3.27269157063741e-06,1,0,0,3.6363239673749e-07,0,0,2.18179438042494e-06,1.09089719021247e-06,0,0,3.6363239673749e-07,0,0,3.6363239673749e-07
"169","32","grassRedDry1_bin.16.orig",7.57327044489556e-07,0,3.78663522244778e-07,0,0,0,0,3.78663522244778e-07,0,0,7.57327044489556e-07,2.27198113346867e-06,0,0,0,3.78663522244778e-07,1,0,1,0,0,3.78663522244778e-07,0,3.78663522244778e-07,0,1,3.78663522244778e-07,0,0,1.13599056673433e-06,0,0,1,3.78663522244778e-07,2.27198113346867e-06,1,1,0,3.78663522244778e-07,1.51465408897911e-06,3.78663522244778e-07,1.51465408897911e-06,1.51465408897911e-06,1,3.78663522244778e-07,3.78663522244778e-07,3.78663522244778e-07,0,1,0,0,3.78663522244778e-07,3.78663522244778e-07,0,0,3.78663522244778e-07,0,0,3.78663522244778e-07,0,3.407971700203e-06,1,0,0,3.78663522244778e-07,0,0,2.65064465571345e-06,7.57327044489556e-07,0,3.78663522244778e-07,0,0,0,3.78663522244778e-07
"170","34","grassRedDry1_bin.17.orig",7.75907753878957e-07,5.17271835919305e-07,2.58635917959652e-07,2.58635917959652e-07,1,0,0,0,1,0,1.29317958979826e-06,1.29317958979826e-06,2.58635917959652e-07,0,1,0,1,1,0,0,1,5.17271835919305e-07,2.58635917959652e-07,1.29317958979826e-06,1,1,2.58635917959652e-07,0,1,5.17271835919305e-07,1,0,0,0,2.06908734367722e-06,0,0,2.58635917959652e-07,2.58635917959652e-07,1.29317958979826e-06,0,5.17271835919305e-07,1.03454367183861e-06,1,5.17271835919305e-07,5.17271835919305e-07,0,0,1,1,2.58635917959652e-07,2.58635917959652e-07,2.58635917959652e-07,0,1,2.58635917959652e-07,0,1,5.17271835919305e-07,0,1.03454367183861e-06,1,0,7.75907753878957e-07,1.03454367183861e-06,0,0,3.10363101551583e-06,1.29317958979826e-06,0,0,2.58635917959652e-07,0,0,1.03454367183861e-06
"171","2","grassRedDry1_bin.18.strict",1.2846250613007e-06,3.21156265325176e-07,3.21156265325176e-07,0,1,0,0,0,1,0,9.63468795975527e-07,2.5692501226014e-06,0,0,1,0,0,0,0,1,1,6.42312530650351e-07,6.42312530650351e-07,1.92693759195105e-06,0,1,6.42312530650351e-07,0,0,3.21156265325176e-07,0,0,0,3.21156265325176e-07,4.49618771455246e-06,1,0,3.21156265325176e-07,6.42312530650351e-07,1.60578132662588e-06,3.21156265325176e-07,6.42312530650351e-07,3.21156265325176e-07,1,6.42312530650351e-07,9.63468795975527e-07,0,0,1,1,0,3.21156265325176e-07,3.21156265325176e-07,0,1,0,3.21156265325176e-07,1,9.63468795975527e-07,0,1.2846250613007e-06,1,0,1.2846250613007e-06,6.42312530650351e-07,0,0,2.89040638792658e-06,6.42312530650351e-07,0,6.42312530650351e-07,3.21156265325176e-07,3.21156265325176e-07,0,0
"172","15","grassRedDry1_bin.19.strict",0,7.38387745126272e-07,3.69193872563136e-07,0,0,0,0,0,0,0,3.69193872563136e-07,1.47677549025254e-06,0,0,0,0,1,1,0,0,0,7.38387745126272e-07,0,7.38387745126272e-07,0,0,0,0,1,7.38387745126272e-07,0,0,1,0,2.58435710794195e-06,1,0,0,3.69193872563136e-07,1.47677549025254e-06,0,0,1.47677549025254e-06,0,0,7.38387745126272e-07,0,1,0,0,3.69193872563136e-07,3.69193872563136e-07,3.69193872563136e-07,0,0,0,0,1,7.38387745126272e-07,0,2.58435710794195e-06,1,0,7.38387745126272e-07,1.10758161768941e-06,0,0,2.58435710794195e-06,1.10758161768941e-06,0,0,0,0,0,7.38387745126272e-07
"173","37","grassRedDry1_bin.20.orig",4.73587660957646e-07,2.36793830478823e-07,0,0,1,0,0,2.36793830478823e-07,0,0,1.65755681335176e-06,3.0783197962247e-06,2.36793830478823e-07,2.36793830478823e-07,1,0,0,0,0,0,0,0,2.36793830478823e-07,2.13114447430941e-06,0,1,2.36793830478823e-07,0,1,4.73587660957646e-07,1,0,0,2.36793830478823e-07,4.49908277909764e-06,0,1,0,4.73587660957646e-07,7.1038149143647e-07,2.36793830478823e-07,1.18396915239412e-06,4.73587660957646e-07,1,2.36793830478823e-07,9.47175321915293e-07,0,0,1,0,4.73587660957646e-07,2.36793830478823e-07,2.36793830478823e-07,1,0,0,0,1,9.47175321915293e-07,0,9.47175321915293e-07,1,0,9.47175321915293e-07,7.1038149143647e-07,0,0,2.13114447430941e-06,9.47175321915293e-07,0,4.73587660957646e-07,0,2.36793830478823e-07,0,1.18396915239412e-06
"174","34","grassRedDry1_bin.22.orig",6.67989434188456e-07,4.45326289458971e-07,0,2.22663144729485e-07,1,0,0,0,0,0,8.90652578917942e-07,1.11331572364743e-06,2.22663144729485e-07,0,1,0,1,1,0,1,0,4.45326289458971e-07,2.22663144729485e-07,1.33597886837691e-06,1,1,2.22663144729485e-07,0,1,4.45326289458971e-07,1,0,0,0,2.67195773675383e-06,0,0,2.22663144729485e-07,4.45326289458971e-07,1.11331572364743e-06,0,8.90652578917942e-07,1.11331572364743e-06,1,4.45326289458971e-07,6.67989434188456e-07,0,0,1,1,2.22663144729485e-07,4.45326289458971e-07,0,0,0,2.22663144729485e-07,0,1,6.67989434188456e-07,0,2.00396830256537e-06,1,0,6.67989434188456e-07,4.45326289458971e-07,0,0,2.00396830256537e-06,8.90652578917942e-07,0,2.22663144729485e-07,2.22663144729485e-07,2.22663144729485e-07,0,2.22663144729485e-07
"175","27","grassRedDry1_bin.23.orig",6.38736834037008e-07,3.19368417018504e-07,3.19368417018504e-07,3.19368417018504e-07,1,0,3.19368417018504e-07,0,1,0,1.59684208509252e-06,2.87431575316654e-06,3.19368417018504e-07,0,0,0,1,0,0,1,1,6.38736834037008e-07,3.19368417018504e-07,9.58105251055513e-07,1,1,0,0,0,6.38736834037008e-07,1,0,0,0,3.19368417018504e-06,1,0,0,3.19368417018504e-07,1.59684208509252e-06,3.19368417018504e-07,1.91621050211103e-06,0,1,0,9.58105251055513e-07,0,0,1,1,6.38736834037008e-07,3.19368417018504e-07,3.19368417018504e-07,0,1,0,0,1,9.58105251055513e-07,0,1.59684208509252e-06,1,0,6.38736834037008e-07,9.58105251055513e-07,0,0,2.87431575316654e-06,9.58105251055513e-07,0,6.38736834037008e-07,0,3.19368417018504e-07,3.19368417018504e-07,6.38736834037008e-07
"176","5","grassRedDry1_bin.24.orig",7.2345080245163e-07,3.61725401225815e-07,0,3.61725401225815e-07,1,0,3.61725401225815e-07,3.61725401225815e-07,0,0,1.08517620367745e-06,2.17035240735489e-06,0,3.61725401225815e-07,0,0,0,0,0,0,0,3.61725401225815e-07,0,7.2345080245163e-07,0,0,3.61725401225815e-07,0,0,3.61725401225815e-07,0,0,0,3.61725401225815e-07,3.25552861103234e-06,0,0,3.61725401225815e-07,3.61725401225815e-07,7.2345080245163e-07,0,1.08517620367745e-06,1.08517620367745e-06,1,3.61725401225815e-07,0,3.61725401225815e-07,1,1,0,0,3.61725401225815e-07,3.61725401225815e-07,0,0,3.61725401225815e-07,0,1,0,1,3.25552861103234e-06,1,0,0,7.2345080245163e-07,0,0,1.44690160490326e-06,1.08517620367745e-06,0,0,0,0,0,3.61725401225815e-07
"177","1","grassRedDry1_bin.25.strict",0,5.69936802557648e-07,2.84968401278824e-07,0,0,0,0,0,1,0,1.1398736051153e-06,1.1398736051153e-06,2.84968401278824e-07,0,0,0,1,1,0,0,1,5.69936802557648e-07,0,5.69936802557648e-07,0,0,0,0,1,8.54905203836473e-07,0,0,1,0,2.84968401278824e-06,1,0,0,2.84968401278824e-07,1.42484200639412e-06,0,0,8.54905203836473e-07,1,0,5.69936802557648e-07,0,1,0,0,2.84968401278824e-07,2.84968401278824e-07,2.84968401278824e-07,0,1,0,0,1,5.69936802557648e-07,0,3.13465241406707e-06,1,0,5.69936802557648e-07,1.1398736051153e-06,2.84968401278824e-07,0,2.27974721023059e-06,8.54905203836473e-07,0,0,0,0,0,8.54905203836473e-07
"178","4","grassRedDry1_bin.26.strict",4.86257157097531e-07,4.86257157097531e-07,0,4.86257157097531e-07,0,0,0,0,0,0,9.72514314195062e-07,4.86257157097531e-07,0,0,0,4.86257157097531e-07,0,0,1,0,0,4.86257157097531e-07,4.86257157097531e-07,9.72514314195062e-07,1,1,4.86257157097531e-07,0,0,4.86257157097531e-07,1,0,0,0,3.89005725678025e-06,1,0,4.86257157097531e-07,4.86257157097531e-07,1.94502862839012e-06,4.86257157097531e-07,1.94502862839012e-06,4.86257157097531e-07,0,0,0,4.86257157097531e-07,0,0,1,0,4.86257157097531e-07,0,0,0,4.86257157097531e-07,0,0,0,0,1.45877147129259e-06,1,0,0,4.86257157097531e-07,0,0,2.43128578548765e-06,9.72514314195062e-07,0,0,0,0,0,0
"179","10","grassRedDry1_bin.27.orig",6.86012681630433e-07,0,0,6.86012681630433e-07,0,0,0,0,0,0,0,2.0580380448913e-06,0,0,0,6.86012681630433e-07,0,0,0,0,0,0,2.0580380448913e-06,6.86012681630433e-07,0,0,0,0,0,6.86012681630433e-07,0,0,0,0,4.1160760897826e-06,0,1,6.86012681630433e-07,0,2.74405072652173e-06,6.86012681630433e-07,2.0580380448913e-06,0,0,6.86012681630433e-07,0,0,0,0,0,0,6.86012681630433e-07,0,0,0,0,0,0,0,0,2.0580380448913e-06,0,0,6.86012681630433e-07,6.86012681630433e-07,0,0,2.0580380448913e-06,6.86012681630433e-07,0,0,6.86012681630433e-07,0,0,0
"180","34","grassRedDry1_bin.28.orig",5.46735945400762e-07,5.46735945400762e-07,2.73367972700381e-07,2.73367972700381e-07,1,0,0,2.73367972700381e-07,0,0,0,1.3668398635019e-06,0,0,1,0,0,1,0,1,0,2.73367972700381e-07,2.73367972700381e-07,1.91357580890267e-06,1,1,0,0,1,1.09347189080152e-06,1,0,0,0,1.09347189080152e-06,1,0,0,2.73367972700381e-07,2.73367972700381e-07,0,5.46735945400762e-07,1.09347189080152e-06,0,2.73367972700381e-07,2.73367972700381e-07,0,0,1,0,0,5.46735945400762e-07,2.73367972700381e-07,0,0,2.73367972700381e-07,0,1,2.73367972700381e-07,0,2.46031175430343e-06,1,0,0,2.73367972700381e-07,0,0,1.64020783620228e-06,1.09347189080152e-06,0,0,0,2.73367972700381e-07,0,2.73367972700381e-07
"181","26","grassRedDry1_bin.29.orig",5.58971804903189e-07,5.58971804903189e-07,5.58971804903189e-07,5.58971804903189e-07,0,0,0,0,0,0,1.11794360980638e-06,1.67691541470957e-06,0,0,0,0,1,0,0,0,0,5.58971804903189e-07,0,1.67691541470957e-06,1,1,1.11794360980638e-06,0,0,5.58971804903189e-07,1,0,0,0,5.0307462441287e-06,1,0,5.58971804903189e-07,5.58971804903189e-07,1.67691541470957e-06,5.58971804903189e-07,2.23588721961276e-06,5.58971804903189e-07,1,5.58971804903189e-07,5.58971804903189e-07,5.58971804903189e-07,0,0,1,5.58971804903189e-07,1.11794360980638e-06,5.58971804903189e-07,0,0,5.58971804903189e-07,0,1,5.58971804903189e-07,0,3.35383082941913e-06,1,0,0,1.11794360980638e-06,0,0,2.23588721961276e-06,0,0,5.58971804903189e-07,0,0,0,1.67691541470957e-06
"182","15","grassRedDry1_bin.3.orig",0,0,0,0,0,0,0,0,0,0,1.18767314047501e-06,1.78150971071251e-06,5.93836570237505e-07,0,0,0,0,0,0,0,0,5.93836570237505e-07,0,0,0,0,0,0,1,5.93836570237505e-07,0,0,0,0,1.18767314047501e-06,0,0,0,5.93836570237505e-07,1.18767314047501e-06,0,0,1.78150971071251e-06,0,0,0,0,0,0,0,5.93836570237505e-07,0,5.93836570237505e-07,0,0,0,0,1,0,0,5.93836570237505e-07,1,0,5.93836570237505e-07,1.18767314047501e-06,5.93836570237505e-07,0,1.18767314047501e-06,1.18767314047501e-06,0,0,0,0,0,5.93836570237505e-07
"183","28","grassRedDry1_bin.30.strict",0,5.14635857819493e-07,2.57317928909747e-07,0,0,0,0,0,0,0,1.02927171563899e-06,1.28658964454873e-06,2.57317928909747e-07,0,0,0,0,0,0,0,0,5.14635857819493e-07,0,1.02927171563899e-06,0,0,0,0,1,5.14635857819493e-07,0,0,1,0,1.54390757345848e-06,1,0,0,2.57317928909747e-07,1.28658964454873e-06,0,0,1.28658964454873e-06,1,0,5.14635857819493e-07,0,0,0,0,2.57317928909747e-07,2.57317928909747e-07,2.57317928909747e-07,0,0,0,0,0,5.14635857819493e-07,0,1.80122550236823e-06,1,0,5.14635857819493e-07,7.7195378672924e-07,2.57317928909747e-07,0,1.02927171563899e-06,1.28658964454873e-06,0,0,0,0,0,7.7195378672924e-07
"184","40","grassRedDry1_bin.31.orig",2.33526895993192e-07,0,2.33526895993192e-07,2.33526895993192e-07,1,0,0,0,1,0,7.00580687979577e-07,2.56879585592511e-06,0,0,1,0,1,0,0,1,1,2.33526895993192e-07,0,9.34107583972769e-07,1,1,2.33526895993192e-07,0,1,7.00580687979577e-07,1,0,1,2.33526895993192e-07,1.40116137595915e-06,1,0,2.33526895993192e-07,4.67053791986384e-07,9.34107583972769e-07,2.33526895993192e-07,7.00580687979577e-07,0,1,2.33526895993192e-07,2.33526895993192e-07,0,0,1,0,2.33526895993192e-07,4.67053791986384e-07,2.33526895993192e-07,1,1,2.33526895993192e-07,0,1,2.33526895993192e-07,0,1.40116137595915e-06,1,0,2.33526895993192e-07,2.33526895993192e-07,0,0,1.86821516794554e-06,4.67053791986384e-07,0,0,0,0,0,0
"185","34","grassRedDry1_bin.32.orig",7.22151491495583e-07,4.81434327663722e-07,2.40717163831861e-07,2.40717163831861e-07,1,0,0,0,0,0,4.81434327663722e-07,1.20358581915931e-06,0,0,1,0,0,1,0,0,0,4.81434327663722e-07,2.40717163831861e-07,1.44430298299117e-06,1,1,0,0,1,2.40717163831861e-07,1,0,0,0,2.40717163831861e-06,0,0,2.40717163831861e-07,2.40717163831861e-07,4.81434327663722e-07,0,4.81434327663722e-07,4.81434327663722e-07,1,4.81434327663722e-07,7.22151491495583e-07,0,0,1,0,2.40717163831861e-07,2.40717163831861e-07,2.40717163831861e-07,0,0,2.40717163831861e-07,0,1,7.22151491495583e-07,0,9.62868655327444e-07,1,0,9.62868655327444e-07,7.22151491495583e-07,0,0,2.40717163831861e-06,1.20358581915931e-06,0,0,2.40717163831861e-07,0,0,7.22151491495583e-07
"186","26","grassRedDry1_bin.33.permissive",0,8.756448577099e-07,4.3782242885495e-07,4.3782242885495e-07,0,0,4.3782242885495e-07,0,0,0,4.3782242885495e-07,8.756448577099e-07,0,0,0,4.3782242885495e-07,1,0,0,0,0,0,8.756448577099e-07,4.3782242885495e-07,0,1,4.3782242885495e-07,0,0,0,1,0,0,0,6.56733643282425e-06,1,0,4.3782242885495e-07,4.3782242885495e-07,8.756448577099e-07,0,4.3782242885495e-07,8.756448577099e-07,1,8.756448577099e-07,4.3782242885495e-07,4.3782242885495e-07,0,0,0,0,0,0,0,0,4.3782242885495e-07,0,1,4.3782242885495e-07,0,4.3782242885495e-07,1,0,4.3782242885495e-07,8.756448577099e-07,0,0,2.6269345731297e-06,4.3782242885495e-07,0,0,0,0,4.3782242885495e-07,4.3782242885495e-07
"187","38","grassRedDry1_bin.34.strict",0,4.42999478589614e-07,4.42999478589614e-07,4.42999478589614e-07,0,1,4.42999478589614e-07,4.42999478589614e-07,0,0,1.77199791435845e-06,2.21499739294807e-06,0,0,0,4.42999478589614e-07,0,0,0,0,1,4.42999478589614e-07,0,1.77199791435845e-06,0,1,4.42999478589614e-07,0,0,4.42999478589614e-07,0,0,0,0,4.87299426448575e-06,0,0,4.42999478589614e-07,4.42999478589614e-07,1.32899843576884e-06,0,1.77199791435845e-06,1.77199791435845e-06,1,4.42999478589614e-07,0,4.42999478589614e-07,0,0,0,4.42999478589614e-07,4.42999478589614e-07,4.42999478589614e-07,0,1,0,0,1,0,1,3.1009963501273e-06,1,0,0,1.32899843576884e-06,0,0,1.77199791435845e-06,8.85998957179227e-07,0,0,0,0,0,1.32899843576884e-06
"188","37","grassRedDry1_bin.35.orig",7.64729454013759e-07,2.54909818004586e-07,2.54909818004586e-07,0,1,0,0,0,1,0,1.7843687260321e-06,2.29418836204128e-06,2.54909818004586e-07,2.54909818004586e-07,0,0,0,0,0,1,1,5.09819636009173e-07,2.54909818004586e-07,5.09819636009173e-07,1,1,5.09819636009173e-07,0,0,2.54909818004586e-07,1,0,0,0,7.64729454013759e-06,0,0,0,2.54909818004586e-07,1.27454909002293e-06,2.54909818004586e-07,7.64729454013759e-07,0,1,2.54909818004586e-07,7.64729454013759e-07,0,0,1,1,2.54909818004586e-07,2.54909818004586e-07,2.54909818004586e-07,1,1,2.54909818004586e-07,0,1,7.64729454013759e-07,1,7.64729454013759e-07,1,0,1.01963927201835e-06,7.64729454013759e-07,0,0,2.80400799805045e-06,5.09819636009173e-07,0,5.09819636009173e-07,2.54909818004586e-07,2.54909818004586e-07,0,5.09819636009173e-07
"189","17","grassRedDry1_bin.36.orig",7.3658585092239e-07,0,7.3658585092239e-07,7.3658585092239e-07,0,0,0,0,0,0,7.3658585092239e-07,2.94634340368956e-06,0,0,1,0,0,0,0,0,0,0,7.3658585092239e-07,2.94634340368956e-06,0,0,0,0,1,2.20975755276717e-06,1,1,0,0,7.3658585092239e-07,1,0,7.3658585092239e-07,0,7.3658585092239e-07,0,7.3658585092239e-07,7.3658585092239e-07,0,0,1.47317170184478e-06,0,0,0,0,0,7.3658585092239e-07,7.3658585092239e-07,0,0,0,0,0,1.47317170184478e-06,0,5.89268680737912e-06,1,0,7.3658585092239e-07,7.3658585092239e-07,0,0,3.68292925461195e-06,2.20975755276717e-06,0,0,0,7.3658585092239e-07,0,0
"190","36","grassRedDry1_bin.37.orig",4.95680884611934e-07,4.95680884611934e-07,0,4.95680884611934e-07,0,0,0,0,1,0,4.95680884611934e-07,1.4870426538358e-06,0,0,0,0,1,0,0,0,1,0,0,0,0,1,0,0,0,4.95680884611934e-07,0,0,0,4.95680884611934e-07,4.46112796150741e-06,0,1,0,4.95680884611934e-07,1.4870426538358e-06,4.95680884611934e-07,1.98272353844774e-06,4.95680884611934e-07,1,0,0,0,0,1,0,0,4.95680884611934e-07,0,0,1,4.95680884611934e-07,0,0,0,0,1.4870426538358e-06,1,0,4.95680884611934e-07,1.4870426538358e-06,0,0,1.98272353844774e-06,0,0,0,0,0,0,9.91361769223868e-07
"191","30","grassRedDry1_bin.39.orig",5.52843245167735e-07,2.76421622583868e-07,0,2.76421622583868e-07,0,0,0,0,1,0,1.65852973550321e-06,1.93495135808707e-06,2.76421622583868e-07,0,1,0,1,0,0,1,1,5.52843245167735e-07,0,2.76421622583868e-07,0,1,0,0,0,2.76421622583868e-07,1,0,0,0,5.25201082909349e-06,0,1,0,2.76421622583868e-07,1.38210811291934e-06,2.76421622583868e-07,1.65852973550321e-06,2.76421622583868e-07,0,0,5.52843245167735e-07,0,0,0,0,0,2.76421622583868e-07,2.76421622583868e-07,1,1,0,0,1,5.52843245167735e-07,0,8.29264867751603e-07,1,0,8.29264867751603e-07,1.10568649033547e-06,0,0,2.21137298067094e-06,5.52843245167735e-07,0,5.52843245167735e-07,0,2.76421622583868e-07,0,8.29264867751603e-07
"192","33","grassRedDry1_bin.4.orig",4.60152411681797e-07,0,0,4.60152411681797e-07,0,0,0,0,0,0,2.76091447009078e-06,3.22106688177258e-06,4.60152411681797e-07,0,0,0,0,0,0,0,0,4.60152411681797e-07,4.60152411681797e-07,1.38045723504539e-06,0,1,0,0,0,9.20304823363595e-07,0,0,0,0,4.14137170513617e-06,1,0,0,4.60152411681797e-07,9.20304823363595e-07,4.60152411681797e-07,2.76091447009078e-06,0,1,0,9.20304823363595e-07,0,0,0,0,0,4.60152411681797e-07,4.60152411681797e-07,0,0,0,0,0,9.20304823363595e-07,1,2.30076205840899e-06,1,0,9.20304823363595e-07,9.20304823363595e-07,0,0,3.22106688177258e-06,1.38045723504539e-06,0,9.20304823363595e-07,0,4.60152411681797e-07,0,1.84060964672719e-06
"193","20","grassRedDry1_bin.41.orig",5.56075022305559e-07,2.7803751115278e-07,0,2.7803751115278e-07,1,0,0,0,0,0,0,1.94626257806946e-06,0,0,1,0,1,0,0,0,0,2.7803751115278e-07,0,5.56075022305559e-07,1,1,0,0,1,5.56075022305559e-07,1,0,0,0,2.22430008922224e-06,0,0,2.7803751115278e-07,2.7803751115278e-07,5.56075022305559e-07,2.7803751115278e-07,8.34112533458339e-07,0,0,2.7803751115278e-07,5.56075022305559e-07,0,0,1,1,0,2.7803751115278e-07,2.7803751115278e-07,1,0,0,5.56075022305559e-07,1,5.56075022305559e-07,0,1.3901875557639e-06,0,0,8.34112533458339e-07,2.7803751115278e-07,0,0,1.94626257806946e-06,5.56075022305559e-07,0,5.56075022305559e-07,0,0,0,0
"194","10","grassRedDry1_bin.42.orig",5.58188967060153e-07,5.58188967060153e-07,5.58188967060153e-07,0,0,0,5.58188967060153e-07,0,0,0,1.67456690118046e-06,2.23275586824061e-06,5.58188967060153e-07,0,0,5.58188967060153e-07,0,0,0,1,0,5.58188967060153e-07,1.67456690118046e-06,1.11637793412031e-06,0,1,0,0,0,1.11637793412031e-06,1,0,0,5.58188967060153e-07,4.46551173648122e-06,0,0,0,0,0,0,2.79094483530076e-06,1.67456690118046e-06,1,5.58188967060153e-07,0,5.58188967060153e-07,0,0,0,0,5.58188967060153e-07,5.58188967060153e-07,0,0,5.58188967060153e-07,0,0,0,1,4.46551173648122e-06,1,0,0,1.67456690118046e-06,0,0,1.11637793412031e-06,1.11637793412031e-06,0,0,5.58188967060153e-07,0,0,5.58188967060153e-07
"195","32","grassRedDry1_bin.44.orig",4.55087836503324e-07,0,4.55087836503324e-07,4.55087836503324e-07,1,0,4.55087836503324e-07,4.55087836503324e-07,0,0,2.27543918251662e-06,2.27543918251662e-06,4.55087836503324e-07,0,0,0,1,0,1,0,0,4.55087836503324e-07,0,4.55087836503324e-07,1,1,1.36526350950997e-06,0,0,9.10175673006647e-07,1,0,1,0,3.64070269202659e-06,1,1,4.55087836503324e-07,0,1.82035134601329e-06,4.55087836503324e-07,1.36526350950997e-06,9.10175673006647e-07,1,4.55087836503324e-07,4.55087836503324e-07,4.55087836503324e-07,0,1,0,0,4.55087836503324e-07,4.55087836503324e-07,0,0,4.55087836503324e-07,0,1,4.55087836503324e-07,0,3.18561485552326e-06,1,0,0,1.36526350950997e-06,0,0,2.73052701901994e-06,9.10175673006647e-07,0,0,0,0,0,9.10175673006647e-07
"196","11","grassRedDry1_bin.45.orig",8.68504131908408e-07,0,0,0,0,0,0,4.34252065954204e-07,0,0,8.68504131908408e-07,1.73700826381682e-06,0,0,0,4.34252065954204e-07,0,0,1,0,0,4.34252065954204e-07,0,8.68504131908408e-07,0,1,0,0,0,1.73700826381682e-06,0,0,0,0,1.73700826381682e-06,0,0,4.34252065954204e-07,4.34252065954204e-07,1.30275619786261e-06,4.34252065954204e-07,1.30275619786261e-06,1.73700826381682e-06,1,4.34252065954204e-07,0,4.34252065954204e-07,0,1,0,0,8.68504131908408e-07,4.34252065954204e-07,0,0,4.34252065954204e-07,0,1,0,0,3.03976446167943e-06,1,0,0,8.68504131908408e-07,0,0,2.17126032977102e-06,8.68504131908408e-07,0,0,0,0,0,0
"197","26","grassRedDry1_bin.46.orig",3.94141947069101e-07,3.94141947069101e-07,3.94141947069101e-07,3.94141947069101e-07,0,1,7.88283894138203e-07,0,0,0,1.57656778827641e-06,1.57656778827641e-06,0,0,0,3.94141947069101e-07,1,0,0,0,0,3.94141947069101e-07,3.94141947069101e-07,7.88283894138203e-07,0,1,3.94141947069101e-07,0,0,0,1,0,0,0,3.15313557655281e-06,1,0,0,3.94141947069101e-07,1.57656778827641e-06,3.94141947069101e-07,1.57656778827641e-06,3.94141947069101e-07,1,3.94141947069101e-07,3.94141947069101e-07,3.94141947069101e-07,0,0,1,3.94141947069101e-07,0,3.94141947069101e-07,1,0,3.94141947069101e-07,0,1,3.94141947069101e-07,0,1.97070973534551e-06,1,0,0,1.1824258412073e-06,0,0,2.75899362948371e-06,7.88283894138203e-07,1,3.94141947069101e-07,0,0,0,7.88283894138203e-07
"198","15","grassRedDry1_bin.47.permissive",0,2.74215038885064e-07,2.74215038885064e-07,0,0,0,0,0,0,0,5.48430077770127e-07,1.37107519442532e-06,0,0,0,0,0,0,0,0,0,5.48430077770127e-07,0,1.09686015554025e-06,0,0,0,0,1,2.74215038885064e-07,0,0,0,0,1.09686015554025e-06,0,0,0,5.48430077770127e-07,8.22645116655191e-07,0,0,8.22645116655191e-07,0,0,5.48430077770127e-07,0,0,0,0,2.74215038885064e-07,0,2.74215038885064e-07,0,0,0,0,1,5.48430077770127e-07,0,1.64529023331038e-06,1,0,2.74215038885064e-07,8.22645116655191e-07,0,0,5.48430077770127e-07,1.09686015554025e-06,0,0,0,0,0,2.74215038885064e-07
"199","28","grassRedDry1_bin.48.orig",0,3.66934100470226e-07,1.83467050235113e-07,0,0,0,0,0,0,0,3.66934100470226e-07,7.33868200940452e-07,0,0,0,0,0,1,0,0,0,1.83467050235113e-07,0,5.50401150705339e-07,0,0,0,0,1,5.50401150705339e-07,0,0,1,0,1.4677364018809e-06,1,0,1.83467050235113e-07,3.66934100470226e-07,5.50401150705339e-07,1.83467050235113e-07,0,1.28426935164579e-06,1,0,5.50401150705339e-07,0,0,0,0,1.83467050235113e-07,1.83467050235113e-07,1.83467050235113e-07,0,0,0,0,1,5.50401150705339e-07,0,1.65120345211602e-06,0,0,3.66934100470226e-07,5.50401150705339e-07,1.83467050235113e-07,0,1.28426935164579e-06,7.33868200940452e-07,0,0,0,0,0,1.83467050235113e-07
"200","33","grassRedDry1_bin.49.orig",4.23170801891743e-07,0,4.23170801891743e-07,4.23170801891743e-07,0,0,0,0,0,0,2.11585400945871e-06,2.53902481135046e-06,4.23170801891743e-07,0,1,0,0,0,0,0,0,4.23170801891743e-07,1.26951240567523e-06,2.53902481135046e-06,0,1,8.46341603783486e-07,0,0,4.23170801891743e-07,1,0,0,4.23170801891743e-07,2.9621956132422e-06,1,0,0,0,2.11585400945871e-06,4.23170801891743e-07,1.69268320756697e-06,4.23170801891743e-07,1,4.23170801891743e-07,1.26951240567523e-06,4.23170801891743e-07,1,0,0,4.23170801891743e-07,4.23170801891743e-07,4.23170801891743e-07,0,0,0,0,1,1.26951240567523e-06,0,2.11585400945871e-06,1,0,8.46341603783486e-07,8.46341603783486e-07,0,1,3.80853721702568e-06,8.46341603783486e-07,0,4.23170801891743e-07,0,4.23170801891743e-07,0,4.23170801891743e-07
"201","5","grassRedDry1_bin.5.orig",3.18364675274399e-07,3.18364675274399e-07,0,3.18364675274399e-07,1,0,3.18364675274399e-07,3.18364675274399e-07,0,0,9.55094025823196e-07,1.91018805164639e-06,0,0,0,0,1,0,0,0,0,3.18364675274399e-07,0,9.55094025823196e-07,0,1,3.18364675274399e-07,0,0,3.18364675274399e-07,1,0,0,3.18364675274399e-07,3.18364675274399e-06,0,1,3.18364675274399e-07,3.18364675274399e-07,6.36729350548797e-07,0,1.27345870109759e-06,9.55094025823196e-07,1,3.18364675274399e-07,0,3.18364675274399e-07,1,1,0,0,3.18364675274399e-07,0,1,0,3.18364675274399e-07,0,1,0,1,2.86528207746959e-06,1,0,0,6.36729350548797e-07,0,0,1.59182337637199e-06,9.55094025823196e-07,0,3.18364675274399e-07,0,0,0,0
"202","2","grassRedDry1_bin.50.orig",9.54756021646229e-07,3.18252007215409e-07,0,0,0,0,0,0,1,0,1.27300802886164e-06,2.86426806493869e-06,0,0,1,0,1,0,0,0,1,6.36504014430819e-07,3.18252007215409e-07,1.27300802886164e-06,0,1,3.18252007215409e-07,0,0,6.36504014430819e-07,1,0,0,3.18252007215409e-07,2.22776405050787e-06,1,0,0,3.18252007215409e-07,9.54756021646229e-07,3.18252007215409e-07,1.59126003607705e-06,3.18252007215409e-07,1,0,9.54756021646229e-07,0,0,1,0,6.36504014430819e-07,3.18252007215409e-07,3.18252007215409e-07,1,1,0,0,1,9.54756021646229e-07,1,2.22776405050787e-06,1,0,9.54756021646229e-07,6.36504014430819e-07,0,0,9.54756021646229e-07,6.36504014430819e-07,0,6.36504014430819e-07,0,3.18252007215409e-07,0,0
"203","4","grassRedDry1_bin.51.orig",3.79522052698155e-07,0,0,3.79522052698155e-07,0,0,3.79522052698155e-07,0,0,0,1.13856615809447e-06,1.13856615809447e-06,0,0,0,3.79522052698155e-07,0,0,0,0,0,3.79522052698155e-07,3.79522052698155e-07,1.51808821079262e-06,0,1,3.79522052698155e-07,0,0,3.79522052698155e-07,1,0,0,0,2.65665436888709e-06,1,0,0,3.79522052698155e-07,1.51808821079262e-06,3.79522052698155e-07,1.13856615809447e-06,3.79522052698155e-07,1,3.79522052698155e-07,0,0,0,0,0,0,3.79522052698155e-07,3.79522052698155e-07,0,0,3.79522052698155e-07,0,1,0,0,2.27713231618893e-06,1,0,3.79522052698155e-07,7.5904410539631e-07,0,0,1.89761026349078e-06,1.13856615809447e-06,0,3.79522052698155e-07,0,0,0,3.79522052698155e-07
"204","3","grassRedDry1_bin.52.orig",1.07391007077067e-06,3.57970023590225e-07,0,3.57970023590225e-07,0,0,0,0,0,0,3.57970023590225e-07,1.4318800943609e-06,0,0,1,0,0,1,0,1,0,7.15940047180449e-07,3.57970023590225e-07,2.14782014154135e-06,0,1,0,0,1,1.07391007077067e-06,1,0,0,0,1.4318800943609e-06,1,0,3.57970023590225e-07,3.57970023590225e-07,1.4318800943609e-06,0,7.15940047180449e-07,2.14782014154135e-06,0,3.57970023590225e-07,1.4318800943609e-06,0,0,0,1,3.57970023590225e-07,7.15940047180449e-07,3.57970023590225e-07,0,0,0,0,1,1.4318800943609e-06,0,3.22173021231202e-06,1,0,0,7.15940047180449e-07,0,0,1.78985011795112e-06,1.07391007077067e-06,0,0,0,3.57970023590225e-07,0,3.57970023590225e-07
"205","24","grassRedDry1_bin.53.orig",0,2.98512452745479e-07,2.98512452745479e-07,2.98512452745479e-07,1,0,5.97024905490957e-07,0,1,0,5.97024905490957e-07,1.19404981098191e-06,0,0,0,2.98512452745479e-07,1,0,0,0,1,2.98512452745479e-07,5.97024905490957e-07,5.97024905490957e-07,1,1,5.97024905490957e-07,0,1,2.98512452745479e-07,1,0,0,2.98512452745479e-07,3.58214943294574e-06,1,0,0,2.98512452745479e-07,1.19404981098191e-06,2.98512452745479e-07,8.95537358236436e-07,8.95537358236436e-07,1,2.98512452745479e-07,2.98512452745479e-07,2.98512452745479e-07,0,1,0,5.97024905490957e-07,2.98512452745479e-07,0,1,1,2.98512452745479e-07,0,1,2.98512452745479e-07,0,2.68661207470931e-06,1,0,2.98512452745479e-07,5.97024905490957e-07,0,0,1.79107471647287e-06,5.97024905490957e-07,0,2.98512452745479e-07,2.98512452745479e-07,0,0,8.95537358236436e-07
"206","20","grassRedDry1_bin.54.permissive",0,4.13397382367775e-07,4.13397382367775e-07,4.13397382367775e-07,0,0,0,0,1,0,2.06698691183887e-06,3.72057644130997e-06,4.13397382367775e-07,0,1,0,0,0,0,0,1,4.13397382367775e-07,8.2679476473555e-07,1.24019214710332e-06,0,1,0,0,1,8.2679476473555e-07,0,0,0,0,1.6535895294711e-06,0,0,0,8.2679476473555e-07,1.6535895294711e-06,4.13397382367775e-07,2.06698691183887e-06,1.24019214710332e-06,0,0,8.2679476473555e-07,4.13397382367775e-07,0,1,0,4.13397382367775e-07,4.13397382367775e-07,4.13397382367775e-07,1,1,0,0,1,8.2679476473555e-07,0,8.2679476473555e-07,1,0,4.13397382367775e-07,1.24019214710332e-06,0,0,2.89378167657442e-06,4.13397382367775e-07,0,0,4.13397382367775e-07,0,0,1.24019214710332e-06
"207","17","grassRedDry1_bin.6.orig",1.33174707459559e-06,4.43915691531864e-07,0,4.43915691531864e-07,0,0,0,0,0,0,0,2.21957845765932e-06,0,0,0,0,0,1,0,0,0,0,4.43915691531864e-07,1.77566276612746e-06,0,0,0,0,1,8.87831383063729e-07,1,0,0,0,1.33174707459559e-06,0,0,4.43915691531864e-07,0,8.87831383063729e-07,0,4.43915691531864e-07,1.77566276612746e-06,0,4.43915691531864e-07,8.87831383063729e-07,0,0,0,0,0,4.43915691531864e-07,0,0,0,4.43915691531864e-07,0,0,8.87831383063729e-07,0,3.55132553225491e-06,0,0,4.43915691531864e-07,4.43915691531864e-07,0,0,1.33174707459559e-06,4.43915691531864e-07,0,0,4.43915691531864e-07,4.43915691531864e-07,4.43915691531864e-07,8.87831383063729e-07
"208","13","grassRedDry1_bin.7.orig",8.22612634178403e-07,4.11306317089202e-07,0,4.11306317089202e-07,1,0,0,0,1,0,1.23391895126761e-06,1.23391895126761e-06,0,0,1,0,0,1,0,0,1,4.11306317089202e-07,0,1.23391895126761e-06,0,1,0,0,1,0,1,0,0,0,3.29045053671361e-06,0,0,4.11306317089202e-07,4.11306317089202e-07,2.05653158544601e-06,0,0,8.22612634178403e-07,1,0,8.22612634178403e-07,0,0,0,0,4.11306317089202e-07,0,4.11306317089202e-07,0,1,4.11306317089202e-07,0,1,8.22612634178403e-07,0,1.23391895126761e-06,1,0,1.23391895126761e-06,1.23391895126761e-06,0,0,3.70175685380281e-06,8.22612634178403e-07,0,4.11306317089202e-07,0,4.11306317089202e-07,0,1.23391895126761e-06
"209","27","grassRedDry1_bin.8.orig",6.05915920683182e-07,6.05915920683182e-07,3.02957960341591e-07,3.02957960341591e-07,1,0,0,0,1,0,1.81774776204955e-06,2.12070572239114e-06,3.02957960341591e-07,0,0,0,1,0,0,1,1,6.05915920683182e-07,6.05915920683182e-07,9.08873881024773e-07,0,1,6.05915920683182e-07,0,0,6.05915920683182e-07,0,0,0,3.02957960341591e-07,2.12070572239114e-06,1,0,0,3.02957960341591e-07,6.05915920683182e-07,3.02957960341591e-07,1.81774776204955e-06,3.02957960341591e-07,1,0,1.21183184136636e-06,0,0,0,0,6.05915920683182e-07,3.02957960341591e-07,3.02957960341591e-07,0,1,0,0,1,1.21183184136636e-06,0,9.08873881024773e-07,1,0,1.21183184136636e-06,6.05915920683182e-07,0,0,3.02957960341591e-06,6.05915920683182e-07,0,3.02957960341591e-07,0,3.02957960341591e-07,3.02957960341591e-07,3.02957960341591e-07
"210","10","grassRedDry1_bin.9.orig",0,4.46306833270032e-07,4.46306833270032e-07,4.46306833270032e-07,0,0,0,0,0,0,8.92613666540064e-07,2.23153416635016e-06,0,0,0,4.46306833270032e-07,0,0,0,0,0,0,0,4.46306833270032e-07,0,1,4.46306833270032e-07,0,0,4.46306833270032e-07,0,0,0,0,1.78522733308013e-06,0,0,0,0,1.3389204998101e-06,4.46306833270032e-07,1.3389204998101e-06,1.3389204998101e-06,1,4.46306833270032e-07,0,4.46306833270032e-07,0,0,0,0,4.46306833270032e-07,0,0,0,0,0,1,0,0,3.57045466616026e-06,1,0,0,8.92613666540064e-07,0,0,2.67784099962019e-06,4.46306833270032e-07,0,4.46306833270032e-07,4.46306833270032e-07,0,0,4.46306833270032e-07
"211","18","grassRedDry2_bin.1.orig",2.67915510164714e-07,0,0,2.67915510164714e-07,1,0,0,0,0,0,1.33957755082357e-06,1.33957755082357e-06,2.67915510164714e-07,0,0,0,1,0,0,0,0,2.67915510164714e-07,0,2.67915510164714e-07,0,0,2.67915510164714e-07,0,0,5.35831020329429e-07,0,0,0,0,1.60749306098829e-06,1,0,0,0,8.03746530494143e-07,2.67915510164714e-07,5.35831020329429e-07,0,1,0,8.03746530494143e-07,0,0,0,0,0,2.67915510164714e-07,2.67915510164714e-07,0,0,0,0,1,8.03746530494143e-07,0,1.33957755082357e-06,1,0,5.35831020329429e-07,5.35831020329429e-07,0,0,2.41123959148243e-06,8.03746530494143e-07,0,5.35831020329429e-07,2.67915510164714e-07,0,0,8.03746530494143e-07
"212","29","grassRedDry2_bin.10.orig",3.15820457333288e-07,6.31640914666576e-07,0,3.15820457333288e-07,0,0,0,0,0,0,1.89492274399973e-06,3.47402503066617e-06,3.15820457333288e-07,0,1,0,0,0,0,1,1,0,3.15820457333288e-07,1.26328182933315e-06,0,1,3.15820457333288e-07,0,1,6.31640914666576e-07,1,1,0,0,2.21074320133302e-06,0,0,0,0,6.31640914666576e-07,0,6.31640914666576e-07,0,1,6.31640914666576e-07,9.47461371999864e-07,0,0,0,0,0,3.15820457333288e-07,0,0,1,0,0,1,9.47461371999864e-07,0,1.89492274399973e-06,0,1,9.47461371999864e-07,6.31640914666576e-07,0,0,1.89492274399973e-06,6.31640914666576e-07,0,6.31640914666576e-07,0,3.15820457333288e-07,0,3.15820457333288e-07
"213","8","grassRedDry2_bin.11.strict",1.88963903359325e-07,3.77927806718649e-07,1.88963903359325e-07,0,0,0,0,0,0,0,3.77927806718649e-07,9.44819516796623e-07,0,0,0,0,0,1,0,0,0,1.88963903359325e-07,0,5.66891710077974e-07,0,1,0,1,0,7.55855613437299e-07,0,0,0,0,7.55855613437299e-07,1,0,0,1.88963903359325e-07,7.55855613437299e-07,0,0,5.66891710077974e-07,1,3.77927806718649e-07,3.77927806718649e-07,0,0,1,0,1.88963903359325e-07,3.77927806718649e-07,1.88963903359325e-07,0,0,0,0,1,3.77927806718649e-07,0,1.70067513023392e-06,1,0,3.77927806718649e-07,3.77927806718649e-07,0,0,7.55855613437299e-07,7.55855613437299e-07,0,0,0,0,0,3.77927806718649e-07
"214","41","grassRedDry2_bin.12.orig",0,6.27115731699822e-07,6.27115731699822e-07,0,1,0,0,0,0,0,1.25423146339964e-06,4.38981012189876e-06,0,0,1,0,0,0,0,0,0,0,0,2.50846292679929e-06,0,1,0,0,0,1.25423146339964e-06,1,0,0,0,5.01692585359858e-06,0,0,0,1.25423146339964e-06,6.27115731699822e-07,6.27115731699822e-07,1.88134719509947e-06,0,0,0,1.25423146339964e-06,0,0,1,0,0,6.27115731699822e-07,6.27115731699822e-07,0,0,0,0,1,1.25423146339964e-06,0,3.76269439019893e-06,1,0,6.27115731699822e-07,6.27115731699822e-07,0,0,6.27115731699822e-07,1.25423146339964e-06,0,6.27115731699822e-07,0,0,0,6.27115731699822e-07
"215","23","grassRedDry2_bin.13.orig",5.60216086548904e-07,2.80108043274452e-07,0,2.80108043274452e-07,1,0,0,2.80108043274452e-07,0,0,5.60216086548904e-07,1.12043217309781e-06,0,0,0,2.80108043274452e-07,0,0,0,0,0,2.80108043274452e-07,0,5.60216086548904e-07,0,1,0,0,1,5.60216086548904e-07,0,0,0,2.80108043274452e-07,2.24086434619561e-06,0,1,0,0,5.60216086548904e-07,2.80108043274452e-07,1.12043217309781e-06,1.12043217309781e-06,1,2.80108043274452e-07,5.60216086548904e-07,0,0,0,0,2.80108043274452e-07,2.80108043274452e-07,2.80108043274452e-07,0,0,2.80108043274452e-07,0,0,5.60216086548904e-07,0,2.24086434619561e-06,1,0,0,2.80108043274452e-07,0,0,1.40054021637226e-06,8.40324129823356e-07,0,2.80108043274452e-07,0,0,0,0
"216","28","grassRedDry2_bin.14.strict",0,2.77895806302177e-07,0,0,0,0,0,0,0,0,1.11158322520871e-06,1.11158322520871e-06,2.77895806302177e-07,0,0,0,0,0,0,0,0,5.55791612604353e-07,0,8.3368741890653e-07,0,0,0,0,0,8.3368741890653e-07,0,0,1,0,1.38947903151088e-06,0,0,0,2.77895806302177e-07,1.11158322520871e-06,0,0,8.3368741890653e-07,1,0,8.3368741890653e-07,0,0,1,0,2.77895806302177e-07,2.77895806302177e-07,2.77895806302177e-07,0,0,0,0,1,8.3368741890653e-07,0,2.77895806302177e-06,1,0,5.55791612604353e-07,5.55791612604353e-07,2.77895806302177e-07,0,8.3368741890653e-07,1.11158322520871e-06,0,0,0,0,0,2.77895806302177e-07
"217","8","grassRedDry2_bin.15.orig",0,1.74177824062632e-07,1.74177824062632e-07,0,0,0,0,0,0,0,5.22533472187895e-07,6.96711296250526e-07,1.74177824062632e-07,0,0,0,1,1,1,0,0,3.48355648125263e-07,0,6.96711296250526e-07,1,0,0,0,1,6.96711296250526e-07,0,0,0,0,1.21924476843842e-06,1,0,0,3.48355648125263e-07,8.70889120313158e-07,0,0,1.21924476843842e-06,1,0,5.22533472187895e-07,0,1,1,0,1.74177824062632e-07,3.48355648125263e-07,1.74177824062632e-07,0,0,0,0,1,5.22533472187895e-07,0,1.56760041656368e-06,1,0,3.48355648125263e-07,3.48355648125263e-07,1.74177824062632e-07,0,1.21924476843842e-06,6.96711296250526e-07,0,0,0,0,0,1.74177824062632e-07
"218","20","grassRedDry2_bin.16.orig",0,0,0,3.42846641954281e-07,1,0,0,0,0,0,6.85693283908561e-07,3.08561977758853e-06,0,0,1,0,0,0,0,0,0,3.42846641954281e-07,0,3.42846641954281e-07,0,1,3.42846641954281e-07,0,1,6.85693283908561e-07,0,1,0,0,1.37138656781712e-06,1,0,0,0,6.85693283908561e-07,3.42846641954281e-07,1.02853992586284e-06,3.42846641954281e-07,0,0,6.85693283908561e-07,0,0,1,0,0,3.42846641954281e-07,0,0,0,0,0,1,6.85693283908561e-07,0,1.37138656781712e-06,0,0,6.85693283908561e-07,0,0,0,6.85693283908561e-07,3.42846641954281e-07,0,3.42846641954281e-07,0,0,0,0
"219","23","grassRedDry2_bin.17.strict",0,0,0,0,1,0,0,5.21317996157886e-07,0,0,1.56395398847366e-06,2.08527198463155e-06,5.21317996157886e-07,0,0,0,0,0,0,0,0,0,0,1.04263599231577e-06,0,1,5.21317996157886e-07,0,0,1.04263599231577e-06,0,0,0,5.21317996157886e-07,3.6492259731052e-06,0,0,5.21317996157886e-07,5.21317996157886e-07,1.04263599231577e-06,5.21317996157886e-07,5.21317996157886e-07,0,1,5.21317996157886e-07,0,0,0,1,0,5.21317996157886e-07,1.04263599231577e-06,5.21317996157886e-07,0,0,5.21317996157886e-07,0,0,0,0,3.12790797694732e-06,1,0,0,0,0,0,3.12790797694732e-06,5.21317996157886e-07,0,5.21317996157886e-07,5.21317996157886e-07,0,0,5.21317996157886e-07
"220","15","grassRedDry2_bin.18.orig",1.14504974954899e-06,5.72524874774497e-07,0,0,1,0,0,0,0,0,0,1.71757462432349e-06,0,0,0,0,0,1,0,0,0,5.72524874774497e-07,0,1.14504974954899e-06,1,1,0,0,1,5.72524874774497e-07,1,0,0,0,1.71757462432349e-06,1,0,0,0,0,0,5.72524874774497e-07,1.14504974954899e-06,0,0,1.71757462432349e-06,0,0,0,0,0,1.14504974954899e-06,5.72524874774497e-07,0,0,0,0,1,1.71757462432349e-06,0,3.43514924864698e-06,1,0,1.14504974954899e-06,5.72524874774497e-07,0,0,4.00767412342148e-06,1.14504974954899e-06,0,0,0,0,0,0
"221","10","grassRedDry2_bin.19.orig",6.28663734369455e-07,0,3.14331867184727e-07,3.14331867184727e-07,0,0,3.14331867184727e-07,0,0,0,6.28663734369455e-07,1.25732746873891e-06,0,0,0,0,0,0,0,1,0,0,0,6.28663734369455e-07,0,1,0,0,0,1.25732746873891e-06,0,0,0,3.14331867184727e-07,2.82898680466255e-06,0,0,3.14331867184727e-07,0,3.14331867184727e-07,0,3.14331867184727e-07,1.25732746873891e-06,0,3.14331867184727e-07,3.14331867184727e-07,3.14331867184727e-07,0,0,0,3.14331867184727e-07,6.28663734369455e-07,3.14331867184727e-07,1,0,3.14331867184727e-07,0,1,3.14331867184727e-07,0,3.14331867184727e-06,1,0,0,9.42995601554182e-07,0,0,2.20032307029309e-06,6.28663734369455e-07,0,0,0,0,0,3.14331867184727e-07
"222","8","grassRedDry2_bin.2.orig",0,2.99116499595146e-07,0,0,0,0,0,0,0,0,2.99116499595146e-07,2.99116499595146e-07,0,2.99116499595146e-07,1,0,1,1,1,0,0,5.98232999190292e-07,0,5.98232999190292e-07,0,0,0,0,0,8.97349498785437e-07,0,0,0,0,1.49558249797573e-06,1,0,0,2.99116499595146e-07,5.98232999190292e-07,0,0,1.79469899757087e-06,0,0,8.97349498785437e-07,0,0,1,0,2.99116499595146e-07,5.98232999190292e-07,2.99116499595146e-07,0,0,0,0,1,8.97349498785437e-07,0,2.69204849635631e-06,1,0,5.98232999190292e-07,0,0,0,1.19646599838058e-06,8.97349498785437e-07,0,0,0,0,0,0
"223","7","grassRedDry2_bin.20.orig",8.16270890922945e-07,0,4.08135445461473e-07,4.08135445461473e-07,0,0,0,0,0,0,1.63254178184589e-06,2.85694811823031e-06,4.08135445461473e-07,4.08135445461473e-07,0,4.08135445461473e-07,1,0,0,0,0,4.08135445461473e-07,4.08135445461473e-07,8.16270890922945e-07,1,1,0,0,0,1.22440633638442e-06,1,0,0,4.08135445461473e-07,2.04067722730736e-06,1,0,4.08135445461473e-07,4.08135445461473e-07,8.16270890922945e-07,4.08135445461473e-07,1.63254178184589e-06,1.22440633638442e-06,1,4.08135445461473e-07,0,4.08135445461473e-07,0,1,1,0,4.08135445461473e-07,4.08135445461473e-07,1,0,0,0,0,0,1,1.63254178184589e-06,1,0,0,1.22440633638442e-06,0,0,2.44881267276884e-06,8.16270890922945e-07,0,0,0,0,0,1.22440633638442e-06
"224","27","grassRedDry2_bin.21.orig",7.0055189478271e-07,3.50275947391355e-07,0,3.50275947391355e-07,1,0,3.50275947391355e-07,0,1,0,1.75137973695677e-06,3.15248352652219e-06,3.50275947391355e-07,0,0,0,1,0,0,1,1,7.0055189478271e-07,3.50275947391355e-07,7.0055189478271e-07,1,1,0,0,0,7.0055189478271e-07,0,0,0,0,3.50275947391355e-06,0,0,0,3.50275947391355e-07,1.75137973695677e-06,3.50275947391355e-07,2.10165568434813e-06,0,1,0,1.05082784217406e-06,0,0,1,0,3.50275947391355e-07,3.50275947391355e-07,3.50275947391355e-07,0,1,0,0,1,1.05082784217406e-06,0,1.40110378956542e-06,1,0,7.0055189478271e-07,1.05082784217406e-06,0,0,2.80220757913084e-06,1.05082784217406e-06,0,7.0055189478271e-07,0,3.50275947391355e-07,3.50275947391355e-07,7.0055189478271e-07
"225","28","grassRedDry2_bin.22.orig",2.06451016193192e-07,2.06451016193192e-07,2.06451016193192e-07,0,0,0,0,0,0,0,8.25804064772768e-07,8.25804064772768e-07,2.06451016193192e-07,0,0,0,1,1,0,0,0,4.12902032386384e-07,0,6.19353048579576e-07,0,0,0,0,0,1.03225508096596e-06,0,0,1,0,1.23870609715915e-06,1,0,0,4.12902032386384e-07,1.03225508096596e-06,2.06451016193192e-07,0,1.03225508096596e-06,1,0,4.12902032386384e-07,0,0,0,0,2.06451016193192e-07,6.19353048579576e-07,2.06451016193192e-07,0,0,0,0,0,4.12902032386384e-07,0,2.06451016193192e-06,1,0,4.12902032386384e-07,4.12902032386384e-07,2.06451016193192e-07,0,6.19353048579576e-07,1.03225508096596e-06,0,0,0,0,0,2.06451016193192e-07
"226","32","grassRedDry2_bin.23.orig",3.57615292488183e-07,3.57615292488183e-07,3.57615292488183e-07,3.57615292488183e-07,1,0,3.57615292488183e-07,3.57615292488183e-07,0,0,1.78807646244092e-06,1.78807646244092e-06,3.57615292488183e-07,0,0,0,1,0,1,0,0,3.57615292488183e-07,0,3.57615292488183e-07,1,1,1.43046116995273e-06,0,0,7.15230584976367e-07,1,0,1,3.57615292488183e-07,3.21853763239365e-06,1,1,3.57615292488183e-07,3.57615292488183e-07,1.78807646244092e-06,3.57615292488183e-07,1.07284587746455e-06,7.15230584976367e-07,1,3.57615292488183e-07,3.57615292488183e-07,3.57615292488183e-07,0,1,0,3.57615292488183e-07,3.57615292488183e-07,3.57615292488183e-07,0,0,3.57615292488183e-07,0,1,3.57615292488183e-07,1,2.86092233990547e-06,1,0,0,1.43046116995273e-06,0,0,2.1456917549291e-06,1.07284587746455e-06,0,0,0,0,0,1.43046116995273e-06
"227","13","grassRedDry2_bin.24.orig",4.06683600971811e-07,4.06683600971811e-07,0,4.06683600971811e-07,1,0,0,4.06683600971811e-07,1,0,1.22005080291543e-06,2.84678520680268e-06,4.06683600971811e-07,0,1,0,1,0,0,0,1,4.06683600971811e-07,0,1.22005080291543e-06,1,1,4.06683600971811e-07,0,0,1.62673440388724e-06,0,0,0,0,1.22005080291543e-06,1,0,4.06683600971811e-07,4.06683600971811e-07,1.62673440388724e-06,0,8.13367201943622e-07,1.22005080291543e-06,0,4.06683600971811e-07,1.22005080291543e-06,0,1,0,1,4.06683600971811e-07,8.13367201943622e-07,4.06683600971811e-07,0,1,0,0,1,1.22005080291543e-06,0,1.62673440388724e-06,1,0,4.06683600971811e-07,0,0,0,2.44010160583087e-06,1.22005080291543e-06,0,0,0,4.06683600971811e-07,0,0
"228","25","grassRedDry2_bin.25.orig",5.9404134943621e-07,5.9404134943621e-07,2.97020674718105e-07,2.97020674718105e-07,0,0,0,0,1,0,1.18808269887242e-06,1.18808269887242e-06,2.97020674718105e-07,0,1,0,1,1,0,1,1,5.9404134943621e-07,0,1.18808269887242e-06,0,1,0,0,1,2.97020674718105e-07,1,0,0,0,8.91062024154315e-07,1,0,2.97020674718105e-07,2.97020674718105e-07,1.48510337359053e-06,0,5.9404134943621e-07,5.9404134943621e-07,0,2.97020674718105e-07,5.9404134943621e-07,0,0,0,1,2.97020674718105e-07,2.97020674718105e-07,2.97020674718105e-07,0,1,0,0,1,5.9404134943621e-07,0,2.37616539774484e-06,1,0,2.97020674718105e-07,2.97020674718105e-07,0,0,2.37616539774484e-06,5.9404134943621e-07,0,0,2.97020674718105e-07,2.97020674718105e-07,0,2.97020674718105e-07
"229","41","grassRedDry2_bin.26.orig",5.66853898509344e-07,5.66853898509344e-07,5.66853898509344e-07,0,0,0,0,0,0,0,5.66853898509344e-07,1.70056169552803e-06,0,0,1,0,0,0,0,1,0,1.13370779701869e-06,0,1.70056169552803e-06,0,1,5.66853898509344e-07,0,0,1.70056169552803e-06,1,0,0,0,5.66853898509344e-07,0,0,0,5.66853898509344e-07,0,0,5.66853898509344e-07,1.70056169552803e-06,0,0,5.66853898509344e-07,0,0,0,0,5.66853898509344e-07,5.66853898509344e-07,0,0,0,0,0,1,5.66853898509344e-07,0,5.1016850865841e-06,1,0,5.66853898509344e-07,0,0,0,1.70056169552803e-06,1.70056169552803e-06,0,0,0,5.66853898509344e-07,0,5.66853898509344e-07
"230","11","grassRedDry2_bin.27.orig",5.69937289800003e-07,5.69937289800003e-07,5.69937289800003e-07,0,0,0,5.69937289800003e-07,0,0,0,2.27974915920001e-06,2.27974915920001e-06,5.69937289800003e-07,0,0,0,0,0,0,0,0,0,0,5.69937289800003e-07,0,1,0,0,0,1.13987457960001e-06,1,0,0,0,6.26931018780004e-06,1,0,5.69937289800003e-07,5.69937289800003e-07,1.13987457960001e-06,0,1.13987457960001e-06,1.70981186940001e-06,0,0,0,5.69937289800003e-07,0,1,0,1.13987457960001e-06,5.69937289800003e-07,5.69937289800003e-07,0,0,0,0,0,0,0,4.55949831840003e-06,1,0,0,1.13987457960001e-06,0,0,3.41962373880002e-06,2.27974915920001e-06,0,5.69937289800003e-07,0,0,0,1.13987457960001e-06
"231","15","grassRedDry2_bin.28.orig",0,3.23492581182889e-07,3.23492581182889e-07,0,0,0,0,0,0,0,3.23492581182889e-07,9.70477743548668e-07,0,0,0,0,0,0,0,0,0,0,0,3.23492581182889e-07,0,0,0,0,1,9.70477743548668e-07,0,0,0,0,1.61746290591445e-06,0,0,0,3.23492581182889e-07,6.46985162365779e-07,0,0,9.70477743548668e-07,1,3.23492581182889e-07,9.70477743548668e-07,0,0,0,0,3.23492581182889e-07,3.23492581182889e-07,3.23492581182889e-07,1,0,0,0,1,9.70477743548668e-07,0,3.23492581182889e-06,0,0,3.23492581182889e-07,3.23492581182889e-07,3.23492581182889e-07,0,9.70477743548668e-07,6.46985162365779e-07,0,0,0,0,0,0
"232","18","grassRedDry2_bin.29.orig",2.59987416609036e-07,2.59987416609036e-07,2.59987416609036e-07,2.59987416609036e-07,0,0,0,0,0,0,1.55992449965422e-06,2.07989933287229e-06,2.59987416609036e-07,0,1,0,1,0,0,1,1,2.59987416609036e-07,2.59987416609036e-07,7.79962249827108e-07,1,1,5.19974833218072e-07,0,1,2.59987416609036e-07,1,0,0,0,2.33988674948133e-06,1,0,0,2.59987416609036e-07,5.19974833218072e-07,2.59987416609036e-07,1.03994966643614e-06,0,1,0,7.79962249827108e-07,0,0,1,1,0,2.59987416609036e-07,2.59987416609036e-07,0,1,0,0,1,7.79962249827108e-07,0,1.03994966643614e-06,1,0,7.79962249827108e-07,5.19974833218072e-07,0,0,2.33988674948133e-06,5.19974833218072e-07,0,5.19974833218072e-07,2.59987416609036e-07,2.59987416609036e-07,2.59987416609036e-07,5.19974833218072e-07
"233","37","grassRedDry2_bin.3.orig",7.98658466751449e-07,5.32438977834299e-07,2.6621948891715e-07,0,1,0,0,0,0,0,1.86353642242005e-06,2.39597540025435e-06,2.6621948891715e-07,0,0,0,0,0,0,1,0,5.32438977834299e-07,2.6621948891715e-07,5.32438977834299e-07,1,1,5.32438977834299e-07,0,0,2.6621948891715e-07,1,0,0,0,7.72036517859734e-06,0,0,0,2.6621948891715e-07,7.98658466751449e-07,2.6621948891715e-07,7.98658466751449e-07,0,1,2.6621948891715e-07,1.0648779556686e-06,0,0,1,1,2.6621948891715e-07,2.6621948891715e-07,2.6621948891715e-07,1,0,2.6621948891715e-07,0,1,1.0648779556686e-06,1,7.98658466751449e-07,1,0,1.0648779556686e-06,7.98658466751449e-07,0,0,2.92841437808865e-06,5.32438977834299e-07,0,5.32438977834299e-07,0,2.6621948891715e-07,0,2.6621948891715e-07
"234","10","grassRedDry2_bin.30.orig",9.66220449959201e-07,4.83110224979601e-07,4.83110224979601e-07,4.83110224979601e-07,0,0,0,0,0,0,9.66220449959201e-07,2.8986613498776e-06,4.83110224979601e-07,0,0,4.83110224979601e-07,1,0,0,0,0,4.83110224979601e-07,1.4493306749388e-06,1.4493306749388e-06,0,1,0,0,0,4.83110224979601e-07,0,0,1,0,1.9324408999184e-06,0,1,4.83110224979601e-07,4.83110224979601e-07,9.66220449959201e-07,0,1.4493306749388e-06,0,1,4.83110224979601e-07,0,0,0,0,0,0,4.83110224979601e-07,4.83110224979601e-07,0,0,0,0,1,0,0,1.4493306749388e-06,1,0,4.83110224979601e-07,9.66220449959201e-07,0,0,2.8986613498776e-06,4.83110224979601e-07,0,4.83110224979601e-07,4.83110224979601e-07,0,0,4.83110224979601e-07
"235","15","grassRedDry2_bin.31.orig",0,4.13038979727634e-07,0,0,0,0,0,0,0,0,4.13038979727634e-07,1.65215591891054e-06,0,4.13038979727634e-07,0,0,0,0,0,0,0,8.26077959455268e-07,0,4.13038979727634e-07,0,0,0,0,1,8.26077959455268e-07,0,0,0,0,2.4782338783658e-06,0,0,0,0,2.06519489863817e-06,0,0,2.06519489863817e-06,0,0,1.2391169391829e-06,0,0,1,0,4.13038979727634e-07,4.13038979727634e-07,4.13038979727634e-07,0,0,0,0,1,1.2391169391829e-06,0,2.89127285809344e-06,1,0,8.26077959455268e-07,4.13038979727634e-07,0,0,1.2391169391829e-06,1.65215591891054e-06,0,0,0,0,0,4.13038979727634e-07
"236","18","grassRedDry2_bin.32.orig",5.38898792651145e-07,1.79632930883715e-07,1.79632930883715e-07,1.79632930883715e-07,1,0,0,0,0,0,1.07779758530229e-06,1.79632930883715e-06,1.79632930883715e-07,0,1,1.79632930883715e-07,1,0,0,1,0,1.79632930883715e-07,1.79632930883715e-07,1.79632930883715e-07,1,1,1.79632930883715e-07,0,1,1.79632930883715e-07,1,0,0,0,1.61669637795343e-06,0,0,0,0,7.1853172353486e-07,1.79632930883715e-07,5.38898792651145e-07,0,1,1.79632930883715e-07,3.5926586176743e-07,0,0,1,1,0,1.79632930883715e-07,1.79632930883715e-07,1,0,0,0,1,3.5926586176743e-07,0,7.1853172353486e-07,1,0,5.38898792651145e-07,5.38898792651145e-07,0,0,1.61669637795343e-06,5.38898792651145e-07,0,3.5926586176743e-07,1.79632930883715e-07,1.79632930883715e-07,1.79632930883715e-07,3.5926586176743e-07
"237","28","grassRedDry2_bin.33.orig",2.01603310810211e-07,4.03206621620423e-07,2.01603310810211e-07,0,0,0,0,0,0,0,6.04809932430634e-07,1.00801655405106e-06,2.01603310810211e-07,0,0,0,0,1,1,1,0,4.03206621620423e-07,0,4.03206621620423e-07,1,0,0,0,1,8.06413243240846e-07,0,0,1,0,1.41122317567148e-06,1,0,2.01603310810211e-07,2.01603310810211e-07,1.00801655405106e-06,0,0,6.04809932430634e-07,1,0,6.04809932430634e-07,0,0,0,0,2.01603310810211e-07,4.03206621620423e-07,2.01603310810211e-07,1,0,0,0,1,6.04809932430634e-07,0,2.01603310810211e-06,1,0,4.03206621620423e-07,6.04809932430634e-07,2.01603310810211e-07,0,8.06413243240846e-07,6.04809932430634e-07,0,0,0,0,0,6.04809932430634e-07
"238","10","grassRedDry2_bin.34.orig",3.65568693282017e-07,3.65568693282017e-07,3.65568693282017e-07,3.65568693282017e-07,0,0,3.65568693282017e-07,0,0,0,1.09670607984605e-06,2.55898085297412e-06,3.65568693282017e-07,0,0,0,1,0,0,0,0,0,0,1.09670607984605e-06,0,1,3.65568693282017e-07,0,0,3.65568693282017e-07,1,0,0,0,2.92454954625614e-06,0,1,3.65568693282017e-07,3.65568693282017e-07,1.46227477312807e-06,0,1.46227477312807e-06,0,0,3.65568693282017e-07,3.65568693282017e-07,3.65568693282017e-07,0,0,0,7.31137386564034e-07,3.65568693282017e-07,3.65568693282017e-07,0,0,3.65568693282017e-07,0,1,3.65568693282017e-07,0,2.92454954625614e-06,1,0,0,7.31137386564034e-07,0,0,2.55898085297412e-06,1.09670607984605e-06,0,0,0,0,0,3.65568693282017e-07
"239","24","grassRedDry2_bin.35.orig",2.1984999195349e-07,0,2.1984999195349e-07,2.1984999195349e-07,1,0,0,0,1,0,1.09924995976745e-06,2.1984999195349e-06,2.1984999195349e-07,0,0,0,1,0,0,0,1,2.1984999195349e-07,2.1984999195349e-07,4.39699983906981e-07,0,1,6.59549975860471e-07,0,1,6.59549975860471e-07,1,0,1,2.1984999195349e-07,2.1984999195349e-06,0,1,2.1984999195349e-07,4.39699983906981e-07,1.09924995976745e-06,2.1984999195349e-07,4.39699983906981e-07,8.79399967813961e-07,1,2.1984999195349e-07,6.59549975860471e-07,2.1984999195349e-07,0,0,0,2.1984999195349e-07,2.1984999195349e-07,2.1984999195349e-07,1,1,2.1984999195349e-07,0,1,6.59549975860471e-07,0,2.1984999195349e-06,1,0,0,2.1984999195349e-07,0,0,1.75879993562792e-06,6.59549975860471e-07,0,2.1984999195349e-07,0,0,0,2.1984999195349e-07
"240","17","grassRedDry2_bin.36.orig",0,0,3.65023186272792e-07,0,0,0,0,0,0,0,7.30046372545584e-07,1.09506955881838e-06,0,0,0,0,1,0,0,1,0,7.30046372545584e-07,0,3.65023186272792e-07,0,0,3.65023186272792e-07,0,1,1.09506955881838e-06,0,0,0,0,1.09506955881838e-06,1,0,3.65023186272792e-07,3.65023186272792e-07,3.65023186272792e-07,0,3.65023186272792e-07,1.09506955881838e-06,1,0,7.30046372545584e-07,0,0,0,0,0,7.30046372545584e-07,0,0,0,0,0,1,7.30046372545584e-07,0,3.28520867645513e-06,1,0,0,0,0,0,1.09506955881838e-06,3.65023186272792e-07,0,0,0,0,0,0
"241","40","grassRedDry2_bin.37.orig",2.48502523791632e-07,0,0,2.48502523791632e-07,1,0,0,0,1,0,1.24251261895816e-06,2.98203028549958e-06,2.48502523791632e-07,0,1,0,1,0,0,1,1,2.48502523791632e-07,0,7.45507571374895e-07,1,1,4.97005047583263e-07,0,1,4.97005047583263e-07,1,0,1,2.48502523791632e-07,1.49101514274979e-06,1,1,2.48502523791632e-07,4.97005047583263e-07,2.48502523791632e-07,2.48502523791632e-07,7.45507571374895e-07,0,1,2.48502523791632e-07,0,0,0,1,0,2.48502523791632e-07,4.97005047583263e-07,2.48502523791632e-07,1,1,2.48502523791632e-07,0,1,0,0,1.24251261895816e-06,1,0,2.48502523791632e-07,2.48502523791632e-07,0,0,1.73951766654142e-06,4.97005047583263e-07,0,0,0,0,0,0
"242","36","grassRedDry2_bin.38.orig",0,4.29081790712782e-07,0,4.29081790712782e-07,1,0,4.29081790712782e-07,4.29081790712782e-07,0,0,4.29081790712782e-07,2.14540895356391e-06,0,0,0,0,0,0,0,1,1,4.29081790712782e-07,4.29081790712782e-07,1.71632716285113e-06,0,1,4.29081790712782e-07,0,1,8.58163581425564e-07,0,0,0,4.29081790712782e-07,3.00357253498947e-06,1,1,4.29081790712782e-07,4.29081790712782e-07,1.28724537213835e-06,4.29081790712782e-07,8.58163581425564e-07,4.29081790712782e-07,1,4.29081790712782e-07,4.29081790712782e-07,4.29081790712782e-07,0,1,0,4.29081790712782e-07,4.29081790712782e-07,4.29081790712782e-07,0,1,0,0,0,4.29081790712782e-07,0,3.43265432570226e-06,1,0,0,8.58163581425564e-07,0,0,2.14540895356391e-06,8.58163581425564e-07,0,0,0,0,0,1.28724537213835e-06
"243","18","grassRedDry2_bin.39.orig",7.04637714042514e-07,3.52318857021257e-07,3.52318857021257e-07,0,1,0,0,0,0,0,1.40927542808503e-06,3.17086971319131e-06,3.52318857021257e-07,0,1,0,1,0,0,0,0,7.04637714042514e-07,3.52318857021257e-07,1.40927542808503e-06,0,1,0,0,0,0,0,0,0,0,2.4662319991488e-06,0,0,0,0,3.52318857021257e-07,3.52318857021257e-07,1.76159428510628e-06,3.52318857021257e-07,1,0,1.40927542808503e-06,3.52318857021257e-07,0,1,0,0,0,3.52318857021257e-07,0,0,0,0,1,1.40927542808503e-06,0,1.05695657106377e-06,1,0,7.04637714042514e-07,1.05695657106377e-06,0,0,2.4662319991488e-06,7.04637714042514e-07,0,7.04637714042514e-07,3.52318857021257e-07,3.52318857021257e-07,0,1.05695657106377e-06
"244","1","grassRedDry2_bin.4.orig",0,4.41025613885603e-07,2.20512806942802e-07,0,0,0,0,0,1,0,6.61538420828405e-07,1.10256403471401e-06,2.20512806942802e-07,0,0,0,1,0,0,1,1,4.41025613885603e-07,0,1.10256403471401e-06,1,0,0,0,1,6.61538420828405e-07,0,0,0,0,1.32307684165681e-06,1,0,2.20512806942802e-07,2.20512806942802e-07,8.82051227771207e-07,0,0,8.82051227771207e-07,1,2.20512806942802e-07,6.61538420828405e-07,0,0,0,0,2.20512806942802e-07,2.20512806942802e-07,2.20512806942802e-07,0,1,0,0,1,6.61538420828405e-07,0,2.20512806942802e-06,1,0,4.41025613885603e-07,4.41025613885603e-07,2.20512806942802e-07,0,6.61538420828405e-07,6.61538420828405e-07,0,0,0,0,0,2.20512806942802e-07
"245","10","grassRedDry2_bin.41.orig",4.42130236535255e-07,4.42130236535255e-07,4.42130236535255e-07,4.42130236535255e-07,0,0,0,0,0,0,8.8426047307051e-07,1.76852094614102e-06,0,0,0,4.42130236535255e-07,1,0,0,0,0,4.42130236535255e-07,0,8.8426047307051e-07,0,1,0,0,0,1.76852094614102e-06,1,0,0,0,2.65278141921153e-06,0,1,0,4.42130236535255e-07,1.76852094614102e-06,4.42130236535255e-07,1.32639070960577e-06,1.32639070960577e-06,1,4.42130236535255e-07,4.42130236535255e-07,4.42130236535255e-07,0,0,0,0,8.8426047307051e-07,4.42130236535255e-07,0,0,0,0,1,4.42130236535255e-07,0,2.65278141921153e-06,1,0,0,1.76852094614102e-06,0,0,2.65278141921153e-06,1.32639070960577e-06,0,4.42130236535255e-07,4.42130236535255e-07,0,0,1.32639070960577e-06
"246","27","grassRedDry2_bin.42.orig",5.62933106658936e-07,5.62933106658936e-07,2.81466553329468e-07,2.81466553329468e-07,1,0,0,0,1,0,1.68879931997681e-06,1.68879931997681e-06,2.81466553329468e-07,0,1,0,1,0,0,1,1,5.62933106658936e-07,5.62933106658936e-07,1.12586621331787e-06,0,1,5.62933106658936e-07,0,0,5.62933106658936e-07,1,0,0,2.81466553329468e-07,2.25173242663574e-06,1,0,0,5.62933106658936e-07,1.12586621331787e-06,2.81466553329468e-07,1.68879931997681e-06,2.81466553329468e-07,1,2.81466553329468e-07,1.12586621331787e-06,0,1,0,1,8.44399659988404e-07,2.81466553329468e-07,2.81466553329468e-07,0,1,0,0,1,1.12586621331787e-06,0,1.40733276664734e-06,1,0,1.12586621331787e-06,5.62933106658936e-07,0,0,2.53319897996521e-06,5.62933106658936e-07,0,2.81466553329468e-07,0,2.81466553329468e-07,2.81466553329468e-07,2.81466553329468e-07
"247","8","grassRedDry2_bin.43.orig",0,2.30660554161981e-07,2.30660554161981e-07,0,1,0,0,0,0,0,2.30660554161981e-07,1.15330277080991e-06,0,0,0,0,1,0,0,0,0,4.61321108323963e-07,0,6.91981662485944e-07,0,1,0,1,1,9.22642216647925e-07,0,0,0,0,6.91981662485944e-07,1,0,2.30660554161981e-07,2.30660554161981e-07,4.61321108323963e-07,0,2.30660554161981e-07,9.22642216647925e-07,0,2.30660554161981e-07,2.30660554161981e-07,0,0,1,0,2.30660554161981e-07,4.61321108323963e-07,2.30660554161981e-07,0,0,0,0,0,2.30660554161981e-07,0,1.84528443329585e-06,1,0,2.30660554161981e-07,2.30660554161981e-07,0,0,9.22642216647925e-07,9.22642216647925e-07,0,0,0,0,0,0
"248","8","grassRedDry2_bin.44.strict",0,5.09208656649005e-07,2.54604328324502e-07,0,0,0,0,0,0,0,1.01841731329801e-06,1.01841731329801e-06,2.54604328324502e-07,0,0,0,1,1,0,0,0,5.09208656649005e-07,0,1.01841731329801e-06,0,1,2.54604328324502e-07,0,0,5.09208656649005e-07,0,0,0,0,7.63812984973507e-07,1,0,0,2.54604328324502e-07,1.27302164162251e-06,0,0,1.01841731329801e-06,1,0,7.63812984973507e-07,0,0,1,0,2.54604328324502e-07,5.09208656649005e-07,2.54604328324502e-07,0,0,0,0,1,7.63812984973507e-07,0,2.54604328324502e-06,1,0,5.09208656649005e-07,2.54604328324502e-07,2.54604328324502e-07,0,1.01841731329801e-06,1.01841731329801e-06,0,0,0,0,0,0
"249","8","grassRedDry2_bin.45.orig",0,2.40503132553302e-07,2.40503132553302e-07,0,0,0,0,0,0,0,7.21509397659905e-07,9.62012530213206e-07,0,0,0,0,0,1,1,0,0,4.81006265106603e-07,0,4.81006265106603e-07,0,0,2.40503132553302e-07,1,0,4.81006265106603e-07,0,0,0,0,7.21509397659905e-07,1,0,0,2.40503132553302e-07,9.62012530213206e-07,0,0,7.21509397659905e-07,1,2.40503132553302e-07,4.81006265106603e-07,0,0,1,0,2.40503132553302e-07,2.40503132553302e-07,2.40503132553302e-07,0,0,0,0,1,4.81006265106603e-07,0,2.16452819297971e-06,1,0,4.81006265106603e-07,2.40503132553302e-07,0,0,1.44301879531981e-06,9.62012530213206e-07,0,0,0,0,0,0
"250","15","grassRedDry2_bin.46.strict",0,4.9562438015976e-07,4.9562438015976e-07,0,0,0,0,0,0,0,4.9562438015976e-07,1.98249752063904e-06,0,0,0,0,0,0,0,0,0,9.91248760319519e-07,0,9.91248760319519e-07,0,0,0,0,1,9.91248760319519e-07,0,0,0,0,1.98249752063904e-06,1,0,0,0,1.48687314047928e-06,0,0,1.48687314047928e-06,0,0,9.91248760319519e-07,0,0,0,0,4.9562438015976e-07,9.91248760319519e-07,4.9562438015976e-07,0,0,0,0,1,9.91248760319519e-07,0,3.96499504127808e-06,0,0,9.91248760319519e-07,4.9562438015976e-07,0,0,1.48687314047928e-06,1.48687314047928e-06,0,0,0,0,0,0
"251","28","grassRedDry2_bin.47.orig",0,4.795269562482e-07,2.397634781241e-07,0,0,0,0,0,0,0,9.59053912496401e-07,1.1988173906205e-06,2.397634781241e-07,0,0,0,1,0,0,0,0,4.795269562482e-07,0,9.59053912496401e-07,0,0,0,0,1,4.795269562482e-07,0,0,1,0,1.4385808687446e-06,1,0,0,2.397634781241e-07,1.1988173906205e-06,0,0,9.59053912496401e-07,1,0,4.795269562482e-07,0,0,0,0,2.397634781241e-07,2.397634781241e-07,2.397634781241e-07,0,0,0,0,1,4.795269562482e-07,0,1.9181078249928e-06,1,0,4.795269562482e-07,7.192904343723e-07,2.397634781241e-07,0,9.59053912496401e-07,1.1988173906205e-06,0,0,0,0,0,7.192904343723e-07
"252","24","grassRedDry2_bin.48.orig",2.28674083634345e-07,0,2.28674083634345e-07,2.28674083634345e-07,1,0,2.28674083634345e-07,2.28674083634345e-07,1,0,1.14337041817172e-06,2.0580667527091e-06,2.28674083634345e-07,0,0,0,1,0,0,0,1,2.28674083634345e-07,2.28674083634345e-07,9.14696334537379e-07,1,1,4.57348167268689e-07,0,1,2.28674083634345e-07,1,0,1,2.28674083634345e-07,2.51541491997779e-06,1,0,2.28674083634345e-07,4.57348167268689e-07,1.14337041817172e-06,2.28674083634345e-07,9.14696334537379e-07,9.14696334537379e-07,1,2.28674083634345e-07,4.57348167268689e-07,2.28674083634345e-07,0,0,1,4.57348167268689e-07,2.28674083634345e-07,2.28674083634345e-07,1,1,2.28674083634345e-07,0,1,4.57348167268689e-07,0,2.0580667527091e-06,1,0,0,2.28674083634345e-07,0,0,1.82939266907476e-06,6.86022250903034e-07,0,0,2.28674083634345e-07,0,0,0
"253","8","grassRedDry2_bin.49.strict",0,4.98194542976254e-07,2.49097271488127e-07,0,0,1,0,0,0,0,1.49458362892876e-06,1.24548635744064e-06,2.49097271488127e-07,0,0,0,1,1,0,0,0,4.98194542976254e-07,0,9.96389085952508e-07,0,1,2.49097271488127e-07,1,1,1.24548635744064e-06,0,0,0,0,2.24187544339314e-06,1,0,0,2.49097271488127e-07,7.47291814464381e-07,0,0,9.96389085952508e-07,1,4.98194542976254e-07,4.98194542976254e-07,0,0,1,0,2.49097271488127e-07,4.98194542976254e-07,2.49097271488127e-07,0,0,0,0,1,4.98194542976254e-07,0,2.7400699863694e-06,1,0,4.98194542976254e-07,4.98194542976254e-07,0,0,9.96389085952508e-07,9.96389085952508e-07,0,0,0,0,0,2.49097271488127e-07
"254","32","grassRedDry2_bin.5.orig",4.20155886236912e-07,4.20155886236912e-07,4.20155886236912e-07,4.20155886236912e-07,1,0,4.20155886236912e-07,0,0,0,1.68062354494765e-06,2.10077943118456e-06,4.20155886236912e-07,0,0,0,0,0,1,0,0,4.20155886236912e-07,0,8.40311772473823e-07,0,1,4.20155886236912e-07,0,1,1.26046765871073e-06,0,0,1,0,2.94109120365838e-06,1,1,4.20155886236912e-07,4.20155886236912e-07,1.26046765871073e-06,4.20155886236912e-07,1.68062354494765e-06,1.26046765871073e-06,1,4.20155886236912e-07,0,0,0,1,0,4.20155886236912e-07,8.40311772473823e-07,4.20155886236912e-07,0,0,4.20155886236912e-07,0,1,0,0,2.10077943118456e-06,1,0,0,8.40311772473823e-07,0,0,2.94109120365838e-06,1.26046765871073e-06,0,0,0,0,0,1.26046765871073e-06
"255","32","grassRedDry2_bin.50.orig",6.58188323475866e-07,0,3.29094161737933e-07,3.29094161737933e-07,0,0,0,3.29094161737933e-07,0,0,1.31637664695173e-06,2.30365913216553e-06,3.29094161737933e-07,0,0,3.29094161737933e-07,1,0,1,0,0,3.29094161737933e-07,0,9.87282485213799e-07,0,1,3.29094161737933e-07,1,0,9.87282485213799e-07,1,0,1,3.29094161737933e-07,2.63275329390346e-06,1,1,3.29094161737933e-07,3.29094161737933e-07,9.87282485213799e-07,3.29094161737933e-07,6.58188323475866e-07,1.31637664695173e-06,1,3.29094161737933e-07,3.29094161737933e-07,3.29094161737933e-07,0,1,1,0,3.29094161737933e-07,3.29094161737933e-07,0,0,3.29094161737933e-07,0,1,3.29094161737933e-07,0,3.29094161737933e-06,1,0,0,6.58188323475866e-07,0,0,2.30365913216553e-06,1.31637664695173e-06,0,3.29094161737933e-07,0,0,0,3.29094161737933e-07
"256","8","grassRedDry2_bin.51.strict",2.46712250866885e-07,4.9342450173377e-07,2.46712250866885e-07,0,0,0,0,0,0,0,4.9342450173377e-07,9.86849003467541e-07,0,0,1,0,0,1,0,0,0,2.46712250866885e-07,0,4.9342450173377e-07,0,0,0,0,0,9.86849003467541e-07,0,0,0,0,7.40136752600656e-07,0,0,0,2.46712250866885e-07,9.86849003467541e-07,0,0,9.86849003467541e-07,1,4.9342450173377e-07,4.9342450173377e-07,0,0,1,0,2.46712250866885e-07,4.9342450173377e-07,2.46712250866885e-07,0,0,0,0,1,4.9342450173377e-07,0,1.97369800693508e-06,1,0,2.46712250866885e-07,4.9342450173377e-07,0,0,7.40136752600656e-07,9.86849003467541e-07,0,0,0,0,0,2.46712250866885e-07
"257","26","grassRedDry2_bin.52.orig",7.54640662755616e-07,7.54640662755616e-07,7.54640662755616e-07,7.54640662755616e-07,0,0,0,0,0,0,3.01856265102246e-06,2.26392198826685e-06,7.54640662755616e-07,0,0,0,1,0,0,0,0,7.54640662755616e-07,0,2.26392198826685e-06,0,0,7.54640662755616e-07,0,0,7.54640662755616e-07,0,0,0,0,6.03712530204493e-06,1,0,0,7.54640662755616e-07,7.54640662755616e-07,0,3.01856265102246e-06,7.54640662755616e-07,1,7.54640662755616e-07,0,7.54640662755616e-07,0,0,1,7.54640662755616e-07,1.50928132551123e-06,7.54640662755616e-07,0,0,7.54640662755616e-07,0,1,0,0,2.26392198826685e-06,0,0,0,1.50928132551123e-06,0,0,1.50928132551123e-06,7.54640662755616e-07,0,7.54640662755616e-07,0,0,0,1.50928132551123e-06
"258","11","grassRedDry2_bin.53.strict",6.01537409310716e-07,0,0,6.01537409310716e-07,0,0,0,0,0,0,1.80461222793215e-06,2.40614963724287e-06,6.01537409310716e-07,0,0,0,0,0,0,0,0,6.01537409310716e-07,0,1.80461222793215e-06,0,1,0,0,0,6.01537409310716e-07,1,0,0,0,3.00768704655358e-06,0,0,0,0,1.20307481862143e-06,0,6.01537409310716e-07,6.01537409310716e-07,0,0,0,0,0,0,0,6.01537409310716e-07,6.01537409310716e-07,0,0,0,0,0,0,0,0,3.6092244558643e-06,1,0,0,6.01537409310716e-07,0,0,1.20307481862143e-06,1.20307481862143e-06,0,0,6.01537409310716e-07,0,0,0
"259","41","grassRedDry2_bin.55.orig",1.06556416294607e-06,2.13112832589214e-07,2.13112832589214e-07,0,1,0,0,0,0,0,8.52451330356857e-07,1.27867699553529e-06,0,0,1,0,0,0,0,1,0,4.26225665178429e-07,0,0,0,1,0,0,0,4.26225665178429e-07,1,0,0,0,1.4917898281245e-06,0,0,0,4.26225665178429e-07,6.39338497767643e-07,2.13112832589214e-07,4.26225665178429e-07,0,0,0,6.39338497767643e-07,0,0,1,0,0,2.13112832589214e-07,0,0,0,0,0,1,6.39338497767643e-07,0,6.39338497767643e-07,1,0,6.39338497767643e-07,2.13112832589214e-07,0,0,1.70490266071371e-06,2.13112832589214e-07,0,4.26225665178429e-07,0,2.13112832589214e-07,0,0
"260","8","grassRedDry2_bin.6.orig",2.80837502366056e-07,2.80837502366056e-07,2.80837502366056e-07,0,1,0,0,0,0,0,8.42512507098168e-07,8.42512507098168e-07,2.80837502366056e-07,0,0,0,0,1,1,0,0,5.61675004732112e-07,0,5.61675004732112e-07,0,0,0,0,0,5.61675004732112e-07,0,0,0,0,1.12335000946422e-06,1,0,0,5.61675004732112e-07,5.61675004732112e-07,0,0,1.12335000946422e-06,0,0,5.61675004732112e-07,0,0,1,0,2.80837502366056e-07,2.80837502366056e-07,2.80837502366056e-07,0,0,0,0,1,5.61675004732112e-07,0,2.80837502366056e-06,0,0,5.61675004732112e-07,2.80837502366056e-07,0,0,2.24670001892845e-06,5.61675004732112e-07,0,0,0,0,0,0
"261","27","grassRedDry2_bin.7.orig",5.05268051016915e-07,0,2.52634025508458e-07,2.52634025508458e-07,1,0,0,0,1,0,1.51580415305075e-06,1.7684381785592e-06,2.52634025508458e-07,0,1,0,0,0,0,1,1,5.05268051016915e-07,0,2.52634025508458e-07,1,1,0,0,0,2.52634025508458e-07,1,0,0,0,3.28424233160995e-06,1,0,0,2.52634025508458e-07,1.01053610203383e-06,2.52634025508458e-07,7.57902076525373e-07,0,1,0,7.57902076525373e-07,0,0,1,0,0,0,2.52634025508458e-07,0,1,2.52634025508458e-07,2.52634025508458e-07,1,7.57902076525373e-07,0,7.57902076525373e-07,1,0,7.57902076525373e-07,1.01053610203383e-06,0,0,2.27370622957612e-06,5.05268051016915e-07,0,5.05268051016915e-07,2.52634025508458e-07,2.52634025508458e-07,0,1.01053610203383e-06
"262","4","grassRedDry2_bin.8.strict",5.94756271853576e-07,0,5.94756271853576e-07,5.94756271853576e-07,0,0,5.94756271853576e-07,0,0,0,5.94756271853576e-07,1.18951254370715e-06,0,0,0,5.94756271853576e-07,0,0,1,0,0,5.94756271853576e-07,0,1.18951254370715e-06,0,1,5.94756271853576e-07,0,0,5.94756271853576e-07,1,0,0,5.94756271853576e-07,5.94756271853576e-06,1,0,5.94756271853576e-07,5.94756271853576e-07,2.3790250874143e-06,5.94756271853576e-07,2.3790250874143e-06,5.94756271853576e-07,1,5.94756271853576e-07,0,5.94756271853576e-07,0,0,0,5.94756271853576e-07,5.94756271853576e-07,0,0,0,5.94756271853576e-07,0,0,0,0,1.78426881556073e-06,1,0,0,1.18951254370715e-06,0,0,2.97378135926788e-06,1.78426881556073e-06,0,5.94756271853576e-07,0,0,0,1.18951254370715e-06
"263","26","grassRedDry2_bin.9.permissive",0,8.88077777851784e-07,4.44038888925892e-07,4.44038888925892e-07,0,0,4.44038888925892e-07,0,0,0,4.44038888925892e-07,1.77615555570357e-06,0,0,0,0,0,0,0,0,0,8.88077777851784e-07,8.88077777851784e-07,1.33211666677768e-06,0,1,4.44038888925892e-07,0,0,4.44038888925892e-07,0,0,0,0,4.88442777818481e-06,1,0,4.44038888925892e-07,4.44038888925892e-07,1.77615555570357e-06,8.88077777851784e-07,2.66423333355535e-06,8.88077777851784e-07,1,8.88077777851784e-07,4.44038888925892e-07,4.44038888925892e-07,0,0,1,8.88077777851784e-07,0,4.44038888925892e-07,0,0,4.44038888925892e-07,0,1,4.44038888925892e-07,0,4.44038888925892e-07,1,0,4.44038888925892e-07,8.88077777851784e-07,0,0,3.55231111140714e-06,4.44038888925892e-07,0,0,0,0,4.44038888925892e-07,4.44038888925892e-07
"264","40","grassRedWet1_bin.1.orig",2.37029845375951e-07,0,2.37029845375951e-07,2.37029845375951e-07,1,0,0,0,1,0,1.18514922687975e-06,2.60732829913546e-06,2.37029845375951e-07,0,1,0,1,0,0,1,1,2.37029845375951e-07,0,9.48119381503803e-07,1,1,2.37029845375951e-07,0,1,2.37029845375951e-07,1,0,1,2.37029845375951e-07,1.4221790722557e-06,1,0,2.37029845375951e-07,4.74059690751901e-07,9.48119381503803e-07,2.37029845375951e-07,7.11089536127852e-07,2.37029845375951e-07,1,2.37029845375951e-07,2.37029845375951e-07,0,0,1,0,2.37029845375951e-07,2.37029845375951e-07,2.37029845375951e-07,1,1,2.37029845375951e-07,0,1,2.37029845375951e-07,0,1.18514922687975e-06,1,0,2.37029845375951e-07,2.37029845375951e-07,0,0,1.89623876300761e-06,4.74059690751901e-07,0,0,0,0,0,0
"265","33","grassRedWet1_bin.10.orig",0,4.59725938978737e-07,4.59725938978737e-07,4.59725938978737e-07,0,0,0,0,0,0,2.29862969489369e-06,2.29862969489369e-06,4.59725938978737e-07,0,0,0,0,0,0,0,0,9.19451877957474e-07,1.37917781693621e-06,1.37917781693621e-06,1,1,9.19451877957474e-07,0,0,9.19451877957474e-07,1,0,0,4.59725938978737e-07,3.21808157285116e-06,0,0,0,4.59725938978737e-07,1.83890375591495e-06,4.59725938978737e-07,1.83890375591495e-06,9.19451877957474e-07,0,4.59725938978737e-07,9.19451877957474e-07,4.59725938978737e-07,1,0,0,4.59725938978737e-07,4.59725938978737e-07,4.59725938978737e-07,0,0,0,0,0,9.19451877957474e-07,0,1.83890375591495e-06,1,0,1.37917781693621e-06,9.19451877957474e-07,0,1,4.13753345080864e-06,9.19451877957474e-07,0,0,0,4.59725938978737e-07,4.59725938978737e-07,4.59725938978737e-07
"266","17","grassRedWet1_bin.11.orig",8.12186369157385e-07,0,0,4.06093184578693e-07,1,0,0,0,0,0,8.12186369157385e-07,1.62437273831477e-06,0,0,1,0,0,0,0,0,0,8.12186369157385e-07,0,1.21827955373608e-06,0,0,0,0,1,4.06093184578693e-07,1,0,0,0,4.06093184578693e-07,1,0,4.06093184578693e-07,0,2.03046592289346e-06,0,4.06093184578693e-07,8.12186369157385e-07,0,4.06093184578693e-07,8.12186369157385e-07,0,0,0,0,0,4.06093184578693e-07,4.06093184578693e-07,0,0,0,0,1,8.12186369157385e-07,0,2.84265229205085e-06,1,0,4.06093184578693e-07,4.06093184578693e-07,0,0,4.06093184578693e-07,1.21827955373608e-06,0,0,0,4.06093184578693e-07,0,0
"267","27","grassRedWet1_bin.12.orig",7.66280882556344e-07,3.83140441278172e-07,3.83140441278172e-07,3.83140441278172e-07,1,0,3.83140441278172e-07,0,1,0,2.29884264766903e-06,2.29884264766903e-06,3.83140441278172e-07,0,0,0,0,0,0,1,1,7.66280882556344e-07,3.83140441278172e-07,1.14942132383452e-06,1,1,0,0,0,3.83140441278172e-07,1,0,0,0,3.06512353022537e-06,1,0,0,3.83140441278172e-07,7.66280882556344e-07,3.83140441278172e-07,1.53256176511269e-06,0,1,0,1.14942132383452e-06,0,0,1,0,3.83140441278172e-07,3.83140441278172e-07,3.83140441278172e-07,0,1,0,0,1,1.14942132383452e-06,0,1.53256176511269e-06,1,0,7.66280882556344e-07,7.66280882556344e-07,0,0,3.06512353022537e-06,1.14942132383452e-06,0,7.66280882556344e-07,0,3.83140441278172e-07,3.83140441278172e-07,3.83140441278172e-07
"268","3","grassRedWet1_bin.13.orig",8.42151714473514e-07,0,0,4.21075857236757e-07,0,0,0,4.21075857236757e-07,0,0,4.21075857236757e-07,1.26322757171027e-06,0,0,1,0,0,0,0,1,0,4.21075857236757e-07,0,1.26322757171027e-06,1,0,4.21075857236757e-07,0,1,8.42151714473514e-07,0,0,0,0,1.26322757171027e-06,0,0,4.21075857236757e-07,4.21075857236757e-07,8.42151714473514e-07,4.21075857236757e-07,1.26322757171027e-06,8.42151714473514e-07,0,4.21075857236757e-07,1.26322757171027e-06,0,0,0,1,4.21075857236757e-07,4.21075857236757e-07,4.21075857236757e-07,0,0,0,0,1,1.26322757171027e-06,0,1.68430342894703e-06,1,0,8.42151714473514e-07,8.42151714473514e-07,0,0,2.52645514342054e-06,8.42151714473514e-07,0,0,0,4.21075857236757e-07,0,8.42151714473514e-07
"269","10","grassRedWet1_bin.14.orig",9.46883168346832e-07,4.73441584173416e-07,0,4.73441584173416e-07,0,0,0,0,0,0,0,1.89376633669366e-06,0,0,0,4.73441584173416e-07,0,0,0,0,0,0,1.42032475252025e-06,9.46883168346832e-07,0,1,4.73441584173416e-07,0,0,4.73441584173416e-07,0,0,0,0,2.36720792086708e-06,0,1,4.73441584173416e-07,4.73441584173416e-07,9.46883168346832e-07,4.73441584173416e-07,1.42032475252025e-06,4.73441584173416e-07,1,4.73441584173416e-07,0,0,0,0,0,0,9.46883168346832e-07,4.73441584173416e-07,0,0,0,0,1,0,0,1.42032475252025e-06,1,0,4.73441584173416e-07,1.42032475252025e-06,0,0,2.36720792086708e-06,0,0,0,0,0,0,9.46883168346832e-07
"270","3","grassRedWet1_bin.15.orig",3.48085546896347e-07,6.96171093792695e-07,3.48085546896347e-07,3.48085546896347e-07,1,0,0,3.48085546896347e-07,0,0,1.04425664068904e-06,3.13276992206713e-06,3.48085546896347e-07,0,1,0,1,0,0,1,0,6.96171093792695e-07,0,1.04425664068904e-06,1,1,3.48085546896347e-07,0,1,1.04425664068904e-06,1,0,0,0,1.04425664068904e-06,1,0,3.48085546896347e-07,3.48085546896347e-07,1.04425664068904e-06,0,1.04425664068904e-06,1.39234218758539e-06,0,3.48085546896347e-07,1.04425664068904e-06,0,1,0,1,3.48085546896347e-07,6.96171093792695e-07,0,0,0,0,0,1,1.04425664068904e-06,0,2.78468437517078e-06,1,0,6.96171093792695e-07,0,0,0,2.08851328137808e-06,1.39234218758539e-06,0,0,0,3.48085546896347e-07,0,0
"271","29","grassRedWet1_bin.16.orig",5.20319923908414e-07,2.60159961954207e-07,0,2.60159961954207e-07,1,0,0,0,0,0,1.56095977172524e-06,2.86175958149628e-06,2.60159961954207e-07,0,1,0,0,0,0,1,1,0,2.60159961954207e-07,1.30079980977104e-06,0,1,5.20319923908414e-07,0,0,5.20319923908414e-07,1,1,0,0,1.82111973367945e-06,0,0,0,5.20319923908414e-07,5.20319923908414e-07,2.60159961954207e-07,2.60159961954207e-07,0,1,2.60159961954207e-07,7.80479885862621e-07,0,0,1,0,2.60159961954207e-07,2.60159961954207e-07,2.60159961954207e-07,0,1,0,0,1,7.80479885862621e-07,0,1.82111973367945e-06,1,1,7.80479885862621e-07,5.20319923908414e-07,0,0,2.08127969563366e-06,5.20319923908414e-07,0,5.20319923908414e-07,0,2.60159961954207e-07,0,2.60159961954207e-07
"272","17","grassRedWet1_bin.17.orig",8.15075196120677e-07,2.71691732040226e-07,0,2.71691732040226e-07,1,0,0,0,0,0,1.0867669281609e-06,1.35845866020113e-06,2.71691732040226e-07,0,1,0,0,1,0,0,0,0,2.71691732040226e-07,1.0867669281609e-06,0,0,2.71691732040226e-07,0,1,8.15075196120677e-07,0,0,0,0,8.15075196120677e-07,0,0,2.71691732040226e-07,0,5.43383464080451e-07,0,5.43383464080451e-07,1.35845866020113e-06,0,0,5.43383464080451e-07,0,0,0,0,2.71691732040226e-07,2.71691732040226e-07,2.71691732040226e-07,0,0,0,0,1,5.43383464080451e-07,0,1.90184212428158e-06,1,0,2.71691732040226e-07,2.71691732040226e-07,0,0,2.1735338563218e-06,8.15075196120677e-07,0,0,2.71691732040226e-07,2.71691732040226e-07,2.71691732040226e-07,8.15075196120677e-07
"273","34","grassRedWet1_bin.18.orig",6.60301506874069e-07,4.40201004582713e-07,2.20100502291356e-07,2.20100502291356e-07,1,0,0,0,0,0,1.10050251145678e-06,1.10050251145678e-06,2.20100502291356e-07,0,1,0,1,1,0,1,0,4.40201004582713e-07,2.20100502291356e-07,1.32060301374814e-06,1,1,2.20100502291356e-07,0,1,6.60301506874069e-07,1,0,0,0,2.64120602749628e-06,0,0,2.20100502291356e-07,4.40201004582713e-07,1.10050251145678e-06,0,8.80402009165425e-07,1.10050251145678e-06,1,4.40201004582713e-07,6.60301506874069e-07,0,0,1,1,2.20100502291356e-07,4.40201004582713e-07,2.20100502291356e-07,0,0,2.20100502291356e-07,0,1,6.60301506874069e-07,0,1.98090452062221e-06,1,0,6.60301506874069e-07,4.40201004582713e-07,0,0,1.98090452062221e-06,8.80402009165425e-07,0,2.20100502291356e-07,2.20100502291356e-07,2.20100502291356e-07,0,4.40201004582713e-07
"274","8","grassRedWet1_bin.19.orig",0,6.85242682122087e-07,3.42621341061043e-07,0,0,0,0,0,0,0,3.42621341061043e-07,1.71310670530522e-06,0,3.42621341061043e-07,0,0,1,0,0,0,0,6.85242682122087e-07,0,1.02786402318313e-06,0,0,0,0,0,1.02786402318313e-06,0,0,0,0,2.74097072848835e-06,1,0,0,3.42621341061043e-07,6.85242682122087e-07,0,0,1.71310670530522e-06,1,0,6.85242682122087e-07,0,0,1,0,0,6.85242682122087e-07,3.42621341061043e-07,0,0,0,0,1,6.85242682122087e-07,0,2.74097072848835e-06,1,0,3.42621341061043e-07,3.42621341061043e-07,3.42621341061043e-07,0,1.02786402318313e-06,1.02786402318313e-06,0,0,0,0,0,3.42621341061043e-07
"275","38","grassRedWet1_bin.2.permissive",0,1.04248762567188e-06,5.21243812835942e-07,5.21243812835942e-07,0,1,5.21243812835942e-07,5.21243812835942e-07,0,0,2.08497525134377e-06,2.60621906417971e-06,0,0,0,5.21243812835942e-07,0,0,0,0,1,5.21243812835942e-07,0,2.08497525134377e-06,0,1,5.21243812835942e-07,0,0,5.21243812835942e-07,0,0,0,0,5.21243812835942e-06,0,0,5.21243812835942e-07,5.21243812835942e-07,2.08497525134377e-06,0,2.08497525134377e-06,2.08497525134377e-06,1,5.21243812835942e-07,0,5.21243812835942e-07,0,0,0,5.21243812835942e-07,5.21243812835942e-07,5.21243812835942e-07,0,1,0,0,1,0,1,3.64870668985159e-06,1,0,0,1.04248762567188e-06,0,0,2.08497525134377e-06,1.56373143850782e-06,0,0,0,0,0,5.21243812835942e-07
"276","41","grassRedWet1_bin.20.orig",0,4.57506352475704e-07,0,0,0,0,0,0,0,0,1.37251905742711e-06,2.74503811485422e-06,0,0,0,0,0,0,0,0,0,4.57506352475704e-07,0,4.57506352475704e-07,1,1,0,0,0,9.15012704951408e-07,0,0,0,0,3.66005081980563e-06,1,0,4.57506352475704e-07,4.57506352475704e-07,9.15012704951408e-07,4.57506352475704e-07,2.28753176237852e-06,4.57506352475704e-07,1,0,1.37251905742711e-06,0,1,1,0,0,9.15012704951408e-07,0,0,0,0,0,1,1.37251905742711e-06,0,2.28753176237852e-06,1,0,0,1.37251905742711e-06,0,0,4.11755717228134e-06,9.15012704951408e-07,0,4.57506352475704e-07,0,4.57506352475704e-07,0,9.15012704951408e-07
"277","41","grassRedWet1_bin.22.orig",1.0485015863829e-06,3.495005287943e-07,3.495005287943e-07,3.495005287943e-07,0,0,0,0,0,0,1.3980021151772e-06,2.4465037015601e-06,0,0,1,3.495005287943e-07,0,0,0,1,0,3.495005287943e-07,0,3.495005287943e-07,0,1,0,0,0,3.495005287943e-07,1,0,0,0,6.2910095182974e-06,0,0,0,3.495005287943e-07,6.990010575886e-07,3.495005287943e-07,2.0970031727658e-06,3.495005287943e-07,0,0,6.990010575886e-07,0,0,0,0,0,3.495005287943e-07,3.495005287943e-07,0,0,0,0,1,6.990010575886e-07,0,1.0485015863829e-06,1,0,6.990010575886e-07,1.3980021151772e-06,0,0,2.4465037015601e-06,3.495005287943e-07,0,6.990010575886e-07,0,3.495005287943e-07,0,1.0485015863829e-06
"278","33","grassRedWet1_bin.23.orig",4.65699594887922e-07,0,0,4.65699594887922e-07,0,0,0,0,0,0,1.86279837955169e-06,1.86279837955169e-06,0,0,0,0,0,0,0,1,0,4.65699594887922e-07,0,4.65699594887922e-07,0,0,4.65699594887922e-07,0,1,4.65699594887922e-07,1,0,0,0,3.72559675910338e-06,0,0,0,0,0,4.65699594887922e-07,9.31399189775845e-07,0,0,0,9.31399189775845e-07,0,0,0,0,0,4.65699594887922e-07,4.65699594887922e-07,0,0,0,0,0,9.31399189775845e-07,0,1.39709878466377e-06,1,0,9.31399189775845e-07,1.39709878466377e-06,0,0,3.25989716421546e-06,9.31399189775845e-07,0,4.65699594887922e-07,0,4.65699594887922e-07,0,9.31399189775845e-07
"279","29","grassRedWet1_bin.24.orig",0,0,0,3.76318431625199e-07,0,0,0,0,0,0,1.5052737265008e-06,3.01054745300159e-06,3.76318431625199e-07,0,1,0,0,0,0,1,1,0,3.76318431625199e-07,2.25791058975119e-06,0,1,3.76318431625199e-07,0,1,7.52636863250398e-07,0,1,0,0,2.63422902137639e-06,1,0,0,3.76318431625199e-07,1.5052737265008e-06,0,3.76318431625199e-07,7.52636863250398e-07,0,3.76318431625199e-07,1.1289552948756e-06,0,0,1,0,0,3.76318431625199e-07,3.76318431625199e-07,0,1,0,0,1,1.1289552948756e-06,0,2.25791058975119e-06,1,0,7.52636863250398e-07,3.76318431625199e-07,0,0,1.88159215812599e-06,7.52636863250398e-07,0,7.52636863250398e-07,0,3.76318431625199e-07,0,0
"280","4","grassRedWet1_bin.25.orig",6.81716234254059e-07,0,6.81716234254059e-07,6.81716234254059e-07,0,0,6.81716234254059e-07,0,0,0,6.81716234254059e-07,1.36343246850812e-06,0,0,0,6.81716234254059e-07,0,0,1,0,0,6.81716234254059e-07,0,1.36343246850812e-06,0,1,6.81716234254059e-07,0,0,6.81716234254059e-07,1,0,0,0,4.77201363977842e-06,1,0,6.81716234254059e-07,6.81716234254059e-07,2.04514870276218e-06,6.81716234254059e-07,6.81716234254059e-07,6.81716234254059e-07,0,6.81716234254059e-07,0,6.81716234254059e-07,0,0,0,0,6.81716234254059e-07,0,0,0,6.81716234254059e-07,0,1,0,0,2.04514870276218e-06,1,0,0,6.81716234254059e-07,0,0,4.09029740552436e-06,2.04514870276218e-06,0,0,0,0,0,0
"281","39","grassRedWet1_bin.26.orig",3.6109204344515e-07,3.6109204344515e-07,3.6109204344515e-07,3.6109204344515e-07,1,0,3.6109204344515e-07,3.6109204344515e-07,1,0,1.08327613033545e-06,2.8887363475612e-06,3.6109204344515e-07,0,0,0,1,0,0,1,1,3.6109204344515e-07,3.6109204344515e-07,1.4443681737806e-06,1,1,3.6109204344515e-07,0,1,3.6109204344515e-07,1,0,1,3.6109204344515e-07,2.1665522606709e-06,1,1,3.6109204344515e-07,0,1.08327613033545e-06,3.6109204344515e-07,7.22184086890301e-07,3.6109204344515e-07,1,3.6109204344515e-07,3.6109204344515e-07,3.6109204344515e-07,0,1,1,0,3.6109204344515e-07,3.6109204344515e-07,1,1,3.6109204344515e-07,0,1,3.6109204344515e-07,0,3.24982839100635e-06,1,0,0,0,0,0,2.1665522606709e-06,7.22184086890301e-07,0,0,3.6109204344515e-07,0,0,3.6109204344515e-07
"282","7","grassRedWet1_bin.27.orig",9.36076724592655e-07,0,0,4.68038362296327e-07,0,0,0,0,0,0,4.68038362296327e-07,3.27626853607429e-06,0,4.68038362296327e-07,0,4.68038362296327e-07,0,0,1,0,0,4.68038362296327e-07,4.68038362296327e-07,1.40411508688898e-06,1,1,0,0,0,1.40411508688898e-06,1,0,1,4.68038362296327e-07,3.27626853607429e-06,1,0,4.68038362296327e-07,0,9.36076724592655e-07,4.68038362296327e-07,1.87215344918531e-06,1.40411508688898e-06,0,4.68038362296327e-07,0,4.68038362296327e-07,0,1,0,0,4.68038362296327e-07,4.68038362296327e-07,1,0,0,0,0,0,1,1.40411508688898e-06,1,0,0,9.36076724592655e-07,0,0,2.34019181148164e-06,4.68038362296327e-07,0,0,0,0,0,0
"283","15","grassRedWet1_bin.28.strict",0,0,3.85005276497314e-07,0,0,0,0,0,0,0,0,1.15501582949194e-06,0,0,0,0,1,0,0,0,0,3.85005276497314e-07,0,1.15501582949194e-06,0,1,0,0,0,1.54002110598926e-06,0,0,0,0,1.15501582949194e-06,1,0,0,0,1.54002110598926e-06,0,0,1.54002110598926e-06,1,3.85005276497314e-07,7.70010552994629e-07,0,0,0,0,0,7.70010552994629e-07,0,0,0,0,0,1,7.70010552994629e-07,0,2.6950369354812e-06,1,0,3.85005276497314e-07,0,3.85005276497314e-07,0,1.15501582949194e-06,1.15501582949194e-06,0,0,0,0,0,3.85005276497314e-07
"284","15","grassRedWet1_bin.29.orig",0,5.8628245623035e-07,0,0,0,0,0,0,0,0,1.1725649124607e-06,1.1725649124607e-06,0,0,0,0,0,1,0,0,0,2.93141228115175e-07,0,1.1725649124607e-06,0,1,2.93141228115175e-07,0,1,1.1725649124607e-06,0,0,0,0,2.63827105303658e-06,1,0,0,2.93141228115175e-07,1.46570614057588e-06,0,0,8.79423684345526e-07,0,2.93141228115175e-07,5.8628245623035e-07,0,0,0,0,0,5.8628245623035e-07,2.93141228115175e-07,0,0,0,0,1,5.8628245623035e-07,0,3.22455350926693e-06,1,0,2.93141228115175e-07,5.8628245623035e-07,0,0,1.1725649124607e-06,1.1725649124607e-06,0,0,0,0,0,8.79423684345526e-07
"285","15","grassRedWet1_bin.3.orig",0,7.23163057359847e-07,3.61581528679924e-07,0,0,0,0,0,0,0,3.61581528679924e-07,1.44632611471969e-06,0,0,0,0,0,0,0,0,0,7.23163057359847e-07,0,1.08474458603977e-06,1,0,0,0,1,1.08474458603977e-06,0,0,1,0,1.44632611471969e-06,1,0,0,0,1.44632611471969e-06,0,0,1.80790764339962e-06,1,0,3.61581528679924e-07,0,0,0,0,3.61581528679924e-07,7.23163057359847e-07,3.61581528679924e-07,0,0,0,0,1,3.61581528679924e-07,0,2.89265222943939e-06,0,0,7.23163057359847e-07,3.61581528679924e-07,3.61581528679924e-07,0,1.08474458603977e-06,1.08474458603977e-06,0,0,0,0,0,0
"286","37","grassRedWet1_bin.30.orig",5.62168373363001e-07,5.62168373363001e-07,2.810841866815e-07,0,1,0,0,0,0,0,1.9675893067705e-06,2.5297576801335e-06,2.810841866815e-07,2.810841866815e-07,0,0,0,0,0,0,0,5.62168373363001e-07,2.810841866815e-07,5.62168373363001e-07,1,1,5.62168373363001e-07,0,0,2.810841866815e-07,1,0,0,0,7.02710466703751e-06,0,0,0,2.810841866815e-07,1.4054209334075e-06,2.810841866815e-07,5.62168373363001e-07,0,1,2.810841866815e-07,8.43252560044501e-07,0,0,1,1,2.810841866815e-07,2.810841866815e-07,2.810841866815e-07,1,0,2.810841866815e-07,0,1,8.43252560044501e-07,1,8.43252560044501e-07,1,0,1.124336746726e-06,8.43252560044501e-07,0,0,3.0919260534965e-06,5.62168373363001e-07,0,5.62168373363001e-07,0,2.810841866815e-07,0,5.62168373363001e-07
"287","41","grassRedWet1_bin.31.strict",9.02704955398853e-07,6.01803303599235e-07,3.00901651799618e-07,0,1,0,0,0,0,0,6.01803303599235e-07,9.02704955398853e-07,0,0,0,0,1,0,0,1,0,6.01803303599235e-07,0,3.00901651799618e-07,1,1,3.00901651799618e-07,0,0,1.20360660719847e-06,0,0,0,0,1.20360660719847e-06,1,0,3.00901651799618e-07,0,1.50450825899809e-06,0,9.02704955398853e-07,9.02704955398853e-07,0,0,9.02704955398853e-07,0,1,1,1,6.01803303599235e-07,6.01803303599235e-07,3.00901651799618e-07,0,0,3.00901651799618e-07,6.01803303599235e-07,1,9.02704955398853e-07,0,1.50450825899809e-06,1,0,9.02704955398853e-07,3.00901651799618e-07,0,0,1.50450825899809e-06,1.50450825899809e-06,0,3.00901651799618e-07,0,3.00901651799618e-07,0,0
"288","2","grassRedWet1_bin.32.orig",1.26979088131423e-06,3.17447720328558e-07,3.17447720328558e-07,3.17447720328558e-07,1,0,0,0,1,0,6.34895440657117e-07,3.17447720328558e-06,0,0,1,0,0,0,0,0,1,3.17447720328558e-07,0,3.17447720328558e-07,0,1,3.17447720328558e-07,0,0,6.34895440657117e-07,1,0,0,0,3.17447720328558e-06,1,0,0,3.17447720328558e-07,1.26979088131423e-06,3.17447720328558e-07,9.52343160985675e-07,3.17447720328558e-07,0,3.17447720328558e-07,6.34895440657117e-07,0,0,1,0,6.34895440657117e-07,3.17447720328558e-07,3.17447720328558e-07,0,1,0,0,1,6.34895440657117e-07,0,1.26979088131423e-06,1,0,1.26979088131423e-06,6.34895440657117e-07,0,0,2.22213404229991e-06,6.34895440657117e-07,0,3.17447720328558e-07,3.17447720328558e-07,3.17447720328558e-07,0,3.17447720328558e-07
"289","15","grassRedWet1_bin.33.orig",0,0,3.03142465742628e-07,0,0,0,0,0,1,0,3.03142465742628e-07,1.51571232871314e-06,0,0,0,0,1,0,0,0,1,6.06284931485256e-07,0,6.06284931485256e-07,0,0,0,0,1,6.06284931485256e-07,0,0,1,0,6.06284931485256e-07,0,0,3.03142465742628e-07,3.03142465742628e-07,1.21256986297051e-06,0,0,3.03142465742628e-07,0,0,6.06284931485256e-07,0,0,0,0,3.03142465742628e-07,3.03142465742628e-07,3.03142465742628e-07,1,1,0,0,1,6.06284931485256e-07,0,2.72828219168365e-06,1,0,6.06284931485256e-07,3.03142465742628e-07,0,0,6.06284931485256e-07,9.09427397227883e-07,0,0,0,0,0,0
"290","3","grassRedWet1_bin.34.orig",4.76576730283306e-07,2.38288365141653e-07,2.38288365141653e-07,2.38288365141653e-07,0,0,0,0,0,0,7.14865095424959e-07,1.19144182570826e-06,0,0,1,0,0,0,0,0,0,2.38288365141653e-07,0,1.66801855599157e-06,0,1,2.38288365141653e-07,0,1,7.14865095424959e-07,1,0,0,2.38288365141653e-07,1.42973019084992e-06,0,0,0,2.38288365141653e-07,4.76576730283306e-07,2.38288365141653e-07,1.19144182570826e-06,7.14865095424959e-07,0,2.38288365141653e-07,7.14865095424959e-07,0,0,0,0,2.38288365141653e-07,2.38288365141653e-07,2.38288365141653e-07,0,0,2.38288365141653e-07,2.38288365141653e-07,1,7.14865095424959e-07,0,2.14459528627488e-06,1,0,7.14865095424959e-07,4.76576730283306e-07,0,0,2.14459528627488e-06,7.14865095424959e-07,0,4.76576730283306e-07,0,0,0,2.38288365141653e-07
"291","26","grassRedWet1_bin.35.orig",5.20997230378723e-07,0,5.20997230378723e-07,5.20997230378723e-07,0,1,0,0,0,0,2.08398892151489e-06,2.08398892151489e-06,5.20997230378723e-07,0,0,0,1,0,0,0,0,5.20997230378723e-07,0,1.56299169113617e-06,1,1,1.04199446075745e-06,0,0,1.04199446075745e-06,1,0,1,0,4.16797784302979e-06,0,0,5.20997230378723e-07,0,1.04199446075745e-06,5.20997230378723e-07,1.04199446075745e-06,1.04199446075745e-06,1,0,5.20997230378723e-07,5.20997230378723e-07,0,0,0,5.20997230378723e-07,1.04199446075745e-06,5.20997230378723e-07,0,0,0,0,1,5.20997230378723e-07,0,4.68897507340851e-06,1,0,0,2.08398892151489e-06,0,0,1.56299169113617e-06,1.04199446075745e-06,0,5.20997230378723e-07,0,0,0,2.08398892151489e-06
"292","18","grassRedWet1_bin.37.orig",8.04655414365352e-07,2.68218471455117e-07,2.68218471455117e-07,2.68218471455117e-07,1,0,0,0,0,0,1.07287388582047e-06,2.14574777164094e-06,0,0,1,2.68218471455117e-07,1,0,0,1,0,5.36436942910235e-07,2.68218471455117e-07,0,1,1,2.68218471455117e-07,0,1,2.68218471455117e-07,0,0,0,0,2.14574777164094e-06,0,0,0,0,8.04655414365352e-07,2.68218471455117e-07,8.04655414365352e-07,0,1,2.68218471455117e-07,5.36436942910235e-07,0,0,1,0,0,2.68218471455117e-07,2.68218471455117e-07,0,0,0,0,1,5.36436942910235e-07,0,1.34109235727559e-06,1,0,5.36436942910235e-07,2.68218471455117e-07,0,0,2.14574777164094e-06,8.04655414365352e-07,0,5.36436942910235e-07,2.68218471455117e-07,2.68218471455117e-07,2.68218471455117e-07,2.68218471455117e-07
"293","24","grassRedWet1_bin.38.orig",2.12448053795246e-07,0,2.12448053795246e-07,2.12448053795246e-07,1,0,2.12448053795246e-07,2.12448053795246e-07,1,0,1.06224026897623e-06,2.12448053795246e-06,2.12448053795246e-07,0,0,0,1,0,0,0,1,2.12448053795246e-07,2.12448053795246e-07,8.49792215180986e-07,1,1,6.37344161385739e-07,0,1,2.12448053795246e-07,1,0,1,2.12448053795246e-07,2.54937664554296e-06,1,1,2.12448053795246e-07,4.24896107590493e-07,1.06224026897623e-06,2.12448053795246e-07,8.49792215180986e-07,8.49792215180986e-07,1,2.12448053795246e-07,4.24896107590493e-07,2.12448053795246e-07,0,0,1,4.24896107590493e-07,2.12448053795246e-07,2.12448053795246e-07,1,1,2.12448053795246e-07,0,1,4.24896107590493e-07,0,1.91203248415722e-06,1,0,0,4.24896107590493e-07,0,0,1.69958443036197e-06,6.37344161385739e-07,0,2.12448053795246e-07,2.12448053795246e-07,0,0,4.24896107590493e-07
"294","18","grassRedWet1_bin.39.orig",5.09924013673103e-07,2.54962006836551e-07,2.54962006836551e-07,2.54962006836551e-07,0,0,0,0,0,0,1.52977204101931e-06,2.03969605469241e-06,2.54962006836551e-07,0,1,0,1,0,0,1,1,5.09924013673103e-07,2.54962006836551e-07,7.64886020509654e-07,0,1,2.54962006836551e-07,0,1,2.54962006836551e-07,1,0,0,2.54962006836551e-07,2.29465806152896e-06,1,0,0,2.54962006836551e-07,7.64886020509654e-07,2.54962006836551e-07,1.01984802734621e-06,0,1,0,7.64886020509654e-07,0,0,1,1,0,2.54962006836551e-07,2.54962006836551e-07,0,1,0,0,1,7.64886020509654e-07,0,1.01984802734621e-06,1,0,7.64886020509654e-07,5.09924013673103e-07,0,0,2.29465806152896e-06,5.09924013673103e-07,0,5.09924013673103e-07,2.54962006836551e-07,2.54962006836551e-07,2.54962006836551e-07,5.09924013673103e-07
"295","28","grassRedWet1_bin.4.orig",0,6.30910049892367e-07,3.15455024946183e-07,0,0,0,0,0,0,0,9.4636507483855e-07,1.57727512473092e-06,3.15455024946183e-07,0,0,0,0,0,0,0,0,6.30910049892367e-07,0,1.26182009978473e-06,0,0,0,0,1,6.30910049892367e-07,0,0,1,0,1.57727512473092e-06,1,0,0,3.15455024946183e-07,1.57727512473092e-06,0,0,1.26182009978473e-06,1,0,6.30910049892367e-07,0,0,0,0,3.15455024946183e-07,3.15455024946183e-07,3.15455024946183e-07,0,0,0,0,1,6.30910049892367e-07,0,2.52364019956947e-06,1,0,6.30910049892367e-07,9.4636507483855e-07,0,0,9.4636507483855e-07,1.26182009978473e-06,0,0,0,0,0,9.4636507483855e-07
"296","21","grassRedWet1_bin.40.permissive",3.027920148901e-07,3.027920148901e-07,3.027920148901e-07,0,1,0,0,0,0,0,6.055840297802e-07,1.2111680595604e-06,0,0,0,0,0,1,0,0,0,3.027920148901e-07,0,9.083760446703e-07,0,1,0,0,1,1.2111680595604e-06,0,0,0,0,1.5139600744505e-06,0,0,0,3.027920148901e-07,9.083760446703e-07,0,0,1.2111680595604e-06,0,3.027920148901e-07,6.055840297802e-07,0,0,1,0,0,6.055840297802e-07,0,0,0,0,0,1,6.055840297802e-07,0,2.4223361191208e-06,1,0,3.027920148901e-07,3.027920148901e-07,0,0,1.2111680595604e-06,1.2111680595604e-06,0,0,0,0,0,0
"297","28","grassRedWet1_bin.41.strict",2.99529708404834e-07,5.99059416809667e-07,2.99529708404834e-07,0,0,0,0,0,0,0,5.99059416809667e-07,8.98589125214501e-07,0,0,0,0,0,0,0,0,0,5.99059416809667e-07,0,5.99059416809667e-07,1,1,0,0,0,1.49764854202417e-06,0,0,1,0,1.49764854202417e-06,1,0,0,2.99529708404834e-07,8.98589125214501e-07,0,2.99529708404834e-07,1.49764854202417e-06,1,0,2.99529708404834e-07,0,0,0,0,2.99529708404834e-07,8.98589125214501e-07,2.99529708404834e-07,0,0,0,0,1,2.99529708404834e-07,0,2.99529708404834e-06,1,0,5.99059416809667e-07,2.99529708404834e-07,2.99529708404834e-07,0,1.19811883361933e-06,5.99059416809667e-07,0,0,0,0,0,0
"298","26","grassRedWet1_bin.42.orig",0,3.81219452408754e-07,3.81219452408754e-07,3.81219452408754e-07,0,1,7.62438904817508e-07,0,0,0,1.14365835722626e-06,1.52487780963502e-06,0,0,0,3.81219452408754e-07,1,0,0,0,0,3.81219452408754e-07,3.81219452408754e-07,1.14365835722626e-06,0,1,3.81219452408754e-07,0,0,3.81219452408754e-07,1,0,0,3.81219452408754e-07,3.04975561927003e-06,1,0,3.81219452408754e-07,3.81219452408754e-07,1.14365835722626e-06,3.81219452408754e-07,1.52487780963502e-06,3.81219452408754e-07,1,3.81219452408754e-07,3.81219452408754e-07,3.81219452408754e-07,0,0,1,3.81219452408754e-07,3.81219452408754e-07,3.81219452408754e-07,1,0,0,0,1,3.81219452408754e-07,0,2.28731671445253e-06,1,0,0,7.62438904817508e-07,0,0,2.66853616686128e-06,7.62438904817508e-07,1,3.81219452408754e-07,0,0,0,7.62438904817508e-07
"299","15","grassRedWet1_bin.43.orig",0,6.78097353758982e-07,3.39048676879491e-07,0,0,0,0,0,0,0,6.78097353758982e-07,1.35619470751796e-06,3.39048676879491e-07,0,0,0,1,1,0,0,0,6.78097353758982e-07,0,6.78097353758982e-07,0,0,0,0,1,6.78097353758982e-07,0,0,0,0,1.35619470751796e-06,0,0,0,3.39048676879491e-07,1.35619470751796e-06,0,0,1.01714603063847e-06,0,0,6.78097353758982e-07,0,1,0,0,0,3.39048676879491e-07,0,0,0,0,0,1,6.78097353758982e-07,0,2.03429206127695e-06,1,0,6.78097353758982e-07,1.01714603063847e-06,3.39048676879491e-07,0,2.03429206127695e-06,1.01714603063847e-06,0,0,0,0,0,6.78097353758982e-07
"300","8","grassRedWet1_bin.44.orig",0,5.46118774826218e-07,2.73059387413109e-07,0,0,0,0,0,0,0,5.46118774826218e-07,1.09223754965244e-06,0,2.73059387413109e-07,0,0,1,0,0,0,0,5.46118774826218e-07,0,5.46118774826218e-07,0,0,0,0,1,5.46118774826218e-07,0,0,0,0,2.45753448671798e-06,1,0,0,2.73059387413109e-07,1.09223754965244e-06,0,2.73059387413109e-07,1.36529693706555e-06,0,0,8.19178162239327e-07,0,0,1,0,2.73059387413109e-07,2.73059387413109e-07,2.73059387413109e-07,0,0,0,0,1,8.19178162239327e-07,0,1.91141571189176e-06,1,0,5.46118774826218e-07,5.46118774826218e-07,2.73059387413109e-07,0,1.09223754965244e-06,1.09223754965244e-06,0,0,0,0,0,2.73059387413109e-07
"301","15","grassRedWet1_bin.45.orig",0,4.57700467083327e-07,4.57700467083327e-07,0,0,0,0,0,0,0,4.57700467083327e-07,1.83080186833331e-06,0,0,0,0,0,0,0,0,0,4.57700467083327e-07,0,9.15400934166653e-07,0,0,0,0,0,4.57700467083327e-07,0,0,0,0,1.83080186833331e-06,1,0,0,4.57700467083327e-07,2.28850233541663e-06,0,0,9.15400934166653e-07,0,0,9.15400934166653e-07,0,0,0,0,4.57700467083327e-07,0,4.57700467083327e-07,0,0,0,0,0,9.15400934166653e-07,0,1.37310140124998e-06,1,0,9.15400934166653e-07,9.15400934166653e-07,0,0,9.15400934166653e-07,4.57700467083327e-07,0,0,0,0,0,9.15400934166653e-07
"302","33","grassRedWet1_bin.47.orig",0,0,0,3.64571123998295e-07,0,0,0,0,0,0,1.82285561999148e-06,2.91656899198636e-06,3.64571123998295e-07,0,1,0,0,0,0,0,0,3.64571123998295e-07,3.64571123998295e-07,7.29142247996591e-07,0,1,7.29142247996591e-07,0,1,1.09371337199489e-06,1,0,0,0,3.28114011598466e-06,1,0,0,3.64571123998295e-07,1.45828449599318e-06,3.64571123998295e-07,1.09371337199489e-06,7.29142247996591e-07,0,0,3.64571123998295e-07,0,0,1,0,0,3.64571123998295e-07,3.64571123998295e-07,0,0,0,0,0,3.64571123998295e-07,0,2.18742674398977e-06,1,0,3.64571123998295e-07,1.09371337199489e-06,0,0,3.28114011598466e-06,1.09371337199489e-06,0,3.64571123998295e-07,0,3.64571123998295e-07,3.64571123998295e-07,1.45828449599318e-06
"303","32","grassRedWet1_bin.48.orig",4.70452744903585e-07,0,4.70452744903585e-07,4.70452744903585e-07,0,0,0,4.70452744903585e-07,0,0,4.70452744903585e-07,1.88181097961434e-06,0,0,0,0,1,0,0,0,0,0,0,1.41135823471076e-06,1,1,4.70452744903585e-07,0,0,9.40905489807171e-07,1,0,1,0,2.82271646942151e-06,1,1,4.70452744903585e-07,4.70452744903585e-07,1.41135823471076e-06,4.70452744903585e-07,4.70452744903585e-07,1.41135823471076e-06,0,4.70452744903585e-07,4.70452744903585e-07,4.70452744903585e-07,0,1,0,0,4.70452744903585e-07,0,0,0,4.70452744903585e-07,0,0,4.70452744903585e-07,0,3.76362195922868e-06,1,0,0,1.41135823471076e-06,0,0,9.40905489807171e-07,9.40905489807171e-07,0,4.70452744903585e-07,0,0,0,9.40905489807171e-07
"304","15","grassRedWet1_bin.49.strict",0,5.34613268780563e-07,2.67306634390282e-07,0,0,0,0,0,0,0,1.06922653756113e-06,1.33653317195141e-06,2.67306634390282e-07,0,0,0,1,0,0,0,0,5.34613268780563e-07,0,8.01919903170845e-07,0,0,0,0,1,2.67306634390282e-07,0,0,0,0,1.33653317195141e-06,1,0,0,5.34613268780563e-07,1.33653317195141e-06,0,0,5.34613268780563e-07,0,0,5.34613268780563e-07,0,0,0,0,2.67306634390282e-07,2.67306634390282e-07,2.67306634390282e-07,0,0,0,0,1,5.34613268780563e-07,0,1.33653317195141e-06,1,0,2.67306634390282e-07,8.01919903170845e-07,0,0,8.01919903170845e-07,1.06922653756113e-06,0,0,0,0,0,2.67306634390282e-07
"305","32","grassRedWet1_bin.5.orig",6.16228184366846e-07,3.08114092183423e-07,3.08114092183423e-07,3.08114092183423e-07,0,0,0,3.08114092183423e-07,0,0,1.23245636873369e-06,2.46491273746738e-06,3.08114092183423e-07,0,0,3.08114092183423e-07,1,0,1,0,0,3.08114092183423e-07,0,9.24342276550268e-07,1,1,3.08114092183423e-07,0,0,9.24342276550268e-07,1,0,1,3.08114092183423e-07,2.77302682965081e-06,1,1,3.08114092183423e-07,3.08114092183423e-07,9.24342276550268e-07,3.08114092183423e-07,1.23245636873369e-06,1.23245636873369e-06,1,3.08114092183423e-07,3.08114092183423e-07,3.08114092183423e-07,0,1,0,0,3.08114092183423e-07,3.08114092183423e-07,0,0,3.08114092183423e-07,0,1,3.08114092183423e-07,0,3.08114092183423e-06,1,0,0,6.16228184366846e-07,0,0,2.15679864528396e-06,1.23245636873369e-06,0,3.08114092183423e-07,0,0,0,3.08114092183423e-07
"306","2","grassRedWet1_bin.50.orig",0,3.68978365322528e-07,0,3.68978365322528e-07,1,0,0,0,1,0,1.84489182661264e-06,2.21387019193517e-06,3.68978365322528e-07,0,1,0,0,0,0,0,1,7.37956730645055e-07,7.37956730645055e-07,2.21387019193517e-06,1,1,0,0,0,7.37956730645055e-07,1,0,0,0,2.95182692258022e-06,1,0,0,0,1.10693509596758e-06,3.68978365322528e-07,1.47591346129011e-06,1.10693509596758e-06,1,0,1.47591346129011e-06,3.68978365322528e-07,0,1,0,7.37956730645055e-07,3.68978365322528e-07,3.68978365322528e-07,0,1,0,0,1,1.47591346129011e-06,0,1.10693509596758e-06,1,0,7.37956730645055e-07,1.10693509596758e-06,0,0,2.95182692258022e-06,7.37956730645055e-07,0,0,3.68978365322528e-07,3.68978365322528e-07,0,1.10693509596758e-06
"307","34","grassRedWet1_bin.51.orig",9.03634599084437e-07,6.02423066056292e-07,3.01211533028146e-07,3.01211533028146e-07,1,0,0,0,1,0,9.03634599084437e-07,1.20484613211258e-06,3.01211533028146e-07,0,1,0,1,1,0,0,1,6.02423066056292e-07,3.01211533028146e-07,1.80726919816887e-06,1,1,0,0,1,3.01211533028146e-07,1,0,0,0,2.40969226422517e-06,0,0,3.01211533028146e-07,3.01211533028146e-07,1.20484613211258e-06,0,6.02423066056292e-07,9.03634599084437e-07,1,6.02423066056292e-07,3.01211533028146e-07,0,0,0,1,3.01211533028146e-07,3.01211533028146e-07,3.01211533028146e-07,0,1,3.01211533028146e-07,0,1,3.01211533028146e-07,0,1.20484613211258e-06,1,0,9.03634599084437e-07,1.20484613211258e-06,0,0,3.01211533028146e-06,1.20484613211258e-06,0,0,3.01211533028146e-07,0,0,1.20484613211258e-06
"308","41","grassRedWet1_bin.52.orig",1.2110481500634e-06,6.05524075031699e-07,0,0,1,0,0,0,0,0,1.2110481500634e-06,4.23866852522189e-06,0,0,0,0,0,0,0,0,0,6.05524075031699e-07,6.05524075031699e-07,1.8165722250951e-06,0,1,0,0,0,1.2110481500634e-06,1,0,0,0,3.0276203751585e-06,1,0,0,6.05524075031699e-07,6.05524075031699e-07,6.05524075031699e-07,3.0276203751585e-06,6.05524075031699e-07,0,0,6.05524075031699e-07,0,0,1,0,1.2110481500634e-06,6.05524075031699e-07,6.05524075031699e-07,0,0,0,0,1,6.05524075031699e-07,0,1.2110481500634e-06,1,0,6.05524075031699e-07,1.2110481500634e-06,0,0,4.84419260025359e-06,1.2110481500634e-06,0,0,0,6.05524075031699e-07,0,0
"309","27","grassRedWet1_bin.53.orig",5.46927769984057e-07,5.46927769984057e-07,2.73463884992029e-07,2.73463884992029e-07,1,0,0,0,1,0,1.64078330995217e-06,1.64078330995217e-06,2.73463884992029e-07,0,1,0,1,0,0,1,1,5.46927769984057e-07,5.46927769984057e-07,1.36731942496014e-06,0,1,5.46927769984057e-07,0,0,5.46927769984057e-07,1,0,0,2.73463884992029e-07,2.18771107993623e-06,1,0,0,2.73463884992029e-07,1.36731942496014e-06,2.73463884992029e-07,1.36731942496014e-06,5.46927769984057e-07,1,0,1.09385553996811e-06,0,1,0,0,5.46927769984057e-07,2.73463884992029e-07,2.73463884992029e-07,0,1,0,0,1,1.09385553996811e-06,0,1.09385553996811e-06,1,0,1.09385553996811e-06,5.46927769984057e-07,0,0,2.46117496492826e-06,5.46927769984057e-07,0,2.73463884992029e-07,0,2.73463884992029e-07,2.73463884992029e-07,2.73463884992029e-07
"310","28","grassRedWet1_bin.54.orig",0,5.31319843653823e-07,2.65659921826911e-07,0,0,0,0,0,0,0,5.31319843653823e-07,1.06263968730765e-06,0,0,0,0,1,1,0,1,0,5.31319843653823e-07,0,7.96979765480734e-07,1,0,0,0,1,7.96979765480734e-07,0,0,1,0,1.59395953096147e-06,1,0,2.65659921826911e-07,0,1.32829960913456e-06,0,0,1.59395953096147e-06,1,0,5.31319843653823e-07,0,0,0,0,2.65659921826911e-07,5.31319843653823e-07,2.65659921826911e-07,0,0,0,0,1,5.31319843653823e-07,0,2.3909392964422e-06,1,0,5.31319843653823e-07,5.31319843653823e-07,2.65659921826911e-07,0,7.96979765480734e-07,5.31319843653823e-07,0,0,0,0,0,2.65659921826911e-07
"311","15","grassRedWet1_bin.55.orig",0,0,0,0,0,0,0,0,0,0,7.25479868659125e-07,1.45095973731825e-06,0,0,0,0,0,0,0,0,0,7.25479868659125e-07,0,1.45095973731825e-06,0,0,0,0,0,1.45095973731825e-06,0,0,0,0,1.45095973731825e-06,1,0,0,0,7.25479868659125e-07,0,0,1.45095973731825e-06,1,0,1.45095973731825e-06,0,0,0,0,0,7.25479868659125e-07,7.25479868659125e-07,0,0,0,0,1,1.45095973731825e-06,0,2.17643960597737e-06,1,0,1.45095973731825e-06,1.45095973731825e-06,0,0,7.25479868659125e-07,1.45095973731825e-06,0,0,0,0,0,7.25479868659125e-07
"312","10","grassRedWet1_bin.56.orig",6.4555695426229e-07,0,6.4555695426229e-07,0,0,0,0,0,0,0,1.29111390852458e-06,2.58222781704916e-06,6.4555695426229e-07,0,0,0,0,0,0,0,0,6.4555695426229e-07,0,1.93667086278687e-06,0,1,0,0,0,6.4555695426229e-07,0,0,0,0,3.87334172557374e-06,0,1,0,0,0,0,1.29111390852458e-06,6.4555695426229e-07,1,6.4555695426229e-07,6.4555695426229e-07,6.4555695426229e-07,0,0,0,6.4555695426229e-07,6.4555695426229e-07,0,1,0,0,0,0,6.4555695426229e-07,0,4.51889867983603e-06,1,0,0,1.29111390852458e-06,0,0,6.4555695426229e-07,1.29111390852458e-06,0,0,0,0,0,6.4555695426229e-07
"313","41","grassRedWet1_bin.57.orig",8.91483700780628e-07,8.91483700780628e-07,4.45741850390314e-07,0,0,0,0,0,0,0,1.78296740156126e-06,3.1201929527322e-06,4.45741850390314e-07,0,1,0,0,0,0,1,0,8.91483700780628e-07,0,8.91483700780628e-07,0,1,4.45741850390314e-07,0,0,1.33722555117094e-06,1,0,0,4.45741850390314e-07,1.33722555117094e-06,1,0,4.45741850390314e-07,0,4.45741850390314e-07,0,4.45741850390314e-07,1.78296740156126e-06,0,4.45741850390314e-07,1.33722555117094e-06,0,0,0,0,4.45741850390314e-07,4.45741850390314e-07,4.45741850390314e-07,0,0,0,0,1,1.33722555117094e-06,0,2.67445110234188e-06,1,0,4.45741850390314e-07,0,0,0,3.1201929527322e-06,1.33722555117094e-06,0,0,0,4.45741850390314e-07,0,0
"314","15","grassRedWet1_bin.58.permissive",0,1.03872523484279e-06,5.19362617421396e-07,0,0,0,0,0,0,0,1.03872523484279e-06,1.55808785226419e-06,5.19362617421396e-07,0,0,0,0,0,0,0,0,1.03872523484279e-06,0,0,0,0,0,0,0,1.03872523484279e-06,0,0,0,0,1.03872523484279e-06,0,0,0,5.19362617421396e-07,1.55808785226419e-06,0,0,2.59681308710698e-06,0,0,1.03872523484279e-06,0,0,0,0,5.19362617421396e-07,5.19362617421396e-07,0,0,0,0,0,0,1.03872523484279e-06,0,2.59681308710698e-06,1,0,1.03872523484279e-06,5.19362617421396e-07,0,0,5.19362617421396e-07,1.03872523484279e-06,0,0,0,0,0,0
"315","15","grassRedWet1_bin.59.orig",0,3.25408973998521e-07,0,0,0,0,0,0,0,0,0,1.30163589599409e-06,0,0,1,0,0,0,0,0,0,6.50817947997043e-07,0,6.50817947997043e-07,0,0,0,0,0,6.50817947997043e-07,0,0,0,0,9.76226921995564e-07,1,0,0,3.25408973998521e-07,6.50817947997043e-07,0,0,3.25408973998521e-07,0,0,3.25408973998521e-07,0,0,1,0,3.25408973998521e-07,3.25408973998521e-07,0,0,0,0,0,0,3.25408973998521e-07,0,1.62704486999261e-06,1,0,6.50817947997043e-07,6.50817947997043e-07,0,0,9.76226921995564e-07,6.50817947997043e-07,0,0,0,0,0,9.76226921995564e-07
"316","31","grassRedWet1_bin.6.orig",6.69532264759839e-07,6.69532264759839e-07,6.69532264759839e-07,6.69532264759839e-07,0,0,0,0,0,0,2.00859679427952e-06,2.67812905903936e-06,0,0,0,0,0,0,0,0,0,0,0,0,0,0,6.69532264759839e-07,0,0,1.33906452951968e-06,0,0,0,0,4.01719358855903e-06,0,0,0,6.69532264759839e-07,6.69532264759839e-07,6.69532264759839e-07,1.33906452951968e-06,0,0,0,1.33906452951968e-06,0,0,0,1,0,6.69532264759839e-07,6.69532264759839e-07,0,0,0,0,1,1.33906452951968e-06,0,2.00859679427952e-06,0,0,1.33906452951968e-06,6.69532264759839e-07,0,0,3.34766132379919e-06,6.69532264759839e-07,0,6.69532264759839e-07,0,6.69532264759839e-07,0,6.69532264759839e-07
"317","5","grassRedWet1_bin.7.orig",6.83833626014125e-07,3.41916813007063e-07,3.41916813007063e-07,3.41916813007063e-07,1,1,3.41916813007063e-07,3.41916813007063e-07,0,0,2.05150087804238e-06,6.83833626014125e-07,0,3.41916813007063e-07,0,0,0,0,0,0,0,3.41916813007063e-07,0,6.83833626014125e-07,0,0,3.41916813007063e-07,0,0,3.41916813007063e-07,0,0,1,3.41916813007063e-07,3.41916813007063e-06,0,1,3.41916813007063e-07,3.41916813007063e-07,1.70958406503531e-06,3.41916813007063e-07,1.36766725202825e-06,1.02575043902119e-06,1,3.41916813007063e-07,0,3.41916813007063e-07,0,1,1,0,3.41916813007063e-07,3.41916813007063e-07,1,0,0,0,1,0,1,3.41916813007063e-06,1,0,0,6.83833626014125e-07,0,0,1.02575043902119e-06,1.02575043902119e-06,0,0,0,0,0,3.41916813007063e-07
"318","5","grassRedWet1_bin.8.orig",0,3.76502196702067e-07,0,3.76502196702067e-07,1,0,7.53004393404133e-07,3.76502196702067e-07,0,0,7.53004393404133e-07,1.88251098351033e-06,0,0,0,0,0,0,0,0,0,0,3.76502196702067e-07,7.53004393404133e-07,0,1,0,1,0,7.53004393404133e-07,1,0,0,3.76502196702067e-07,1.88251098351033e-06,1,1,0,0,1.1295065901062e-06,3.76502196702067e-07,1.1295065901062e-06,1.1295065901062e-06,1,3.76502196702067e-07,0,3.76502196702067e-07,1,0,0,0,3.76502196702067e-07,3.76502196702067e-07,1,0,3.76502196702067e-07,0,1,0,0,3.01201757361653e-06,1,0,0,7.53004393404133e-07,0,0,2.2590131802124e-06,7.53004393404133e-07,0,0,3.76502196702067e-07,0,0,3.76502196702067e-07
"319","24","grassRedWet1_bin.9.orig",2.35209552894865e-07,0,2.35209552894865e-07,2.35209552894865e-07,1,0,0,0,1,0,1.17604776447433e-06,2.11688597605379e-06,2.35209552894865e-07,0,0,0,1,0,0,0,1,2.35209552894865e-07,2.35209552894865e-07,7.05628658684595e-07,0,1,2.35209552894865e-07,0,1,9.4083821157946e-07,1,0,1,2.35209552894865e-07,2.35209552894865e-06,1,1,2.35209552894865e-07,4.7041910578973e-07,1.17604776447433e-06,2.35209552894865e-07,4.7041910578973e-07,9.4083821157946e-07,1,2.35209552894865e-07,7.05628658684595e-07,2.35209552894865e-07,0,0,1,2.35209552894865e-07,4.7041910578973e-07,2.35209552894865e-07,1,1,2.35209552894865e-07,0,1,7.05628658684595e-07,0,2.35209552894865e-06,1,0,0,4.7041910578973e-07,0,0,1.64646687026406e-06,7.05628658684595e-07,0,2.35209552894865e-07,0,0,0,0
"320","13","grassRedWet2_bin.1.orig",7.77148115104962e-07,7.77148115104962e-07,0,3.88574057552481e-07,1,0,0,0,1,0,1.55429623020992e-06,2.72001840286737e-06,3.88574057552481e-07,0,1,0,0,0,0,1,1,7.77148115104962e-07,0,1.16572217265744e-06,1,1,3.88574057552481e-07,0,1,1.55429623020992e-06,1,0,0,0,1.55429623020992e-06,1,0,3.88574057552481e-07,3.88574057552481e-07,1.16572217265744e-06,0,3.88574057552481e-07,1.16572217265744e-06,0,3.88574057552481e-07,1.16572217265744e-06,0,1,0,0,3.88574057552481e-07,7.77148115104962e-07,0,0,1,0,0,1,1.16572217265744e-06,0,2.72001840286737e-06,1,0,3.88574057552481e-07,0,0,0,1.9428702877624e-06,1.16572217265744e-06,0,0,0,3.88574057552481e-07,0,0
"321","15","grassRedWet2_bin.10.orig",0,3.86109479798559e-07,3.86109479798559e-07,0,0,0,0,0,0,0,0,1.15832843939568e-06,0,0,0,0,1,0,0,0,0,7.72218959597118e-07,0,7.72218959597118e-07,0,0,3.86109479798559e-07,0,0,1.15832843939568e-06,0,0,0,0,1.93054739899279e-06,1,0,0,3.86109479798559e-07,3.86109479798559e-07,0,0,3.86109479798559e-07,0,3.86109479798559e-07,3.86109479798559e-07,0,0,0,0,3.86109479798559e-07,1.15832843939568e-06,3.86109479798559e-07,0,0,0,0,1,3.86109479798559e-07,0,2.70276635858991e-06,0,0,7.72218959597118e-07,3.86109479798559e-07,0,0,3.86109479798559e-07,1.54443791919424e-06,0,0,0,0,0,0
"322","18","grassRedWet2_bin.11.orig",5.0984237967911e-07,2.54921189839555e-07,2.54921189839555e-07,0,1,0,0,0,0,0,1.52952713903733e-06,1.78444832887689e-06,2.54921189839555e-07,0,1,0,1,0,0,1,0,5.0984237967911e-07,2.54921189839555e-07,5.0984237967911e-07,0,1,5.0984237967911e-07,0,1,2.54921189839555e-07,1,0,0,0,2.294290708556e-06,1,0,0,5.0984237967911e-07,2.54921189839555e-07,2.54921189839555e-07,1.01968475935822e-06,0,1,0,7.64763569518665e-07,0,0,1,0,0,2.54921189839555e-07,2.54921189839555e-07,0,0,0,0,1,7.64763569518665e-07,0,1.27460594919778e-06,1,0,7.64763569518665e-07,5.0984237967911e-07,0,0,2.294290708556e-06,5.0984237967911e-07,0,5.0984237967911e-07,2.54921189839555e-07,2.54921189839555e-07,2.54921189839555e-07,5.0984237967911e-07
"323","8","grassRedWet2_bin.12.permissive",2.11437902485262e-07,2.11437902485262e-07,2.11437902485262e-07,0,0,0,0,0,0,0,8.45751609941049e-07,1.05718951242631e-06,2.11437902485262e-07,0,0,0,1,1,0,0,0,4.22875804970524e-07,0,4.22875804970524e-07,0,1,0,1,0,8.45751609941049e-07,0,0,0,0,1.05718951242631e-06,0,0,0,4.22875804970524e-07,4.22875804970524e-07,0,0,6.34313707455787e-07,1,4.22875804970524e-07,4.22875804970524e-07,0,0,1,0,2.11437902485262e-07,4.22875804970524e-07,2.11437902485262e-07,0,0,0,0,1,4.22875804970524e-07,0,1.48006531739684e-06,1,0,2.11437902485262e-07,4.22875804970524e-07,0,0,4.22875804970524e-07,6.34313707455787e-07,0,0,0,0,0,2.11437902485262e-07
"324","36","grassRedWet2_bin.13.orig",3.15450049431023e-07,0,0,3.15450049431023e-07,1,0,3.15450049431023e-07,3.15450049431023e-07,1,0,1.26180019772409e-06,2.52360039544818e-06,3.15450049431023e-07,0,0,0,0,0,0,0,1,0,0,3.15450049431023e-07,0,1,9.46350148293068e-07,0,1,6.30900098862045e-07,0,0,0,3.15450049431023e-07,2.8390504448792e-06,0,0,0,3.15450049431023e-07,9.46350148293068e-07,3.15450049431023e-07,1.26180019772409e-06,6.30900098862045e-07,0,0,6.30900098862045e-07,3.15450049431023e-07,0,0,0,3.15450049431023e-07,3.15450049431023e-07,0,0,1,3.15450049431023e-07,0,1,6.30900098862045e-07,0,2.20815034601716e-06,1,0,0,3.15450049431023e-07,0,0,2.20815034601716e-06,6.30900098862045e-07,0,0,3.15450049431023e-07,0,0,0
"325","20","grassRedWet2_bin.14.orig",0,5.93868309702323e-07,0,0,1,0,0,0,0,0,1.78160492910697e-06,2.37547323880929e-06,2.96934154851162e-07,0,1,0,0,0,0,0,1,0,2.96934154851162e-07,8.90802464553485e-07,0,1,0,0,1,2.96934154851162e-07,1,0,0,0,1.78160492910697e-06,0,0,0,2.96934154851162e-07,0,0,5.93868309702323e-07,2.96934154851162e-07,0,0,8.90802464553485e-07,0,0,0,0,0,0,0,0,1,0,0,1,8.90802464553485e-07,0,5.93868309702323e-07,1,1,0,0,0,0,2.37547323880929e-06,2.96934154851162e-07,0,2.96934154851162e-07,0,0,0,0
"326","31","grassRedWet2_bin.15.permissive",0,0,1.32894780557494e-06,0,0,0,0,0,0,0,0,2.65789561114987e-06,0,0,0,0,0,0,0,0,0,0,0,0,1,0,0,0,0,2.65789561114987e-06,0,0,0,0,0,0,0,0,0,6.64473902787468e-06,0,0,0,0,0,0,0,0,0,0,0,2.65789561114987e-06,0,1,0,0,0,1,0,0,3.98684341672481e-06,0,0,0,1.32894780557494e-06,0,0,0,1.32894780557494e-06,0,0,0,0,0,0
"327","32","grassRedWet2_bin.17.orig",4.53389928486807e-07,4.53389928486807e-07,4.53389928486807e-07,4.53389928486807e-07,1,0,0,0,0,0,1.81355971394723e-06,2.72033957092084e-06,4.53389928486807e-07,0,0,0,1,0,1,0,0,4.53389928486807e-07,0,4.53389928486807e-07,0,1,1.36016978546042e-06,0,0,9.06779856973613e-07,0,0,1,4.53389928486807e-07,3.17372949940765e-06,1,1,4.53389928486807e-07,4.53389928486807e-07,4.53389928486807e-07,4.53389928486807e-07,1.36016978546042e-06,9.06779856973613e-07,1,0,4.53389928486807e-07,4.53389928486807e-07,0,1,0,0,4.53389928486807e-07,4.53389928486807e-07,0,0,4.53389928486807e-07,0,1,4.53389928486807e-07,0,3.17372949940765e-06,1,0,0,1.81355971394723e-06,0,0,2.72033957092084e-06,4.53389928486807e-07,0,0,0,0,0,1.81355971394723e-06
"328","29","grassRedWet2_bin.18.orig",2.74984092170268e-07,2.74984092170268e-07,0,2.74984092170268e-07,0,0,0,0,0,0,1.64990455302161e-06,3.02482501387295e-06,2.74984092170268e-07,0,1,0,0,0,0,1,1,2.74984092170268e-07,2.74984092170268e-07,1.37492046085134e-06,0,1,5.49968184340536e-07,0,1,5.49968184340536e-07,1,1,0,0,1.64990455302161e-06,1,0,0,2.74984092170268e-07,8.24952276510804e-07,2.74984092170268e-07,5.49968184340536e-07,0,1,2.74984092170268e-07,8.24952276510804e-07,0,0,1,0,2.74984092170268e-07,5.49968184340536e-07,0,0,1,0,0,1,8.24952276510804e-07,0,1.92488864519188e-06,1,1,8.24952276510804e-07,2.74984092170268e-07,0,0,1.64990455302161e-06,5.49968184340536e-07,0,5.49968184340536e-07,0,2.74984092170268e-07,0,0
"329","31","grassRedWet2_bin.19.strict",0,0,1.46841799986784e-06,0,0,0,0,0,0,0,0,2.93683599973568e-06,0,0,0,0,0,0,0,0,0,0,0,0,1,0,0,0,0,2.93683599973568e-06,0,0,0,0,0,0,0,1.46841799986784e-06,0,7.34208999933921e-06,0,0,0,0,0,0,0,0,0,0,0,2.93683599973568e-06,0,1,0,0,0,1,0,0,4.40525399960353e-06,0,0,0,1.46841799986784e-06,0,0,0,1.46841799986784e-06,0,0,0,0,0,0
"330","8","grassRedWet2_bin.20.strict",0,3.86654391678579e-07,1.93327195839289e-07,0,0,0,0,0,0,0,7.73308783357158e-07,9.66635979196447e-07,1.93327195839289e-07,1.93327195839289e-07,0,0,1,1,0,0,0,3.86654391678579e-07,0,7.73308783357158e-07,0,1,1.93327195839289e-07,1,0,9.66635979196447e-07,0,0,0,0,7.73308783357158e-07,1,0,0,1.93327195839289e-07,9.66635979196447e-07,0,0,1.15996317503574e-06,1,0,5.79981587517868e-07,0,0,1,0,1.93327195839289e-07,3.86654391678579e-07,1.93327195839289e-07,0,0,0,0,1,5.79981587517868e-07,0,2.12659915423218e-06,1,0,3.86654391678579e-07,1.93327195839289e-07,1.93327195839289e-07,0,5.79981587517868e-07,7.73308783357158e-07,0,0,0,0,0,0
"331","8","grassRedWet2_bin.21.permissive",0,2.32475043222922e-07,0,0,0,0,0,0,0,0,6.97425129668767e-07,6.97425129668767e-07,2.32475043222922e-07,0,0,0,1,0,0,1,0,4.64950086445845e-07,0,6.97425129668767e-07,0,1,2.32475043222922e-07,1,1,9.2990017289169e-07,0,0,0,2.32475043222922e-07,6.97425129668767e-07,1,0,0,2.32475043222922e-07,4.64950086445845e-07,0,2.32475043222922e-07,1.62732530256046e-06,0,0,4.64950086445845e-07,0,0,1,0,2.32475043222922e-07,4.64950086445845e-07,0,0,0,0,0,1,4.64950086445845e-07,0,2.55722547545215e-06,1,0,2.32475043222922e-07,2.32475043222922e-07,0,0,9.2990017289169e-07,6.97425129668767e-07,0,0,0,0,0,0
"332","42","grassRedWet2_bin.22.orig",1.57139260898629e-07,1.57139260898629e-07,1.57139260898629e-07,1.57139260898629e-07,1,0,3.14278521797258e-07,1.57139260898629e-07,0,0,4.71417782695887e-07,1.88567113078355e-06,1.57139260898629e-07,0,0,0,0,1,0,1,0,1.57139260898629e-07,1.57139260898629e-07,6.28557043594517e-07,0,1,1.57139260898629e-07,0,1,6.28557043594517e-07,1,0,1,1.57139260898629e-07,1.0999748262904e-06,0,0,1.57139260898629e-07,1.57139260898629e-07,6.28557043594517e-07,1.57139260898629e-07,1.57139260898629e-07,9.42835565391775e-07,1,1.57139260898629e-07,3.14278521797258e-07,1.57139260898629e-07,0,1,0,0,3.14278521797258e-07,1.57139260898629e-07,0,0,1.57139260898629e-07,0,1,3.14278521797258e-07,0,1.72853186988492e-06,1,0,0,3.14278521797258e-07,0,0,7.85696304493146e-07,7.85696304493146e-07,0,1.57139260898629e-07,0,0,0,1.57139260898629e-07
"333","9","grassRedWet2_bin.23.orig",0,2.08360420187958e-07,2.08360420187958e-07,2.08360420187958e-07,1,0,0,0,0,0,1.04180210093979e-06,1.87524378169162e-06,2.08360420187958e-07,0,1,0,1,0,0,1,1,4.16720840375916e-07,2.08360420187958e-07,1.25016252112775e-06,0,1,4.16720840375916e-07,0,1,4.16720840375916e-07,1,1,0,0,2.08360420187958e-06,1,0,0,4.16720840375916e-07,6.25081260563873e-07,0,6.25081260563873e-07,4.16720840375916e-07,0,0,8.33441680751831e-07,0,0,1,1,2.08360420187958e-07,2.08360420187958e-07,2.08360420187958e-07,0,1,0,0,1,8.33441680751831e-07,0,1.25016252112775e-06,1,1,4.16720840375916e-07,4.16720840375916e-07,0,0,8.33441680751831e-07,4.16720840375916e-07,0,4.16720840375916e-07,0,2.08360420187958e-07,0,4.16720840375916e-07
"334","15","grassRedWet2_bin.25.orig",0,3.03043434912483e-07,3.03043434912483e-07,0,1,0,0,0,0,0,0,1.21217373964993e-06,0,3.03043434912483e-07,0,0,0,0,0,0,0,3.03043434912483e-07,0,6.06086869824965e-07,0,0,0,0,1,6.06086869824965e-07,0,0,0,0,1.8182606094749e-06,0,0,0,3.03043434912483e-07,6.06086869824965e-07,0,0,9.09130304737448e-07,1,0,9.09130304737448e-07,0,0,0,0,3.03043434912483e-07,3.03043434912483e-07,3.03043434912483e-07,0,0,0,0,1,9.09130304737448e-07,0,1.8182606094749e-06,1,0,6.06086869824965e-07,0,3.03043434912483e-07,0,9.09130304737448e-07,1.51521717456241e-06,0,0,0,0,0,0
"335","8","grassRedWet2_bin.26.permissive",0,2.16615068957241e-07,2.16615068957241e-07,0,1,0,0,0,0,0,0,6.49845206871723e-07,0,2.16615068957241e-07,0,0,1,0,0,1,0,4.33230137914482e-07,0,8.66460275828964e-07,1,0,0,0,0,8.66460275828964e-07,0,0,0,0,8.66460275828964e-07,0,0,0,2.16615068957241e-07,6.49845206871723e-07,0,2.16615068957241e-07,1.08307534478621e-06,1,0,6.49845206871723e-07,0,0,1,0,2.16615068957241e-07,4.33230137914482e-07,2.16615068957241e-07,0,0,0,0,0,6.49845206871723e-07,0,2.38276575852965e-06,1,0,2.16615068957241e-07,2.16615068957241e-07,2.16615068957241e-07,0,4.33230137914482e-07,8.66460275828964e-07,0,0,0,0,0,0
"336","10","grassRedWet2_bin.27.orig",4.84656971911705e-07,0,0,4.84656971911705e-07,0,0,0,0,0,0,9.6931394382341e-07,3.39259880338194e-06,0,0,0,0,0,0,1,1,0,4.84656971911705e-07,0,4.84656971911705e-07,0,1,0,0,0,1.93862788764682e-06,1,0,0,0,2.90794183147023e-06,0,0,4.84656971911705e-07,4.84656971911705e-07,4.84656971911705e-07,0,9.6931394382341e-07,1.45397091573512e-06,0,4.84656971911705e-07,4.84656971911705e-07,4.84656971911705e-07,0,0,0,4.84656971911705e-07,9.6931394382341e-07,4.84656971911705e-07,0,0,0,0,0,4.84656971911705e-07,0,3.39259880338194e-06,1,0,0,0,0,0,2.42328485955853e-06,1.93862788764682e-06,0,0,0,0,0,4.84656971911705e-07
"337","8","grassRedWet2_bin.28.orig",0,2.89933396500156e-07,2.89933396500156e-07,0,0,0,0,0,0,0,1.15973358600062e-06,1.15973358600062e-06,2.89933396500156e-07,0,0,0,1,0,0,0,0,5.79866793000312e-07,0,5.79866793000312e-07,0,0,2.89933396500156e-07,0,0,8.69800189500468e-07,0,0,0,0,1.44966698250078e-06,1,0,0,2.89933396500156e-07,1.15973358600062e-06,0,0,1.44966698250078e-06,1,0,5.79866793000312e-07,0,0,1,0,2.89933396500156e-07,2.89933396500156e-07,2.89933396500156e-07,0,0,0,0,1,5.79866793000312e-07,0,2.89933396500156e-06,1,0,5.79866793000312e-07,2.89933396500156e-07,2.89933396500156e-07,0,5.79866793000312e-07,1.15973358600062e-06,0,0,0,0,0,0
"338","3","grassRedWet2_bin.29.orig",3.6016684368867e-07,7.20333687377341e-07,0,3.6016684368867e-07,0,0,0,0,1,0,1.44066737475468e-06,1.44066737475468e-06,3.6016684368867e-07,0,1,0,1,1,0,0,1,7.20333687377341e-07,0,7.20333687377341e-07,0,1,3.6016684368867e-07,0,1,3.6016684368867e-07,1,0,0,0,7.20333687377341e-07,1,0,3.6016684368867e-07,7.20333687377341e-07,7.20333687377341e-07,3.6016684368867e-07,0,3.6016684368867e-07,0,7.20333687377341e-07,7.20333687377341e-07,0,0,0,0,3.6016684368867e-07,3.6016684368867e-07,3.6016684368867e-07,1,1,0,0,1,7.20333687377341e-07,0,1.44066737475468e-06,1,0,7.20333687377341e-07,3.6016684368867e-07,0,0,1.44066737475468e-06,7.20333687377341e-07,0,3.6016684368867e-07,0,3.6016684368867e-07,0,0
"339","21","grassRedWet2_bin.3.orig",0,1.83437703271905e-07,1.83437703271905e-07,0,0,0,0,0,0,0,0,7.3375081308762e-07,0,0,1,0,0,1,0,0,0,1.83437703271905e-07,0,5.50313109815715e-07,1,1,0,0,1,7.3375081308762e-07,0,0,0,0,1.28406392290333e-06,1,0,1.83437703271905e-07,3.6687540654381e-07,7.3375081308762e-07,0,1.83437703271905e-07,1.28406392290333e-06,1,3.6687540654381e-07,3.6687540654381e-07,0,0,1,0,1.83437703271905e-07,3.6687540654381e-07,1.83437703271905e-07,0,0,0,0,1,3.6687540654381e-07,0,1.65093932944714e-06,1,0,1.83437703271905e-07,1.83437703271905e-07,0,0,7.3375081308762e-07,9.17188516359525e-07,0,0,0,0,0,0
"340","13","grassRedWet2_bin.30.orig",9.61320931866059e-07,6.40880621244039e-07,0,3.20440310622019e-07,1,0,0,3.20440310622019e-07,1,0,1.28176124248808e-06,2.24308217435414e-06,3.20440310622019e-07,0,1,0,0,1,0,1,1,6.40880621244039e-07,0,9.61320931866059e-07,0,0,6.40880621244039e-07,0,0,1.28176124248808e-06,0,0,0,0,1.28176124248808e-06,1,0,3.20440310622019e-07,6.40880621244039e-07,9.61320931866059e-07,0,6.40880621244039e-07,1.28176124248808e-06,0,3.20440310622019e-07,1.28176124248808e-06,0,0,0,1,3.20440310622019e-07,6.40880621244039e-07,3.20440310622019e-07,0,1,0,0,1,1.28176124248808e-06,0,1.92264186373212e-06,1,0,6.40880621244039e-07,0,0,0,2.24308217435414e-06,1.28176124248808e-06,0,0,0,3.20440310622019e-07,0,0
"341","8","grassRedWet2_bin.31.strict",0,3.72690298461572e-07,0,0,0,0,0,0,0,0,5.59035447692358e-07,7.45380596923143e-07,1.86345149230786e-07,0,0,0,1,0,1,0,0,3.72690298461572e-07,0,7.45380596923143e-07,0,0,0,0,1,7.45380596923143e-07,0,0,0,0,1.3044160446155e-06,1,0,0,3.72690298461572e-07,7.45380596923143e-07,0,0,1.3044160446155e-06,1,0,5.59035447692358e-07,0,0,1,0,1.86345149230786e-07,3.72690298461572e-07,1.86345149230786e-07,0,0,0,0,1,5.59035447692358e-07,0,2.23614179076943e-06,0,0,3.72690298461572e-07,3.72690298461572e-07,1.86345149230786e-07,0,9.31725746153929e-07,7.45380596923143e-07,0,0,0,0,0,1.86345149230786e-07
"342","19","grassRedWet2_bin.32.orig",4.87553966129626e-07,4.87553966129626e-07,0,4.87553966129626e-07,1,0,0,0,0,0,4.87553966129626e-07,3.41287776290738e-06,0,0,0,4.87553966129626e-07,0,0,0,0,0,0,0,4.87553966129626e-07,0,1,0,0,1,9.75107932259252e-07,0,0,0,4.87553966129626e-07,2.92532379677776e-06,0,0,4.87553966129626e-07,0,1.46266189838888e-06,0,1.46266189838888e-06,1.9502158645185e-06,0,0,4.87553966129626e-07,4.87553966129626e-07,0,0,0,0,4.87553966129626e-07,4.87553966129626e-07,0,0,4.87553966129626e-07,0,1,4.87553966129626e-07,0,3.41287776290738e-06,1,0,0,0,0,0,1.9502158645185e-06,9.75107932259252e-07,0,0,4.87553966129626e-07,0,0,0
"343","15","grassRedWet2_bin.33.permissive",0,7.44274113178787e-07,7.44274113178787e-07,0,0,0,0,0,0,0,7.44274113178787e-07,7.44274113178787e-07,0,0,0,0,0,0,0,0,0,1.48854822635757e-06,0,7.44274113178787e-07,1,0,0,0,0,0,1,0,0,0,2.97709645271515e-06,1,0,0,0,3.72137056589394e-06,7.44274113178787e-07,0,0,0,0,7.44274113178787e-07,0,0,0,1,0,0,0,0,0,0,0,1,7.44274113178787e-07,0,7.44274113178787e-07,1,0,2.23282233953636e-06,0,0,0,7.44274113178787e-07,1.48854822635757e-06,0,0,0,0,0,0
"344","3","grassRedWet2_bin.34.orig",7.04784961298496e-07,7.04784961298496e-07,3.52392480649248e-07,3.52392480649248e-07,0,0,0,0,0,0,1.40956992259699e-06,1.76196240324624e-06,3.52392480649248e-07,0,1,0,1,1,0,1,0,7.04784961298496e-07,3.52392480649248e-07,2.11435488389549e-06,1,1,0,0,1,7.04784961298496e-07,1,0,0,0,1.05717744194774e-06,1,0,3.52392480649248e-07,7.04784961298496e-07,7.04784961298496e-07,0,1.05717744194774e-06,3.52392480649248e-07,0,7.04784961298496e-07,7.04784961298496e-07,0,0,0,0,3.52392480649248e-07,3.52392480649248e-07,3.52392480649248e-07,1,0,0,0,1,7.04784961298496e-07,0,1.40956992259699e-06,1,0,3.52392480649248e-07,0,0,0,2.46674736454474e-06,3.52392480649248e-07,0,7.04784961298496e-07,0,3.52392480649248e-07,3.52392480649248e-07,0
"345","15","grassRedWet2_bin.35.orig",0,0,3.89117928024857e-07,0,1,0,0,0,0,0,0,7.78235856049714e-07,0,0,1,0,0,0,0,1,0,3.89117928024857e-07,0,3.89117928024857e-07,0,0,0,0,0,3.89117928024857e-07,0,0,0,0,7.78235856049714e-07,0,0,0,0,7.78235856049714e-07,0,0,3.89117928024857e-07,0,0,1.16735378407457e-06,0,0,0,0,3.89117928024857e-07,0,0,0,0,0,0,1,1.16735378407457e-06,0,0,1,0,7.78235856049714e-07,3.89117928024857e-07,0,0,1.55647171209943e-06,3.89117928024857e-07,0,0,0,0,0,0
"346","3","grassRedWet2_bin.36.orig",7.22664492891872e-07,3.61332246445936e-07,0,3.61332246445936e-07,0,0,0,0,0,0,7.22664492891872e-07,2.16799347867562e-06,3.61332246445936e-07,0,1,0,0,0,0,1,0,7.22664492891872e-07,3.61332246445936e-07,2.52932572512155e-06,0,1,0,0,1,1.08399673933781e-06,1,0,0,0,1.44532898578374e-06,0,0,3.61332246445936e-07,3.61332246445936e-07,1.44532898578374e-06,0,7.22664492891872e-07,1.08399673933781e-06,0,3.61332246445936e-07,1.08399673933781e-06,0,1,0,0,3.61332246445936e-07,7.22664492891872e-07,3.61332246445936e-07,0,0,0,0,1,1.08399673933781e-06,0,3.25199021801342e-06,1,0,7.22664492891872e-07,7.22664492891872e-07,0,0,1.44532898578374e-06,1.44532898578374e-06,0,0,0,3.61332246445936e-07,0,7.22664492891872e-07
"347","28","grassRedWet2_bin.37.strict",0,3.31098528631249e-07,3.31098528631249e-07,0,0,0,0,0,0,0,9.93295585893746e-07,9.93295585893746e-07,3.31098528631249e-07,0,0,0,0,1,0,0,0,6.62197057262497e-07,0,6.62197057262497e-07,0,0,0,0,0,6.62197057262497e-07,0,0,1,0,1.32439411452499e-06,1,0,0,0,3.31098528631249e-07,0,0,1.32439411452499e-06,0,0,6.62197057262497e-07,0,0,0,0,3.31098528631249e-07,3.31098528631249e-07,3.31098528631249e-07,0,0,0,0,0,6.62197057262497e-07,0,3.97318234357498e-06,0,0,3.31098528631249e-07,6.62197057262497e-07,3.31098528631249e-07,0,9.93295585893746e-07,1.32439411452499e-06,0,0,0,0,0,3.31098528631249e-07
"348","1","grassRedWet2_bin.4.orig",1.99141897563399e-07,3.98283795126799e-07,1.99141897563399e-07,0,0,0,0,0,1,0,5.97425692690198e-07,9.95709487816997e-07,1.99141897563399e-07,0,0,0,1,0,0,1,1,3.98283795126799e-07,0,9.95709487816997e-07,1,0,0,0,1,7.96567590253597e-07,0,0,1,0,9.95709487816997e-07,1,0,1.99141897563399e-07,1.99141897563399e-07,7.96567590253597e-07,0,0,7.96567590253597e-07,1,1.99141897563399e-07,5.97425692690198e-07,0,0,0,0,1.99141897563399e-07,1.99141897563399e-07,1.99141897563399e-07,0,1,0,0,1,5.97425692690198e-07,0,1.99141897563399e-06,1,0,3.98283795126799e-07,1.99141897563399e-07,1.99141897563399e-07,0,5.97425692690198e-07,5.97425692690198e-07,0,0,0,0,0,0
"349","37","grassRedWet2_bin.40.orig",2.83314932028498e-07,2.83314932028498e-07,2.83314932028498e-07,0,1,0,0,0,0,0,2.83314932028498e-07,2.83314932028498e-06,0,0,0,0,0,0,0,0,0,5.66629864056996e-07,2.83314932028498e-07,2.83314932028498e-06,1,1,5.66629864056996e-07,0,1,0,1,0,0,2.83314932028498e-07,5.94961357259846e-06,0,0,2.83314932028498e-07,5.66629864056996e-07,5.66629864056996e-07,5.66629864056996e-07,5.66629864056996e-07,0,1,2.83314932028498e-07,1.13325972811399e-06,0,0,0,0,0,0,2.83314932028498e-07,1,0,0,0,1,1.13325972811399e-06,0,8.49944796085494e-07,1,0,1.13325972811399e-06,1.13325972811399e-06,0,0,2.54983438825648e-06,5.66629864056996e-07,0,5.66629864056996e-07,0,2.83314932028498e-07,0,1.13325972811399e-06
"350","18","grassRedWet2_bin.5.orig",6.21163795923675e-07,2.07054598641225e-07,2.07054598641225e-07,2.07054598641225e-07,1,0,0,0,0,0,8.282183945649e-07,1.44938219048857e-06,2.07054598641225e-07,0,1,0,1,0,0,0,0,2.07054598641225e-07,2.07054598641225e-07,1.44938219048857e-06,0,1,2.07054598641225e-07,0,1,8.282183945649e-07,1,0,0,0,1.6564367891298e-06,1,1,0,0,6.21163795923675e-07,0,2.07054598641225e-07,8.282183945649e-07,0,2.07054598641225e-07,4.1410919728245e-07,0,0,0,0,2.07054598641225e-07,4.1410919728245e-07,2.07054598641225e-07,0,0,0,0,1,4.1410919728245e-07,0,1.6564367891298e-06,1,0,4.1410919728245e-07,4.1410919728245e-07,0,0,1.6564367891298e-06,8.282183945649e-07,0,0,0,2.07054598641225e-07,0,4.1410919728245e-07
"351","3","grassRedWet2_bin.6.orig",1.14117255480006e-06,7.60781703200038e-07,0,3.80390851600019e-07,1,0,0,0,0,0,7.60781703200038e-07,1.9019542580001e-06,0,0,1,0,1,0,0,0,0,7.60781703200038e-07,0,1.14117255480006e-06,0,1,3.80390851600019e-07,0,1,7.60781703200038e-07,1,0,0,0,1.52156340640008e-06,1,0,3.80390851600019e-07,3.80390851600019e-07,1.52156340640008e-06,0,3.80390851600019e-07,1.14117255480006e-06,0,3.80390851600019e-07,1.14117255480006e-06,0,1,0,0,3.80390851600019e-07,3.80390851600019e-07,3.80390851600019e-07,0,0,3.80390851600019e-07,0,1,1.14117255480006e-06,0,1.9019542580001e-06,1,0,3.80390851600019e-07,7.60781703200038e-07,0,0,2.66273596120013e-06,7.60781703200038e-07,0,0,3.80390851600019e-07,3.80390851600019e-07,3.80390851600019e-07,1.14117255480006e-06
"352","8","grassRedWet2_bin.7.strict",2.05695798951281e-07,2.05695798951281e-07,0,0,0,0,0,0,0,0,4.11391597902561e-07,1.0284789947564e-06,0,0,0,0,0,1,0,0,0,0,0,4.11391597902561e-07,0,1,0,1,0,8.22783195805122e-07,0,0,0,0,6.17087396853842e-07,0,0,0,4.11391597902561e-07,2.05695798951281e-07,0,0,8.22783195805122e-07,1,2.05695798951281e-07,4.11391597902561e-07,0,0,1,0,2.05695798951281e-07,4.11391597902561e-07,2.05695798951281e-07,0,0,0,0,1,4.11391597902561e-07,0,1.85126219056152e-06,1,0,4.11391597902561e-07,4.11391597902561e-07,0,0,6.17087396853842e-07,8.22783195805122e-07,0,0,0,0,0,2.05695798951281e-07
"353","15","grassRedWet2_bin.8.orig",0,5.00263889201554e-07,0,0,0,0,0,0,0,0,1.00052777840311e-06,2.00105555680622e-06,0,0,0,0,0,0,0,0,0,0,0,5.00263889201554e-07,0,1,5.00263889201554e-07,0,0,2.00105555680622e-06,0,0,0,0,1.50079166760466e-06,1,0,0,5.00263889201554e-07,1.00052777840311e-06,0,0,1.50079166760466e-06,1,0,1.50079166760466e-06,0,0,0,0,5.00263889201554e-07,1.00052777840311e-06,5.00263889201554e-07,0,0,0,0,1,1.50079166760466e-06,0,3.50184722441088e-06,1,0,5.00263889201554e-07,5.00263889201554e-07,0,0,5.00263889201554e-07,2.00105555680622e-06,0,0,0,0,0,0
"354","13","grassRedWet2_bin.9.orig",3.11931212928925e-07,6.2386242585785e-07,0,3.11931212928925e-07,1,0,0,3.11931212928925e-07,1,0,1.2477248517157e-06,1.87158727757355e-06,3.11931212928925e-07,0,1,0,0,1,0,0,1,6.2386242585785e-07,3.11931212928925e-07,2.18351849050247e-06,1,1,0,0,1,1.2477248517157e-06,1,0,0,0,1.55965606464462e-06,1,0,3.11931212928925e-07,3.11931212928925e-07,9.35793638786775e-07,0,3.11931212928925e-07,6.2386242585785e-07,0,3.11931212928925e-07,6.2386242585785e-07,0,0,0,1,3.11931212928925e-07,3.11931212928925e-07,0,0,1,0,0,1,6.2386242585785e-07,0,2.18351849050247e-06,1,0,3.11931212928925e-07,3.11931212928925e-07,0,0,1.2477248517157e-06,9.35793638786775e-07,0,0,0,3.11931212928925e-07,0,3.11931212928925e-07
"355","9","shrubAmbDry1_bin.1.orig",0,2.22395888700643e-07,2.22395888700643e-07,0,1,0,0,0,0,0,1.11197944350322e-06,2.22395888700643e-06,2.22395888700643e-07,0,1,0,1,0,0,1,1,4.44791777401286e-07,2.22395888700643e-07,1.5567712209045e-06,0,1,4.44791777401286e-07,0,1,4.44791777401286e-07,1,1,0,0,2.44635477570707e-06,1,0,0,4.44791777401286e-07,6.67187666101929e-07,0,6.67187666101929e-07,4.44791777401286e-07,0,4.44791777401286e-07,8.89583554802572e-07,0,0,1,0,2.22395888700643e-07,2.22395888700643e-07,2.22395888700643e-07,0,1,0,0,1,8.89583554802572e-07,0,8.89583554802572e-07,1,1,4.44791777401286e-07,4.44791777401286e-07,0,0,8.89583554802572e-07,4.44791777401286e-07,0,4.44791777401286e-07,0,2.22395888700643e-07,0,6.67187666101929e-07
"356","16","shrubAmbDry1_bin.10.orig",1.21312200101077e-06,2.42624400202155e-07,0,0,1,0,0,0,1,0,2.18361960181939e-06,2.6688684022237e-06,2.42624400202155e-07,2.42624400202155e-07,1,2.42624400202155e-07,1,1,0,1,1,2.42624400202155e-07,2.42624400202155e-07,2.42624400202155e-06,0,1,2.42624400202155e-07,0,0,4.85248800404309e-07,0,0,0,2.42624400202155e-07,4.85248800404309e-06,0,0,2.42624400202155e-07,2.42624400202155e-07,7.27873200606464e-07,4.85248800404309e-07,9.70497600808619e-07,4.85248800404309e-07,1,2.42624400202155e-07,2.42624400202155e-07,2.42624400202155e-07,1,0,0,1.21312200101077e-06,2.42624400202155e-07,0,0,1,0,4.85248800404309e-07,1,2.42624400202155e-07,1,1.45574640121293e-06,1,0,9.70497600808619e-07,4.85248800404309e-07,0,0,1.45574640121293e-06,7.27873200606464e-07,0,4.85248800404309e-07,2.42624400202155e-07,0,0,9.70497600808619e-07
"357","20","shrubAmbDry1_bin.11.orig",3.41523406135878e-07,3.41523406135878e-07,0,3.41523406135878e-07,0,0,0,0,0,0,1.36609362454351e-06,2.39066384295114e-06,3.41523406135878e-07,0,1,0,0,0,0,0,1,3.41523406135878e-07,3.41523406135878e-07,1.70761703067939e-06,0,1,0,0,1,6.83046812271756e-07,0,0,0,0,2.39066384295114e-06,0,0,0,0,1.36609362454351e-06,3.41523406135878e-07,1.70761703067939e-06,3.41523406135878e-07,0,0,3.41523406135878e-07,0,0,0,0,3.41523406135878e-07,0,3.41523406135878e-07,0,1,0,0,1,3.41523406135878e-07,1,1.70761703067939e-06,1,0,1.02457021840763e-06,6.83046812271756e-07,0,0,1.70761703067939e-06,6.83046812271756e-07,0,6.83046812271756e-07,0,0,0,3.41523406135878e-07
"358","41","shrubAmbDry1_bin.12.orig",0,0,0,0,1,0,5.17784338680665e-07,0,0,0,5.17784338680665e-07,2.58892169340332e-06,0,0,0,0,0,0,0,1,0,5.17784338680665e-07,0,0,0,1,1.03556867736133e-06,0,0,5.17784338680665e-07,0,0,0,5.17784338680665e-07,2.07113735472266e-06,0,0,5.17784338680665e-07,5.17784338680665e-07,5.17784338680665e-07,5.17784338680665e-07,1.55335301604199e-06,0,0,0,5.17784338680665e-07,0,0,1,0,0,5.17784338680665e-07,0,0,0,5.17784338680665e-07,0,1,5.17784338680665e-07,0,1.55335301604199e-06,1,0,0,0,0,0,1.03556867736133e-06,0,0,0,0,0,0,0
"359","42","shrubAmbDry1_bin.15.orig",2.11247470179515e-07,1.05623735089757e-07,1.05623735089757e-07,1.05623735089757e-07,1,0,2.11247470179515e-07,1.05623735089757e-07,0,0,4.2249494035903e-07,1.05623735089757e-06,1.05623735089757e-07,0,0,0,1,0,0,1,1,2.11247470179515e-07,1.05623735089757e-07,5.28118675448787e-07,1,1,1.05623735089757e-07,0,1,4.2249494035903e-07,1,0,1,1.05623735089757e-07,7.39366145628302e-07,0,0,1.05623735089757e-07,1.05623735089757e-07,4.2249494035903e-07,0,3.16871205269272e-07,5.28118675448787e-07,1,0,3.16871205269272e-07,1.05623735089757e-07,0,1,0,1.05623735089757e-07,2.11247470179515e-07,1.05623735089757e-07,1,1,1.05623735089757e-07,0,1,3.16871205269272e-07,0,1.26748482107709e-06,1,0,0,2.11247470179515e-07,0,0,7.39366145628302e-07,5.28118675448787e-07,0,1.05623735089757e-07,0,0,0,2.11247470179515e-07
"360","30","shrubAmbDry1_bin.16.orig",3.80125950932582e-07,0,1.90062975466291e-07,1.90062975466291e-07,0,0,0,0,1,0,9.50314877331455e-07,1.33044082826404e-06,1.90062975466291e-07,0,1,0,1,0,0,1,1,3.80125950932582e-07,1.90062975466291e-07,1.90062975466291e-06,1,1,1.90062975466291e-07,0,1,5.70188926398873e-07,1,0,1,0,2.0906927301292e-06,0,0,0,3.80125950932582e-07,5.70188926398873e-07,1.90062975466291e-07,9.50314877331455e-07,7.60251901865164e-07,1,1.90062975466291e-07,5.70188926398873e-07,0,0,0,0,1.90062975466291e-07,1.90062975466291e-07,1.90062975466291e-07,0,1,1.90062975466291e-07,1.90062975466291e-07,1,5.70188926398873e-07,0,1.52050380373033e-06,1,0,5.70188926398873e-07,7.60251901865164e-07,0,0,2.0906927301292e-06,5.70188926398873e-07,0,3.80125950932582e-07,0,1.90062975466291e-07,0,5.70188926398873e-07
"361","20","shrubAmbDry1_bin.17.orig",0,0,4.34052833779033e-07,0,0,0,0,0,0,0,0,3.9064755040113e-06,0,0,1,0,0,0,0,0,0,4.34052833779033e-07,4.34052833779033e-07,4.34052833779033e-07,1,1,0,0,1,8.68105667558067e-07,0,0,0,0,2.6043170026742e-06,0,0,0,0,1.3021585013371e-06,4.34052833779033e-07,4.34052833779033e-07,0,0,0,8.68105667558067e-07,0,0,1,0,4.34052833779033e-07,8.68105667558067e-07,4.34052833779033e-07,0,0,0,0,0,8.68105667558067e-07,0,8.68105667558067e-07,0,0,1.3021585013371e-06,0,0,0,3.03836983645323e-06,8.68105667558067e-07,0,8.68105667558067e-07,4.34052833779033e-07,4.34052833779033e-07,0,0
"362","1","shrubAmbDry1_bin.2.orig",0,1.49791909079906e-07,0,0,0,0,0,0,1,0,5.99167636319625e-07,5.99167636319625e-07,1.49791909079906e-07,0,0,0,1,1,0,1,1,2.99583818159812e-07,0,8.98751454479437e-07,0,0,0,0,0,5.99167636319625e-07,0,0,1,1.49791909079906e-07,4.49375727239719e-07,0,0,0,1.49791909079906e-07,5.99167636319625e-07,0,1.49791909079906e-07,7.48959545399531e-07,1,0,4.49375727239719e-07,0,0,0,0,1.49791909079906e-07,2.99583818159812e-07,1.49791909079906e-07,1,1,0,0,1,4.49375727239719e-07,0,1.49791909079906e-06,1,0,2.99583818159812e-07,0,1.49791909079906e-07,0,5.99167636319625e-07,5.99167636319625e-07,0,0,0,0,0,0
"363","30","shrubAmbDry1_bin.3.orig",4.88036040485518e-07,0,2.44018020242759e-07,2.44018020242759e-07,0,0,0,0,1,0,7.32054060728277e-07,7.32054060728277e-07,2.44018020242759e-07,0,1,0,1,0,0,1,1,2.44018020242759e-07,2.44018020242759e-07,1.70812614169931e-06,0,1,2.44018020242759e-07,0,1,4.88036040485518e-07,1,0,0,2.44018020242759e-07,1.95214416194207e-06,0,0,0,2.44018020242759e-07,7.32054060728277e-07,2.44018020242759e-07,9.76072080971036e-07,7.32054060728277e-07,0,2.44018020242759e-07,7.32054060728277e-07,0,0,0,0,2.44018020242759e-07,2.44018020242759e-07,2.44018020242759e-07,1,1,0,0,1,7.32054060728277e-07,0,1.70812614169931e-06,1,0,4.88036040485518e-07,7.32054060728277e-07,0,0,2.68419822267035e-06,4.88036040485518e-07,0,4.88036040485518e-07,0,0,0,7.32054060728277e-07
"364","3","shrubAmbDry1_bin.4.orig",4.45985174560827e-07,4.45985174560827e-07,0,4.45985174560827e-07,0,0,0,0,0,0,4.45985174560827e-07,2.67591104736496e-06,0,0,1,0,0,0,0,0,0,0,0,4.45985174560827e-07,0,1,4.45985174560827e-07,0,1,4.45985174560827e-07,0,0,1,0,1.33795552368248e-06,0,0,0,0,1.33795552368248e-06,0,1.33795552368248e-06,4.45985174560827e-07,0,4.45985174560827e-07,4.45985174560827e-07,0,0,0,0,0,4.45985174560827e-07,0,0,0,4.45985174560827e-07,0,1,4.45985174560827e-07,0,3.12189622192579e-06,1,0,4.45985174560827e-07,4.45985174560827e-07,0,0,1.33795552368248e-06,8.91970349121654e-07,0,0,0,0,0,0
"365","43","shrubAmbDry1_bin.5.orig",1.01416098335077e-06,5.07080491675386e-07,2.53540245837693e-07,0,1,0,2.53540245837693e-07,2.53540245837693e-07,1,0,2.28186221253924e-06,3.04248295005232e-06,2.53540245837693e-07,2.53540245837693e-07,0,2.53540245837693e-07,1,0,0,1,1,2.53540245837693e-07,5.07080491675386e-07,3.8031036875654e-06,0,1,1.26770122918847e-06,0,1,5.07080491675386e-07,0,0,0,2.53540245837693e-07,1.01416098335077e-05,1,0,2.53540245837693e-07,2.53540245837693e-07,1.01416098335077e-06,5.07080491675386e-07,1.52124147502616e-06,5.07080491675386e-07,1,7.6062073751308e-07,5.07080491675386e-07,2.53540245837693e-07,1,0,1,1.26770122918847e-06,2.53540245837693e-07,2.53540245837693e-07,0,1,0,7.6062073751308e-07,1,5.07080491675386e-07,1,1.52124147502616e-06,1,0,1.01416098335077e-06,1.01416098335077e-06,0,0,1.77478172086385e-06,7.6062073751308e-07,1,5.07080491675386e-07,2.53540245837693e-07,2.53540245837693e-07,0,1.26770122918847e-06
"366","12","shrubAmbDry1_bin.6.orig",2.23670863850427e-07,0,2.23670863850427e-07,0,1,0,2.23670863850427e-07,2.23670863850427e-07,0,0,1.11835431925213e-06,1.56569604695299e-06,2.23670863850427e-07,0,0,0,0,0,0,0,0,0,2.23670863850427e-07,1.34202518310256e-06,0,1,6.7101259155128e-07,0,1,8.94683455401707e-07,1,0,1,2.23670863850427e-07,2.4603795023547e-06,0,1,2.23670863850427e-07,2.23670863850427e-07,6.7101259155128e-07,0,8.94683455401707e-07,8.94683455401707e-07,1,0,2.23670863850427e-07,2.23670863850427e-07,0,1,0,0,4.47341727700854e-07,0,1,0,2.23670863850427e-07,0,1,2.23670863850427e-07,1,2.23670863850427e-06,1,0,0,4.47341727700854e-07,0,0,8.94683455401707e-07,6.7101259155128e-07,1,0,2.23670863850427e-07,0,0,4.47341727700854e-07
"367","36","shrubAmbDry1_bin.7.orig",2.93247478291622e-07,2.93247478291622e-07,0,2.93247478291622e-07,1,0,2.93247478291622e-07,2.93247478291622e-07,1,0,2.93247478291622e-07,2.6392273046246e-06,0,0,0,0,0,0,0,1,1,2.93247478291622e-07,5.86494956583245e-07,8.79742434874867e-07,0,1,8.79742434874867e-07,0,1,8.79742434874867e-07,0,0,0,2.93247478291622e-07,2.05273234804136e-06,0,1,2.93247478291622e-07,5.86494956583245e-07,8.79742434874867e-07,0,1.17298991316649e-06,8.79742434874867e-07,1,2.93247478291622e-07,2.93247478291622e-07,2.93247478291622e-07,0,0,0,2.93247478291622e-07,2.93247478291622e-07,0,0,1,2.93247478291622e-07,0,1,2.93247478291622e-07,0,2.34597982633298e-06,1,0,0,2.93247478291622e-07,0,0,1.75948486974973e-06,8.79742434874867e-07,0,2.93247478291622e-07,0,0,0,0
"368","41","shrubAmbDry1_bin.8.orig",5.49046005113815e-07,5.49046005113815e-07,5.49046005113815e-07,0,1,0,0,0,0,0,2.74523002556907e-06,1.64713801534144e-06,5.49046005113815e-07,0,1,0,0,0,0,1,0,1.09809201022763e-06,0,1.09809201022763e-06,0,1,5.49046005113815e-07,0,0,5.49046005113815e-07,1,0,0,0,1.64713801534144e-06,0,0,5.49046005113815e-07,0,1.09809201022763e-06,0,0,1.09809201022763e-06,0,0,5.49046005113815e-07,0,0,1,0,5.49046005113815e-07,5.49046005113815e-07,0,0,0,0,0,1,5.49046005113815e-07,0,1.64713801534144e-06,1,0,1.64713801534144e-06,1.09809201022763e-06,0,0,1.09809201022763e-06,1.09809201022763e-06,0,5.49046005113815e-07,0,0,0,5.49046005113815e-07
"369","6","shrubAmbDry1_bin.9.strict",9.01009671437813e-07,3.00336557145938e-07,0,0,1,0,3.00336557145938e-07,3.00336557145938e-07,1,0,2.70302901431344e-06,3.00336557145938e-06,3.00336557145938e-07,0,0,3.00336557145938e-07,1,1,0,1,1,6.00673114291875e-07,3.00336557145938e-07,1.80201934287563e-06,1,1,9.01009671437813e-07,0,1,6.00673114291875e-07,0,0,0,0,4.50504835718907e-06,1,0,3.00336557145938e-07,3.00336557145938e-07,6.00673114291875e-07,3.00336557145938e-07,1.20134622858375e-06,0,1,6.00673114291875e-07,3.00336557145938e-07,0,0,0,1,1.20134622858375e-06,3.00336557145938e-07,3.00336557145938e-07,0,1,0,9.01009671437813e-07,1,3.00336557145938e-07,1,1.80201934287563e-06,1,0,9.01009671437813e-07,6.00673114291875e-07,0,0,1.80201934287563e-06,9.01009671437813e-07,0,6.00673114291875e-07,3.00336557145938e-07,3.00336557145938e-07,0,9.01009671437813e-07
"370","41","shrubAmbDry2_bin.1.orig",4.05700744582577e-07,4.05700744582577e-07,0,4.05700744582577e-07,0,0,0,0,0,0,4.05700744582577e-07,2.83990521207804e-06,0,0,0,0,0,0,0,1,0,4.05700744582577e-07,0,2.43420446749546e-06,0,1,4.05700744582577e-07,0,0,8.11401489165153e-07,0,0,0,0,1.62280297833031e-06,0,0,0,4.05700744582577e-07,1.62280297833031e-06,4.05700744582577e-07,2.02850372291288e-06,4.05700744582577e-07,0,0,8.11401489165153e-07,4.05700744582577e-07,0,1,0,8.11401489165153e-07,4.05700744582577e-07,4.05700744582577e-07,0,0,0,0,1,8.11401489165153e-07,0,2.43420446749546e-06,1,0,0,4.05700744582577e-07,0,0,2.43420446749546e-06,8.11401489165153e-07,0,4.05700744582577e-07,4.05700744582577e-07,4.05700744582577e-07,0,4.05700744582577e-07
"371","20","shrubAmbDry2_bin.10.orig",0,3.30293750049544e-07,3.30293750049544e-07,3.30293750049544e-07,0,0,0,0,0,0,1.65146875024772e-06,2.9726437504459e-06,3.30293750049544e-07,0,1,0,0,0,0,0,0,6.60587500099088e-07,6.60587500099088e-07,1.98176250029726e-06,0,1,0,0,1,6.60587500099088e-07,1,0,0,0,2.9726437504459e-06,0,0,0,6.60587500099088e-07,1.32117500019818e-06,3.30293750049544e-07,1.65146875024772e-06,6.60587500099088e-07,0,0,9.90881250148632e-07,0,0,1,1,3.30293750049544e-07,0,3.30293750049544e-07,0,0,0,0,1,9.90881250148632e-07,1,2.31205625034681e-06,1,0,9.90881250148632e-07,6.60587500099088e-07,0,0,1.65146875024772e-06,6.60587500099088e-07,0,6.60587500099088e-07,0,0,0,3.30293750049544e-07
"372","19","shrubAmbDry2_bin.11.orig",3.79994505279454e-07,0,0,3.79994505279454e-07,1,0,0,0,0,0,7.59989010558907e-07,2.65996153695618e-06,0,0,0,0,1,0,0,0,0,0,0,3.79994505279454e-07,0,1,0,0,1,7.59989010558907e-07,1,0,0,3.79994505279454e-07,1.13998351583836e-06,0,0,3.79994505279454e-07,3.79994505279454e-07,7.59989010558907e-07,0,1.13998351583836e-06,7.59989010558907e-07,1,3.79994505279454e-07,3.79994505279454e-07,3.79994505279454e-07,0,0,0,3.79994505279454e-07,7.59989010558907e-07,0,0,0,0,0,1,3.79994505279454e-07,0,3.03995604223563e-06,1,0,0,0,0,0,1.89997252639727e-06,7.59989010558907e-07,0,0,0,0,0,3.79994505279454e-07
"373","21","shrubAmbDry2_bin.12.strict",0,2.2340527727946e-07,2.2340527727946e-07,0,0,0,0,0,0,0,4.4681055455892e-07,8.9362110911784e-07,2.2340527727946e-07,0,0,0,0,0,0,0,0,4.4681055455892e-07,0,6.7021583183838e-07,0,1,0,0,1,6.7021583183838e-07,0,0,0,2.2340527727946e-07,4.4681055455892e-07,0,0,0,4.4681055455892e-07,6.7021583183838e-07,0,0,8.9362110911784e-07,1,4.4681055455892e-07,4.4681055455892e-07,0,1,1,0,0,2.2340527727946e-07,2.2340527727946e-07,0,0,0,0,1,4.4681055455892e-07,0,2.2340527727946e-06,1,0,2.2340527727946e-07,2.2340527727946e-07,0,0,6.7021583183838e-07,8.9362110911784e-07,0,0,0,0,0,2.2340527727946e-07
"374","15","shrubAmbDry2_bin.13.orig",0,8.60840783192945e-07,0,0,0,0,0,0,0,0,8.60840783192945e-07,1.29126117478942e-06,0,0,0,4.30420391596472e-07,0,0,0,0,0,8.60840783192945e-07,0,1.29126117478942e-06,0,1,4.30420391596472e-07,0,0,1.72168156638589e-06,0,0,0,0,8.60840783192945e-07,0,0,0,4.30420391596472e-07,8.60840783192945e-07,0,0,1.72168156638589e-06,1,4.30420391596472e-07,1.29126117478942e-06,0,0,0,0,0,8.60840783192945e-07,4.30420391596472e-07,0,0,0,0,1,1.29126117478942e-06,0,4.30420391596472e-06,1,0,4.30420391596472e-07,0,0,0,8.60840783192945e-07,1.72168156638589e-06,0,0,0,0,0,0
"375","41","shrubAmbDry2_bin.14.orig",0,0,3.17887295602443e-07,3.17887295602443e-07,1,0,0,0,0,0,6.35774591204885e-07,1.58943647801221e-06,0,0,0,0,0,0,0,1,0,6.35774591204885e-07,0,6.35774591204885e-07,1,1,0,0,0,6.35774591204885e-07,0,0,0,0,1.58943647801221e-06,1,0,3.17887295602443e-07,3.17887295602443e-07,1.27154918240977e-06,0,6.35774591204885e-07,6.35774591204885e-07,0,3.17887295602443e-07,9.53661886807328e-07,0,0,1,0,0,3.17887295602443e-07,0,0,0,3.17887295602443e-07,0,1,9.53661886807328e-07,0,2.86098566042198e-06,1,0,3.17887295602443e-07,3.17887295602443e-07,0,0,3.17887295602443e-07,1.27154918240977e-06,0,0,0,0,0,0
"376","3","shrubAmbDry2_bin.15.orig",4.39989017874114e-07,0,0,0,0,0,0,0,0,0,1.31996705362234e-06,2.19994508937057e-06,0,0,1,0,1,0,0,0,0,4.39989017874114e-07,0,8.79978035748228e-07,0,1,0,0,1,4.39989017874114e-07,1,0,0,4.39989017874114e-07,2.19994508937057e-06,1,0,4.39989017874114e-07,4.39989017874114e-07,1.31996705362234e-06,0,8.79978035748228e-07,4.39989017874114e-07,0,8.79978035748228e-07,8.79978035748228e-07,0,0,0,0,0,4.39989017874114e-07,4.39989017874114e-07,0,0,0,0,1,8.79978035748228e-07,0,2.19994508937057e-06,1,0,1.31996705362234e-06,8.79978035748228e-07,0,0,1.75995607149646e-06,8.79978035748228e-07,0,0,0,4.39989017874114e-07,4.39989017874114e-07,4.39989017874114e-07
"377","13","shrubAmbDry2_bin.16.orig",0,7.07204575896488e-07,7.07204575896488e-07,7.07204575896488e-07,0,0,0,0,1,0,7.07204575896488e-07,2.82881830358595e-06,0,0,0,0,0,0,0,1,1,1.41440915179298e-06,7.07204575896488e-07,2.82881830358595e-06,0,1,0,0,0,2.12161372768946e-06,1,0,0,0,1.41440915179298e-06,0,0,7.07204575896488e-07,0,1.41440915179298e-06,0,7.07204575896488e-07,1.41440915179298e-06,0,0,7.07204575896488e-07,0,0,0,1,7.07204575896488e-07,7.07204575896488e-07,7.07204575896488e-07,0,1,0,0,1,7.07204575896488e-07,0,6.36484118306839e-06,1,0,1.41440915179298e-06,7.07204575896488e-07,0,0,1.41440915179298e-06,7.07204575896488e-07,0,0,0,7.07204575896488e-07,0,0
"378","17","shrubAmbDry2_bin.17.orig",0,9.47341995196976e-07,0,4.73670997598488e-07,0,0,0,0,0,0,1.42101299279546e-06,1.42101299279546e-06,4.73670997598488e-07,0,1,0,0,1,0,0,0,0,0,9.47341995196976e-07,0,0,4.73670997598488e-07,0,1,9.47341995196976e-07,0,0,0,0,1.89468399039395e-06,1,0,4.73670997598488e-07,0,4.73670997598488e-07,0,9.47341995196976e-07,1.89468399039395e-06,0,0,9.47341995196976e-07,0,0,0,0,0,9.47341995196976e-07,0,0,0,0,0,1,9.47341995196976e-07,0,3.7893679807879e-06,1,0,0,0,0,0,1.42101299279546e-06,1.42101299279546e-06,0,0,0,4.73670997598488e-07,0,0
"379","11","shrubAmbDry2_bin.2.orig",5.32550271414246e-07,0,0,5.32550271414246e-07,0,0,0,1.06510054282849e-06,0,0,5.32550271414246e-07,1.06510054282849e-06,0,0,0,5.32550271414246e-07,0,0,0,0,0,0,0,1.59765081424274e-06,0,1,0,0,0,1.06510054282849e-06,0,0,0,0,1.06510054282849e-06,0,0,0,5.32550271414246e-07,1.06510054282849e-06,0,1.59765081424274e-06,5.32550271414246e-07,0,0,0,5.32550271414246e-07,0,1,0,0,5.32550271414246e-07,0,0,0,0,0,1,0,0,3.19530162848547e-06,1,0,0,1.06510054282849e-06,0,0,3.72785189989972e-06,1.06510054282849e-06,0,0,0,0,0,1.06510054282849e-06
"380","24","shrubAmbDry2_bin.3.orig",1.783514511655e-07,0,1.783514511655e-07,1.783514511655e-07,1,0,1.783514511655e-07,0,1,0,3.56702902331e-07,1.426811609324e-06,0,0,0,0,1,0,0,1,1,3.56702902331e-07,1.783514511655e-07,8.917572558275e-07,1,1,0,0,1,5.350543534965e-07,1,0,0,1.783514511655e-07,1.426811609324e-06,1,0,0,3.56702902331e-07,5.350543534965e-07,0,5.350543534965e-07,7.13405804662e-07,1,0,1.783514511655e-07,1.783514511655e-07,0,0,0,0,1.783514511655e-07,1.783514511655e-07,1,1,1.783514511655e-07,0,1,1.783514511655e-07,0,1.426811609324e-06,1,0,0,1.783514511655e-07,0,0,8.917572558275e-07,7.13405804662e-07,0,1.783514511655e-07,0,0,0,1.783514511655e-07
"381","9","shrubAmbDry2_bin.4.orig",0,2.17932867523622e-07,2.17932867523622e-07,2.17932867523622e-07,0,0,0,0,0,0,6.53798602570867e-07,2.17932867523622e-06,0,0,1,0,1,0,0,1,1,4.35865735047245e-07,2.17932867523622e-07,1.52553007266536e-06,0,1,4.35865735047245e-07,0,1,4.35865735047245e-07,1,1,0,0,2.39726154275985e-06,1,0,0,4.35865735047245e-07,8.71731470094489e-07,0,6.53798602570867e-07,2.17932867523622e-07,0,4.35865735047245e-07,8.71731470094489e-07,0,0,0,1,4.35865735047245e-07,2.17932867523622e-07,2.17932867523622e-07,0,1,0,0,1,8.71731470094489e-07,0,1.08966433761811e-06,1,1,4.35865735047245e-07,4.35865735047245e-07,0,0,8.71731470094489e-07,4.35865735047245e-07,0,4.35865735047245e-07,0,2.17932867523622e-07,0,4.35865735047245e-07
"382","30","shrubAmbDry2_bin.5.orig",2.79945097167544e-07,2.79945097167544e-07,0,0,0,0,0,0,1,0,8.39835291502631e-07,1.9596156801728e-06,0,0,1,0,0,0,0,1,1,2.79945097167544e-07,0,5.59890194335087e-07,0,1,0,0,1,2.79945097167544e-07,0,0,0,2.79945097167544e-07,1.9596156801728e-06,0,0,0,2.79945097167544e-07,5.59890194335087e-07,2.79945097167544e-07,2.79945097167544e-07,0,0,0,8.39835291502631e-07,0,0,0,0,0,2.79945097167544e-07,2.79945097167544e-07,1,1,0,0,1,8.39835291502631e-07,0,2.79945097167544e-07,1,0,8.39835291502631e-07,2.79945097167544e-07,0,0,1.67967058300526e-06,5.59890194335087e-07,0,5.59890194335087e-07,2.79945097167544e-07,2.79945097167544e-07,0,2.79945097167544e-07
"383","42","shrubAmbDry2_bin.6.orig",2.15136116620986e-07,1.07568058310493e-07,1.07568058310493e-07,1.07568058310493e-07,1,0,2.15136116620986e-07,1.07568058310493e-07,0,0,4.30272233241972e-07,1.07568058310493e-06,1.07568058310493e-07,0,0,0,0,0,0,0,0,2.15136116620986e-07,1.07568058310493e-07,5.37840291552465e-07,1,1,2.15136116620986e-07,0,1,4.30272233241972e-07,1,0,1,1.07568058310493e-07,7.52976408173451e-07,0,0,1.07568058310493e-07,1.07568058310493e-07,3.22704174931479e-07,0,3.22704174931479e-07,6.45408349862958e-07,1,0,3.22704174931479e-07,1.07568058310493e-07,0,1,0,1.07568058310493e-07,2.15136116620986e-07,1.07568058310493e-07,1,0,1.07568058310493e-07,0,1,3.22704174931479e-07,0,1.29081669972592e-06,1,0,0,2.15136116620986e-07,0,0,7.52976408173451e-07,5.37840291552465e-07,0,1.07568058310493e-07,0,0,0,2.15136116620986e-07
"384","26","shrubAmbDry2_bin.7.orig",4.20427212908124e-07,0,4.20427212908124e-07,4.20427212908124e-07,0,0,0,0,0,0,8.40854425816249e-07,2.94299049035687e-06,0,0,0,4.20427212908124e-07,1,0,0,0,0,4.20427212908124e-07,4.20427212908124e-07,1.26128163872437e-06,0,1,0,0,0,1.26128163872437e-06,0,0,1,0,1.6817088516325e-06,1,0,4.20427212908124e-07,4.20427212908124e-07,1.26128163872437e-06,0,1.26128163872437e-06,1.26128163872437e-06,0,0,4.20427212908124e-07,4.20427212908124e-07,0,1,0,4.20427212908124e-07,4.20427212908124e-07,4.20427212908124e-07,1,0,4.20427212908124e-07,0,1,4.20427212908124e-07,0,2.94299049035687e-06,1,0,0,4.20427212908124e-07,0,0,2.52256327744875e-06,4.20427212908124e-07,0,0,4.20427212908124e-07,0,0,0
"385","8","shrubAmbDry2_bin.8.orig",3.93677693710093e-07,0,3.93677693710093e-07,0,0,0,0,0,0,0,1.18103308113028e-06,1.18103308113028e-06,3.93677693710093e-07,0,0,0,0,0,0,0,0,3.93677693710093e-07,0,1.57471077484037e-06,0,0,0,1,0,1.96838846855047e-06,0,0,0,0,1.18103308113028e-06,1,0,0,3.93677693710093e-07,0,0,0,1.96838846855047e-06,1,0,7.87355387420187e-07,0,0,1,0,3.93677693710093e-07,7.87355387420187e-07,3.93677693710093e-07,0,0,0,0,1,7.87355387420187e-07,0,3.54309924339084e-06,1,0,0,3.93677693710093e-07,0,0,7.87355387420187e-07,1.57471077484037e-06,0,0,0,0,0,0
"386","14","shrubAmbDry2_bin.9.orig",6.35160315522238e-07,4.23440210348159e-07,0,0,1,0,0,0,1,0,1.27032063104448e-06,2.75236136726303e-06,2.11720105174079e-07,2.11720105174079e-07,0,0,1,0,0,1,1,4.23440210348159e-07,4.23440210348159e-07,2.32892115691487e-06,1,1,6.35160315522238e-07,0,0,2.11720105174079e-07,0,0,0,2.11720105174079e-07,6.77504336557054e-06,0,1,2.11720105174079e-07,4.23440210348159e-07,8.46880420696318e-07,4.23440210348159e-07,6.35160315522238e-07,2.11720105174079e-07,1,2.11720105174079e-07,8.46880420696318e-07,0,0,1,1,2.11720105174079e-07,4.23440210348159e-07,2.11720105174079e-07,1,1,0,2.11720105174079e-07,1,8.46880420696318e-07,0,1.0586005258704e-06,1,0,6.35160315522238e-07,8.46880420696318e-07,0,0,1.90548094656671e-06,4.23440210348159e-07,0,4.23440210348159e-07,0,2.11720105174079e-07,0,1.0586005258704e-06
"387","15","shrubAmbWet1_bin.1.strict",0,1.23213101988413e-06,6.16065509942065e-07,0,0,0,0,0,0,0,0,2.46426203976826e-06,0,0,0,0,0,0,0,0,0,1.23213101988413e-06,0,6.16065509942065e-07,0,0,0,0,0,0,0,0,0,0,3.69639305965239e-06,1,0,0,0,3.08032754971033e-06,0,0,6.16065509942065e-07,0,6.16065509942065e-07,6.16065509942065e-07,0,0,0,0,6.16065509942065e-07,0,0,0,0,0,0,1,6.16065509942065e-07,0,6.16065509942065e-07,1,0,6.16065509942065e-07,1.23213101988413e-06,0,0,1.23213101988413e-06,1.23213101988413e-06,0,0,0,0,6.16065509942065e-07,6.16065509942065e-07
"388","9","shrubAmbWet1_bin.10.orig",0,2.02498015519448e-07,2.02498015519448e-07,2.02498015519448e-07,1,0,0,0,0,0,1.21498809311669e-06,2.02498015519448e-06,2.02498015519448e-07,0,1,0,1,0,0,1,1,4.04996031038896e-07,2.02498015519448e-07,1.61998412415558e-06,0,1,4.04996031038896e-07,0,1,4.04996031038896e-07,1,1,0,0,2.22747817071393e-06,1,0,0,4.04996031038896e-07,8.09992062077792e-07,2.02498015519448e-07,6.07494046558344e-07,4.04996031038896e-07,0,4.04996031038896e-07,8.09992062077792e-07,0,0,1,1,4.04996031038896e-07,2.02498015519448e-07,2.02498015519448e-07,0,1,0,0,1,8.09992062077792e-07,0,1.01249007759724e-06,1,1,4.04996031038896e-07,4.04996031038896e-07,0,0,8.09992062077792e-07,4.04996031038896e-07,0,4.04996031038896e-07,0,2.02498015519448e-07,0,6.07494046558344e-07
"389","33","shrubAmbWet1_bin.11.orig",5.21854210632884e-07,2.60927105316442e-07,2.60927105316442e-07,2.60927105316442e-07,0,0,0,0,0,0,1.30463552658221e-06,1.56556263189865e-06,2.60927105316442e-07,0,1,2.60927105316442e-07,0,0,0,0,0,2.60927105316442e-07,2.60927105316442e-07,1.30463552658221e-06,0,1,2.60927105316442e-07,0,1,5.21854210632884e-07,1,0,0,0,2.08741684253154e-06,1,0,0,5.21854210632884e-07,2.60927105316442e-07,2.60927105316442e-07,1.04370842126577e-06,0,0,0,7.82781315949326e-07,0,0,0,0,0,2.60927105316442e-07,2.60927105316442e-07,1,0,0,0,1,7.82781315949326e-07,0,1.30463552658221e-06,1,0,1.04370842126577e-06,2.60927105316442e-07,0,0,1.56556263189865e-06,5.21854210632884e-07,0,5.21854210632884e-07,2.60927105316442e-07,2.60927105316442e-07,0,2.60927105316442e-07
"390","8","shrubAmbWet1_bin.12.strict",0,2.61525357106337e-07,2.61525357106337e-07,0,1,0,0,0,0,0,5.23050714212674e-07,1.04610142842535e-06,0,0,0,0,0,0,0,0,0,5.23050714212674e-07,0,1.04610142842535e-06,0,1,2.61525357106337e-07,0,0,1.30762678553168e-06,0,0,0,0,7.84576071319011e-07,1,0,0,2.61525357106337e-07,7.84576071319011e-07,0,0,1.56915214263802e-06,1,2.61525357106337e-07,5.23050714212674e-07,0,0,1,0,2.61525357106337e-07,5.23050714212674e-07,2.61525357106337e-07,0,0,0,0,1,5.23050714212674e-07,0,2.87677892816971e-06,1,0,5.23050714212674e-07,2.61525357106337e-07,0,0,7.84576071319011e-07,1.04610142842535e-06,0,0,0,0,0,0
"391","19","shrubAmbWet1_bin.13.orig",0,0,0,4.50480279550042e-07,1,0,0,0,0,0,4.50480279550042e-07,4.05432251595038e-06,0,0,0,4.50480279550042e-07,1,0,0,0,0,0,4.50480279550042e-07,4.50480279550042e-07,0,1,0,0,1,9.00960559100085e-07,0,0,1,4.50480279550042e-07,1.35144083865013e-06,1,0,4.50480279550042e-07,0,0,0,1.35144083865013e-06,9.00960559100085e-07,0,0,4.50480279550042e-07,0,0,0,0,0,4.50480279550042e-07,0,0,0,0,0,1,4.50480279550042e-07,0,2.25240139775021e-06,1,0,0,4.50480279550042e-07,0,0,1.80192111820017e-06,9.00960559100085e-07,0,0,4.50480279550042e-07,0,0,0
"392","20","shrubAmbWet1_bin.14.orig",0,0,3.97953088494022e-07,3.97953088494022e-07,1,0,0,0,0,0,1.19385926548207e-06,2.38771853096413e-06,3.97953088494022e-07,0,1,0,0,0,0,1,0,3.97953088494022e-07,0,3.97953088494022e-07,0,1,0,0,1,0,1,0,0,0,2.78567161945815e-06,0,0,0,3.97953088494022e-07,1.19385926548207e-06,3.97953088494022e-07,3.97953088494022e-07,0,0,0,7.95906176988044e-07,0,0,0,0,0,0,3.97953088494022e-07,1,0,0,0,1,7.95906176988044e-07,0,3.97953088494022e-07,1,0,7.95906176988044e-07,7.95906176988044e-07,0,0,2.78567161945815e-06,7.95906176988044e-07,0,3.97953088494022e-07,3.97953088494022e-07,0,0,3.97953088494022e-07
"393","11","shrubAmbWet1_bin.15.orig",7.77661517380929e-07,0,3.88830758690465e-07,3.88830758690465e-07,0,0,0,0,0,0,7.77661517380929e-07,2.72181531083325e-06,0,0,0,0,0,0,0,0,0,3.88830758690465e-07,7.77661517380929e-07,7.77661517380929e-07,0,1,0,0,0,7.77661517380929e-07,0,0,1,3.88830758690465e-07,1.94415379345232e-06,1,0,3.88830758690465e-07,0,7.77661517380929e-07,0,3.88830758690465e-07,1.16649227607139e-06,1,0,0,3.88830758690465e-07,0,1,0,3.88830758690465e-07,3.88830758690465e-07,3.88830758690465e-07,0,0,3.88830758690465e-07,0,1,0,0,2.72181531083325e-06,1,0,0,7.77661517380929e-07,0,0,7.77661517380929e-07,1.16649227607139e-06,0,0,0,0,0,3.88830758690465e-07
"394","41","shrubAmbWet1_bin.16.orig",0,0,0,2.7773565453684e-07,1,0,0,0,0,0,1.3886782726842e-06,1.66641392722104e-06,2.7773565453684e-07,0,1,0,1,0,0,1,0,0,2.7773565453684e-07,1.11094261814736e-06,0,1,0,0,0,2.7773565453684e-07,1,0,0,0,1.94414958175788e-06,0,0,0,2.7773565453684e-07,2.7773565453684e-07,2.7773565453684e-07,8.33206963610519e-07,2.7773565453684e-07,0,0,8.33206963610519e-07,0,0,1,0,2.7773565453684e-07,2.7773565453684e-07,0,0,0,2.7773565453684e-07,2.7773565453684e-07,1,8.33206963610519e-07,0,8.33206963610519e-07,1,0,5.55471309073679e-07,2.7773565453684e-07,0,0,8.33206963610519e-07,5.55471309073679e-07,0,2.7773565453684e-07,0,0,0,0
"395","8","shrubAmbWet1_bin.17.orig",2.66419784333185e-07,0,2.66419784333185e-07,0,1,0,0,0,0,0,5.32839568666369e-07,1.06567913733274e-06,0,0,0,0,0,1,1,0,0,5.32839568666369e-07,0,5.32839568666369e-07,0,1,2.66419784333185e-07,1,0,7.99259352999554e-07,0,0,0,0,1.06567913733274e-06,0,0,0,2.66419784333185e-07,1.06567913733274e-06,0,0,1.33209892166592e-06,1,0,7.99259352999554e-07,0,0,1,0,2.66419784333185e-07,2.66419784333185e-07,2.66419784333185e-07,0,0,0,0,1,7.99259352999554e-07,0,2.39777805899866e-06,1,0,5.32839568666369e-07,2.66419784333185e-07,0,0,7.99259352999554e-07,1.06567913733274e-06,0,0,0,0,0,0
"396","8","shrubAmbWet1_bin.18.orig",0,0,0,0,1,0,0,0,0,0,4.66630984950684e-07,1.39989295485205e-06,0,0,0,0,1,0,0,1,0,4.66630984950684e-07,0,4.66630984950684e-07,0,1,0,0,0,4.66630984950684e-07,0,0,1,0,0,1,0,0,9.33261969901368e-07,9.33261969901368e-07,0,0,1.39989295485205e-06,0,0,9.33261969901368e-07,0,0,1,0,0,9.33261969901368e-07,0,0,0,4.66630984950684e-07,0,0,9.33261969901368e-07,0,3.73304787960547e-06,1,0,4.66630984950684e-07,4.66630984950684e-07,0,0,0,9.33261969901368e-07,0,0,0,0,0,0
"397","12","shrubAmbWet1_bin.19.orig",2.25692062139344e-07,0,0,2.25692062139344e-07,1,0,2.25692062139344e-07,2.25692062139344e-07,1,0,1.12846031069672e-06,2.0312285592541e-06,2.25692062139344e-07,0,0,0,0,0,0,0,1,2.25692062139344e-07,2.25692062139344e-07,1.35415237283606e-06,0,1,6.77076186418032e-07,0,1,9.02768248557376e-07,0,0,0,2.25692062139344e-07,2.25692062139344e-06,1,1,2.25692062139344e-07,2.25692062139344e-07,9.02768248557376e-07,0,9.02768248557376e-07,9.02768248557376e-07,1,2.25692062139344e-07,2.25692062139344e-07,2.25692062139344e-07,0,1,0,2.25692062139344e-07,4.51384124278688e-07,2.25692062139344e-07,1,1,2.25692062139344e-07,0,1,2.25692062139344e-07,1,1.80553649711475e-06,1,0,0,4.51384124278688e-07,0,0,1.80553649711475e-06,6.77076186418032e-07,0,0,2.25692062139344e-07,0,0,4.51384124278688e-07
"398","42","shrubAmbWet1_bin.2.orig",2.56251479051506e-07,0,1.28125739525753e-07,1.28125739525753e-07,1,0,2.56251479051506e-07,1.28125739525753e-07,0,0,5.12502958103011e-07,1.02500591620602e-06,1.28125739525753e-07,0,0,0,0,0,0,1,0,2.56251479051506e-07,1.28125739525753e-07,6.40628697628764e-07,1,1,1.28125739525753e-07,0,1,5.12502958103011e-07,1,0,1,1.28125739525753e-07,8.9688017668027e-07,0,0,1.28125739525753e-07,1.28125739525753e-07,5.12502958103011e-07,0,3.84377218577258e-07,6.40628697628764e-07,1,0,3.84377218577258e-07,1.28125739525753e-07,0,1,0,1.28125739525753e-07,2.56251479051506e-07,1.28125739525753e-07,1,0,1.28125739525753e-07,0,1,3.84377218577258e-07,0,1.28125739525753e-06,1,0,0,2.56251479051506e-07,0,0,8.9688017668027e-07,6.40628697628764e-07,0,1.28125739525753e-07,0,0,0,1.28125739525753e-07
"399","6","shrubAmbWet1_bin.20.strict",4.89259649851546e-07,4.89259649851546e-07,2.44629824925773e-07,0,1,0,2.44629824925773e-07,2.44629824925773e-07,0,0,2.6909280741835e-06,2.93555789910928e-06,2.44629824925773e-07,2.44629824925773e-07,0,2.44629824925773e-07,1,1,0,1,0,4.89259649851546e-07,4.89259649851546e-07,3.6694473738866e-06,0,1,9.78519299703093e-07,0,1,4.89259649851546e-07,0,0,1,2.44629824925773e-07,9.05130352225361e-06,1,0,0,2.44629824925773e-07,1.22314912462887e-06,4.89259649851546e-07,1.22314912462887e-06,2.44629824925773e-07,1,7.3388947477732e-07,2.44629824925773e-07,2.44629824925773e-07,0,0,1,9.78519299703093e-07,2.44629824925773e-07,2.44629824925773e-07,1,0,0,7.3388947477732e-07,1,2.44629824925773e-07,1,1.46777894955464e-06,1,0,9.78519299703093e-07,9.78519299703093e-07,0,0,1.46777894955464e-06,7.3388947477732e-07,1,4.89259649851546e-07,2.44629824925773e-07,2.44629824925773e-07,0,1.22314912462887e-06
"400","20","shrubAmbWet1_bin.21.orig",0,3.40270889655255e-07,0,0,0,0,0,0,0,0,1.70135444827627e-06,2.38189622758678e-06,3.40270889655255e-07,0,1,0,0,0,0,0,0,3.40270889655255e-07,3.40270889655255e-07,1.70135444827627e-06,0,1,3.40270889655255e-07,0,1,3.40270889655255e-07,0,0,0,0,2.38189622758678e-06,1,0,0,0,1.02081266896576e-06,3.40270889655255e-07,3.40270889655255e-07,0,0,0,1.02081266896576e-06,0,0,0,0,0,3.40270889655255e-07,3.40270889655255e-07,0,0,0,0,1,1.02081266896576e-06,0,2.04162533793153e-06,1,0,1.02081266896576e-06,0,0,0,2.04162533793153e-06,6.80541779310509e-07,0,6.80541779310509e-07,0,0,0,0
"401","3","shrubAmbWet1_bin.22.orig",5.68283528017799e-07,5.68283528017799e-07,0,0,0,0,0,0,0,0,1.1365670560356e-06,1.7048505840534e-06,0,0,1,0,0,0,0,0,0,5.68283528017799e-07,0,1.1365670560356e-06,0,1,0,0,1,5.68283528017799e-07,1,0,0,0,2.84141764008899e-06,0,0,5.68283528017799e-07,5.68283528017799e-07,0,0,5.68283528017799e-07,1.1365670560356e-06,0,5.68283528017799e-07,5.68283528017799e-07,0,0,0,0,0,5.68283528017799e-07,5.68283528017799e-07,0,0,0,0,1,5.68283528017799e-07,0,2.84141764008899e-06,1,0,1.7048505840534e-06,1.1365670560356e-06,0,0,2.27313411207119e-06,1.7048505840534e-06,0,0,0,5.68283528017799e-07,5.68283528017799e-07,5.68283528017799e-07
"402","30","shrubAmbWet1_bin.3.orig",2.04385165479427e-07,2.04385165479427e-07,2.04385165479427e-07,2.04385165479427e-07,0,0,0,0,1,0,4.08770330958855e-07,1.83946648931485e-06,0,0,1,0,0,0,0,1,1,4.08770330958855e-07,0,1.43069615835599e-06,0,1,2.04385165479427e-07,0,1,1.02192582739714e-06,0,0,1,2.04385165479427e-07,1.63508132383542e-06,0,0,0,4.08770330958855e-07,4.08770330958855e-07,2.04385165479427e-07,6.13155496438282e-07,1.22631099287656e-06,0,2.04385165479427e-07,6.13155496438282e-07,2.04385165479427e-07,0,0,0,2.04385165479427e-07,4.08770330958855e-07,0,1,1,2.04385165479427e-07,2.04385165479427e-07,1,6.13155496438282e-07,0,2.2482368202737e-06,1,0,6.13155496438282e-07,4.08770330958855e-07,0,0,1.22631099287656e-06,8.17540661917709e-07,0,4.08770330958855e-07,0,2.04385165479427e-07,0,2.04385165479427e-07
"403","15","shrubAmbWet1_bin.4.permissive",0,7.17847004550073e-07,3.58923502275037e-07,0,0,0,0,0,0,0,0,1.43569400910015e-06,0,0,0,0,0,0,0,0,0,7.17847004550073e-07,0,1.43569400910015e-06,0,0,0,0,0,3.58923502275037e-07,1,0,0,0,1.79461751137518e-06,1,0,0,7.17847004550073e-07,0,0,0,3.58923502275037e-07,1,0,3.58923502275037e-07,0,0,0,0,3.58923502275037e-07,3.58923502275037e-07,3.58923502275037e-07,0,0,0,0,1,3.58923502275037e-07,0,2.87138801820029e-06,1,0,7.17847004550073e-07,7.17847004550073e-07,0,0,1.43569400910015e-06,1.07677050682511e-06,0,0,0,0,0,3.58923502275037e-07
"404","34","shrubAmbWet1_bin.5.orig",5.21788586918238e-07,5.21788586918238e-07,2.60894293459119e-07,2.60894293459119e-07,1,0,0,0,0,0,1.04357717383648e-06,1.56536576075472e-06,2.60894293459119e-07,0,1,0,1,0,0,0,0,5.21788586918238e-07,5.21788586918238e-07,2.08715434767295e-06,1,1,0,0,0,2.60894293459119e-07,1,0,0,0,1.82626005421383e-06,0,0,0,2.60894293459119e-07,1.3044714672956e-06,0,5.21788586918238e-07,7.82682880377358e-07,1,2.60894293459119e-07,5.21788586918238e-07,0,0,1,1,2.60894293459119e-07,2.60894293459119e-07,2.60894293459119e-07,0,0,2.60894293459119e-07,2.60894293459119e-07,1,5.21788586918238e-07,0,2.08715434767295e-06,1,0,7.82682880377358e-07,5.21788586918238e-07,0,0,1.04357717383648e-06,7.82682880377358e-07,0,0,0,0,0,2.60894293459119e-07
"405","16","shrubAmbWet1_bin.6.strict",1.16314009053107e-06,0,3.87713363510357e-07,0,1,0,3.87713363510357e-07,3.87713363510357e-07,1,0,1.55085345404143e-06,3.10170690808285e-06,0,0,0,0,0,1,0,0,1,3.87713363510357e-07,7.75426727020714e-07,3.48942027159321e-06,0,1,1.55085345404143e-06,0,0,7.75426727020714e-07,0,0,0,3.87713363510357e-07,8.91740736073821e-06,0,0,3.87713363510357e-07,3.87713363510357e-07,1.16314009053107e-06,7.75426727020714e-07,1.16314009053107e-06,3.87713363510357e-07,0,3.87713363510357e-07,7.75426727020714e-07,3.87713363510357e-07,0,0,0,1.55085345404143e-06,3.87713363510357e-07,3.87713363510357e-07,0,1,0,3.87713363510357e-07,1,7.75426727020714e-07,1,2.32628018106214e-06,1,0,7.75426727020714e-07,1.16314009053107e-06,0,0,2.32628018106214e-06,1.55085345404143e-06,0,7.75426727020714e-07,0,3.87713363510357e-07,0,7.75426727020714e-07
"406","11","shrubAmbWet1_bin.7.orig",8.99640188906447e-07,4.49820094453223e-07,4.49820094453223e-07,0,0,0,0,0,0,0,8.99640188906447e-07,2.24910047226612e-06,0,0,0,0,1,0,0,0,0,4.49820094453223e-07,4.49820094453223e-07,1.34946028335967e-06,0,1,0,0,0,4.49820094453223e-07,1,0,0,4.49820094453223e-07,8.99640188906447e-07,1,0,4.49820094453223e-07,0,1.34946028335967e-06,0,4.49820094453223e-07,0,1,0,0,0,0,1,0,0,4.49820094453223e-07,4.49820094453223e-07,0,0,0,0,0,0,0,3.59856075562579e-06,1,0,0,4.49820094453223e-07,0,0,2.69892056671934e-06,4.49820094453223e-07,0,4.49820094453223e-07,0,0,0,0
"407","3","shrubAmbWet1_bin.8.orig",5.39558835114057e-07,1.79852945038019e-07,1.79852945038019e-07,1.79852945038019e-07,0,0,0,0,0,0,8.99264725190096e-07,1.25897061526613e-06,1.79852945038019e-07,0,1,0,1,0,0,1,0,3.59705890076038e-07,1.79852945038019e-07,1.61867650534217e-06,1,1,1.79852945038019e-07,0,0,5.39558835114057e-07,1,0,1,0,1.79852945038019e-06,0,0,0,1.79852945038019e-07,7.19411780152076e-07,1.79852945038019e-07,3.59705890076038e-07,8.99264725190096e-07,1,0,5.39558835114057e-07,1.79852945038019e-07,0,0,0,1.79852945038019e-07,1.79852945038019e-07,1.79852945038019e-07,0,0,1.79852945038019e-07,3.59705890076038e-07,1,5.39558835114057e-07,0,1.43882356030415e-06,1,0,5.39558835114057e-07,7.19411780152076e-07,0,0,2.15823534045623e-06,5.39558835114057e-07,0,1.79852945038019e-07,0,1.79852945038019e-07,0,5.39558835114057e-07
"408","8","shrubAmbWet1_bin.9.strict",0,3.84271535489494e-07,1.92135767744747e-07,0,0,0,0,0,0,0,7.68543070978987e-07,7.68543070978987e-07,1.92135767744747e-07,0,0,0,1,1,1,0,0,3.84271535489494e-07,0,5.76407303234241e-07,0,0,1.92135767744747e-07,0,0,3.84271535489494e-07,0,0,0,0,7.68543070978987e-07,1,0,0,3.84271535489494e-07,9.60678838723734e-07,1.92135767744747e-07,0,9.60678838723734e-07,1,1.92135767744747e-07,3.84271535489494e-07,0,0,1,0,1.92135767744747e-07,1.92135767744747e-07,1.92135767744747e-07,0,0,0,0,1,3.84271535489494e-07,0,1.72922190970272e-06,1,0,3.84271535489494e-07,1.92135767744747e-07,0,0,5.76407303234241e-07,9.60678838723734e-07,0,0,0,0,0,0
"409","2","shrubAmbWet2_bin.1.orig",0,2.15117882448403e-07,2.15117882448403e-07,2.15117882448403e-07,1,0,0,0,0,0,1.29070729469042e-06,2.15117882448403e-06,2.15117882448403e-07,0,1,0,0,0,0,0,1,4.30235764896806e-07,4.30235764896806e-07,1.07558941224201e-06,0,1,2.15117882448403e-07,0,1,6.45353647345209e-07,1,0,0,0,2.58141458938083e-06,1,0,0,4.30235764896806e-07,1.07558941224201e-06,2.15117882448403e-07,1.07558941224201e-06,6.45353647345209e-07,0,0,6.45353647345209e-07,2.15117882448403e-07,0,1,0,0,2.15117882448403e-07,2.15117882448403e-07,0,1,0,0,1,6.45353647345209e-07,1,1.50582517713882e-06,1,0,6.45353647345209e-07,4.30235764896806e-07,0,0,1.07558941224201e-06,4.30235764896806e-07,0,4.30235764896806e-07,0,0,0,2.15117882448403e-07
"410","28","shrubAmbWet2_bin.10.strict",2.15858334765194e-07,4.31716669530387e-07,2.15858334765194e-07,0,0,0,0,0,0,0,8.63433339060774e-07,8.63433339060774e-07,2.15858334765194e-07,0,0,0,1,0,0,0,0,4.31716669530387e-07,0,4.31716669530387e-07,1,1,0,0,0,1.07929167382597e-06,0,0,1,0,1.29515000859116e-06,1,0,0,4.31716669530387e-07,8.63433339060774e-07,0,0,1.07929167382597e-06,1,0,4.31716669530387e-07,0,0,0,0,2.15858334765194e-07,4.31716669530387e-07,2.15858334765194e-07,0,0,0,0,1,4.31716669530387e-07,0,1.94272501288674e-06,1,0,2.15858334765194e-07,4.31716669530387e-07,2.15858334765194e-07,0,6.47575004295581e-07,8.63433339060774e-07,0,0,0,0,0,2.15858334765194e-07
"411","24","shrubAmbWet2_bin.11.orig",2.16016220225944e-07,0,2.16016220225944e-07,2.16016220225944e-07,1,0,0,0,1,0,2.16016220225944e-07,1.51211354158161e-06,0,0,0,0,0,0,0,0,1,2.16016220225944e-07,2.16016220225944e-07,8.64064880903777e-07,1,1,0,0,1,6.48048660677833e-07,1,0,0,2.16016220225944e-07,1.72812976180755e-06,1,0,0,2.16016220225944e-07,1.08008110112972e-06,0,6.48048660677833e-07,6.48048660677833e-07,1,0,2.16016220225944e-07,2.16016220225944e-07,0,1,0,2.16016220225944e-07,2.16016220225944e-07,2.16016220225944e-07,1,1,2.16016220225944e-07,0,1,2.16016220225944e-07,0,1.72812976180755e-06,1,0,0,4.32032440451889e-07,0,0,1.08008110112972e-06,6.48048660677833e-07,0,2.16016220225944e-07,0,0,0,2.16016220225944e-07
"412","41","shrubAmbWet2_bin.12.orig",0,3.60982420878068e-07,3.60982420878068e-07,0,1,0,0,0,0,0,7.21964841756136e-07,2.52687694614648e-06,0,0,1,0,0,0,0,1,0,7.21964841756136e-07,7.21964841756136e-07,2.52687694614648e-06,0,1,0,0,0,7.21964841756136e-07,0,0,0,0,2.52687694614648e-06,1,0,0,0,1.0829472626342e-06,3.60982420878068e-07,1.80491210439034e-06,3.60982420878068e-07,1,0,1.0829472626342e-06,0,0,1,0,3.60982420878068e-07,3.60982420878068e-07,3.60982420878068e-07,1,0,0,0,1,1.0829472626342e-06,0,1.80491210439034e-06,1,0,0,1.0829472626342e-06,0,0,1.44392968351227e-06,7.21964841756136e-07,0,7.21964841756136e-07,0,3.60982420878068e-07,0,3.60982420878068e-07
"413","36","shrubAmbWet2_bin.13.orig",1.2387449185135e-07,1.2387449185135e-07,0,1.2387449185135e-07,1,0,1.2387449185135e-07,0,1,0,2.477489837027e-07,1.11487042666215e-06,0,0,0,0,0,0,0,1,1,1.2387449185135e-07,2.477489837027e-07,7.43246951108101e-07,0,1,2.477489837027e-07,0,1,3.7162347555405e-07,1,0,1,1.2387449185135e-07,8.67121442959451e-07,0,0,1.2387449185135e-07,1.2387449185135e-07,3.7162347555405e-07,0,1.2387449185135e-07,6.19372459256751e-07,1,0,1.2387449185135e-07,1.2387449185135e-07,0,1,0,0,2.477489837027e-07,1.2387449185135e-07,0,1,1.2387449185135e-07,0,0,1.2387449185135e-07,0,1.2387449185135e-06,1,0,0,2.477489837027e-07,0,0,6.19372459256751e-07,6.19372459256751e-07,0,0,0,0,0,1.2387449185135e-07
"414","19","shrubAmbWet2_bin.14.orig",3.66859120961523e-07,0,0,3.66859120961523e-07,1,0,0,3.66859120961523e-07,0,0,3.66859120961523e-07,2.56801384673066e-06,0,0,0,3.66859120961523e-07,0,0,0,0,0,0,3.66859120961523e-07,7.33718241923046e-07,0,1,0,0,1,1.10057736288457e-06,1,0,0,3.66859120961523e-07,1.46743648384609e-06,0,0,3.66859120961523e-07,0,7.33718241923046e-07,0,1.10057736288457e-06,1.46743648384609e-06,0,0,3.66859120961523e-07,0,0,0,0,3.66859120961523e-07,7.33718241923046e-07,3.66859120961523e-07,0,0,0,0,1,3.66859120961523e-07,0,2.20115472576914e-06,1,0,0,3.66859120961523e-07,0,0,1.83429560480762e-06,7.33718241923046e-07,0,0,0,0,0,3.66859120961523e-07
"415","20","shrubAmbWet2_bin.15.orig",0,0,4.40238503611717e-07,4.40238503611717e-07,1,0,0,0,0,0,8.80477007223433e-07,3.96214653250545e-06,0,0,1,0,0,0,0,1,0,4.40238503611717e-07,4.40238503611717e-07,2.20119251805858e-06,1,1,4.40238503611717e-07,0,1,4.40238503611717e-07,0,0,0,0,3.08166952528202e-06,0,0,0,0,8.80477007223433e-07,8.80477007223433e-07,1.32071551083515e-06,0,0,0,1.32071551083515e-06,0,0,0,0,0,4.40238503611717e-07,4.40238503611717e-07,0,0,0,0,1,1.32071551083515e-06,0,1.32071551083515e-06,0,0,4.40238503611717e-07,4.40238503611717e-07,0,0,8.80477007223433e-07,8.80477007223433e-07,0,8.80477007223433e-07,0,4.40238503611717e-07,0,4.40238503611717e-07
"416","35","shrubAmbWet2_bin.16.orig",0,0,0,3.90436949703522e-07,1,0,0,0,0,0,3.90436949703522e-07,1.56174779881409e-06,0,0,0,0,0,0,1,0,1,7.80873899407043e-07,0,7.80873899407043e-07,0,0,0,0,0,3.90436949703522e-07,0,0,1,0,1.56174779881409e-06,1,0,0,0,0,0,7.80873899407043e-07,3.90436949703522e-07,0,3.90436949703522e-07,1.17131084911057e-06,0,0,1,0,0,3.90436949703522e-07,3.90436949703522e-07,0,1,3.90436949703522e-07,0,1,1.17131084911057e-06,0,2.34262169822113e-06,1,0,0,0,0,0,3.90436949703522e-07,1.95218474851761e-06,0,0,0,0,0,0
"417","35","shrubAmbWet2_bin.17.strict",2.34086999838012e-07,2.34086999838012e-07,2.34086999838012e-07,2.34086999838012e-07,1,0,0,0,0,0,4.68173999676024e-07,7.02260999514035e-07,0,0,0,0,1,0,1,1,1,4.68173999676024e-07,0,4.68173999676024e-07,1,1,0,0,0,4.68173999676024e-07,0,0,0,2.34086999838012e-07,1.17043499919006e-06,1,0,0,2.34086999838012e-07,1.17043499919006e-06,0,4.68173999676024e-07,9.36347999352047e-07,0,4.68173999676024e-07,7.02260999514035e-07,0,0,1,0,0,2.34086999838012e-07,2.34086999838012e-07,1,1,0,0,1,7.02260999514035e-07,0,2.10678299854211e-06,1,0,2.34086999838012e-07,2.34086999838012e-07,0,0,2.34086999838012e-07,1.17043499919006e-06,0,0,0,0,0,0
"418","8","shrubAmbWet2_bin.18.strict",0,2.34621994638887e-07,2.34621994638887e-07,0,0,0,0,0,0,0,9.3848797855555e-07,9.3848797855555e-07,2.34621994638887e-07,0,0,0,1,0,0,0,0,4.69243989277775e-07,0,9.3848797855555e-07,1,1,2.34621994638887e-07,1,0,1.17310997319444e-06,0,0,0,0,7.03865983916662e-07,1,0,0,2.34621994638887e-07,7.03865983916662e-07,0,2.34621994638887e-07,1.40773196783332e-06,1,2.34621994638887e-07,4.69243989277775e-07,0,0,1,0,2.34621994638887e-07,4.69243989277775e-07,2.34621994638887e-07,0,0,0,0,1,4.69243989277775e-07,0,2.58084194102776e-06,1,0,4.69243989277775e-07,2.34621994638887e-07,0,0,7.03865983916662e-07,9.3848797855555e-07,0,0,0,0,0,0
"419","15","shrubAmbWet2_bin.19.orig",0,4.62482067257842e-07,0,0,0,0,0,0,0,0,4.62482067257842e-07,1.38744620177353e-06,0,0,0,0,1,0,0,0,0,4.62482067257842e-07,0,4.62482067257842e-07,0,0,0,0,1,9.24964134515684e-07,0,0,0,0,9.24964134515684e-07,1,0,0,4.62482067257842e-07,9.24964134515684e-07,0,0,2.31241033628921e-06,0,0,4.62482067257842e-07,0,0,0,0,4.62482067257842e-07,4.62482067257842e-07,0,0,0,0,0,1,4.62482067257842e-07,0,2.77489240354705e-06,1,0,9.24964134515684e-07,4.62482067257842e-07,0,0,9.24964134515684e-07,1.38744620177353e-06,0,0,0,0,0,0
"420","15","shrubAmbWet2_bin.2.permissive",0,0,3.87879540130017e-07,0,0,0,0,0,0,0,0,1.55151816052007e-06,0,0,0,0,0,0,0,0,0,3.87879540130017e-07,0,7.75759080260034e-07,0,0,0,0,1,1.16363862039005e-06,0,0,0,0,7.75759080260034e-07,0,0,0,0,1.16363862039005e-06,0,0,1.55151816052007e-06,1,3.87879540130017e-07,3.87879540130017e-07,0,0,0,0,3.87879540130017e-07,3.87879540130017e-07,3.87879540130017e-07,0,0,0,0,1,3.87879540130017e-07,0,3.10303632104014e-06,1,0,3.87879540130017e-07,3.87879540130017e-07,0,0,3.87879540130017e-07,1.55151816052007e-06,0,0,0,0,0,0
"421","20","shrubAmbWet2_bin.20.orig",1.15422926917665e-06,2.88557317294163e-07,2.88557317294163e-07,2.88557317294163e-07,1,0,0,0,0,0,8.6567195188249e-07,1.73134390376498e-06,0,0,1,0,0,0,0,1,0,5.77114634588327e-07,0,0,0,1,0,0,1,5.77114634588327e-07,0,0,0,0,3.1741304902358e-06,0,0,0,2.88557317294163e-07,5.77114634588327e-07,2.88557317294163e-07,8.6567195188249e-07,2.88557317294163e-07,0,2.88557317294163e-07,5.77114634588327e-07,0,0,0,0,0,2.88557317294163e-07,2.88557317294163e-07,0,0,0,2.88557317294163e-07,1,5.77114634588327e-07,0,1.15422926917665e-06,1,0,8.6567195188249e-07,5.77114634588327e-07,0,0,1.15422926917665e-06,8.6567195188249e-07,0,5.77114634588327e-07,0,2.88557317294163e-07,0,2.88557317294163e-07
"422","20","shrubAmbWet2_bin.21.orig",0,0,0,0,1,0,0,0,0,0,4.83301568337754e-07,7.24952352506631e-07,0,0,1,0,0,0,0,1,0,2.41650784168877e-07,0,2.41650784168877e-07,0,1,2.41650784168877e-07,0,0,4.83301568337754e-07,0,1,0,0,1.44990470501326e-06,0,0,0,4.83301568337754e-07,0,2.41650784168877e-07,9.66603136675509e-07,2.41650784168877e-07,1,0,7.24952352506631e-07,0,0,0,0,0,2.41650784168877e-07,0,0,0,0,0,0,7.24952352506631e-07,0,1.20825392084439e-06,1,0,4.83301568337754e-07,0,0,0,2.65815862585765e-06,7.24952352506631e-07,0,2.41650784168877e-07,2.41650784168877e-07,0,0,0
"423","8","shrubAmbWet2_bin.22.orig",3.27757737213024e-07,6.55515474426047e-07,3.27757737213024e-07,0,0,0,0,0,0,0,1.31103094885209e-06,9.83273211639071e-07,3.27757737213024e-07,0,0,0,0,0,0,0,0,6.55515474426047e-07,0,9.83273211639071e-07,0,0,3.27757737213024e-07,0,0,1.31103094885209e-06,0,0,0,0,3.27757737213024e-07,0,0,0,0,6.55515474426047e-07,0,0,1.63878868606512e-06,1,0,9.83273211639071e-07,0,0,1,0,0,6.55515474426047e-07,3.27757737213024e-07,0,0,0,0,1,9.83273211639071e-07,0,3.27757737213024e-06,1,0,6.55515474426047e-07,3.27757737213024e-07,0,0,6.55515474426047e-07,1.31103094885209e-06,0,0,0,0,0,0
"424","3","shrubAmbWet2_bin.23.orig",2.96385695003708e-07,0,0,0,1,0,0,0,0,0,5.92771390007416e-07,1.77831417002225e-06,0,0,1,0,1,0,0,0,0,5.92771390007416e-07,2.96385695003708e-07,2.07469986502595e-06,1,1,0,0,1,8.89157085011123e-07,1,0,0,2.96385695003708e-07,8.89157085011123e-07,1,0,2.96385695003708e-07,2.96385695003708e-07,2.96385695003708e-07,0,5.92771390007416e-07,5.92771390007416e-07,0,5.92771390007416e-07,5.92771390007416e-07,0,0,0,0,2.96385695003708e-07,2.96385695003708e-07,2.96385695003708e-07,0,0,0,0,0,5.92771390007416e-07,0,1.77831417002225e-06,1,0,5.92771390007416e-07,2.96385695003708e-07,0,0,1.48192847501854e-06,8.89157085011123e-07,0,0,0,2.96385695003708e-07,2.96385695003708e-07,0
"425","15","shrubAmbWet2_bin.24.strict",0,0,4.02415134672249e-07,4.02415134672249e-07,1,0,0,0,0,0,8.04830269344498e-07,2.41449080803349e-06,0,0,0,0,0,0,0,0,0,4.02415134672249e-07,0,0,0,0,0,0,0,4.02415134672249e-07,1,0,0,0,2.41449080803349e-06,0,0,0,0,1.20724540401675e-06,0,8.04830269344498e-07,4.02415134672249e-07,0,0,8.04830269344498e-07,0,0,0,0,0,0,0,0,0,0,0,0,8.04830269344498e-07,0,0,0,0,4.02415134672249e-07,0,0,0,8.04830269344498e-07,0,0,0,0,0,0,0
"426","21","shrubAmbWet2_bin.3.permissive",0,2.265549086406e-07,0,0,0,0,0,0,0,0,9.06219634562401e-07,9.06219634562401e-07,2.265549086406e-07,0,0,0,0,0,0,1,0,2.265549086406e-07,0,6.79664725921801e-07,0,1,2.265549086406e-07,0,1,1.132774543203e-06,0,0,0,0,4.53109817281201e-07,0,0,0,4.53109817281201e-07,9.06219634562401e-07,0,0,1.3593294518436e-06,1,4.53109817281201e-07,4.53109817281201e-07,0,0,0,0,2.265549086406e-07,4.53109817281201e-07,2.265549086406e-07,0,0,0,0,1,4.53109817281201e-07,0,2.0389941777654e-06,1,0,4.53109817281201e-07,0,0,0,2.265549086406e-07,6.79664725921801e-07,0,0,0,0,0,0
"427","20","shrubAmbWet2_bin.4.orig",0,0,3.61050715349782e-07,3.61050715349782e-07,1,0,0,0,0,0,1.44420286139913e-06,2.88840572279826e-06,3.61050715349782e-07,0,1,0,1,0,0,1,1,3.61050715349782e-07,0,3.61050715349782e-07,0,1,0,0,1,7.22101430699565e-07,1,0,0,3.61050715349782e-07,2.16630429209869e-06,0,0,0,3.61050715349782e-07,1.08315214604935e-06,3.61050715349782e-07,7.22101430699565e-07,0,0,0,7.22101430699565e-07,0,0,0,0,0,7.22101430699565e-07,3.61050715349782e-07,1,1,0,0,0,7.22101430699565e-07,0,1.44420286139913e-06,0,0,7.22101430699565e-07,3.61050715349782e-07,0,0,2.52735500744848e-06,7.22101430699565e-07,0,7.22101430699565e-07,3.61050715349782e-07,0,0,0
"428","8","shrubAmbWet2_bin.5.orig",0,4.24047208327609e-07,2.12023604163804e-07,0,0,0,0,0,0,0,8.48094416655217e-07,8.48094416655217e-07,2.12023604163804e-07,0,0,0,1,0,0,0,0,4.24047208327609e-07,0,8.48094416655217e-07,0,1,2.12023604163804e-07,1,1,1.06011802081902e-06,0,0,0,0,8.48094416655217e-07,1,0,0,2.12023604163804e-07,1.06011802081902e-06,0,0,8.48094416655217e-07,1,0,4.24047208327609e-07,0,0,1,0,2.12023604163804e-07,4.24047208327609e-07,2.12023604163804e-07,0,0,0,0,1,4.24047208327609e-07,0,2.54428324996565e-06,1,0,4.24047208327609e-07,2.12023604163804e-07,2.12023604163804e-07,0,8.48094416655217e-07,8.48094416655217e-07,0,0,0,0,0,0
"429","3","shrubAmbWet2_bin.6.orig",4.1356048280705e-07,2.06780241403525e-07,2.06780241403525e-07,2.06780241403525e-07,0,0,0,0,0,0,1.24068144842115e-06,1.03390120701763e-06,2.06780241403525e-07,0,1,0,1,0,0,1,0,2.06780241403525e-07,2.06780241403525e-07,1.44746168982468e-06,0,1,2.06780241403525e-07,0,1,4.1356048280705e-07,0,0,0,0,1.03390120701763e-06,0,0,0,2.06780241403525e-07,2.06780241403525e-07,4.1356048280705e-07,4.1356048280705e-07,4.1356048280705e-07,0,0,6.20340724210575e-07,2.06780241403525e-07,0,0,0,2.06780241403525e-07,2.06780241403525e-07,2.06780241403525e-07,1,0,0,0,1,6.20340724210575e-07,0,1.86102217263173e-06,1,0,2.06780241403525e-07,2.06780241403525e-07,0,0,2.27458265543878e-06,4.1356048280705e-07,0,4.1356048280705e-07,0,0,0,2.06780241403525e-07
"430","20","shrubAmbWet2_bin.7.orig",0,7.47456778311794e-07,3.73728389155897e-07,3.73728389155897e-07,0,0,0,0,0,0,1.12118516746769e-06,1.86864194577949e-06,0,0,1,0,0,0,0,0,1,3.73728389155897e-07,0,1.12118516746769e-06,0,1,0,0,1,3.73728389155897e-07,0,0,0,0,7.47456778311794e-07,0,0,3.73728389155897e-07,0,1.12118516746769e-06,0,3.73728389155897e-07,3.73728389155897e-07,0,0,3.73728389155897e-07,0,0,0,0,3.73728389155897e-07,3.73728389155897e-07,0,0,1,0,0,1,3.73728389155897e-07,0,1.49491355662359e-06,1,0,7.47456778311794e-07,0,0,0,1.49491355662359e-06,1.12118516746769e-06,0,3.73728389155897e-07,0,3.73728389155897e-07,0,0
"431","9","shrubAmbWet2_bin.8.orig",0,1.81465182547622e-07,1.81465182547622e-07,1.81465182547622e-07,1,0,0,0,0,0,7.25860730190489e-07,1.6331866429286e-06,0,0,1,0,1,0,0,1,1,3.62930365095245e-07,1.81465182547622e-07,1.45172146038098e-06,0,1,3.62930365095245e-07,0,1,3.62930365095245e-07,1,1,0,0,1.99611700802385e-06,0,0,0,3.62930365095245e-07,7.25860730190489e-07,1.81465182547622e-07,5.44395547642867e-07,3.62930365095245e-07,0,3.62930365095245e-07,7.25860730190489e-07,0,0,1,0,3.62930365095245e-07,1.81465182547622e-07,1.81465182547622e-07,0,1,0,0,1,7.25860730190489e-07,0,9.07325912738112e-07,1,1,3.62930365095245e-07,3.62930365095245e-07,0,0,7.25860730190489e-07,3.62930365095245e-07,0,3.62930365095245e-07,0,1.81465182547622e-07,0,5.44395547642867e-07
"432","42","shrubAmbWet2_bin.9.orig",2.31829924003833e-07,1.15914962001916e-07,0,1.15914962001916e-07,1,0,2.31829924003833e-07,1.15914962001916e-07,0,0,4.63659848007665e-07,1.15914962001916e-06,1.15914962001916e-07,0,0,0,0,0,0,1,0,2.31829924003833e-07,1.15914962001916e-07,5.79574810009582e-07,1,1,1.15914962001916e-07,0,1,4.63659848007665e-07,0,0,1,1.15914962001916e-07,8.11404734013414e-07,0,0,1.15914962001916e-07,1.15914962001916e-07,4.63659848007665e-07,0,3.47744886005749e-07,5.79574810009582e-07,1,0,3.47744886005749e-07,1.15914962001916e-07,0,1,0,1.15914962001916e-07,2.31829924003833e-07,1.15914962001916e-07,1,0,1.15914962001916e-07,0,1,3.47744886005749e-07,0,1.390979544023e-06,1,0,1.15914962001916e-07,2.31829924003833e-07,0,0,9.2731969601533e-07,5.79574810009582e-07,0,1.15914962001916e-07,0,0,0,2.31829924003833e-07
"433","40","shrubRedDry1_bin.1.orig",0,2.08768703066186e-07,2.08768703066186e-07,2.08768703066186e-07,1,0,0,0,1,0,4.17537406132372e-07,1.87891832759567e-06,0,0,1,0,1,0,0,1,1,4.17537406132372e-07,2.08768703066186e-07,6.26306109198558e-07,1,1,8.35074812264744e-07,0,1,6.26306109198558e-07,1,0,1,2.08768703066186e-07,1.25261221839712e-06,1,0,2.08768703066186e-07,2.08768703066186e-07,8.35074812264744e-07,0,0,1.04384351533093e-06,1,2.08768703066186e-07,2.08768703066186e-07,2.08768703066186e-07,0,1,0,0,4.17537406132372e-07,2.08768703066186e-07,1,1,0,0,1,2.08768703066186e-07,0,1.4613809214633e-06,1,0,2.08768703066186e-07,2.08768703066186e-07,0,0,1.04384351533093e-06,4.17537406132372e-07,0,2.08768703066186e-07,0,0,0,0
"434","22","shrubRedDry1_bin.10.orig",0,5.65738054794559e-07,2.8286902739728e-07,2.8286902739728e-07,0,0,0,2.8286902739728e-07,1,0,1.13147610958912e-06,1.4143451369864e-06,2.8286902739728e-07,0,1,0,1,0,0,0,1,5.65738054794559e-07,2.8286902739728e-07,1.69721416438368e-06,1,1,5.65738054794559e-07,0,0,1.4143451369864e-06,1,0,0,0,1.4143451369864e-06,1,0,2.8286902739728e-07,2.8286902739728e-07,1.4143451369864e-06,0,8.48607082191839e-07,8.48607082191839e-07,0,2.8286902739728e-07,5.65738054794559e-07,0,1,0,1,0,5.65738054794559e-07,2.8286902739728e-07,0,1,0,0,1,5.65738054794559e-07,0,2.8286902739728e-06,1,0,2.8286902739728e-07,2.8286902739728e-07,0,0,1.13147610958912e-06,1.13147610958912e-06,1,0,0,2.8286902739728e-07,0,0
"435","43","shrubRedDry1_bin.12.orig",1.22880767562426e-06,2.45761535124853e-07,2.45761535124853e-07,0,1,0,0,2.45761535124853e-07,1,0,2.21185381612368e-06,3.44066149174794e-06,2.45761535124853e-07,2.45761535124853e-07,0,2.45761535124853e-07,1,1,0,1,1,4.91523070249706e-07,0,3.19489995662309e-06,1,1,4.91523070249706e-07,0,0,4.91523070249706e-07,0,0,1,2.45761535124853e-07,8.60165372936985e-06,1,0,2.45761535124853e-07,2.45761535124853e-07,1.22880767562426e-06,4.91523070249706e-07,1.22880767562426e-06,4.91523070249706e-07,1,7.37284605374559e-07,4.91523070249706e-07,2.45761535124853e-07,1,0,0,1.22880767562426e-06,2.45761535124853e-07,2.45761535124853e-07,0,1,0,7.37284605374559e-07,1,4.91523070249706e-07,1,1.72033074587397e-06,1,0,7.37284605374559e-07,9.83046140499412e-07,0,0,1.72033074587397e-06,4.91523070249706e-07,0,4.91523070249706e-07,2.45761535124853e-07,2.45761535124853e-07,0,1.47456921074912e-06
"436","8","shrubRedDry1_bin.2.strict",0,0,4.19582414797497e-07,0,1,0,0,0,0,0,1.67832965918999e-06,1.67832965918999e-06,4.19582414797497e-07,0,0,0,1,0,0,0,0,0,0,8.39164829594994e-07,0,0,4.19582414797497e-07,0,0,2.09791207398748e-06,0,0,0,0,0,0,0,0,4.19582414797497e-07,1.25874724439249e-06,0,0,1.67832965918999e-06,0,0,8.39164829594994e-07,0,0,1,0,4.19582414797497e-07,8.39164829594994e-07,4.19582414797497e-07,0,0,0,0,1,8.39164829594994e-07,0,4.61540656277247e-06,1,0,4.19582414797497e-07,4.19582414797497e-07,0,0,4.19582414797497e-07,1.25874724439249e-06,0,0,0,0,0,0
"437","33","shrubRedDry1_bin.3.orig",0,1.59002482028744e-06,0,7.95012410143722e-07,0,0,0,0,0,0,7.95012410143722e-07,3.18004964057489e-06,0,0,0,0,0,0,0,1,0,7.95012410143722e-07,7.95012410143722e-07,2.38503723043117e-06,0,1,7.95012410143722e-07,0,0,1.59002482028744e-06,1,0,0,0,5.56508687100606e-06,0,0,0,7.95012410143722e-07,3.18004964057489e-06,7.95012410143722e-07,3.18004964057489e-06,1.59002482028744e-06,1,0,1.59002482028744e-06,0,0,1,0,0,0,7.95012410143722e-07,0,0,0,0,0,1.59002482028744e-06,0,1.59002482028744e-06,1,0,1.59002482028744e-06,1.59002482028744e-06,0,0,6.36009928114978e-06,1.59002482028744e-06,0,7.95012410143722e-07,0,7.95012410143722e-07,0,0
"438","9","shrubRedDry1_bin.4.orig",0,2.16482407665382e-07,2.16482407665382e-07,2.16482407665382e-07,0,0,0,0,0,0,1.08241203832691e-06,1.94834166898844e-06,2.16482407665382e-07,0,1,0,1,0,0,1,1,4.32964815330765e-07,2.16482407665382e-07,1.73185926132306e-06,0,1,4.32964815330765e-07,0,1,4.32964815330765e-07,1,0,0,0,2.3813064843192e-06,1,0,0,4.32964815330765e-07,6.49447222996147e-07,2.16482407665382e-07,6.49447222996147e-07,4.32964815330765e-07,0,4.32964815330765e-07,6.49447222996147e-07,0,0,1,0,4.32964815330765e-07,2.16482407665382e-07,0,0,1,0,0,1,6.49447222996147e-07,0,1.29889444599229e-06,1,1,0,4.32964815330765e-07,0,0,1.29889444599229e-06,4.32964815330765e-07,0,4.32964815330765e-07,0,0,0,6.49447222996147e-07
"439","36","shrubRedDry1_bin.5.orig",2.14518528179797e-07,2.14518528179797e-07,0,2.14518528179797e-07,1,0,2.14518528179797e-07,0,0,0,4.29037056359595e-07,1.93066675361818e-06,0,0,1,0,0,0,0,1,1,2.14518528179797e-07,2.14518528179797e-07,8.5807411271919e-07,0,1,4.29037056359595e-07,0,1,6.43555584539392e-07,0,0,0,2.14518528179797e-07,2.14518528179797e-06,0,0,0,2.14518528179797e-07,8.5807411271919e-07,2.14518528179797e-07,4.29037056359595e-07,8.5807411271919e-07,1,2.14518528179797e-07,2.14518528179797e-07,2.14518528179797e-07,0,1,0,0,4.29037056359595e-07,2.14518528179797e-07,0,1,2.14518528179797e-07,0,1,2.14518528179797e-07,0,1.50162969725858e-06,1,0,2.14518528179797e-07,4.29037056359595e-07,0,0,1.07259264089899e-06,8.5807411271919e-07,0,2.14518528179797e-07,0,0,0,0
"440","43","shrubRedDry1_bin.6.orig",9.1695000421797e-07,4.58475002108985e-07,2.29237501054493e-07,0,1,0,2.29237501054493e-07,2.29237501054493e-07,1,0,2.52161251159942e-06,3.89703751792637e-06,2.29237501054493e-07,2.29237501054493e-07,0,2.29237501054493e-07,1,1,0,1,1,4.58475002108985e-07,4.58475002108985e-07,3.66780001687188e-06,1,1,1.60466250738145e-06,0,1,4.58475002108985e-07,0,0,1,2.29237501054493e-07,9.1695000421797e-06,0,0,2.29237501054493e-07,2.29237501054493e-07,1.14618750527246e-06,4.58475002108985e-07,1.60466250738145e-06,4.58475002108985e-07,1,6.87712503163478e-07,6.87712503163478e-07,2.29237501054493e-07,1,0,1,1.14618750527246e-06,2.29237501054493e-07,2.29237501054493e-07,0,1,0,6.87712503163478e-07,1,6.87712503163478e-07,1,1.83390000843594e-06,1,0,9.1695000421797e-07,9.1695000421797e-07,0,0,1.37542500632696e-06,9.1695000421797e-07,1,4.58475002108985e-07,2.29237501054493e-07,2.29237501054493e-07,0,1.14618750527246e-06
"441","16","shrubRedDry1_bin.7.orig",1.33999339829919e-06,8.93328932199461e-07,4.4666446609973e-07,0,1,0,0,0,0,0,2.23332233049865e-06,3.57331572879784e-06,4.4666446609973e-07,4.4666446609973e-07,0,0,0,0,0,1,0,8.93328932199461e-07,4.4666446609973e-07,3.57331572879784e-06,0,1,1.78665786439892e-06,0,1,8.93328932199461e-07,0,0,0,4.4666446609973e-07,7.59329592369542e-06,0,0,0,4.4666446609973e-07,1.33999339829919e-06,0,8.93328932199461e-07,8.93328932199461e-07,0,8.93328932199461e-07,8.93328932199461e-07,0,0,0,1,1.33999339829919e-06,4.4666446609973e-07,0,0,0,0,8.93328932199461e-07,0,8.93328932199461e-07,1,2.67998679659838e-06,1,0,1.33999339829919e-06,4.4666446609973e-07,0,0,2.23332233049865e-06,1.33999339829919e-06,0,8.93328932199461e-07,4.4666446609973e-07,4.4666446609973e-07,0,1.78665786439892e-06
"442","43","shrubRedDry1_bin.8.strict",9.35469009081065e-07,2.33867252270266e-07,2.33867252270266e-07,0,1,0,0,2.33867252270266e-07,1,0,2.1048052704324e-06,2.8064070272432e-06,2.33867252270266e-07,2.33867252270266e-07,0,2.33867252270266e-07,1,0,0,1,1,2.33867252270266e-07,4.67734504540533e-07,3.74187603632426e-06,0,1,7.01601756810799e-07,0,1,4.67734504540533e-07,0,0,1,2.33867252270266e-07,8.88695558627012e-06,1,0,2.33867252270266e-07,4.67734504540533e-07,7.01601756810799e-07,4.67734504540533e-07,1.16933626135133e-06,4.67734504540533e-07,1,7.01601756810799e-07,4.67734504540533e-07,2.33867252270266e-07,1,0,1,1.16933626135133e-06,2.33867252270266e-07,2.33867252270266e-07,0,1,0,4.67734504540533e-07,1,4.67734504540533e-07,1,1.63707076589186e-06,1,0,7.01601756810799e-07,7.01601756810799e-07,0,0,1.63707076589186e-06,7.01601756810799e-07,1,4.67734504540533e-07,2.33867252270266e-07,0,0,7.01601756810799e-07
"443","14","shrubRedDry1_bin.9.orig",4.8654318849267e-07,4.8654318849267e-07,0,0,1,0,0,0,1,0,1.70290115972434e-06,2.91925913095602e-06,2.43271594246335e-07,0,0,0,0,0,0,1,1,4.8654318849267e-07,2.43271594246335e-07,2.18944434821701e-06,1,1,4.8654318849267e-07,0,1,0,1,0,0,2.43271594246335e-07,6.56833304465104e-06,0,1,0,4.8654318849267e-07,4.8654318849267e-07,2.43271594246335e-07,4.8654318849267e-07,0,1,2.43271594246335e-07,7.29814782739005e-07,0,0,1,0,2.43271594246335e-07,0,2.43271594246335e-07,1,1,0,0,1,7.29814782739005e-07,0,4.8654318849267e-07,1,0,7.29814782739005e-07,9.73086376985339e-07,0,0,2.91925913095602e-06,4.8654318849267e-07,0,4.8654318849267e-07,2.43271594246335e-07,0,0,7.29814782739005e-07
"444","41","shrubRedDry2_bin.1.orig",4.87733978182684e-07,4.87733978182684e-07,4.87733978182684e-07,4.87733978182684e-07,1,0,0,0,0,0,4.87733978182684e-07,1.46320193454805e-06,0,0,1,0,0,1,0,1,0,4.87733978182684e-07,0,4.87733978182684e-07,0,1,0,0,1,4.87733978182684e-07,1,0,0,0,1.46320193454805e-06,0,0,4.87733978182684e-07,0,2.43866989091342e-06,0,0,9.75467956365367e-07,0,0,1.46320193454805e-06,0,0,0,0,0,9.75467956365367e-07,4.87733978182684e-07,0,0,0,0,1,1.46320193454805e-06,0,2.9264038690961e-06,1,0,9.75467956365367e-07,4.87733978182684e-07,0,0,1.46320193454805e-06,9.75467956365367e-07,0,0,0,4.87733978182684e-07,0,0
"445","11","shrubRedDry2_bin.10.orig",4.21824348123198e-07,0,0,4.21824348123198e-07,0,0,0,4.21824348123198e-07,0,0,4.21824348123198e-07,2.53094608873919e-06,0,0,0,0,0,0,0,0,0,0,0,8.43648696246396e-07,0,1,0,0,0,1.26547304436959e-06,0,0,0,0,2.95277043686239e-06,1,0,4.21824348123198e-07,0,4.21824348123198e-07,0,4.21824348123198e-07,1.68729739249279e-06,1,0,0,4.21824348123198e-07,0,1,0,4.21824348123198e-07,8.43648696246396e-07,0,0,0,0,0,0,0,0,2.95277043686239e-06,0,0,0,8.43648696246396e-07,0,0,2.53094608873919e-06,1.68729739249279e-06,0,0,0,0,0,0
"446","19","shrubRedDry2_bin.11.orig",4.329694081135e-07,4.329694081135e-07,0,4.329694081135e-07,1,0,0,4.329694081135e-07,0,0,4.329694081135e-07,2.1648470405675e-06,0,0,0,4.329694081135e-07,0,0,0,0,0,4.329694081135e-07,4.329694081135e-07,8.65938816227001e-07,0,1,0,0,1,4.329694081135e-07,1,0,0,4.329694081135e-07,1.731877632454e-06,0,0,4.329694081135e-07,0,1.2989082243405e-06,0,1.2989082243405e-06,8.65938816227001e-07,0,0,4.329694081135e-07,0,0,0,0,0,4.329694081135e-07,4.329694081135e-07,1,0,0,0,1,4.329694081135e-07,0,2.1648470405675e-06,0,0,0,4.329694081135e-07,0,0,3.0307858567945e-06,8.65938816227001e-07,0,0,4.329694081135e-07,0,0,0
"447","3","shrubRedDry2_bin.12.orig",2.51121319471771e-07,0,0,2.51121319471771e-07,0,0,2.51121319471771e-07,2.51121319471771e-07,0,0,5.02242638943543e-07,1.50672791683063e-06,0,0,1,0,1,0,0,0,0,2.51121319471771e-07,2.51121319471771e-07,1.00448527788709e-06,0,1,5.02242638943543e-07,0,1,1.00448527788709e-06,1,0,0,2.51121319471771e-07,2.00897055577417e-06,0,0,2.51121319471771e-07,2.51121319471771e-07,7.53363958415314e-07,2.51121319471771e-07,2.51121319471771e-07,7.53363958415314e-07,0,2.51121319471771e-07,2.51121319471771e-07,0,0,1,0,5.02242638943543e-07,5.02242638943543e-07,2.51121319471771e-07,0,0,0,0,1,2.51121319471771e-07,0,2.51121319471771e-06,1,0,2.51121319471771e-07,5.02242638943543e-07,0,0,1.00448527788709e-06,7.53363958415314e-07,0,0,0,0,0,5.02242638943543e-07
"448","8","shrubRedDry2_bin.13.orig",0,0,0,0,0,0,0,0,0,0,1.14442042115244e-06,8.58315315864328e-07,2.86105105288109e-07,0,0,0,1,0,1,0,0,5.72210210576218e-07,0,5.72210210576218e-07,0,0,2.86105105288109e-07,0,0,1.14442042115244e-06,0,0,0,0,1.14442042115244e-06,1,0,0,2.86105105288109e-07,2.86105105288109e-07,0,2.86105105288109e-07,1.43052552644055e-06,0,0,8.58315315864328e-07,0,0,1,0,2.86105105288109e-07,5.72210210576218e-07,2.86105105288109e-07,0,0,0,0,1,8.58315315864328e-07,0,2.57494594759298e-06,1,0,5.72210210576218e-07,2.86105105288109e-07,2.86105105288109e-07,0,2.86105105288109e-07,8.58315315864328e-07,0,0,0,0,0,0
"449","8","shrubRedDry2_bin.14.strict",0,3.01535872968967e-07,3.01535872968967e-07,0,0,0,0,0,0,0,9.04607618906902e-07,1.20614349187587e-06,3.01535872968967e-07,0,0,0,0,1,1,0,0,6.03071745937935e-07,0,9.04607618906902e-07,0,0,0,0,0,9.04607618906902e-07,0,0,0,0,1.8092152378138e-06,1,0,0,3.01535872968967e-07,9.04607618906902e-07,0,3.01535872968967e-07,1.8092152378138e-06,1,0,6.03071745937935e-07,0,0,1,0,3.01535872968967e-07,6.03071745937935e-07,3.01535872968967e-07,0,0,0,0,1,6.03071745937935e-07,0,2.41228698375174e-06,1,0,6.03071745937935e-07,3.01535872968967e-07,3.01535872968967e-07,0,1.20614349187587e-06,9.04607618906902e-07,0,0,0,0,0,0
"450","13","shrubRedDry2_bin.15.orig",6.22825560262733e-07,3.11412780131366e-07,0,3.11412780131366e-07,1,0,0,3.11412780131366e-07,1,0,9.34238340394099e-07,1.55706390065683e-06,3.11412780131366e-07,0,1,0,1,1,0,1,1,3.11412780131366e-07,3.11412780131366e-07,1.8684766807882e-06,1,1,3.11412780131366e-07,0,1,9.34238340394099e-07,1,0,0,0,1.24565112052547e-06,1,0,3.11412780131366e-07,3.11412780131366e-07,6.22825560262733e-07,0,6.22825560262733e-07,1.24565112052547e-06,0,3.11412780131366e-07,9.34238340394099e-07,0,0,0,1,3.11412780131366e-07,3.11412780131366e-07,3.11412780131366e-07,0,1,3.11412780131366e-07,0,1,9.34238340394099e-07,0,2.8027150211823e-06,1,0,6.22825560262733e-07,3.11412780131366e-07,0,0,9.34238340394099e-07,1.24565112052547e-06,0,0,0,3.11412780131366e-07,0,0
"451","39","shrubRedDry2_bin.16.orig",2.44112971577439e-07,0,2.44112971577439e-07,2.44112971577439e-07,1,0,2.44112971577439e-07,2.44112971577439e-07,1,0,1.22056485788719e-06,1.46467782946463e-06,2.44112971577439e-07,0,0,0,0,1,0,1,1,0,2.44112971577439e-07,7.32338914732315e-07,0,0,9.76451886309754e-07,0,1,4.88225943154877e-07,1,0,1,2.44112971577439e-07,2.68524268735182e-06,1,1,2.44112971577439e-07,2.44112971577439e-07,7.32338914732315e-07,2.44112971577439e-07,9.76451886309754e-07,9.76451886309754e-07,1,2.44112971577439e-07,4.88225943154877e-07,2.44112971577439e-07,0,1,1,2.44112971577439e-07,2.44112971577439e-07,0,1,1,2.44112971577439e-07,0,1,4.88225943154877e-07,0,2.19701674419695e-06,1,0,0,2.44112971577439e-07,0,0,1.95290377261951e-06,7.32338914732315e-07,0,2.44112971577439e-07,2.44112971577439e-07,0,0,2.44112971577439e-07
"452","35","shrubRedDry2_bin.17.orig",0,4.44152882752078e-07,4.44152882752078e-07,4.44152882752078e-07,1,0,0,0,1,0,4.44152882752078e-07,2.22076441376039e-06,0,0,1,0,0,1,0,0,1,4.44152882752078e-07,4.44152882752078e-07,2.66491729651247e-06,0,0,0,0,0,8.88305765504156e-07,0,0,0,0,1.77661153100831e-06,0,0,4.44152882752078e-07,0,8.88305765504156e-07,0,1.33245864825623e-06,1.77661153100831e-06,0,0,4.44152882752078e-07,0,1,0,0,0,8.88305765504156e-07,0,0,1,0,0,0,4.44152882752078e-07,0,3.10907017926454e-06,1,0,4.44152882752078e-07,4.44152882752078e-07,0,0,8.88305765504156e-07,1.33245864825623e-06,0,0,0,4.44152882752078e-07,0,0
"453","8","shrubRedDry2_bin.18.strict",0,0,0,0,0,0,0,0,0,0,5.04761032246406e-07,1.26190258061602e-06,0,0,0,0,0,1,0,0,0,5.04761032246406e-07,0,7.57141548369609e-07,0,0,0,0,0,1.00952206449281e-06,0,0,0,0,5.04761032246406e-07,0,0,0,2.52380516123203e-07,1.00952206449281e-06,0,0,5.04761032246406e-07,1,5.04761032246406e-07,5.04761032246406e-07,0,0,1,0,2.52380516123203e-07,5.04761032246406e-07,2.52380516123203e-07,0,0,0,0,1,5.04761032246406e-07,0,2.01904412898562e-06,1,0,2.52380516123203e-07,0,0,0,7.57141548369609e-07,1.00952206449281e-06,0,0,0,0,0,2.52380516123203e-07
"454","24","shrubRedDry2_bin.19.orig",2.31521461807988e-07,0,2.31521461807988e-07,2.31521461807988e-07,1,0,2.31521461807988e-07,2.31521461807988e-07,1,0,1.15760730903994e-06,2.08369315627189e-06,2.31521461807988e-07,0,0,0,1,0,0,1,1,4.63042923615976e-07,0,6.94564385423964e-07,1,1,2.31521461807988e-07,0,1,4.63042923615976e-07,1,0,1,2.31521461807988e-07,2.31521461807988e-06,0,0,2.31521461807988e-07,2.31521461807988e-07,1.15760730903994e-06,2.31521461807988e-07,6.94564385423964e-07,1.15760730903994e-06,1,0,2.31521461807988e-07,2.31521461807988e-07,0,0,0,4.63042923615976e-07,2.31521461807988e-07,2.31521461807988e-07,1,1,2.31521461807988e-07,0,0,2.31521461807988e-07,0,2.31521461807988e-06,1,0,0,6.94564385423964e-07,0,0,1.38912877084793e-06,4.63042923615976e-07,0,2.31521461807988e-07,2.31521461807988e-07,0,0,2.31521461807988e-07
"455","3","shrubRedDry2_bin.2.orig",0,8.11743328383052e-07,0,4.05871664191526e-07,1,0,0,4.05871664191526e-07,0,0,1.6234866567661e-06,2.43522998514916e-06,4.05871664191526e-07,0,1,0,0,0,0,1,0,4.05871664191526e-07,4.05871664191526e-07,2.02935832095763e-06,1,1,4.05871664191526e-07,0,1,1.21761499257458e-06,1,0,0,0,1.6234866567661e-06,0,0,4.05871664191526e-07,4.05871664191526e-07,1.21761499257458e-06,0,4.05871664191526e-07,1.6234866567661e-06,0,4.05871664191526e-07,1.21761499257458e-06,0,1,0,0,4.05871664191526e-07,8.11743328383052e-07,0,0,0,0,0,1,1.21761499257458e-06,0,2.43522998514916e-06,0,0,4.05871664191526e-07,0,0,0,1.6234866567661e-06,1.21761499257458e-06,0,0,0,0,0,0
"456","14","shrubRedDry2_bin.20.orig",3.8460636115845e-07,3.8460636115845e-07,0,0,1,0,0,0,1,0,1.15381908347535e-06,2.11533498637147e-06,0,1.92303180579225e-07,1,0,1,0,0,1,1,1.92303180579225e-07,1.92303180579225e-07,1.5384254446338e-06,1,1,3.8460636115845e-07,0,1,1.92303180579225e-07,1,0,0,1.92303180579225e-07,6.1537017785352e-06,1,1,1.92303180579225e-07,3.8460636115845e-07,9.61515902896124e-07,3.8460636115845e-07,3.8460636115845e-07,1.92303180579225e-07,1,1.92303180579225e-07,7.69212722316899e-07,0,0,1,0,1.92303180579225e-07,1.92303180579225e-07,1.92303180579225e-07,1,1,0,0,1,7.69212722316899e-07,0,7.69212722316899e-07,1,0,7.69212722316899e-07,7.69212722316899e-07,0,0,2.3076381669507e-06,5.76909541737675e-07,0,3.8460636115845e-07,1.92303180579225e-07,1.92303180579225e-07,0,5.76909541737675e-07
"457","18","shrubRedDry2_bin.21.orig",2.14394213071401e-07,2.14394213071401e-07,2.14394213071401e-07,2.14394213071401e-07,1,1,0,0,0,0,8.57576852285603e-07,2.14394213071401e-06,0,0,1,0,1,0,0,0,0,2.14394213071401e-07,0,6.43182639214202e-07,0,1,0,0,1,4.28788426142802e-07,0,0,0,0,1.71515370457121e-06,0,1,0,2.14394213071401e-07,8.57576852285603e-07,4.28788426142802e-07,4.28788426142802e-07,0,1,2.14394213071401e-07,4.28788426142802e-07,0,0,1,0,0,2.14394213071401e-07,2.14394213071401e-07,0,0,0,0,1,4.28788426142802e-07,0,1.92954791764261e-06,1,0,4.28788426142802e-07,4.28788426142802e-07,0,0,2.14394213071401e-06,6.43182639214202e-07,0,4.28788426142802e-07,2.14394213071401e-07,2.14394213071401e-07,0,2.14394213071401e-07
"458","2","shrubRedDry2_bin.22.orig",1.88798544589779e-07,1.88798544589779e-07,0,1.88798544589779e-07,1,0,0,0,1,0,5.66395633769338e-07,1.88798544589779e-06,0,0,1,0,0,0,0,1,1,0,0,1.88798544589779e-07,1,1,0,0,1,5.66395633769338e-07,0,0,0,0,1.13279126753868e-06,1,0,0,1.88798544589779e-07,1.88798544589779e-07,1.88798544589779e-07,3.77597089179559e-07,0,1,1.88798544589779e-07,3.77597089179559e-07,0,0,0,0,0,1.88798544589779e-07,0,0,1,0,0,1,3.77597089179559e-07,1,1.32158981212846e-06,1,0,3.77597089179559e-07,3.77597089179559e-07,0,0,2.07678399048757e-06,3.77597089179559e-07,0,3.77597089179559e-07,0,1.88798544589779e-07,0,3.77597089179559e-07
"459","11","shrubRedDry2_bin.23.orig",3.32774604771921e-07,0,0,3.32774604771921e-07,0,0,6.65549209543843e-07,0,0,0,1.66387302385961e-06,2.32942223340345e-06,3.32774604771921e-07,0,0,0,0,0,1,0,0,3.32774604771921e-07,0,3.32774604771921e-07,0,1,3.32774604771921e-07,0,0,6.65549209543843e-07,0,0,1,3.32774604771921e-07,6.98826670021035e-06,1,0,3.32774604771921e-07,3.32774604771921e-07,6.65549209543843e-07,3.32774604771921e-07,1.33109841908769e-06,1.33109841908769e-06,1,3.32774604771921e-07,0,3.32774604771921e-07,0,1,0,6.65549209543843e-07,3.32774604771921e-07,3.32774604771921e-07,0,0,3.32774604771921e-07,0,1,0,0,2.32942223340345e-06,1,0,0,9.98323814315764e-07,0,0,2.32942223340345e-06,1.33109841908769e-06,0,3.32774604771921e-07,3.32774604771921e-07,0,0,6.65549209543843e-07
"460","15","shrubRedDry2_bin.24.orig",0,0,2.862633387981e-07,0,0,0,0,2.862633387981e-07,0,0,8.58790016394301e-07,1.4313166939905e-06,2.862633387981e-07,0,0,0,0,0,0,0,1,2.862633387981e-07,0,2.862633387981e-07,0,1,0,0,1,1.1450533551924e-06,0,0,0,0,5.72526677596201e-07,1,0,2.862633387981e-07,2.862633387981e-07,8.58790016394301e-07,0,8.58790016394301e-07,2.0038433715867e-06,0,0,8.58790016394301e-07,0,0,0,0,2.862633387981e-07,2.862633387981e-07,2.862633387981e-07,0,1,0,0,1,8.58790016394301e-07,0,4.00768674317341e-06,1,0,2.862633387981e-07,2.862633387981e-07,0,0,5.72526677596201e-07,1.1450533551924e-06,0,0,0,0,0,0
"461","11","shrubRedDry2_bin.25.orig",3.75765528322575e-07,3.75765528322575e-07,3.75765528322575e-07,3.75765528322575e-07,0,0,7.5153105664515e-07,0,0,0,7.5153105664515e-07,1.87882764161288e-06,0,0,0,0,0,0,1,0,0,3.75765528322575e-07,0,1.12729658496773e-06,0,1,0,0,0,7.5153105664515e-07,0,0,0,3.75765528322575e-07,3.0061242265806e-06,1,1,3.75765528322575e-07,3.75765528322575e-07,3.75765528322575e-07,0,1.12729658496773e-06,7.5153105664515e-07,1,0,0,3.75765528322575e-07,0,0,0,0,3.75765528322575e-07,3.75765528322575e-07,0,0,0,0,1,0,0,2.63035869825803e-06,1,0,0,7.5153105664515e-07,0,0,2.63035869825803e-06,7.5153105664515e-07,0,0,3.75765528322575e-07,0,0,7.5153105664515e-07
"462","37","shrubRedDry2_bin.26.orig",5.84966022248598e-07,5.84966022248598e-07,0,0,1,0,0,0,0,0,1.46241505562149e-06,2.04738107787009e-06,2.92483011124299e-07,2.92483011124299e-07,0,0,0,0,0,0,0,5.84966022248598e-07,8.77449033372897e-07,2.92483011124299e-06,0,1,0,0,0,2.92483011124299e-07,0,0,0,2.92483011124299e-07,7.01959226698317e-06,0,0,2.92483011124299e-07,2.92483011124299e-07,1.1699320444972e-06,2.92483011124299e-07,8.77449033372897e-07,0,1,0,8.77449033372897e-07,0,0,1,0,2.92483011124299e-07,2.92483011124299e-07,2.92483011124299e-07,1,0,0,0,1,8.77449033372897e-07,0,1.46241505562149e-06,1,0,8.77449033372897e-07,8.77449033372897e-07,0,0,2.33986408899439e-06,5.84966022248598e-07,0,5.84966022248598e-07,0,2.92483011124299e-07,0,5.84966022248598e-07
"463","9","shrubRedDry2_bin.27.orig",0,2.02114808082895e-07,2.02114808082895e-07,2.02114808082895e-07,0,0,0,0,0,0,1.21268884849737e-06,2.02114808082895e-06,2.02114808082895e-07,0,1,0,1,0,0,1,1,4.04229616165789e-07,2.02114808082895e-07,1.61691846466316e-06,0,1,4.04229616165789e-07,0,1,4.04229616165789e-07,1,1,0,0,2.22326288891184e-06,1,0,0,4.04229616165789e-07,8.08459232331578e-07,2.02114808082895e-07,6.06344424248684e-07,4.04229616165789e-07,0,4.04229616165789e-07,8.08459232331578e-07,0,0,1,0,4.04229616165789e-07,4.04229616165789e-07,2.02114808082895e-07,0,1,0,0,1,8.08459232331578e-07,0,1.01057404041447e-06,1,1,4.04229616165789e-07,4.04229616165789e-07,0,0,8.08459232331578e-07,4.04229616165789e-07,0,4.04229616165789e-07,0,2.02114808082895e-07,0,6.06344424248684e-07
"464","15","shrubRedDry2_bin.3.orig",0,6.03920896025355e-07,6.03920896025355e-07,0,0,0,0,0,0,0,6.03920896025355e-07,1.81176268807606e-06,0,0,0,0,0,0,0,0,0,1.20784179205071e-06,0,0,0,0,0,0,0,1.20784179205071e-06,0,0,0,0,0,1,0,0,6.03920896025355e-07,3.01960448012678e-06,0,6.03920896025355e-07,1.81176268807606e-06,0,0,1.20784179205071e-06,0,0,0,0,0,6.03920896025355e-07,0,0,0,0,0,0,1.20784179205071e-06,0,3.01960448012678e-06,1,0,6.03920896025355e-07,6.03920896025355e-07,6.03920896025355e-07,0,0,1.20784179205071e-06,0,0,0,0,0,0
"465","43","shrubRedDry2_bin.4.strict",1.1517549434042e-06,2.8793873585105e-07,2.8793873585105e-07,0,1,0,0,2.8793873585105e-07,1,0,2.3035098868084e-06,3.16732609436155e-06,2.8793873585105e-07,2.8793873585105e-07,0,2.8793873585105e-07,1,0,0,1,1,5.75877471702101e-07,5.75877471702101e-07,3.74320356606366e-06,0,1,5.75877471702101e-07,0,1,5.75877471702101e-07,0,0,0,2.8793873585105e-07,7.48640713212731e-06,1,0,2.8793873585105e-07,5.75877471702101e-07,1.43969367925525e-06,2.8793873585105e-07,1.43969367925525e-06,5.75877471702101e-07,1,5.75877471702101e-07,5.75877471702101e-07,2.8793873585105e-07,1,0,1,1.43969367925525e-06,2.8793873585105e-07,2.8793873585105e-07,0,1,0,5.75877471702101e-07,1,5.75877471702101e-07,1,1.43969367925525e-06,1,0,1.1517549434042e-06,8.63816207553151e-07,0,0,2.3035098868084e-06,8.63816207553151e-07,1,5.75877471702101e-07,2.8793873585105e-07,2.8793873585105e-07,0,1.1517549434042e-06
"466","41","shrubRedDry2_bin.5.orig",9.15765172168431e-07,4.57882586084216e-07,0,4.57882586084216e-07,1,0,0,0,0,0,2.28941293042108e-06,3.66306068867372e-06,4.57882586084216e-07,0,0,0,0,0,0,1,0,9.15765172168431e-07,4.57882586084216e-07,1.83153034433686e-06,1,1,0,0,0,1.37364775825265e-06,1,0,0,0,3.20517810258951e-06,1,0,0,4.57882586084216e-07,4.57882586084216e-07,4.57882586084216e-07,1.37364775825265e-06,4.57882586084216e-07,0,0,9.15765172168431e-07,0,0,0,0,1.37364775825265e-06,4.57882586084216e-07,0,0,0,0,0,1,9.15765172168431e-07,0,1.83153034433686e-06,1,0,9.15765172168431e-07,9.15765172168431e-07,0,0,3.66306068867372e-06,9.15765172168431e-07,0,4.57882586084216e-07,0,0,0,0
"467","3","shrubRedDry2_bin.6.orig",1.18461890809727e-06,7.8974593873151e-07,0,3.94872969365755e-07,1,0,0,0,0,0,1.57949187746302e-06,1.97436484682878e-06,3.94872969365755e-07,0,1,0,0,0,0,1,0,7.8974593873151e-07,3.94872969365755e-07,1.97436484682878e-06,0,1,3.94872969365755e-07,0,1,1.57949187746302e-06,0,0,0,0,1.18461890809727e-06,1,0,3.94872969365755e-07,3.94872969365755e-07,1.18461890809727e-06,0,7.8974593873151e-07,1.97436484682878e-06,0,0,7.8974593873151e-07,0,0,1,0,3.94872969365755e-07,7.8974593873151e-07,0,0,0,0,0,1,7.8974593873151e-07,0,3.15898375492604e-06,1,0,3.94872969365755e-07,7.8974593873151e-07,0,0,3.15898375492604e-06,7.8974593873151e-07,0,0,0,3.94872969365755e-07,0,1.18461890809727e-06
"468","40","shrubRedDry2_bin.8.orig",2.14020573369677e-07,2.14020573369677e-07,2.14020573369677e-07,2.14020573369677e-07,1,0,0,0,1,0,8.56082293478708e-07,1.92618516032709e-06,2.14020573369677e-07,0,0,0,1,0,0,1,1,4.28041146739354e-07,2.14020573369677e-07,6.42061720109031e-07,1,1,6.42061720109031e-07,0,0,8.56082293478708e-07,1,0,1,2.14020573369677e-07,1.07010286684838e-06,1,0,2.14020573369677e-07,4.28041146739354e-07,8.56082293478708e-07,0,2.14020573369677e-07,1.07010286684838e-06,1,2.14020573369677e-07,0,2.14020573369677e-07,0,1,1,0,4.28041146739354e-07,2.14020573369677e-07,1,1,2.14020573369677e-07,0,1,0,0,1.92618516032709e-06,1,0,2.14020573369677e-07,2.14020573369677e-07,0,0,1.28412344021806e-06,6.42061720109031e-07,0,2.14020573369677e-07,0,0,0,0
"469","26","shrubRedDry2_bin.9.orig",4.7505757697833e-07,0,4.7505757697833e-07,0,0,0,0,0,0,0,4.7505757697833e-07,2.37528788489165e-06,0,0,0,4.7505757697833e-07,1,0,0,0,0,4.7505757697833e-07,4.7505757697833e-07,1.42517273093499e-06,0,1,0,0,0,4.7505757697833e-07,0,0,0,0,3.80046061582664e-06,1,0,4.7505757697833e-07,4.7505757697833e-07,4.7505757697833e-07,4.7505757697833e-07,4.7505757697833e-07,0,1,0,0,4.7505757697833e-07,0,1,0,0,4.7505757697833e-07,4.7505757697833e-07,1,0,4.7505757697833e-07,0,1,0,0,2.85034546186998e-06,1,0,0,9.5011515395666e-07,0,0,1.90023030791332e-06,9.5011515395666e-07,0,4.7505757697833e-07,4.7505757697833e-07,0,0,1.42517273093499e-06
"470","15","shrubRedWet1_bin.1.orig",4.49290794480912e-07,0,0,0,0,0,0,0,0,0,1.79716317792365e-06,1.34787238344274e-06,4.49290794480912e-07,0,1,0,0,0,0,0,0,4.49290794480912e-07,4.49290794480912e-07,2.24645397240456e-06,0,0,0,0,0,1.34787238344274e-06,0,0,0,0,1.79716317792365e-06,1,0,4.49290794480912e-07,4.49290794480912e-07,8.98581588961824e-07,0,4.49290794480912e-07,8.98581588961824e-07,0,0,1.79716317792365e-06,0,1,0,0,4.49290794480912e-07,8.98581588961824e-07,4.49290794480912e-07,0,0,4.49290794480912e-07,0,0,1.79716317792365e-06,0,4.04361715032821e-06,1,0,0,8.98581588961824e-07,0,0,1.34787238344274e-06,1.79716317792365e-06,0,0,0,0,0,4.49290794480912e-07
"471","13","shrubRedWet1_bin.10.orig",3.30317206916974e-07,3.30317206916974e-07,0,3.30317206916974e-07,1,0,0,3.30317206916974e-07,1,0,9.90951620750923e-07,1.65158603458487e-06,3.30317206916974e-07,0,1,0,0,1,0,1,1,3.30317206916974e-07,3.30317206916974e-07,1.98190324150185e-06,1,1,0,0,1,9.90951620750923e-07,0,0,0,0,1.65158603458487e-06,0,0,3.30317206916974e-07,3.30317206916974e-07,9.90951620750923e-07,0,0,1.3212688276679e-06,0,3.30317206916974e-07,9.90951620750923e-07,0,0,0,0,3.30317206916974e-07,3.30317206916974e-07,3.30317206916974e-07,0,1,0,0,0,9.90951620750923e-07,0,2.97285486225277e-06,1,0,3.30317206916974e-07,3.30317206916974e-07,0,0,2.31222044841882e-06,1.3212688276679e-06,0,0,0,3.30317206916974e-07,0,3.30317206916974e-07
"472","43","shrubRedWet1_bin.11.strict",7.03702695931942e-07,0,0,0,1,0,2.34567565310647e-07,2.34567565310647e-07,1,0,2.58024321841712e-06,3.75308104497036e-06,2.34567565310647e-07,2.34567565310647e-07,0,2.34567565310647e-07,1,0,0,1,1,4.69135130621294e-07,4.69135130621294e-07,4.22221617559165e-06,0,1,1.64197295717453e-06,0,0,4.69135130621294e-07,0,0,1,2.34567565310647e-07,9.38270261242589e-06,1,0,2.34567565310647e-07,4.69135130621294e-07,9.38270261242589e-07,2.34567565310647e-07,1.17283782655324e-06,4.69135130621294e-07,1,7.03702695931942e-07,7.03702695931942e-07,2.34567565310647e-07,1,0,0,1.17283782655324e-06,2.34567565310647e-07,2.34567565310647e-07,0,1,0,7.03702695931942e-07,1,7.03702695931942e-07,1,1.40740539186388e-06,1,0,9.38270261242589e-07,9.38270261242589e-07,0,0,1.40740539186388e-06,9.38270261242589e-07,1,4.69135130621294e-07,2.34567565310647e-07,2.34567565310647e-07,0,1.17283782655324e-06
"473","43","shrubRedWet1_bin.13.strict",9.13283086020079e-07,4.56641543010039e-07,2.2832077150502e-07,0,1,0,2.2832077150502e-07,2.2832077150502e-07,1,0,2.05488694354518e-06,2.73984925806024e-06,2.2832077150502e-07,2.2832077150502e-07,0,2.2832077150502e-07,1,0,0,1,1,4.56641543010039e-07,4.56641543010039e-07,3.65313234408032e-06,1,1,1.36992462903012e-06,0,1,4.56641543010039e-07,0,0,1,2.2832077150502e-07,8.90451008869577e-06,1,0,2.2832077150502e-07,4.56641543010039e-07,1.1416038575251e-06,4.56641543010039e-07,1.59824540053514e-06,4.56641543010039e-07,1,6.84962314515059e-07,4.56641543010039e-07,2.2832077150502e-07,1,0,0,1.1416038575251e-06,2.2832077150502e-07,2.2832077150502e-07,0,1,0,6.84962314515059e-07,1,4.56641543010039e-07,1,1.36992462903012e-06,1,0,6.84962314515059e-07,6.84962314515059e-07,0,0,1.59824540053514e-06,6.84962314515059e-07,1,4.56641543010039e-07,2.2832077150502e-07,2.2832077150502e-07,0,6.84962314515059e-07
"474","12","shrubRedWet1_bin.16.orig",2.25610694307887e-07,0,0,0,1,0,2.25610694307887e-07,2.25610694307887e-07,1,0,6.76832082923662e-07,2.25610694307887e-06,2.25610694307887e-07,0,0,0,1,0,0,1,1,2.25610694307887e-07,2.25610694307887e-07,4.51221388615775e-07,0,1,2.25610694307887e-07,0,1,6.76832082923662e-07,0,0,1,2.25610694307887e-07,2.03049624877099e-06,1,1,2.25610694307887e-07,4.51221388615775e-07,2.25610694307887e-07,2.25610694307887e-07,9.02442777231549e-07,1.12805347153944e-06,1,2.25610694307887e-07,2.25610694307887e-07,2.25610694307887e-07,0,1,0,0,4.51221388615775e-07,2.25610694307887e-07,1,1,2.25610694307887e-07,0,0,2.25610694307887e-07,1,2.03049624877099e-06,1,0,0,6.76832082923662e-07,0,0,1.57927486015521e-06,4.51221388615775e-07,0,0,2.25610694307887e-07,0,0,4.51221388615775e-07
"475","11","shrubRedWet1_bin.17.orig",9.87400766222995e-07,0,4.93700383111497e-07,4.93700383111497e-07,0,0,0,4.93700383111497e-07,0,0,9.87400766222995e-07,3.94960306489198e-06,4.93700383111497e-07,0,0,4.93700383111497e-07,0,0,0,0,0,4.93700383111497e-07,0,4.93700383111497e-07,0,1,0,0,1,1.48110114933449e-06,0,0,0,0,2.96220229866898e-06,1,1,4.93700383111497e-07,0,9.87400766222995e-07,4.93700383111497e-07,1.97480153244599e-06,1.48110114933449e-06,1,4.93700383111497e-07,0,4.93700383111497e-07,0,1,0,0,9.87400766222995e-07,4.93700383111497e-07,0,0,0,0,0,0,1,2.96220229866898e-06,0,0,0,9.87400766222995e-07,0,0,9.87400766222995e-07,1.97480153244599e-06,0,4.93700383111497e-07,0,0,0,4.93700383111497e-07
"476","26","shrubRedWet1_bin.18.orig",6.98290619478049e-07,3.49145309739024e-07,3.49145309739024e-07,3.49145309739024e-07,0,0,0,0,0,0,6.98290619478049e-07,1.3965812389561e-06,0,3.49145309739024e-07,0,0,1,0,1,0,0,0,3.49145309739024e-07,1.04743592921707e-06,0,1,0,0,0,1.04743592921707e-06,0,0,0,0,2.79316247791219e-06,1,0,3.49145309739024e-07,3.49145309739024e-07,1.04743592921707e-06,3.49145309739024e-07,1.04743592921707e-06,1.04743592921707e-06,1,3.49145309739024e-07,0,3.49145309739024e-07,0,1,1,0,6.98290619478049e-07,0,0,0,3.49145309739024e-07,0,1,0,0,2.79316247791219e-06,1,0,0,1.04743592921707e-06,0,0,2.09487185843415e-06,6.98290619478049e-07,0,0,0,0,0,1.04743592921707e-06
"477","13","shrubRedWet1_bin.19.orig",4.28400925003277e-07,4.28400925003277e-07,0,4.28400925003277e-07,0,0,0,0,1,0,8.56801850006554e-07,1.71360370001311e-06,4.28400925003277e-07,0,1,0,0,1,0,1,1,8.56801850006554e-07,8.56801850006554e-07,2.57040555001966e-06,0,0,0,0,1,1.71360370001311e-06,0,0,0,0,1.71360370001311e-06,1,0,4.28400925003277e-07,0,8.56801850006554e-07,4.28400925003277e-07,8.56801850006554e-07,8.56801850006554e-07,0,4.28400925003277e-07,8.56801850006554e-07,0,1,0,0,4.28400925003277e-07,4.28400925003277e-07,4.28400925003277e-07,0,1,4.28400925003277e-07,0,1,8.56801850006554e-07,0,2.57040555001966e-06,1,0,0,4.28400925003277e-07,0,0,3.42720740002622e-06,1.71360370001311e-06,0,0,0,0,0,0
"478","9","shrubRedWet1_bin.2.orig",0,2.16235665737718e-07,2.16235665737718e-07,2.16235665737718e-07,0,0,0,0,0,0,1.08117832868859e-06,2.16235665737718e-06,2.16235665737718e-07,0,1,0,1,0,0,1,1,4.32471331475436e-07,2.16235665737718e-07,1.72988532590175e-06,0,1,4.32471331475436e-07,0,1,4.32471331475436e-07,1,1,0,0,2.3785923231149e-06,1,0,0,4.32471331475436e-07,6.48706997213155e-07,2.16235665737718e-07,6.48706997213155e-07,4.32471331475436e-07,0,4.32471331475436e-07,8.64942662950873e-07,0,0,1,1,2.16235665737718e-07,2.16235665737718e-07,2.16235665737718e-07,0,1,0,0,1,8.64942662950873e-07,0,1.08117832868859e-06,1,1,2.16235665737718e-07,4.32471331475436e-07,0,0,8.64942662950873e-07,4.32471331475436e-07,0,4.32471331475436e-07,0,2.16235665737718e-07,0,6.48706997213155e-07
"479","6","shrubRedWet1_bin.20.strict",8.19125152493799e-07,2.73041717497933e-07,2.73041717497933e-07,0,1,0,2.73041717497933e-07,0,1,0,2.73041717497933e-06,2.73041717497933e-06,2.73041717497933e-07,2.73041717497933e-07,0,2.73041717497933e-07,1,1,0,1,1,2.73041717497933e-07,5.46083434995866e-07,3.54954232747313e-06,0,1,5.46083434995866e-07,0,1,5.46083434995866e-07,0,0,0,2.73041717497933e-07,8.73733495993386e-06,0,0,2.73041717497933e-07,2.73041717497933e-07,1.09216686999173e-06,5.46083434995866e-07,1.36520858748967e-06,2.73041717497933e-07,1,5.46083434995866e-07,2.73041717497933e-07,0,0,0,1,1.09216686999173e-06,2.73041717497933e-07,2.73041717497933e-07,1,1,0,8.19125152493799e-07,1,2.73041717497933e-07,1,1.6382503049876e-06,1,0,1.09216686999173e-06,8.19125152493799e-07,0,0,1.6382503049876e-06,8.19125152493799e-07,1,5.46083434995866e-07,2.73041717497933e-07,2.73041717497933e-07,0,8.19125152493799e-07
"480","41","shrubRedWet1_bin.21.orig",1.11564994697874e-06,0,0,0,1,0,0,0,0,0,2.23129989395747e-06,3.34694984093621e-06,5.57824973489368e-07,0,0,0,0,0,0,0,0,5.57824973489368e-07,5.57824973489368e-07,1.11564994697874e-06,0,1,0,0,0,1.6734749204681e-06,1,0,0,0,3.90477481442558e-06,1,0,0,5.57824973489368e-07,1.6734749204681e-06,5.57824973489368e-07,1.11564994697874e-06,5.57824973489368e-07,0,0,5.57824973489368e-07,0,0,0,0,0,5.57824973489368e-07,5.57824973489368e-07,0,0,0,0,1,5.57824973489368e-07,0,2.23129989395747e-06,1,0,1.11564994697874e-06,1.11564994697874e-06,0,0,4.46259978791495e-06,1.6734749204681e-06,0,5.57824973489368e-07,0,5.57824973489368e-07,0,0
"481","11","shrubRedWet1_bin.23.orig",3.6922740642116e-07,3.6922740642116e-07,0,3.6922740642116e-07,0,1,7.3845481284232e-07,0,0,0,1.8461370321058e-06,2.21536443852696e-06,3.6922740642116e-07,0,0,3.6922740642116e-07,0,0,1,0,0,3.6922740642116e-07,0,1.10768221926348e-06,0,0,0,0,0,3.6922740642116e-07,0,0,0,3.6922740642116e-07,2.58459184494812e-06,1,1,3.6922740642116e-07,3.6922740642116e-07,7.3845481284232e-07,0,3.6922740642116e-07,7.3845481284232e-07,1,3.6922740642116e-07,0,3.6922740642116e-07,0,1,0,0,3.6922740642116e-07,3.6922740642116e-07,1,0,0,0,1,0,0,2.95381925136928e-06,0,0,0,1.10768221926348e-06,0,0,2.95381925136928e-06,7.3845481284232e-07,0,3.6922740642116e-07,3.6922740642116e-07,0,0,1.10768221926348e-06
"482","30","shrubRedWet1_bin.24.orig",4.782620340293e-07,0,0,2.3913101701465e-07,0,0,0,0,1,0,4.782620340293e-07,9.565240680586e-07,0,0,1,0,0,0,0,0,1,2.3913101701465e-07,0,7.1739305104395e-07,0,1,2.3913101701465e-07,0,1,4.782620340293e-07,0,0,1,2.3913101701465e-07,1.67391711910255e-06,0,0,0,2.3913101701465e-07,4.782620340293e-07,2.3913101701465e-07,4.782620340293e-07,9.565240680586e-07,1,2.3913101701465e-07,7.1739305104395e-07,0,0,0,0,2.3913101701465e-07,2.3913101701465e-07,2.3913101701465e-07,1,1,2.3913101701465e-07,0,1,7.1739305104395e-07,0,2.3913101701465e-06,1,0,4.782620340293e-07,4.782620340293e-07,0,0,1.4347861020879e-06,7.1739305104395e-07,0,2.3913101701465e-07,0,2.3913101701465e-07,0,2.3913101701465e-07
"483","42","shrubRedWet1_bin.25.orig",2.28893553739514e-07,1.14446776869757e-07,1.14446776869757e-07,1.14446776869757e-07,1,0,2.28893553739514e-07,1.14446776869757e-07,0,0,4.57787107479028e-07,1.14446776869757e-06,1.14446776869757e-07,0,0,0,1,0,0,1,0,2.28893553739514e-07,1.14446776869757e-07,5.72233884348785e-07,0,1,1.14446776869757e-07,1,1,4.57787107479028e-07,1,0,1,1.14446776869757e-07,8.01127438088299e-07,0,0,1.14446776869757e-07,1.14446776869757e-07,2.28893553739514e-07,0,3.43340330609271e-07,5.72233884348785e-07,1,0,3.43340330609271e-07,1.14446776869757e-07,0,1,0,1.14446776869757e-07,2.28893553739514e-07,1.14446776869757e-07,1,0,1.14446776869757e-07,0,1,3.43340330609271e-07,0,1.37336132243708e-06,1,0,1.14446776869757e-07,2.28893553739514e-07,0,0,6.86680661218542e-07,5.72233884348785e-07,0,1.14446776869757e-07,0,0,0,2.28893553739514e-07
"484","10","shrubRedWet1_bin.26.orig",4.9696231783225e-07,4.9696231783225e-07,4.9696231783225e-07,4.9696231783225e-07,0,0,0,0,0,0,9.93924635664501e-07,2.9817739069935e-06,0,0,0,0,1,0,0,1,0,4.9696231783225e-07,1.49088695349675e-06,9.93924635664501e-07,0,1,0,0,0,9.93924635664501e-07,0,0,1,0,2.9817739069935e-06,0,0,0,0,9.93924635664501e-07,4.9696231783225e-07,2.48481158916125e-06,1.987849271329e-06,1,4.9696231783225e-07,0,4.9696231783225e-07,0,0,0,0,4.9696231783225e-07,4.9696231783225e-07,0,0,4.9696231783225e-07,0,0,0,0,4.9696231783225e-06,1,0,0,9.93924635664501e-07,0,0,1.987849271329e-06,4.9696231783225e-07,0,0,4.9696231783225e-07,0,0,4.9696231783225e-07
"485","15","shrubRedWet1_bin.27.strict",0,0,4.55584601604933e-07,0,0,0,0,0,0,0,9.11169203209867e-07,2.27792300802467e-06,0,0,0,0,0,0,0,0,0,9.11169203209867e-07,0,9.11169203209867e-07,0,0,4.55584601604933e-07,0,0,1.82233840641973e-06,0,0,0,0,9.11169203209867e-07,1,0,0,4.55584601604933e-07,1.3667538048148e-06,0,0,1.3667538048148e-06,0,0,9.11169203209867e-07,0,0,0,0,0,9.11169203209867e-07,4.55584601604933e-07,0,0,0,0,0,9.11169203209867e-07,0,3.64467681283947e-06,0,0,4.55584601604933e-07,4.55584601604933e-07,0,0,9.11169203209867e-07,1.82233840641973e-06,0,0,0,0,0,0
"486","7","shrubRedWet1_bin.29.orig",6.92517178754265e-07,3.46258589377133e-07,0,3.46258589377133e-07,0,1,0,0,0,0,1.38503435750853e-06,2.42381012563993e-06,3.46258589377133e-07,3.46258589377133e-07,0,3.46258589377133e-07,1,0,1,0,0,0,0,6.92517178754265e-07,0,1,6.92517178754265e-07,0,0,1.0387757681314e-06,0,0,1,0,2.77006871501706e-06,1,0,3.46258589377133e-07,3.46258589377133e-07,1.0387757681314e-06,3.46258589377133e-07,6.92517178754265e-07,1.0387757681314e-06,0,3.46258589377133e-07,3.46258589377133e-07,3.46258589377133e-07,0,1,1,0,6.92517178754265e-07,3.46258589377133e-07,0,0,0,0,1,3.46258589377133e-07,0,2.77006871501706e-06,0,0,0,6.92517178754265e-07,0,0,1.73129294688566e-06,6.92517178754265e-07,0,0,3.46258589377133e-07,0,0,3.46258589377133e-07
"487","35","shrubRedWet1_bin.30.permissive",0,2.98956254030304e-07,2.98956254030304e-07,2.98956254030304e-07,1,0,0,0,0,0,5.97912508060608e-07,2.39165003224243e-06,0,2.98956254030304e-07,1,0,0,0,0,1,1,5.97912508060608e-07,2.98956254030304e-07,8.96868762090912e-07,0,1,0,0,0,1.19582501612122e-06,0,0,1,2.98956254030304e-07,5.97912508060608e-07,1,0,2.98956254030304e-07,0,1.19582501612122e-06,0,8.96868762090912e-07,1.49478127015152e-06,0,0,5.97912508060608e-07,0,0,0,0,0,5.97912508060608e-07,2.98956254030304e-07,0,1,2.98956254030304e-07,0,1,5.97912508060608e-07,0,3.58747504836365e-06,1,0,2.98956254030304e-07,2.98956254030304e-07,0,0,2.98956254030304e-07,1.19582501612122e-06,0,0,0,0,0,0
"488","15","shrubRedWet1_bin.31.strict",0,0,4.72261485517393e-07,0,0,0,0,0,0,0,0,1.88904594206957e-06,0,0,0,0,1,0,0,0,0,9.44522971034786e-07,0,9.44522971034786e-07,0,0,0,0,1,4.72261485517393e-07,0,0,0,0,9.44522971034786e-07,0,0,0,4.72261485517393e-07,9.44522971034786e-07,0,0,1.41678445655218e-06,0,0,9.44522971034786e-07,0,0,0,0,4.72261485517393e-07,4.72261485517393e-07,0,0,0,0,0,0,9.44522971034786e-07,0,2.83356891310436e-06,0,0,9.44522971034786e-07,4.72261485517393e-07,0,0,1.41678445655218e-06,1.41678445655218e-06,0,0,0,0,0,0
"489","36","shrubRedWet1_bin.32.orig",2.5218232277572e-07,0,0,2.5218232277572e-07,1,0,0,0,1,0,5.04364645551441e-07,1.76527625943004e-06,2.5218232277572e-07,0,0,0,1,0,0,1,1,2.5218232277572e-07,2.5218232277572e-07,5.04364645551441e-07,0,1,0,0,1,7.56546968327161e-07,1,0,0,2.5218232277572e-07,2.01745858220576e-06,0,0,2.5218232277572e-07,2.5218232277572e-07,7.56546968327161e-07,2.5218232277572e-07,2.5218232277572e-07,5.04364645551441e-07,1,0,5.04364645551441e-07,0,0,1,0,0,5.04364645551441e-07,2.5218232277572e-07,0,1,0,0,0,5.04364645551441e-07,0,1.51309393665432e-06,1,0,2.5218232277572e-07,5.04364645551441e-07,0,0,7.56546968327161e-07,1.00872929110288e-06,0,5.04364645551441e-07,0,0,0,5.04364645551441e-07
"490","21","shrubRedWet1_bin.4.orig",1.17736584799187e-06,0,0,0,1,0,0,0,0,0,1.17736584799187e-06,2.74718697864769e-06,3.92455282663955e-07,0,1,0,0,1,0,0,0,3.92455282663955e-07,0,1.96227641331978e-06,0,1,3.92455282663955e-07,0,1,1.56982113065582e-06,0,0,0,0,1.56982113065582e-06,0,0,3.92455282663955e-07,3.92455282663955e-07,7.8491056532791e-07,0,7.8491056532791e-07,7.8491056532791e-07,0,3.92455282663955e-07,1.17736584799187e-06,0,0,1,0,3.92455282663955e-07,7.8491056532791e-07,3.92455282663955e-07,0,0,0,0,0,1.17736584799187e-06,0,2.74718697864769e-06,1,0,3.92455282663955e-07,7.8491056532791e-07,0,0,2.74718697864769e-06,1.17736584799187e-06,0,0,0,0,0,7.8491056532791e-07
"491","21","shrubRedWet1_bin.5.permissive",0,2.64583162456708e-07,2.64583162456708e-07,2.64583162456708e-07,1,0,0,0,0,0,2.64583162456708e-07,1.05833264982683e-06,0,0,0,0,0,0,0,0,0,0,0,2.64583162456708e-07,0,1,0,1,1,2.64583162456708e-07,0,0,0,0,2.11666529965366e-06,1,0,2.64583162456708e-07,0,7.93749487370123e-07,0,7.93749487370123e-07,2.64583162456708e-07,1,0,5.29166324913415e-07,0,0,0,0,0,2.64583162456708e-07,2.64583162456708e-07,0,0,0,0,1,5.29166324913415e-07,0,1.05833264982683e-06,1,0,2.64583162456708e-07,0,0,1,7.93749487370123e-07,7.93749487370123e-07,0,5.29166324913415e-07,0,0,0,0
"492","30","shrubRedWet1_bin.6.orig",3.33444259123535e-07,3.33444259123535e-07,0,3.33444259123535e-07,0,0,0,0,1,0,1.66722129561768e-06,1.33377703649414e-06,3.33444259123535e-07,0,1,0,1,0,0,1,1,3.33444259123535e-07,0,1.00033277737061e-06,0,1,3.33444259123535e-07,0,1,6.6688851824707e-07,1,0,1,0,3.00099833211182e-06,0,0,0,3.33444259123535e-07,1.00033277737061e-06,3.33444259123535e-07,1.00033277737061e-06,1.00033277737061e-06,0,3.33444259123535e-07,1.00033277737061e-06,0,0,0,0,3.33444259123535e-07,3.33444259123535e-07,0,0,1,0,0,1,1.00033277737061e-06,0,2.00066555474121e-06,1,0,1.00033277737061e-06,1.00033277737061e-06,0,0,3.00099833211182e-06,1.00033277737061e-06,0,3.33444259123535e-07,0,3.33444259123535e-07,0,3.33444259123535e-07
"493","11","shrubRedWet1_bin.7.orig",3.64191126046185e-07,0,0,3.64191126046185e-07,0,0,0,3.64191126046185e-07,0,0,7.28382252092369e-07,2.54933788232329e-06,0,0,0,3.64191126046185e-07,0,0,1,0,0,3.64191126046185e-07,3.64191126046185e-07,7.28382252092369e-07,0,1,0,0,1,1.45676450418474e-06,0,0,0,3.64191126046185e-07,2.91352900836948e-06,1,0,3.64191126046185e-07,0,1.09257337813855e-06,3.64191126046185e-07,1.09257337813855e-06,1.09257337813855e-06,1,0,0,3.64191126046185e-07,0,0,1,3.64191126046185e-07,7.28382252092369e-07,3.64191126046185e-07,0,0,3.64191126046185e-07,0,1,0,0,2.54933788232329e-06,1,0,0,3.64191126046185e-07,0,0,1.82095563023092e-06,1.45676450418474e-06,0,0,0,0,0,0
"494","7","shrubRedWet1_bin.8.orig",3.4787025135365e-07,3.4787025135365e-07,0,3.4787025135365e-07,0,1,0,0,0,0,6.957405027073e-07,2.0872215081219e-06,0,3.4787025135365e-07,0,3.4787025135365e-07,0,0,1,0,0,3.4787025135365e-07,0,1.04361075406095e-06,0,1,0,0,0,6.957405027073e-07,0,0,1,0,3.4787025135365e-06,1,0,3.4787025135365e-07,3.4787025135365e-07,6.957405027073e-07,0,0,6.957405027073e-07,1,3.4787025135365e-07,3.4787025135365e-07,0,0,1,1,0,6.957405027073e-07,3.4787025135365e-07,1,0,0,0,1,3.4787025135365e-07,0,2.7829620108292e-06,1,0,0,1.3914810054146e-06,0,0,2.43509175947555e-06,1.04361075406095e-06,0,0,3.4787025135365e-07,0,0,1.3914810054146e-06
"495","2","shrubRedWet1_bin.9.orig",3.73560577703962e-07,7.47121155407924e-07,3.73560577703962e-07,3.73560577703962e-07,1,0,0,0,1,0,1.12068173311189e-06,1.49424231081585e-06,0,0,1,0,1,0,0,0,1,3.73560577703962e-07,3.73560577703962e-07,1.86780288851981e-06,0,1,0,0,0,7.47121155407924e-07,1,0,0,0,2.24136346622377e-06,1,0,0,7.47121155407924e-07,1.12068173311189e-06,3.73560577703962e-07,1.86780288851981e-06,1.12068173311189e-06,1,0,7.47121155407924e-07,3.73560577703962e-07,0,1,0,3.73560577703962e-07,3.73560577703962e-07,3.73560577703962e-07,1,1,0,0,1,7.47121155407924e-07,0,1.86780288851981e-06,1,0,7.47121155407924e-07,7.47121155407924e-07,0,0,2.9884846216317e-06,7.47121155407924e-07,0,7.47121155407924e-07,3.73560577703962e-07,3.73560577703962e-07,0,3.73560577703962e-07
"496","21","shrubRedWet2_bin.1.strict",2.5230314929837e-07,5.0460629859674e-07,0,0,0,0,0,0,0,0,5.0460629859674e-07,1.00921259719348e-06,2.5230314929837e-07,0,0,0,1,0,0,0,0,5.0460629859674e-07,0,7.56909447895111e-07,0,1,0,1,1,1.00921259719348e-06,0,0,0,0,2.27072834368533e-06,0,0,2.5230314929837e-07,0,5.0460629859674e-07,0,2.5230314929837e-07,7.56909447895111e-07,0,5.0460629859674e-07,5.0460629859674e-07,0,0,1,0,2.5230314929837e-07,5.0460629859674e-07,2.5230314929837e-07,0,0,0,0,1,5.0460629859674e-07,0,1.26151574649185e-06,1,0,2.5230314929837e-07,5.0460629859674e-07,0,0,1.00921259719348e-06,1.00921259719348e-06,0,0,0,0,0,2.5230314929837e-07
"497","33","shrubRedWet2_bin.10.orig",0,0,4.75942079752662e-07,4.75942079752662e-07,0,0,0,0,0,0,1.42782623925799e-06,3.33159455826864e-06,4.75942079752662e-07,0,1,0,0,0,0,1,0,9.51884159505325e-07,0,2.85565247851597e-06,0,1,0,0,0,4.75942079752662e-07,1,0,0,0,3.33159455826864e-06,1,0,0,4.75942079752662e-07,9.51884159505325e-07,4.75942079752662e-07,1.90376831901065e-06,0,0,0,1.42782623925799e-06,4.75942079752662e-07,0,1,0,0,4.75942079752662e-07,4.75942079752662e-07,0,0,0,0,0,1.42782623925799e-06,0,1.90376831901065e-06,1,0,9.51884159505325e-07,1.42782623925799e-06,0,0,1.42782623925799e-06,9.51884159505325e-07,0,4.75942079752662e-07,4.75942079752662e-07,0,0,9.51884159505325e-07
"498","39","shrubRedWet2_bin.13.orig",2.22575028372752e-07,0,0,2.22575028372752e-07,1,0,2.22575028372752e-07,2.22575028372752e-07,1,0,1.11287514186376e-06,2.00317525535477e-06,2.22575028372752e-07,0,0,0,0,1,0,1,1,0,2.22575028372752e-07,8.90300113491007e-07,0,1,8.90300113491007e-07,0,1,4.45150056745503e-07,0,0,1,2.22575028372752e-07,2.00317525535477e-06,1,1,2.22575028372752e-07,2.22575028372752e-07,2.22575028372752e-07,2.22575028372752e-07,8.90300113491007e-07,6.67725085118255e-07,1,2.22575028372752e-07,4.45150056745503e-07,2.22575028372752e-07,0,0,0,0,2.22575028372752e-07,2.22575028372752e-07,1,1,2.22575028372752e-07,0,1,4.45150056745503e-07,0,1.78060022698201e-06,1,0,0,2.22575028372752e-07,0,0,1.78060022698201e-06,6.67725085118255e-07,0,2.22575028372752e-07,2.22575028372752e-07,0,0,0
"499","15","shrubRedWet2_bin.14.strict",0,4.08125617800154e-07,4.08125617800154e-07,0,1,0,0,0,0,0,8.16251235600308e-07,1.22437685340046e-06,0,0,0,0,1,0,0,0,0,8.16251235600308e-07,0,1.63250247120062e-06,0,0,4.08125617800154e-07,0,0,1.63250247120062e-06,0,0,0,0,1.22437685340046e-06,0,0,0,4.08125617800154e-07,1.63250247120062e-06,0,4.08125617800154e-07,1.22437685340046e-06,0,4.08125617800154e-07,4.08125617800154e-07,0,0,0,0,4.08125617800154e-07,4.08125617800154e-07,4.08125617800154e-07,0,0,0,0,1,4.08125617800154e-07,0,4.08125617800154e-06,1,0,4.08125617800154e-07,4.08125617800154e-07,0,0,8.16251235600308e-07,1.63250247120062e-06,0,0,0,0,0,0
"500","28","shrubRedWet2_bin.15.strict",0,6.47905063766816e-07,3.23952531883408e-07,0,0,0,0,0,0,0,1.29581012753363e-06,1.61976265941704e-06,3.23952531883408e-07,0,0,0,0,0,0,0,0,6.47905063766816e-07,0,9.71857595650225e-07,0,0,0,0,1,6.47905063766816e-07,0,0,1,0,1.29581012753363e-06,1,0,0,3.23952531883408e-07,1.61976265941704e-06,0,0,1.29581012753363e-06,0,0,6.47905063766816e-07,0,0,0,0,3.23952531883408e-07,3.23952531883408e-07,3.23952531883408e-07,0,0,0,0,0,6.47905063766816e-07,0,1.94371519130045e-06,1,0,6.47905063766816e-07,6.47905063766816e-07,0,0,1.29581012753363e-06,1.61976265941704e-06,0,0,0,0,0,6.47905063766816e-07
"501","20","shrubRedWet2_bin.16.orig",0,3.34071185224432e-07,3.34071185224432e-07,3.34071185224432e-07,1,0,0,0,0,0,3.34071185224432e-07,2.00442711134659e-06,0,0,1,0,0,0,0,1,0,0,3.34071185224432e-07,1.67035592612216e-06,0,1,0,0,1,6.68142370448865e-07,0,0,0,0,3.00664066701989e-06,0,0,0,6.68142370448865e-07,3.34071185224432e-07,3.34071185224432e-07,3.34071185224432e-07,6.68142370448865e-07,0,3.34071185224432e-07,1.0022135556733e-06,0,0,1,0,0,3.34071185224432e-07,3.34071185224432e-07,0,0,0,0,0,1.0022135556733e-06,0,3.00664066701989e-06,1,0,6.68142370448865e-07,0,0,0,1.67035592612216e-06,6.68142370448865e-07,0,0,0,3.34071185224432e-07,0,0
"502","9","shrubRedWet2_bin.17.orig",0,2.2364535214638e-07,0,2.2364535214638e-07,0,0,0,0,0,0,1.34187211287828e-06,2.01280816931742e-06,2.2364535214638e-07,0,1,0,1,0,0,0,1,4.47290704292761e-07,2.2364535214638e-07,1.78916281717104e-06,0,1,4.47290704292761e-07,0,1,4.47290704292761e-07,1,1,0,0,2.46009887361018e-06,1,0,0,4.47290704292761e-07,8.94581408585521e-07,2.2364535214638e-07,6.70936056439141e-07,4.47290704292761e-07,0,4.47290704292761e-07,8.94581408585521e-07,0,0,1,1,2.2364535214638e-07,2.2364535214638e-07,2.2364535214638e-07,0,1,0,0,1,8.94581408585521e-07,0,1.1182267607319e-06,1,1,4.47290704292761e-07,4.47290704292761e-07,0,0,8.94581408585521e-07,4.47290704292761e-07,0,4.47290704292761e-07,0,2.2364535214638e-07,0,6.70936056439141e-07
"503","3","shrubRedWet2_bin.18.orig",3.34759408413173e-07,0,0,0,1,0,0,0,0,0,6.69518816826347e-07,1.33903763365269e-06,3.34759408413173e-07,0,1,0,0,0,0,0,0,3.34759408413173e-07,3.34759408413173e-07,2.34331585889221e-06,1,1,3.34759408413173e-07,0,0,1.67379704206587e-06,0,0,0,0,6.69518816826347e-07,0,0,3.34759408413173e-07,3.34759408413173e-07,0,0,3.34759408413173e-07,1.33903763365269e-06,0,0,6.69518816826347e-07,0,0,0,0,3.34759408413173e-07,6.69518816826347e-07,0,0,0,0,0,1,6.69518816826347e-07,0,3.01283467571856e-06,1,0,6.69518816826347e-07,3.34759408413173e-07,0,0,6.69518816826347e-07,1.00427822523952e-06,0,3.34759408413173e-07,0,3.34759408413173e-07,0,3.34759408413173e-07
"504","1","shrubRedWet2_bin.19.orig",0,0,0,0,0,0,0,0,1,0,0,1.10965684416922e-06,0,0,0,0,0,1,0,1,1,2.77414211042306e-07,0,5.54828422084612e-07,0,0,0,0,0,8.32242633126919e-07,0,0,0,0,8.32242633126919e-07,1,0,0,2.77414211042306e-07,5.54828422084612e-07,0,2.77414211042306e-07,5.54828422084612e-07,1,0,5.54828422084612e-07,0,0,0,0,0,5.54828422084612e-07,2.77414211042306e-07,1,1,0,0,0,5.54828422084612e-07,0,1.94189947729614e-06,1,0,5.54828422084612e-07,2.77414211042306e-07,2.77414211042306e-07,0,2.77414211042306e-07,8.32242633126919e-07,0,0,0,0,0,0
"505","7","shrubRedWet2_bin.2.orig",4.16616499096567e-07,4.16616499096567e-07,4.16616499096567e-07,4.16616499096567e-07,0,0,0,0,0,0,4.16616499096567e-07,1.66646599638627e-06,0,0,0,4.16616499096567e-07,0,0,0,0,0,4.16616499096567e-07,0,1.2498494972897e-06,1,1,0,0,0,8.33232998193134e-07,1,0,1,0,2.08308249548284e-06,0,0,4.16616499096567e-07,0,4.16616499096567e-07,0,4.16616499096567e-07,8.33232998193134e-07,1,0,0,4.16616499096567e-07,0,1,0,0,4.16616499096567e-07,0,1,0,4.16616499096567e-07,0,1,0,0,2.91631549367597e-06,0,0,0,4.16616499096567e-07,0,0,2.91631549367597e-06,4.16616499096567e-07,0,0,4.16616499096567e-07,0,0,4.16616499096567e-07
"506","37","shrubRedWet2_bin.20.orig",1.47972189120295e-06,4.93240630400985e-07,4.93240630400985e-07,0,1,0,4.93240630400985e-07,0,0,0,9.8648126080197e-07,3.94592504320788e-06,0,0,0,0,0,1,0,1,0,4.93240630400985e-07,4.93240630400985e-07,3.94592504320788e-06,0,1,4.93240630400985e-07,0,1,9.8648126080197e-07,0,0,1,4.93240630400985e-07,8.87833134721773e-06,0,0,4.93240630400985e-07,9.8648126080197e-07,1.97296252160394e-06,4.93240630400985e-07,9.8648126080197e-07,0,1,4.93240630400985e-07,9.8648126080197e-07,0,0,0,0,4.93240630400985e-07,4.93240630400985e-07,4.93240630400985e-07,1,0,0,4.93240630400985e-07,1,9.8648126080197e-07,0,1.97296252160394e-06,1,0,1.47972189120295e-06,1.47972189120295e-06,0,0,1.47972189120295e-06,1.47972189120295e-06,0,4.93240630400985e-07,0,0,0,4.93240630400985e-07
"507","8","shrubRedWet2_bin.21.strict",0,2.76200366794087e-07,2.76200366794087e-07,0,0,0,0,0,0,0,8.28601100382261e-07,8.28601100382261e-07,2.76200366794087e-07,0,0,0,1,0,0,0,0,5.52400733588174e-07,0,2.76200366794087e-07,0,0,0,0,1,8.28601100382261e-07,0,0,0,0,1.10480146717635e-06,0,0,0,2.76200366794087e-07,2.76200366794087e-07,0,0,1.10480146717635e-06,1,0,8.28601100382261e-07,0,0,1,0,0,5.52400733588174e-07,2.76200366794087e-07,0,0,0,0,1,8.28601100382261e-07,0,2.48580330114678e-06,0,0,2.76200366794087e-07,5.52400733588174e-07,2.76200366794087e-07,0,5.52400733588174e-07,8.28601100382261e-07,0,0,0,0,0,2.76200366794087e-07
"508","23","shrubRedWet2_bin.22.orig",6.49468523670367e-07,0,0,0,1,0,0,0,0,0,3.24734261835184e-07,1.62367130917592e-06,0,0,0,0,0,0,0,0,0,0,0,9.74202785505551e-07,0,1,0,0,1,6.49468523670367e-07,1,0,0,0,1.9484055710111e-06,0,1,0,3.24734261835184e-07,6.49468523670367e-07,3.24734261835184e-07,9.74202785505551e-07,1.29893704734073e-06,1,3.24734261835184e-07,6.49468523670367e-07,3.24734261835184e-07,0,0,0,3.24734261835184e-07,3.24734261835184e-07,0,1,0,3.24734261835184e-07,0,0,6.49468523670367e-07,0,2.27313983284629e-06,1,0,3.24734261835184e-07,3.24734261835184e-07,0,0,6.49468523670367e-07,6.49468523670367e-07,0,3.24734261835184e-07,0,0,3.24734261835184e-07,0
"509","21","shrubRedWet2_bin.23.orig",0,0,0,3.1695469924961e-07,0,0,0,0,0,0,3.1695469924961e-07,9.50864097748829e-07,0,0,0,0,0,0,0,1,0,6.33909398499219e-07,0,3.1695469924961e-07,0,1,3.1695469924961e-07,0,1,1.26781879699844e-06,0,0,0,0,3.1695469924961e-07,0,0,0,3.1695469924961e-07,9.50864097748829e-07,0,3.1695469924961e-07,2.53563759399688e-06,0,0,9.50864097748829e-07,0,0,0,0,0,6.33909398499219e-07,3.1695469924961e-07,0,0,0,3.1695469924961e-07,1,9.50864097748829e-07,0,3.1695469924961e-06,1,0,3.1695469924961e-07,0,0,0,1.26781879699844e-06,1.26781879699844e-06,0,3.1695469924961e-07,0,0,0,0
"510","27","shrubRedWet2_bin.24.orig",7.76143220156129e-07,1.94035805039032e-07,0,1.94035805039032e-07,0,0,0,0,1,0,9.70179025195161e-07,1.35825063527323e-06,1.94035805039032e-07,0,1,0,0,0,0,1,1,1.94035805039032e-07,1.94035805039032e-07,1.55228644031226e-06,1,1,1.94035805039032e-07,0,0,5.82107415117097e-07,1,0,0,0,1.55228644031226e-06,0,0,0,1.94035805039032e-07,5.82107415117097e-07,1.94035805039032e-07,7.76143220156129e-07,9.70179025195161e-07,1,1.94035805039032e-07,5.82107415117097e-07,0,0,0,0,1.94035805039032e-07,1.94035805039032e-07,1.94035805039032e-07,0,1,1.94035805039032e-07,0,1,5.82107415117097e-07,0,1.55228644031226e-06,1,0,5.82107415117097e-07,5.82107415117097e-07,0,0,1.94035805039032e-06,5.82107415117097e-07,0,3.88071610078064e-07,0,1.94035805039032e-07,0,1.94035805039032e-07
"511","35","shrubRedWet2_bin.25.orig",0,0,0,4.39392408177971e-07,1,0,0,0,0,0,4.39392408177971e-07,3.95453167360174e-06,0,0,0,0,0,0,0,1,1,4.39392408177971e-07,0,8.78784816355943e-07,0,1,0,0,0,1.31817722453391e-06,0,0,0,0,1.75756963271189e-06,0,0,0,4.39392408177971e-07,8.78784816355943e-07,0,8.78784816355943e-07,1.31817722453391e-06,0,0,8.78784816355943e-07,0,0,0,0,0,8.78784816355943e-07,4.39392408177971e-07,1,1,0,0,0,8.78784816355943e-07,0,3.95453167360174e-06,1,0,4.39392408177971e-07,0,0,0,0,1.75756963271189e-06,0,0,0,0,4.39392408177971e-07,0
"512","8","shrubRedWet2_bin.26.strict",0,2.70192352637766e-07,2.70192352637766e-07,0,0,0,0,0,0,0,1.08076941055107e-06,1.08076941055107e-06,2.70192352637766e-07,0,0,0,1,0,0,0,0,5.40384705275533e-07,0,5.40384705275533e-07,0,0,2.70192352637766e-07,0,0,1.08076941055107e-06,0,0,0,0,1.08076941055107e-06,1,0,0,2.70192352637766e-07,1.08076941055107e-06,0,2.70192352637766e-07,1.08076941055107e-06,0,0,8.10577057913299e-07,0,0,1,0,2.70192352637766e-07,5.40384705275533e-07,2.70192352637766e-07,0,0,0,0,1,8.10577057913299e-07,0,2.70192352637766e-06,1,0,5.40384705275533e-07,2.70192352637766e-07,2.70192352637766e-07,0,5.40384705275533e-07,8.10577057913299e-07,0,0,0,0,0,0
"513","8","shrubRedWet2_bin.27.orig",0,3.31336478820972e-07,3.31336478820972e-07,0,0,0,0,0,0,0,1.65668239410486e-06,1.32534591528389e-06,3.31336478820972e-07,0,0,0,1,0,0,0,0,6.62672957641945e-07,0,9.94009436462917e-07,0,0,3.31336478820972e-07,0,0,1.32534591528389e-06,0,0,0,0,9.94009436462917e-07,1,0,0,3.31336478820972e-07,1.65668239410486e-06,0,0,1.65668239410486e-06,1,0,6.62672957641945e-07,0,0,1,0,3.31336478820972e-07,6.62672957641945e-07,3.31336478820972e-07,0,0,0,0,1,6.62672957641945e-07,0,3.31336478820972e-06,1,0,6.62672957641945e-07,3.31336478820972e-07,3.31336478820972e-07,0,6.62672957641945e-07,9.94009436462917e-07,0,0,0,0,0,0
"514","19","shrubRedWet2_bin.28.orig",4.49769111026854e-07,0,0,4.49769111026854e-07,1,0,0,4.49769111026854e-07,0,0,4.49769111026854e-07,3.14838377718798e-06,0,0,0,4.49769111026854e-07,0,0,0,0,0,0,0,8.99538222053709e-07,0,1,0,0,1,8.99538222053709e-07,1,0,0,4.49769111026854e-07,1.79907644410742e-06,1,0,4.49769111026854e-07,4.49769111026854e-07,8.99538222053709e-07,0,1.34930733308056e-06,1.34930733308056e-06,0,0,4.49769111026854e-07,4.49769111026854e-07,0,1,0,0,4.49769111026854e-07,4.49769111026854e-07,0,0,4.49769111026854e-07,0,1,4.49769111026854e-07,0,3.14838377718798e-06,1,0,0,4.49769111026854e-07,0,0,2.69861466616113e-06,8.99538222053709e-07,0,0,4.49769111026854e-07,0,0,0
"515","15","shrubRedWet2_bin.29.orig",0,0,5.50120063703903e-07,5.50120063703903e-07,0,0,0,0,0,0,2.20048025481561e-06,2.75060031851952e-06,0,0,0,0,0,0,0,0,0,5.50120063703903e-07,0,0,0,0,0,0,1,0,0,0,0,5.50120063703903e-07,3.85084044592732e-06,0,0,0,5.50120063703903e-07,0,5.50120063703903e-07,1.65036019111171e-06,0,0,0,1.65036019111171e-06,0,0,1,0,0,0,0,0,0,0,0,1,1.65036019111171e-06,0,5.50120063703903e-07,1,0,5.50120063703903e-07,0,0,0,2.75060031851952e-06,1.10024012740781e-06,0,5.50120063703903e-07,0,0,0,0
"516","43","shrubRedWet2_bin.3.orig",7.15389628615013e-07,4.76926419076675e-07,2.38463209538338e-07,0,1,0,0,2.38463209538338e-07,1,0,2.38463209538338e-06,4.29233777169008e-06,2.38463209538338e-07,2.38463209538338e-07,0,2.38463209538338e-07,1,0,0,1,1,4.76926419076675e-07,4.76926419076675e-07,3.8154113526134e-06,0,1,1.19231604769169e-06,0,0,4.76926419076675e-07,0,0,1,2.38463209538338e-07,8.58467554338015e-06,1,0,2.38463209538338e-07,2.38463209538338e-07,4.76926419076675e-07,4.76926419076675e-07,1.66924246676836e-06,4.76926419076675e-07,1,7.15389628615013e-07,4.76926419076675e-07,2.38463209538338e-07,1,0,1,1.19231604769169e-06,2.38463209538338e-07,2.38463209538338e-07,1,1,0,7.15389628615013e-07,1,4.76926419076675e-07,1,1.66924246676836e-06,1,0,9.5385283815335e-07,7.15389628615013e-07,0,0,1.66924246676836e-06,7.15389628615013e-07,1,4.76926419076675e-07,2.38463209538338e-07,2.38463209538338e-07,0,9.5385283815335e-07
"517","31","shrubRedWet2_bin.30.orig",0,0,1.79435281282747e-06,0,0,0,0,0,0,0,0,3.58870562565494e-06,0,0,0,0,0,0,0,0,0,0,0,0,1,0,0,0,0,0,0,0,0,0,0,0,0,0,0,3.58870562565494e-06,0,0,0,0,0,0,0,0,0,0,0,0,0,0,0,0,0,1,0,0,0,0,0,0,0,0,0,0,1.79435281282747e-06,0,0,0,0,0,0
"518","17","shrubRedWet2_bin.31.orig",5.04282620151638e-07,0,0,5.04282620151638e-07,1,0,0,0,0,0,1.51284786045491e-06,1.51284786045491e-06,5.04282620151638e-07,0,1,0,0,1,0,0,0,0,5.04282620151638e-07,1.00856524030328e-06,0,0,5.04282620151638e-07,0,1,5.04282620151638e-07,0,0,0,0,1.00856524030328e-06,1,0,5.04282620151638e-07,5.04282620151638e-07,1.00856524030328e-06,0,5.04282620151638e-07,1.00856524030328e-06,0,5.04282620151638e-07,1.00856524030328e-06,0,0,0,0,0,1.00856524030328e-06,0,0,0,0,0,1,1.00856524030328e-06,0,2.01713048060655e-06,1,0,5.04282620151638e-07,5.04282620151638e-07,0,0,2.52141310075819e-06,1.51284786045491e-06,0,5.04282620151638e-07,0,0,0,0
"519","26","shrubRedWet2_bin.32.orig",3.62116265393562e-07,3.62116265393562e-07,3.62116265393562e-07,3.62116265393562e-07,0,1,0,0,0,0,7.24232530787125e-07,1.44846506157425e-06,0,0,0,0,1,0,0,0,0,3.62116265393562e-07,3.62116265393562e-07,1.08634879618069e-06,1,1,3.62116265393562e-07,0,0,7.24232530787125e-07,1,0,1,0,2.17269759236137e-06,1,0,3.62116265393562e-07,3.62116265393562e-07,1.44846506157425e-06,3.62116265393562e-07,1.44846506157425e-06,1.08634879618069e-06,1,3.62116265393562e-07,0,3.62116265393562e-07,0,0,1,7.24232530787125e-07,3.62116265393562e-07,3.62116265393562e-07,0,0,3.62116265393562e-07,0,1,0,0,2.53481385775494e-06,1,0,0,3.62116265393562e-07,0,0,2.17269759236137e-06,1.08634879618069e-06,0,0,3.62116265393562e-07,0,0,3.62116265393562e-07
"520","26","shrubRedWet2_bin.33.orig",2.52558735690969e-07,0,2.52558735690969e-07,2.52558735690969e-07,0,1,7.57676207072907e-07,0,0,0,2.52558735690969e-07,1.76791114983678e-06,0,0,0,0,1,0,0,0,0,2.52558735690969e-07,2.52558735690969e-07,7.57676207072907e-07,1,1,0,0,0,5.05117471381938e-07,1,0,0,2.52558735690969e-07,3.53582229967357e-06,0,0,2.52558735690969e-07,2.52558735690969e-07,1.01023494276388e-06,2.52558735690969e-07,7.57676207072907e-07,7.57676207072907e-07,1,2.52558735690969e-07,2.52558735690969e-07,2.52558735690969e-07,0,1,0,5.05117471381938e-07,2.52558735690969e-07,2.52558735690969e-07,1,0,2.52558735690969e-07,0,1,2.52558735690969e-07,0,2.02046988552775e-06,1,0,0,5.05117471381938e-07,0,0,2.02046988552775e-06,7.57676207072907e-07,0,0,2.52558735690969e-07,0,0,5.05117471381938e-07
"521","8","shrubRedWet2_bin.34.strict",0,5.58494321648608e-07,2.79247160824304e-07,0,0,0,0,0,0,0,8.37741482472912e-07,8.37741482472912e-07,2.79247160824304e-07,0,1,0,1,1,1,0,0,5.58494321648608e-07,0,8.37741482472912e-07,0,0,0,0,0,8.37741482472912e-07,0,0,0,0,1.11698864329722e-06,1,0,0,2.79247160824304e-07,8.37741482472912e-07,0,2.79247160824304e-07,1.39623580412152e-06,1,0,8.37741482472912e-07,0,0,1,0,2.79247160824304e-07,5.58494321648608e-07,2.79247160824304e-07,0,0,0,0,1,8.37741482472912e-07,0,2.23397728659443e-06,1,0,5.58494321648608e-07,2.79247160824304e-07,2.79247160824304e-07,0,1.11698864329722e-06,5.58494321648608e-07,0,0,0,0,0,0
"522","1","shrubRedWet2_bin.35.orig",0,0,0,0,0,0,0,0,1,0,3.54286799415569e-07,8.85716998538921e-07,1.77143399707784e-07,0,0,0,1,1,0,0,1,3.54286799415569e-07,0,7.08573598831137e-07,1,0,0,0,1,5.31430199123353e-07,0,0,1,1.77143399707784e-07,1.06286039824671e-06,0,0,0,3.54286799415569e-07,8.85716998538921e-07,0,0,7.08573598831137e-07,1,0,5.31430199123353e-07,0,0,0,0,1.77143399707784e-07,1.77143399707784e-07,1.77143399707784e-07,0,1,0,0,0,5.31430199123353e-07,0,2.12572079649341e-06,0,0,3.54286799415569e-07,3.54286799415569e-07,1.77143399707784e-07,0,5.31430199123353e-07,7.08573598831137e-07,0,0,0,0,0,1.77143399707784e-07
"523","15","shrubRedWet2_bin.36.strict",3.05290470144271e-07,0,3.05290470144271e-07,0,1,0,0,0,0,0,0,1.22116188057708e-06,0,0,0,0,0,1,0,1,0,3.05290470144271e-07,0,3.05290470144271e-07,0,1,0,0,0,9.15871410432813e-07,0,0,0,0,2.1370332910099e-06,1,0,0,6.10580940288542e-07,9.15871410432813e-07,0,0,1.83174282086563e-06,0,0,6.10580940288542e-07,0,0,0,0,0,3.05290470144271e-07,0,0,0,0,0,1,6.10580940288542e-07,0,2.1370332910099e-06,1,0,3.05290470144271e-07,6.10580940288542e-07,0,0,9.15871410432813e-07,6.10580940288542e-07,0,0,0,0,0,3.05290470144271e-07
"524","28","shrubRedWet2_bin.37.orig",2.11582177671479e-07,4.23164355342958e-07,2.11582177671479e-07,0,0,0,0,0,0,0,8.46328710685916e-07,8.46328710685916e-07,2.11582177671479e-07,2.11582177671479e-07,0,0,1,0,0,0,0,4.23164355342958e-07,0,6.34746533014437e-07,0,1,0,0,0,6.34746533014437e-07,0,0,1,0,8.46328710685916e-07,1,0,0,2.11582177671479e-07,6.34746533014437e-07,0,2.11582177671479e-07,1.48107524370035e-06,1,0,6.34746533014437e-07,0,0,1,0,2.11582177671479e-07,2.11582177671479e-07,2.11582177671479e-07,0,0,0,0,1,6.34746533014437e-07,0,1.69265742137183e-06,1,0,4.23164355342958e-07,2.11582177671479e-07,0,0,6.34746533014437e-07,8.46328710685916e-07,0,0,0,0,0,0
"525","31","shrubRedWet2_bin.38.strict",0,0,1.42288598272332e-06,0,0,0,0,0,0,0,0,1.42288598272332e-06,0,0,0,0,0,0,0,0,0,0,0,0,0,0,0,0,0,4.26865794816996e-06,0,0,0,0,0,0,0,0,0,4.26865794816996e-06,0,0,1.42288598272332e-06,0,0,0,0,0,0,0,0,1.42288598272332e-06,0,0,0,0,0,1,0,0,5.69154393089327e-06,0,0,0,0,0,0,0,1.42288598272332e-06,0,0,0,0,0,0
"526","18","shrubRedWet2_bin.4.orig",2.32832828124902e-07,2.32832828124902e-07,2.32832828124902e-07,2.32832828124902e-07,1,0,0,0,0,0,9.31331312499607e-07,2.09549545312412e-06,2.32832828124902e-07,0,1,0,1,0,0,1,0,2.32832828124902e-07,0,4.65665656249804e-07,1,1,2.32832828124902e-07,0,1,2.32832828124902e-07,0,0,0,0,2.09549545312412e-06,1,0,0,2.32832828124902e-07,1.16416414062451e-06,4.65665656249804e-07,1.16416414062451e-06,0,0,0,6.98498484374705e-07,0,0,1,1,0,2.32832828124902e-07,2.32832828124902e-07,0,0,0,0,1,6.98498484374705e-07,0,1.16416414062451e-06,1,0,2.32832828124902e-07,4.65665656249804e-07,0,0,4.65665656249804e-07,6.98498484374705e-07,0,4.65665656249804e-07,0,2.32832828124902e-07,0,2.32832828124902e-07
"527","30","shrubRedWet2_bin.5.orig",2.18001043788998e-07,0,0,2.18001043788998e-07,0,0,0,0,1,0,1.09000521894499e-06,1.52600730652298e-06,2.18001043788998e-07,0,1,0,0,0,0,1,1,4.36002087577995e-07,0,1.09000521894499e-06,0,1,2.18001043788998e-07,0,1,1.09000521894499e-06,0,0,0,0,1.52600730652298e-06,0,0,0,2.18001043788998e-07,8.72004175155991e-07,2.18001043788998e-07,1.09000521894499e-06,6.54003131366993e-07,1,2.18001043788998e-07,4.36002087577995e-07,0,0,0,0,2.18001043788998e-07,4.36002087577995e-07,2.18001043788998e-07,1,1,0,4.36002087577995e-07,1,4.36002087577995e-07,0,2.39801148167897e-06,1,0,6.54003131366993e-07,4.36002087577995e-07,0,0,1.30800626273399e-06,6.54003131366993e-07,0,4.36002087577995e-07,0,2.18001043788998e-07,0,2.18001043788998e-07
"528","18","shrubRedWet2_bin.6.orig",3.45998732260645e-07,6.9199746452129e-07,0,3.45998732260645e-07,0,0,0,0,0,0,1.72999366130323e-06,2.76798985808516e-06,3.45998732260645e-07,0,1,0,1,0,0,1,0,3.45998732260645e-07,0,1.03799619678193e-06,0,1,0,0,0,3.45998732260645e-07,1,0,0,0,2.76798985808516e-06,1,0,0,0,1.72999366130323e-06,3.45998732260645e-07,1.03799619678193e-06,3.45998732260645e-07,1,0,1.03799619678193e-06,0,0,1,1,3.45998732260645e-07,3.45998732260645e-07,0,0,0,0,0,1,1.03799619678193e-06,0,1.38399492904258e-06,1,0,6.9199746452129e-07,6.9199746452129e-07,0,0,1.03799619678193e-06,6.9199746452129e-07,0,6.9199746452129e-07,3.45998732260645e-07,3.45998732260645e-07,0,3.45998732260645e-07
"529","22","shrubRedWet2_bin.7.orig",0,3.89390510397505e-07,3.89390510397505e-07,3.89390510397505e-07,0,0,0,3.89390510397505e-07,1,0,7.78781020795011e-07,1.94695255198753e-06,0,0,1,0,0,1,0,0,1,3.89390510397505e-07,3.89390510397505e-07,2.33634306238503e-06,0,1,7.78781020795011e-07,0,0,1.94695255198753e-06,1,0,0,0,1.16817153119252e-06,1,0,3.89390510397505e-07,0,1.55756204159002e-06,0,3.89390510397505e-07,1.55756204159002e-06,0,3.89390510397505e-07,7.78781020795011e-07,0,1,0,1,0,7.78781020795011e-07,3.89390510397505e-07,0,1,0,0,1,7.78781020795011e-07,0,3.50451459357755e-06,1,0,3.89390510397505e-07,3.89390510397505e-07,0,0,1.55756204159002e-06,1.16817153119252e-06,1,0,0,3.89390510397505e-07,0,0
"530","13","shrubRedWet2_bin.8.orig",9.66409225986744e-07,6.44272817324496e-07,0,3.22136408662248e-07,1,0,0,0,1,0,1.28854563464899e-06,2.25495486063574e-06,3.22136408662248e-07,0,1,0,1,1,0,1,1,6.44272817324496e-07,3.22136408662248e-07,1.61068204331124e-06,0,1,3.22136408662248e-07,0,1,9.66409225986744e-07,0,0,0,0,1.28854563464899e-06,1,0,3.22136408662248e-07,3.22136408662248e-07,1.61068204331124e-06,0,6.44272817324496e-07,9.66409225986744e-07,0,3.22136408662248e-07,6.44272817324496e-07,0,1,1,1,3.22136408662248e-07,3.22136408662248e-07,3.22136408662248e-07,1,1,3.22136408662248e-07,0,1,6.44272817324496e-07,0,2.89922767796023e-06,1,0,3.22136408662248e-07,6.44272817324496e-07,0,0,2.57709126929798e-06,9.66409225986744e-07,0,0,0,3.22136408662248e-07,0,9.66409225986744e-07
"531","13","shrubRedWet2_bin.9.orig",6.40289513306337e-07,6.40289513306337e-07,3.20144756653168e-07,3.20144756653168e-07,1,0,0,3.20144756653168e-07,1,0,1.28057902661267e-06,2.88130280987851e-06,3.20144756653168e-07,0,1,0,1,1,0,1,1,6.40289513306337e-07,3.20144756653168e-07,1.92086853991901e-06,1,1,3.20144756653168e-07,0,1,9.60434269959505e-07,0,0,0,0,1.28057902661267e-06,1,0,3.20144756653168e-07,3.20144756653168e-07,9.60434269959505e-07,0,6.40289513306337e-07,1.28057902661267e-06,0,3.20144756653168e-07,9.60434269959505e-07,0,1,0,1,3.20144756653168e-07,6.40289513306337e-07,3.20144756653168e-07,0,1,0,0,1,9.60434269959505e-07,0,1.92086853991901e-06,1,0,6.40289513306337e-07,3.20144756653168e-07,0,0,1.92086853991901e-06,1.28057902661267e-06,0,0,0,3.20144756653168e-07,0,0
