"","guild","mat_ori$id","Resource.Acquisition.Substrate.uptake.secondary.metabolite.transport.siderophore.based.transport","Stress.Tolerance.Specific.temperature.low.destabilization.of.secondary.structures.in.mRNAs.RNA.degradation","Stress.Tolerance.Specific.temperature.low.destabilization.of.secondary.structures.in.mRNAs.mRNA.stabilization","Stress.Tolerance.Specific.temperature.high.heat.induced.transcriptional.regulation.heat.induced.transcription.factor","Resource.Acquisition.Substrate.degradation.complex.carbohydrate.depolymerization.mixed.linkage.glucan.breakdown","Resource.Acquisition.Substrate.assimilation.N.compounds.assimilatory.nitrate.reduction","Resource.Use.Chemotrophy.chemoorganoheterotrophy.fermentation.of.pyruvate.to.lactate.and.ethanol","Resource.Acquisition.Substrate.assimilation.P.compounds.phosphatase","Resource.Acquisition.Substrate.degradation.simple.compound.degradation.carbohydrate.degradation.maltose.degradation","Resource.Acquisition.Substrate.assimilation.P.compounds.phytase","Resource.Acquisition.Substrate.uptake.carboxylate.transport.dicarboxylate.transport","Resource.Acquisition.Substrate.uptake.ion.transport.metal.ion.transport","Resource.Acquisition.Substrate.uptake.N.compound.transport.amide.transport","Resource.Acquisition.Substrate.uptake.carbohydrate.transport.amino.sugar.transport","Resource.Acquisition.Substrate.uptake.lipid.transport.cell.membrane.lipid.transport","Resource.Acquisition.Substrate.uptake.carbohydrate.transport.monosaccharide.transport","Resource.Acquisition.Substrate.assimilation.C1.compounds.methanotrophy.formaldehyde.assimilation.with.RuMP.pathway","Resource.Acquisition.Substrate.assimilation.S.compounds.assimilatory.sulfate.reduction","Resource.Use.Chemotrophy.chemoorganoheterotrophy.aerobic.respiration.nonoxidative.pentose.phosphate.pathway","Stress.Tolerance.General.protection..repair..degradation.of.denatured.misfolded.proteins.ATP.dependent.proteases","Resource.Use.Phototrophy.pigments.accessory.carotenoid.carotene.betacarotene","Resource.Acquisition.Substrate.degradation.simple.compound.degradation.carbohydrate.degradation.EMP.pathway","Resource.Acquisition.Substrate.uptake.carbohydrate.transport.sugar.alcohol.transport","Resource.Use.Chemotrophy.chemolithoheterotrophy.anaerobic.respiration.methylotrophic.methanogenesis.from.trimethylamine","Resource.Acquisition.Substrate.uptake.vitamin.transport.vitamin.C.transport","Resource.Acquisition.Substrate.assimilation.C1.compounds.methanotrophy.methanol.oxidation.pathway","Resource.Acquisition.Substrate.uptake.carbohydrate.transport.carbohydrate.phosphate.transport","Resource.Use.Chemotrophy.chemolithoheterotrophy.anaerobic.respiration.hydrogenotrophic.methanogenesis","Stress.Tolerance.General.protection..repair..degradation.of.denatured.misfolded.proteins.heat.shock.proteins","Resource.Acquisition.Substrate.uptake.carboxylate.transport.monocarboxylate.transport","Stress.Tolerance.Specific.envelope.stress.misfolded.protein.secretion.stress.sensing.misfolded.proteins.secretion.stress.two.component.systems","Resource.Acquisition.Substrate.degradation.simple.compound.degradation.sugar.acid.degradation.galacturonate.degradation","Resource.Acquisition.Substrate.uptake.biopolymer.transport","Stress.Tolerance.Specific.pH.stress.membrane.stabilization.cyclopropane.fatty.acid..CFA..synthase","Stress.Tolerance.Specific.oxidative.stress.scavenging.of.reactive.oxygen.species.ROS.scavenging.enzymes","Resource.Acquisition.Substrate.assimilation.N.compounds.ammonia.assimilation.to.glutamate","Resource.Acquisition.Substrate.uptake.nucleic.acid.component.transport.nucleotide.transport","Resource.Acquisition.Substrate.degradation.simple.compound.degradation.carbohydrate.degradation.fructose.degradation","Resource.Acquisition.Substrate.assimilation.N.compounds.ammonia.assimilation.to.glutamine","Resource.Acquisition.Substrate.uptake.free.amino.acids.transport","Resource.Acquisition.Substrate.degradation.complex.carbohydrate.depolymerization.xyloglucan.breakdown","Resource.Acquisition.Substrate.uptake.carboxylate.transport.tricarboxylate.transport","Resource.Acquisition.Substrate.uptake.vitamin.transport.vitamin.B.transport","Stress.Tolerance.Specific.envelope.stress.phage.resistance.phage.shock.system","Resource.Acquisition.Substrate.degradation.simple.compound.degradation.sugar.acid.degradation.glucuronate.degradation","Resource.Use.Chemotrophy.chemolithoautotrophy.sulfide.oxidation","Resource.Acquisition.Substrate.assimilation.N.compounds.ammonia.assimilation.to.aspartate","Resource.Acquisition.Substrate.uptake.peptide.transport","Resource.Acquisition.Substrate.uptake.carbohydrate.transport.oligosaccharide.transport.tetrasaccharide.transport","Stress.Tolerance.General.biofilm.formation.EPS.biosynthesis.export","Resource.Acquisition.Substrate.uptake.nucleic.acid.component.transport.nucleoside.transport","Stress.Tolerance.General.scavenging.of.reactive.oxygen.species.ROS.scavenging.enzymes","Resource.Use.Chemotrophy.chemoorganoheterotrophy.aerobic.respiration.electron.transport.chain..ETC.complex.IV","Resource.Use.Chemotrophy.chemoorganoheterotrophy.aerobic.respiration.electron.transport.chain..ETC.complex.III","Resource.Acquisition.Substrate.degradation.simple.compound.degradation.carbohydrate.degradation.trehalose.degradation","Resource.Acquisition.Substrate.degradation.complex.carbohydrate.depolymerization.xylan.and.heteroxylan.breakdown","Resource.Acquisition.Substrate.degradation.simple.compound.degradation.phenol.degradation.resorcinol.degradation","Resource.Use.Chemotrophy.chemoorganoheterotrophy.aerobic.respiration.electron.transport.chain..ETC.complex.II","Resource.Use.Chemotrophy.chemolithoautotrophy.sulfite.oxidation","Resource.Use.Phototrophy.pigments.core.anoxygenic.bacteriochlorophyll.g","Resource.Use.Phototrophy.pigments.accessory.carotenoid.xanthophyll.OH.spheroidenone","Stress.Tolerance.Specific.temperature.low.cold.sensing.machinery.cold.sensing.two.component.system","Resource.Acquisition.Substrate.degradation.simple.compound.degradation.alcohol.degradation.glycerol.degradation","Stress.Tolerance.Specific.desiccation.osmotic.salt.stress.enhancement.of.microenvironment.EPS.biosynthesis.export","Resource.Acquisition.Substrate.uptake.lipid.transport","Resource.Acquisition.Substrate.assimilation.C1.compounds.methanotrophy.formaldehyde.oxidation.pathway","Stress.Tolerance.Specific.desiccation.osmotic.salt.stress.accumulation.of.compatible.solutes.transport.of.compatible.solutes","Resource.Acquisition.Substrate.assimilation.C1.compounds.methanotrophy.formaldehyde.assimilation.with.serine.pathway","Resource.Acquisition.Substrate.assimilation.C1.compounds.CO2.fixation.Calvin.Cycle","Resource.Acquisition.Substrate.uptake.organophosphorus.compound.transport","Resource.Acquisition.Substrate.uptake.nucleic.acid.component.transport.ribonucleoside.transport","Resource.Acquisition.Substrate.assimilation.C1.compounds.methanotrophy.PHB.cycle","Resource.Acquisition.Substrate.degradation.complex.carbohydrate.depolymerization.chitin.breakdown","Resource.Use.Chemotrophy.chemoorganoheterotrophy.fermentation.of.pyruvate.to.alcohols","Resource.Acquisition.Substrate.uptake.ion.transport.inorganic.ion.transport","Resource.Acquisition.Substrate.uptake.N.compound.transport.nitrogen.transport","Resource.Acquisition.Substrate.uptake.carbohydrate.transport.carbohydrate.derivative.transport.glycoside.transport","Stress.Tolerance.Specific.pH.stress.consumption.of.excessive.cytoplasmic.protons.decarboxylase.and.antiporter.systems","Resource.Acquisition.Substrate.uptake.lipid.transport.lipid.precursor.transport","Stress.Tolerance.Specific.desiccation.osmotic.salt.stress.osmotic.sensing.two.component.systems..osmotic.sensors.salt.potassium.sensors","Resource.Use.Phototrophy.pigments.core.chlorophyll.a","Resource.Use.Phototrophy.photosystem.anoxygenic.anoxygenic.photosystem.II","Resource.Acquisition.Substrate.uptake.carbohydrate.transport.oligosaccharide.transport","Resource.Use.Phototrophy.pigments.accessory.carotenoid.carotene.lycopene","Resource.Use.Phototrophy.pigments.accessory.carotenoid.carotene.gammacarotene","Resource.Acquisition.Substrate.uptake.carbohydrate.transport.polysaccharide.transport","Resource.Acquisition.Substrate.uptake.carbohydrate.transport.oligosaccharide.transport.disaccharide.transport","Resource.Acquisition.Substrate.degradation.simple.compound.degradation.carbohydrate.degradation.galactose.degradation"
"1","1","grassAmbDry1_bin.1.orig",0,0.499543873269062,0,0,0.415235245417945,0,0,0,0,1.44308978763745,0.676403101011948,0.474111637064025,0.829184227110324,0,0,0.578412171397138,0,0.984718992373874,0,0.80291285480484,1.29777995892262,2.07773388292384,0,0,0,0,0,0,0.465609064599169,0,0,0,0.568281033796794,0,0.580789751121258,0.581970273090714,0,0.81072455649382,0,0.401371607048258,1.16320301136029,0,0.203819494136035,0,0,0,0.741186761564411,0.518103034467971,0,0.832481426290955,0,0.534286535095454,0,0,0,0.808387186514091,0,0,0,0,0,0,0,0.832481426290955,0.674147411466346,1.05882803938292,0.587968092222109,0.550641129765867,0,0,2.11305387167742,0,0.801552240295489,0,0.514664292393984,0,0,0.415968915458294,0.666306541867241,0,0,0,0,1.11430833044674,1.29777995892262,0,0.236798384547618,1.30988322869743
"2","2","grassAmbDry1_bin.10.strict",1.70520667845686,1.34606773718592,0.836067010435516,0,0,0,0,1.15551788757866,1.23018514683209,0,0.683486806909268,1.27753819559418,0,0,0,0.584469656502511,0,1.32670876048836,1.25582287458604,1.08176193069084,1.74849480310941,0,0.831869627302094,0,0,0,0,0,1.04552268168293,1.34694943633616,1.89336129140542,0,1.14846483889791,0,1.56499236184503,0.784086694410076,1.41715294745892,1.09228661148338,0.849782859365183,1.44204449907346,0.783589855252943,1.02909069044106,0.549210709903554,1.00125346213861,0,0,0.998598561966345,0,0,1.12159957282993,1.71343505308631,1.43968509231917,1.18706569215735,1.10476190865592,1.18216013908285,0.326741244107409,0,1.71042809212325,0,0,0,0,2.27650175680077,1.12159957282993,1.81655331841791,0,0.792167537012961,0.741877039442957,5.92831686902126,0.88800473752477,0,1.30053165078565,0.539964389549083,0,1.24813000997416,1.33932872837868,0,1.12086718851428,0.897712680584045,0,0,0,2.12506433691166,1.50130406272041,1.74849480310941,0.646659215645576,0.319037708911717,0
"3","3","grassAmbDry1_bin.11.orig",0,0,0.982336307741636,0,0.328659814107611,0,0,1.35767487658932,0,0,0.2676874372943,0.750521273052724,0,0,0,1.14453697528507,0,1.55881546450173,0,0.635507685141619,0,0,0.977404595572638,0,0,0,0,0,0.982748873442127,0.791298615714959,0,0,1.34938790232422,0,1.83878660345405,0.921262074358028,1.66508279424492,0,0.99845173416911,0.847164552085989,0.920678313562458,1.20912933599971,0.645294712271666,0,0,0,0,0.820159891896663,0,0.878548385385528,1.00659961617617,1.6915569209731,1.39474194595143,1.29803917716756,0,0.89577688678857,0,0,0,0,0,1.69407440844513,0,0.878548385385528,0.533589490243405,0,0.930756654322165,0.871667871867191,0,0.521680250643283,0,1.52805868906179,0.634430755096181,0,1.46648942043637,0,0,0,1.05476684171333,0,0,0,0,0,0,0.759791761109524,0.749706234287205,0
"4","4","grassAmbDry1_bin.12.orig",1.52853045521983,0,1.1241633382633,1.32391709483005,0.376110819551811,0,0,0,0,0,0.612670835330771,0.687103586096478,0,0,2.00925777539812,0.523912837899763,2.82854165906455,0,1.68856086574527,0.727260547320297,0,0,1.11851959897405,0,2.20982307518856,0,0,0,0.843476601803793,0.905544146536029,0,0,0,0,1.05213279311895,1.05427137403342,1.90548289594062,1.46867242479264,1.14260546590072,1.21184481758689,0.351201110483372,1.38370012391624,1.47692119734163,1.34627059840467,0,0,1.34270085889437,0.938572334869567,1.8010041661904,0,1.15192971683662,0.967889642354356,1.59611097505008,1.48544652488301,0,0.732219074825813,0,2.29981631843001,0,0,0,1.93866024013944,0,0,0,0,1.06513675549573,0.997516896171577,0,1.19399803803939,0,0,1.08904219958865,0,1.11881143583476,0,0,0.753550723005828,1.2070511947134,0,0,0,0,0,0,1.73897683679727,1.28692015617951,0
"5","5","grassAmbDry1_bin.14.orig",0,0,1.29882927701773,1.52961960649422,0.869097447336625,6.49171761615309,0,0,1.91109141362433,0,0.353932027053945,0.992327164111985,0,2.67716110137465,4.64288904456581,0.605315357037805,0,0,0,0,0,0,0,0,0,0,0,0,0.64968738237788,0,0,0,0,0,0.607803523073653,1.21807790728326,2.20154570769729,1.69686617481785,1.3201368348171,0.280026838575912,0.811537378761423,1.59869137373927,1.70639659350473,1.55544626699668,3.87327848019429,3.53498408179197,0,0,2.08083368266821,0.580801277130184,1.33090983344604,0,0,1.71624653668471,1.83648461140016,1.52277660244543,0,0,0,0,0,2.23987795401097,0,0.580801277130184,0,2.21615278652446,1.23063148830558,1.15250524987682,0,0.689757242440898,0,0,1.25825122078676,0,1.29264582722416,0,0,0.870633036538872,1.39459576486011,0,0,0,3.30128535377729,0,0,1.50687668162438,1.48687429943448,0
"6","6","grassAmbDry1_bin.15.strict",2.11014726165003,1.24929188298839,0.775957777544737,0,0.519223685235673,0,0,1.07244165930152,1.14174069852024,1.80448650718199,2.32594033235691,1.65996500430215,1.03683898438384,1.59941265192434,1.38689738834664,2.53142901249861,0,1.23132472443975,1.16553519585233,1.00398840415209,1.6227863610628,2.59806616980429,1.5441243325031,0,1.52533830612147,0,2.67454523157011,0,0.970354584411469,3.12527548043097,5.27171291809328,0,1.06589569120217,1.17688220697312,0.726238435325405,0.727714598474482,1.31526640547434,1.01375641056213,0.788687522313712,3.34592093293685,0.242417826561511,1.9102079500318,1.52917523311392,0.929268110740718,0,0,0.926804085236107,3.23926460791494,1.24314958741218,0.346987303236567,2.38537085992817,0.668089298259922,1.10172132710536,0,0,0.606500212172509,0,1.58745646514946,0,0,0,0,2.11283213155802,0.346987303236567,1.68595179352527,1.32399309236361,1.470428934024,0.68853961650485,0,2.06040357405078,0,0,0.751715285565836,4.06687705733559,0.772263607691719,1.24303737679253,3.50935370062221,1.5604232705031,1.66634283569415,4.04559647315259,0,0,1.97228234032412,1.39336745665946,1.6227863610628,0.900251250566232,2.07270292846264,0
"7","4","grassAmbDry1_bin.16.orig",0.798806554451012,0.945851090765321,1.17497042968516,1.38375215134053,0.393109325145528,0,0,0,0,0,0.320180391114817,1.07723633432294,0,0,2.10006712668193,0.547591325310128,2.95637893125727,0,1.7648761691867,0.760129430210838,0,0,0,0,2.30969706963913,0,0,0,1.46932987333474,0,0,0,0,0,1.09968443013508,1.101919665221,0,1.53504976660356,1.19424605796523,1.13995324327903,0.367073810046191,1.44623710257706,1.54367134631211,1.40711593203509,0,3.19788122966418,1.40338485646669,0,1.88240139754306,0,1.20399172281281,1.01163387050304,1.6682479621485,1.55258198004615,1.66135392168063,0.612249648561483,0,2.40375759988514,0,0,0,2.02627890257409,3.19929170028354,0,0,0,1.66991416907223,1.04260014200749,0,0.623980670800793,0,0,1.13826197461017,0,1.16937664550625,0,0,1.57521560553213,1.26160444183798,0,0,0,0,0,0,1.36317803534281,1.79344415816861,2.48017150632002
"8","4","grassAmbDry1_bin.17.orig",1.55321664924926,0.919566604518497,1.1423188903456,1.34529872590599,0.382185114399072,0,0,0,0,0,0.933848460816256,1.04730075155464,1.52637268725633,0,0,0.798561264974249,0,0,0,0.739006008406654,0,0,0,0,2.24551233543098,0,3.93730642248784,0,0.857098984648899,0.920168937574547,0,0,0,0,0.534562515883421,1.07129815136074,0,1.49239189490217,1.16105886349838,0.98513316005166,0.713746213135348,1.40604726761945,1.50077388743312,1.36801324481047,0,0,1.36438585300944,0,1.8300908868001,0.510814070903949,1.17053370369274,0.983521330574004,0,1.50943690139686,1.61518615306265,1.041662464524,0,2.33695899470114,0,0,0,0,0,0.510814070903949,0,1.94910388665683,0.541169505885107,1.01362707282029,0,1.21328144003975,0,0,1.10663053546607,0,1.13688055319716,0,0,0,1.22654540884201,0,0,0,0,0,0,1.32529634902689,1.30770427635673,2.41124941648568
"9","1","grassAmbDry1_bin.18.strict",0,0.851554614831168,0,0,1.06175505815608,0,0,0,0,2.45998366517152,0.576520114623243,0.646560951445519,1.41348076300137,0,0,0.985998588281063,2.66164319804796,0,1.58892711669915,0.684348446055371,0,0,0,0,0,0,3.64609962736688,0,1.05827620991384,0,0,0,0.968728399537467,0,0.990051563594229,0.992063957269328,0,0,0,0.79823783179513,0.991435332623779,0,0,0,0,0,1.26347462362328,0,0,1.41910138078597,0,0.910779190675075,0,0,0,1.24022591102447,0,0,0,0,0,0,0,1.41910138078597,1.14919503577106,0,1.00228822551395,0,0,0.561773015830564,0,0,1.36637750110939,0,0.526397912250072,0,0,0.709087366574584,1.13582898516231,0,0,0,0,0,0,0,0.403661756126632,0
"10","7","grassAmbDry1_bin.19.orig",0,0.52814706505098,0.656083383545914,0.77266352454819,0.439011041689003,0,0,0.906764740108004,0,0,1.07269951161554,0.902265505469662,0.876662169969217,0,0,1.22306250585771,0,1.0411026409328,0.985476654871928,0.424443267597114,0,0,0.652789588558381,0,0,1.92083883390958,0,3.15068380628532,0.820448660227857,1.05698602220455,0,0,0.901230030587085,0,0.921067454373014,0.615293086607883,0,0,0,0.777981582668949,0.409935469390029,0.807554052166785,0.646469750036202,0,0,0,0,0.547768898170195,0,1.17353088295732,1.34457675411621,1.12975808735395,0,0.866935212126181,0.927671603187131,0.427337159785637,0,1.34221711416127,0,3.40172006188612,4.65992521253559,0,0,1.17353088295732,0.71274816053222,0,0.62163433257337,0.582170079835128,0,1.0452603897681,0,1.0205607866426,0.423724006889264,0,0.435306606782089,1.05100585578326,0,1.31936016198565,1.40891666715291,0,4.03819724019125,2.97407402140004,0,1.178112085403,0,0.507450193472999,0.500714265552711,0
"11","4","grassAmbDry1_bin.2.orig",0.991094061044438,1.17353493591971,1.45780753584841,1.71684687801992,0.487738007809265,0,0,0,0,0,0.794507461984631,0.891031357833975,0,0,0,0.679406681593026,3.66803399977068,2.3133146084888,0,0.943106637907857,0,0,2.90097754459345,0,2.86568385771986,0,0,0,0.729209895969394,0,0,0,0,0,1.36439880426239,1.36717210176019,2.47101753862915,1.90456462658099,1.48172316423783,1.25720983577797,0.910870525722619,1.79437311228791,1.91526157992765,0,0,0,1.74120553825417,0,0,0.65189204894956,1.49381479079941,1.25515284698186,0,0,0,1.51925891740549,0,0,0,0,0,2.51404169779377,3.96942036345576,0.65189204894956,0,0,1.38126225613233,0,0,1.54836870977406,0,0,0.470754225647773,0,0.725433612197771,0,3.29654680884337,1.95439912555594,0,0,0,0,0,0,0,1.69132019191179,0.556289831396457,0
"12","4","grassAmbDry1_bin.20.orig",1.95634414014359,1.15823426119661,0,1.69446244375562,1.4441364816031,0,0,0,0,0,1.56829717647183,1.31912099272321,1.9225329987497,2.9656712838297,0,1.0058227562994,3.62020977793806,0,0,0.930810312119727,0,0,0,0,2.82832076334224,0,0,0,1.07955356836495,0,0,0,0,0,1.34660962589401,1.34934676484073,2.43880014617121,0,1.46240429824437,0.77551137419389,1.79798899566513,1.7709778826423,0.472572548359466,1.7230723714025,0,0,1.71850351315766,1.20126522906532,2.30507932299854,0,1.47433827287823,1.23878802915529,2.04283947525862,1.90120163751241,2.0343974340685,0.749725328112393,0,2.94350182072104,0,0,0,2.48126335172085,3.91766663379549,0,0,0,1.36325321026459,0,0,1.52818091198933,0,0,0.464616481418187,0,1.43195066146469,0,0,0.964458729768257,1.54488745943323,0,0,0,0,0,0,1.66926857732669,1.64711059421603,0
"13","4","grassAmbDry1_bin.21.orig",0.998780279590823,0,0,0,1.47456166761845,0,0,0,0,0,0.800669095102595,1.12242695179175,0,0,0,0.684675675164732,3.69648065490258,0,0,0.950420700231939,0,0,0,0,2.88790805750173,0,0,0,0.734865127744975,0,0,0,0,0,0.687490054051222,1.37777491331732,0,1.91933507121486,1.49321435212122,1.42532984074622,0.917934587756033,0,1.4475862368758,1.75937420165584,0,0,1.75470908633022,1.22657358358282,2.35364292351399,0.656947658657883,1.50539975271292,0,0,0,2.07725828631424,1.14828090436091,0,0,0,0,0,2.53353881182511,4.00020435623222,0.656947658657883,0,2.50670313868655,1.39197434087564,1.30360530410436,0,1.56037675296743,0,0,1.42321517883648,0,0.974746077080279,0,0,0.984778025507359,1.57743527532515,0,0,0,0,0,0,1.70443686482702,2.24241607401085,0
"14","4","grassAmbDry1_bin.3.orig",0.738410380549856,0.874337172102346,1.08613325376996,1.27912940494119,1.45354844554525,0,0,0,0,0,0.591944377847974,1.16175341200379,0,2.23874973359006,0,0.506189034948447,2.73285300366565,0,1.63143739426145,0.7026575567033,0,3.6365974337521,0,0,0,0,0,0,0.814942059408633,0,0,0,0,0,1.01653947882146,1.0186057122308,1.8410210218813,1.41898770860701,1.10395149015562,0.819593947776603,1.01796026931342,0,1.07021807087351,1.30072669667298,0,0,1.29727772030321,1.81364146876597,1.7400767739852,0,1.11296030467863,0.935146246776423,0,1.43519434628153,1.5357422578728,1.1319173421067,0,2.22201427140348,0,0,0,0,0,0,0,1.8532360483943,1.02910352132974,0.963771220117468,0,0.576802734046699,0,0,1.05220025193079,0,1.44128320597439,0,0,0,1.16621704067165,0,0,0,0,0,0,0.84007390460675,0.828922707224365,0
"15","8","grassAmbDry1_bin.4.orig",0.543120921901331,0,0.798880554273847,0.940834473542256,0.534562211317317,0,0,1.1041229458645,1.17546916657881,0,0.870782385187214,0.976572843146292,1.06746852278253,1.64666132985341,1.42786809590221,0.93078951271252,0,0,0,0.516823747376702,1.67072552799968,0,0.794869861683093,0,0,0,0,0,0.799216071461683,0.64352001624759,0,0,0,0,0.747692439637006,0.749212210517404,1.35412104296168,1.04370406045946,0.811986351845697,0.77507182804681,1.24789578282278,0,0.524783002874773,0.956719869122976,0,0,0,0.666991318419141,1.27987380264372,0.714475496367158,0.818612579994507,0.687825503324555,0,0,1.12958020752309,0.936625496300884,0,0,0,0,0,1.37769834193661,2.17524787197503,0.714475496367158,0.433939236859059,1.36310552724784,0.756933634681993,0.708879949903181,0,0.424254101679033,0,0,0.773921908340351,0,0.927590129618656,0,0,0.535506717554382,0,0,0,0,0,1.43452929823759,1.67072552799968,0.926845814103091,0.914542800571278,0
"16","2","grassAmbDry1_bin.5.orig",0.80855591310059,0.957395114110627,0,1.40064071582511,1.19372156213657,0,0,1.6437318112208,1.74994647964857,2.76573727721986,0.324088162587331,0.726922601448631,0,2.45142048747836,0,1.38568656445985,0,1.88725195627192,0,0.769406738207288,2.48724538193661,0,1.18334002777759,0,0,0,0,0,0.89235774350647,0.958022225536919,0,0,1.63369880298504,1.80380788538313,0.556552987438527,1.11536849079635,0,0,1.20882171845534,0.512829451149807,1.11466173382061,0,1.17188378211519,1.42428964925924,0,0,0,0.992964462879833,0,1.06365518995435,0,1.02398076647007,0,1.57153109666518,0,1.23944419554335,0,2.43309523465709,0,0,0,0,0,1.06365518995435,1.2920295342719,2.02928480526583,0.563431771330319,1.05532497839734,0,0.631596296030886,0,1.85001484518372,1.53620580619151,0,1.1836487771631,1.90520394377544,0,0.797220481707652,1.27700220504967,0,0,5.39123309682105,0,2.13561492447305,2.48724538193661,0.459938498227428,0.907666487476144,0
"17","9","grassAmbDry1_bin.6.orig",1.40070669595351,0.552849726811286,0.686769923304925,0,0.229772302570191,0,0,0.949176227652477,1.01051010074018,0,1.12287215283496,1.25928873784931,0.917665690571409,0,0,1.60033496581888,0,0,1.03156968101727,0.888590925011781,1.43626482906555,0,1.36664413979056,0,0,2.01068091606817,2.36713552813775,0,0.51529376685171,0.553211853560834,0,0,0.943382646945324,1.04161247739444,1.28553055066392,0.644071769682572,1.16409092679154,0.897236205988653,0.69803652323043,2.73924314482115,0,1.69065045200112,0.676706637884614,0.82245891156922,0,0,0,0.573389318522257,0,1.2284196410046,0.703732861904859,1.18259949034496,0.975090518086757,0.907483780376172,0.97106095315154,0.357859766988949,0,1.40499571802764,0,0,0,0,0,1.2284196410046,0.746085043182905,1.17181457653008,1.30141922082453,0.609399523148894,0,1.45886618625608,0,0,0.443542560308465,0,1.36700071569306,1.10016383446295,0,0.460356564415796,1.47481496363171,0,0,0,0,1.23321511690168,1.43626482906555,0.531184814602354,0.524133831728497,0
"18","10","grassAmbDry1_bin.7.permissive",0.811141623673388,0.960456803016479,1.19311417362874,0,1.99589834674578,0,0,1.64898836139161,1.75554269759831,0,0,0.546935440397831,0,0,0,0.834070741370134,0,0,1.79212916253601,1.54373450439924,0,0,0,0,0,0,0,0,0.895211447022475,0,0,0,1.0926155121542,0,1.67499842587261,1.11893536855025,0,0,1.21268745370926,0.128617361809286,1.86371058568413,0,0,0,3.55802223964489,0,1.4250557469391,0.996139900309058,0,0.533528345924585,0,2.05451078414543,0,0,0,1.39883384198079,0,0,0,0,0,0,0,0.533528345924585,0.648080681424004,0,0,1.05869984080347,0,0,0,0,1.15583887125903,0,0.593717005472972,0,0,0.799769942289169,1.2810859771792,0,0,0,0,0,0,0.461409352398963,0,0
"19","4","grassAmbDry1_bin.8.orig",0.839614710094232,0,1.23499544563376,1.45444307500522,1.2395756027349,0,0,0,0,0,0.673074512886239,0.377422822211372,0,2.54558611045263,4.41470401544035,1.15113159572497,3.10740970447119,0,0,0.798961710597363,0,0,0,0,2.42769119097092,3.61574042441633,0,0,0.926635593129745,0.994822423688022,0,0,0,0,1.15586335497405,1.15821278018619,2.09334588499855,0,1.25525579647851,1.59758580938617,1.15747887478314,1.52012015780503,0.405632991708915,0,0,0,0,1.03110688590191,1.9785665188555,0,0,1.06331460873861,0,1.63189781281886,0,1.60881820610352,0,0,0,0,0,0,0,0,0,2.10723506669839,1.75522408164443,0,0,0.655857600441035,0,0,0.797607791689042,0,1.0242632459395,0,2.7927008162094,1.6556877088768,1.3260552780709,0,0,0,0,0,0,1.9104238684968,2.35633096733572,0
"20","6","grassAmbDry1_bin.9.strict",1.86717017561927,1.10543969463778,0,0,0.459436645568088,0,0,0,2.02054540866568,0,1.49681114601912,1.67865719539868,0,0,2.45440068305013,3.51990980758962,0,2.17908280029588,2.06265467427928,0.888382170746942,2.87185482250073,0,2.73264615555155,0,2.69940041122303,0,4.7331588467693,0,0,2.21232755597991,3.10979406160615,0,1.88632204121863,0,0.642614272222721,1.28784091928429,2.32763490011148,1.79405084142263,1.39574507079256,2.22048617986313,0.42900829152574,1.69025327205896,2.25515887007597,1.64453138703919,0,0,1.64017078622446,2.29301845487633,0,1.22813105169781,2.81427014338102,0,0,0,0,0.715551391921817,0,0,0,0,0,0,3.73909178172752,1.22813105169781,1.4918195348796,0,1.30111348192371,1.21851271713131,0,1.45852345876513,0,0,1.33031508015998,7.19717688653586,1.36667956990886,0,0,0.920496828184209,2.94893697867516,0,0,0,0,2.46585080201337,2.87185482250073,1.06212004957848,2.09604279353495,0
"21","11","grassAmbDry2_bin.1.orig",0.858286318907016,1.01627990707347,1.26245965221473,1.48678742511065,1.68952221900111,0,0,1.74482989075308,0,0,0,0.771632132817063,0,0,0,0.882548109264424,0,0,0,1.63345853113817,0,0,0,0,0,0,0,0,0.947242398964512,0,0,0,1.15611986678806,1.91475147837838,1.18156779791156,1.1839694703604,0,0,1.28317055894044,0.408278352853734,1.18321924414445,0,0.414653582286584,1.51189089129573,0,0,0,1.05403695630952,0,1.69361329769663,1.29364189365937,1.08696092434098,0,0,0,1.15121691832501,0,0,0,0,0,0,0,1.69361329769663,0.685748044706596,0,1.19617152786859,1.12023296878245,0,0.670442762426765,0,1.96380040720639,1.63069047559567,0,0.837632900310195,2.02238392320893,0,1.69250739872337,0,0,0,0,0,0,0,0,0.48174635526674,0
"22","12","grassAmbDry2_bin.10.orig",0,1.59571412756226,0,1.16724127005665,0.331600877736274,0,0,1.36982424206598,1.45833955014858,0,1.35041440047641,1.51447485954301,1.32434912762815,0,0,0.692867425797086,0,1.57276476791411,1.48873213979722,0.641194624822944,2.0727767126518,0,1.97230210620903,0,0,2.90175773649701,0,4.75965028858565,0.991543155078412,0,0,0,1.36146311051863,1.50322561902142,0.927620636144189,0.92950613177867,0,0,1.00738653530479,0.961588728300198,0.309639049036178,1.21994941852825,1.62767308173094,0,0,0,1.18380211416728,0.827499220662167,0,1.32961531904342,0,0.853347041010449,1.407223011882,1.30965488328274,0,0.645566347165494,0,0,0,0,0,0,2.69870966697536,1.32961531904342,0.538364399054976,0,0.939085675473095,0.87946812782846,7.02780307352117,1.57904576329813,0,1.54173276067004,0.640108057700958,0,0.657605568816635,1.58772527881238,0,1.32874710419286,0,0,0,0,0,1.77974112035247,2.0727767126518,1.14988631435579,0,0
"23","3","grassAmbDry2_bin.13.orig",0.83773541587935,0,0,1.45118762173139,0.412267027795195,0,0,1.70305148989228,0,0,1.34313596508394,0.75315608725368,1.64651397287508,0,0,0.86141627923148,0,0,0,1.59434681849212,0,0,0,0,0,3.6076473789034,0,0,1.2327486955567,0.992595730892869,0,4.73849959434724,1.12843760418253,1.86890445613486,0.576638103607196,1.15562037375115,0,0,1.25244618043896,0.797004981176943,0.384962703678368,0,0.809450141638217,0,0,0,0,1.0287989782601,0,1.65306123263325,0,1.06093461114116,1.74954798827462,1.62824516585825,0,0.802608608901779,0,0,0,0,0,0,0,1.65306123263325,1.33865683459174,0,0,1.09340998605198,0,0.654389606396294,0,1.9167789519587,0.397911260394806,0,0.204394131258315,0,0,0,0,0,0,0,0,0,0,0.953073900885673,0.470211366984944,0
"24","4","grassAmbDry2_bin.14.orig",1.94626873018097,0,1.43139048712185,1.68573575634067,1.43669900330081,0,0,0,0,0,0.390055063877232,0.656163679687258,0,2.95039771647218,2.55837596547457,0.33354754897508,3.60156525782784,0,0,0,0,0,0,0,2.81375456784947,0,0,0,0.715995824234948,0,0,0,0,0,0.669837211372696,0,2.42624002917268,0,0,0.617213917131148,1.78872913393227,0,0,1.71419833938486,0,0,0,1.19507856721563,2.29320788448268,0,0,0,0,0,2.02392004016088,1.11879622740306,0,0,0,0,0,2.46848454405566,0,0,0,0,1.35623229063473,1.27013232625888,0,0.760155297330753,0,0,0.92444730020205,0,1.66200526521907,0,0,0,1.5369311013567,0,0,0,0,0,0,1.66067164138419,1.09241851638542,0
"25","7","grassAmbDry2_bin.15.orig",0.686471307155546,1.62567427879559,1.00973568912365,1.18915667731704,0,0,0,1.39554322314568,1.48572044044548,2.34813604499079,0.825461372554281,0.617163884812589,1.34921429580842,0,0,1.41175256053461,0,1.60229403602502,0,1.30646660485367,2.11169389882652,0,1.00466642135224,0,0,0,0,0,1.2626997026633,0,0,0,1.3870251081128,1.53144926265896,0.945037073127481,0.946957969673305,0,0,1.02630060796156,0.435396857502014,0.315452642195901,0,0.663293309886346,1.20923483639587,0,0,1.20602845769472,0.843035839263379,0,0.451526454002883,2.06935150233411,0.869368962457145,0,1.33424416133004,1.42771962987697,0.394612263330489,0,2.06571993242129,0,5.235368303843,7.17179083291786,0,0,0.451526454002883,0.548472399313749,0,0,0.895980482804527,0,1.07246197302124,0,1.57067939081715,0.652126334585985,0,0.669952368254778,1.617535436314,0,0.67684742304388,1.08418645975804,0,0,4.57720581989556,0,1.81315644970309,2.11169389882652,0,0.385308542070804,0
"26","10","grassAmbDry2_bin.16.orig",0,1.50715505166608,0.936121254152905,0,1.25279065813781,0,0,0,1.3774045000207,0,0.765281393590181,0.429127322198093,1.25085028915773,0,0,0.436276407696428,0,0,1.40611035919119,1.21121910398745,0,0,0,0,0,0,0,0,0.936514410262397,0,0,0,0.857269678084452,0,0.876139468621625,0.877920322861941,0,0,0,0.403654398561231,1.75472805142442,0,0,0,0,0,1.11810336558582,0.781574599816325,0,1.2558242170421,0,0.805987915672583,0,0,1.3236322187038,1.09752957382439,0,0,0,0,0,0,0,1.2558242170421,1.01697241336384,0,0.443484110120253,0.830659332233214,0,0.497137249891241,0,1.45616954718118,1.20916657452921,0,0.310554860023656,0,0,0.627502093225909,1.00514421682485,0,0,0,0,0,0,0,0.357217754630615,0
"27","4","grassAmbDry2_bin.17.orig",0.852510765795,1.00944118851222,0,1.47678258226178,1.25861485469892,0,0,0,0,0,0.683412595705173,0.958049612886772,0,0,0,0.584406196320796,3.15513793999659,0,0,0,0,4.19853044431411,0,0,2.46497929520091,0,0,0,0.313622748472048,1.01010239107546,0,0,0,0,1.17361682931057,1.17600234050124,2.12549861506552,1.63825202080373,1.27453588825809,0.946238951217999,1.17525716268377,0,1.23558992560292,1.50171712299732,0,0,1.49773520513206,1.04694416420846,2.00895629612842,0,1.28493675960309,1.07964658131707,0,1.65696293475999,1.77304767485523,0.816764418501149,0,0,0,0,0,0,0,0,0,2.13960112754516,1.18812228831054,1.11269473257094,0,0,0,0,1.21478796367307,0,1.45599357317475,0,0,0,0,0,0,0,0,0,0,1.45482525694059,0.478504602951608,2.64691482358823
"28","11","grassAmbDry2_bin.19.orig",2.6487382910526,1.04543959476554,0,1.52944718516197,0.868999481189296,0,0,1.7948935536633,1.91087599213902,0,0.70778426246378,1.19065836876084,0,2.67685932720688,0,0.605247124857823,0,0,0,0.840163331466887,0,0,0,0,0,3.80220038132469,0,0,0.324807074253742,0,0,0,0,1.96969062922534,0.607735010423349,0,0,0,0,0.419992910209226,1.21716885132487,0,0,1.55527093443918,0,0,1.55114701454486,1.0842799909774,0,0.580735808219121,1.33075981101849,0,0,0,0,1.01506996831218,0,0,0,0,0,0,0,0.580735808219121,0.705423922070614,0,0.615246384712109,0,0,0.689679491827498,0,2.02014689813387,1.67747918474937,0,0.861666745320459,0,0,0.870534897297307,0,0,0,0,0,0,0,0.502235607971145,0,0
"29","3","grassAmbDry2_bin.2.orig",0.548787809793529,0.649808824927155,0.807216021308478,0.950651078411784,0.27006989909377,0,0,1.11564329188894,1.18773393436647,0,1.09983508898155,1.35679821723614,1.07860641897309,0,0,0.940501309122988,0,1.28092671246369,0,0.522216252283633,0,0,0.803163481415649,0,0,2.36331527359098,0,0,0.807555039260532,0.650234461671077,0,0,1.108833629717,1.22429106344876,0.755493813258247,0.757029441327818,0,0,0.820458563908152,0.783158876401649,0,1.98715768553218,1.32564638532207,0,0,0,0.96413893624979,0,0,1.08289542988838,0,0.695002229279228,1.14610244525245,0,1.14136617293733,0.525776769432978,0,0,0,0,0,0,0,1.08289542988838,0.438466930247665,0,0.764831430323079,0.716276356565375,0,0.857361482011384,0,0,0.781996958508785,0,0.267791012536245,1.29311119067216,0,0.541094159340414,1.73346884700484,0,0,0,0,0,0,0.312172154074092,0.616056719905589,0
"30","11","grassAmbDry2_bin.20.orig",0.667226840068468,1.58010029074032,0.981428861098305,1.15581997948354,0.985068630283944,0,0,1.35642070579283,1.44406990411756,2.28230863696546,1.06976062940419,0.749827968728517,1.31139055891155,0,0,1.37217563225936,0,1.55737548732723,1.47416510657938,1.2698412523948,0,0,0.976501704666093,0,0,0,0,0,1.22730130710696,0.790567642760947,0,0,1.34814138673393,1.48851676916132,0.459271999774585,0.92041104587581,0,0,0.99752940067949,0.423190986103348,1.53304637389547,0,0.967047918640264,1.17533526948463,2.9267489998855,0,0,0,0,1.31660522138939,1.00566975596874,0.844997161028388,1.39345353394101,0,0,1.02279931496921,0,0,0,0,0,0,0,1.31660522138939,1.06619315926037,0,0.464948427545714,0.870862656710027,0,1.04239668270711,0,1.52664712388063,1.26768938196174,0,0.813963739284396,1.57218961174442,0,0.657872750949114,2.10758497274079,0,0,0,0,0,0,0.379544946522387,0.749013682866245,0
"31","4","grassAmbDry2_bin.21.orig",0,0,0,1.99855142091589,1.70330185123926,0,0,0,0,0,1.84974447914537,1.29654252300991,2.26755161825412,0,0,0.790885434374616,4.26989422065654,0,0,1.09785394108052,0,0,1.68848860897805,0,0,0,0,0,0.848860485109988,0,0,0,0,0,0.794136391504942,0,0,0,1.72484801830833,1.46349597966555,0,0,1.67214187866508,2.03229569879096,0,0,2.02690691123132,0,0,0,0,1.46110147498728,0,0,2.39949129445068,1.32640704901785,0,3.47174395511061,0,0,0,2.92655196668578,4.62073281500001,0,0,2.89555343150074,0.803951616184468,1.5058260203878,0,0.901214466076791,0,0,1.0959935199994,0,1.40744096537224,0,0,1.13754091859416,1.82213364396685,0,0,0,0,0,0,1.96883625211091,1.29513452505524,3.58210846015237
"32","4","grassAmbDry2_bin.22.orig",0,1.00512353789334,1.24860080697229,1.47046598719629,0.417743807166758,0,0,1.72567575193534,1.8371854742358,0,0.680489456793886,1.33553248894263,0,0,0,0.290953267162843,3.14164256905838,0,1.87547341905716,0,0,0,0,0,2.45443591783473,0,0,0,0.624562599773969,1.00578191231593,0,0,0,0,1.16859695545653,1.17097226317623,2.11640728759126,0,1.26908435653009,0.672994023938625,1.17023027268409,0,1.23030497619956,1.49529387621556,0,0,1.49132899008065,1.04246610330707,2.00036345140008,0.558340465638723,0,1.0750286434094,0,1.64987566001615,0,1.30123343694226,0,0,0,0,0,2.15325714501842,0,0.558340465638723,0,2.13044947984381,0.591520185359546,1.10793543885934,0,0,0,0,0.80639465989226,0,1.44976589827517,0,0,0.836963819059595,1.34066380256125,0,0,0,0,0,0,1.4486025792428,0.476457910466119,2.63559325918582
"33","10","grassAmbDry2_bin.23.orig",0,0,1.31590921350974,0,1.76105260117639,0,0,0,0,0,1.07575897063053,0.402150607836391,1.75832501710844,0,0,0.613275408477037,0,0,1.97657468908291,0.851307654561465,0,0,0,0,0,0,0,0,1.31646187455075,1.06000066458979,0,0,1.20506725261212,0,1.23159258906262,1.23409594265314,0,0,1.33749697113249,0.567418525948452,2.05552325605053,0,0,0,0,0,1.57172216088825,1.09866239269843,0,1.17687792432384,0,1.13298028381035,0,0,1.86063485276466,1.19995672488589,0,0,0,0,0,0,0,1.17687792432384,1.42956199604898,0,0.623407303234978,1.16766098806575,0,0.69882772622522,0,0,1.27479754548263,0,0.218274074962198,0,0,0,0,0,0,0,0,0,0,0,0,0
"34","3","grassAmbDry2_bin.24.orig",0,0,0,1.25336023836686,0.712132728381038,0,0,1.47088976598059,1.56593572647181,0,0.870028720690972,1.62621269454028,1.42205950120698,0,0,1.23997854918135,0,0,0,0.688501913377882,0,0,0,0,0,0,0,0,0.266174782600813,0,0,0,0,0,1.49409061963934,0.998085020445711,0,0,1.08171143396591,0.688356445595709,0.664968387022224,1.30995718985147,0.349552534516295,1.27452243400435,0,0,0,0,0,0.475904743935702,0,1.83261383600427,0,1.40628111667943,0,0.831835417257682,0,0,0,0,0,0,0,0.475904743935702,0,1.81590100766413,1.00837134211399,0,0,0.565182544817398,0,0,1.03100276912975,0,1.41224731103517,0,0,0.713390980066876,1.14272259119155,0,0,0,0,0,0,0.823149890274081,0.406111671696812,0
"35","10","grassAmbDry2_bin.25.strict",0,0,0,0,1.00694509349929,0,0,1.38654417817085,1.47613989514825,0,0.820138453211194,0.459888115934878,1.3405139990872,0,0,0.701324495494585,0,0,0,1.29804196307963,0,0,0,0,0,0,0,0,0.501822915254301,0,0,0,0,0,0,0.940851589579143,1.70048875054135,0,1.01968259343105,0.432589236901254,0.626836943881145,0,0,1.20143718563353,0,0,0,0.837599592426237,0,1.34584446910207,1.02800373021874,0,0,0,1.41851309800636,0.914824490556149,0,0,0,0,0,0,0,1.34584446910207,0.544935620440108,0,0.950548060214681,0.890202826815378,0,0,0,0,0.647921151889474,0,0.332816117927747,0,0,0,0,0,0,0,0,0,0,0.387973903455849,0,0
"36","3","grassAmbDry2_bin.26.orig",1.26806660264186,0.750746330628304,0.932604241085299,1.09831966179514,0.936062937190182,0,0,1.28894080158052,1.37222958319827,0,1.52481245377064,1.14004023552032,1.24615083725119,0,0,1.08659328665528,0,0,0,0.60333427333855,0,0,1.85584440665314,0,0,0,0,0,0.932995920104971,0,0,0,0,1.41446528309033,0.872847807475682,0.874621971036122,0,0,0.947903802869503,1.20641359982235,0.874067763898063,1.14791557421551,1.53156454839282,0,0,0,0,0,1.49411038986229,1.25110607805919,0,0.80295981432441,0,1.23232423782072,0,0.971916576665549,0,1.90792421286261,0,0,0,0,0,1.25110607805919,1.51972746302203,0,0.441817937705462,0.827538540227656,0,0.990539004628399,0,1.45069870961247,0.301155932146032,0,0.928164310754147,0,0,0.625144564164332,1.0013678840798,0,0,0,0,0,0,0.721326304614995,1.06762705626508,0
"37","1","grassAmbDry2_bin.27.orig",0,0,0,0,0.613212752647191,0,0,0,0,1.42075457347641,0.499450627141667,0.373418914037151,0.816350647765418,0,0,0.427094910296059,0,0,0,0.395242943418834,1.27769375668852,0,0,0,0,0,0,0,0.458402667421227,0,0,0,0.559485546016167,0,0.571800661471423,0.572962912082275,0,0.798176684039846,0,0.329299529882896,0.763466469621524,0,0.200664907296933,0,0,0,0,0.5100841694386,0,0.54639787668069,0,0.526017192268036,0,0,0,0.875463039403739,0,0,0,0,0,0,0,0.54639787668069,0.663713392086396,1.04244018103764,0.289433950416336,0,0,0.324449951760659,2.08034938498363,0,0.789146331043248,0,0.506698649999354,0,0,0,0,0,0,0,0,1.09706178389422,1.27769375668852,0,0,1.28960969985013
"38","2","grassAmbDry2_bin.28.orig",1.42942465480198,1.69255354926386,0,1.23807787394836,1.05517441913413,0,0,1.45295503920767,1.54684209345607,0,0.859420361212864,1.44574568781673,1.40472016742489,0,0,1.46983121907143,0,0,1.5790791242579,1.36021386195397,2.1985677266578,0,1.04599779886151,0,0,0,0,0,0.788787849302962,0.84683110150007,0,0,1.44408649400155,1.59445217214811,0.983915334806731,0.98591525589105,0,0,1.06852200300784,0.453308824600053,1.64215087898451,0,1.03587120171716,1.25898203651944,3.13504113415468,0,1.25564374931042,0.877717831003024,0,1.41030594924951,1.07724169461086,0.905134283182998,1.49262343563085,0,0,1.23253912963037,0,0,0,0,0,0,0,1.41030594924951,1.14207245355388,0,0,0.932840585609482,0,1.11658241910086,0,1.63529620438648,1.35790884627846,0,0.697513809203803,1.68407987965563,0,0,2.25757848846182,0,0,0,0,1.88774862489013,2.1985677266578,0.81311312972501,0.802319811477592,0
"39","10","grassAmbDry2_bin.29.permissive",0,0.665339473892198,0.826508755086457,0,1.10609864122612,0,0,1.14230754092938,1.2161211739528,0,0.450448606667169,0.378879859067486,0,0,0,0.770383684803862,0,1.31154129071823,0,1.06939479189528,0,0,0,0,0,0,0,0,0.620141906760995,0.665775283497127,0,0,0.756890083697656,0,1.16032555336195,0.775122699003695,0,0,0.84006779889792,0.178194808076391,1.03284205321631,0,0,0.989806728634245,0,0,0,0.69005830883087,0,0.739184662692106,0.846923186163129,1.42322603154669,0,0,0,1.39969182769422,0,0,0,0,0,0,0,0.739184662692106,0.897892874024331,0,0.391555579076986,0.733395601840359,0,0,0,0,1.06758259763115,0,0.274191307595581,0,0,0,0,0,0,0,0,0,0,0,0.315390341117396,0
"40","2","grassAmbDry2_bin.3.orig",0.804133848977888,0.952159035174387,1.18280638634378,1.39298048731414,1.9786549881005,0,0,0,0,0,0.644631391266816,0.722946997159842,0,0,0,0.826864872918755,0,1.87693040765529,0,0.76519878440018,2.47364241597024,0,0,0,0,0,0,0,0.887477359728134,1.90556543374515,0,0,1.62476395908998,1.79394269980355,1.10701829940957,1.1092684414283,0,0,1.20221056508262,0.510024741320527,1.47808739969233,0,0.776983097065314,1.4165000826303,3.52728307216869,0,1.41274412426851,0,0,1.5867569478344,1.21202122442319,1.01838052468546,1.6793736197795,1.56293625347911,0,1.07858236948251,0,2.41978842065701,0,0,0,0,0,1.5867569478344,0.642481654981053,0,0,1.049553312333,0,0.628142039775435,0,1.83989694963587,1.14585312011806,6.1992137911321,0.588587648421367,1.89478421414426,0,1.58572082413261,0,0,0,0,0,2.1239350567182,2.47364241597024,0.914846107437271,0,0
"41","1","grassAmbDry2_bin.30.strict",0,0.587195633826412,0,0,1.22023477900273,0,0,0,0,1.69629950013177,0.397543608153647,0.445840772957038,0.974675867027725,0,0,0.509926834915136,0,0,1.09565616713746,0.471897412732917,0,0,0,0,0,0,0,0,0.729742002475054,0,0,2.80501792065952,0,0,0.68269720494769,0.684084865538069,0,0.952977196364524,0.741402190892626,0.314531806330031,1.13941898812394,0,0,0,0,0,0,0.609011252046617,0,0.978551604608196,0,0.628034367766758,0,0,0,1.23529861397901,0,0,0,0,0,0,0,0.978551604608196,0.792435735379747,0,0.345567541768357,0.647258598304553,0,0,2.48381788644354,0,0.706646604489205,0,0.241987654379525,0,0,0,0,0,0,0,0,0,0,0,0,0
"42","9","grassAmbDry2_bin.31.orig",1.35406219176609,1.06887889515482,0.663900008671166,0,0.222120725576698,0,0,0.917568001138505,0.976859413725138,0,1.08547973157634,1.42024580800918,0.887106786790792,0,0,1.5470427018281,0,1.05350641347936,0.997217695376855,0.859000231083956,1.38843621439045,0,1.32113394234142,0,0,1.9437238474113,2.28830827374296,0,0.830223545207958,2.13915806102043,0,0,0.911967350686013,1.00692605967127,1.24272149197466,0.622623733170183,1.12532589178019,0.867357618209894,0.674791423007196,2.00391039367244,0,1.63435061969815,0.436114558421975,0.795070459543183,0,0,0,0.554295056642809,0,1.18751241520617,0.680298069654079,1.14321810733395,0.942619327733055,0.877263941264917,0.938723950104172,0.345942788617926,0,1.35820838643126,0,0,0,0,0,1.18751241520617,1.44247978785942,1.13279233862707,1.25808105840215,0.589106096486876,0,1.41028493071537,0,0,0.428772285509769,0,1.2113554236842,1.06352761595146,0,1.33507911486585,1.42570260274593,0,0,0,0,1.19214819843082,1.38843621439045,0.5134959919669,0.506679811711704,0
"43","8","grassAmbDry2_bin.32.orig",0.521706815597125,0,0,0.903739365218006,0.256742778411673,0,0,1.0605897193173,0,0,0.627336961625033,0.93806864668903,0,1.58173696523666,1.37157028456584,0.894090455894209,0,0,1.15265444558406,0.496446482902855,1.60485236307631,2.5693540025246,0.763529828497658,0,0,0,0,0,0.767704676440484,1.23629477308382,0,0,0,0,1.0773187682501,0.719672361703875,1.30073092154778,1.00255302245015,0.779971451747358,0.827235988163819,0.719216338904162,0,0.504091921833628,0.918998433334744,0,2.08856127142386,0.916561638665626,0.640693265037936,1.22941109247995,0.686305242536028,0.78633642177067,1.32141200441965,0,1.01400344833178,1.08504325512886,0.899696339024445,0,0,0,0,0,1.32337861761798,2.08948246082975,0.686305242536028,0.416829932884659,1.30936116666945,0.363544673243171,0,0,0.407526662048193,0,0,0.743407808536685,0,0.763729043735738,0,0,0.514392823182238,0.823963739690179,0,0,0,0,1.37796884981771,1.60485236307631,1.18706966527819,0.87848431716279,1.61981943123414
"44","3","grassAmbDry2_bin.34.orig",0.920934031908596,0,0,0,0.453210797745576,0,0,1.87218785956199,0,0,1.10739584027358,1.44892092795814,1.81003539171379,0,2.421140982729,0.631311153177267,0,0,0,0,0,0,0,0,0,0,0,0,0.67758877385971,1.09117410005509,0,0,0,2.05451229996476,0.633906175674424,1.27038932577208,0,1.76973957319383,1.37683126299425,1.0221849241769,0,0,1.33475946301981,1.62224626404385,0,0,1.61794475393803,0,0,0,1.38806691744863,1.1662999683546,0,1.78995224161023,0,0.88231865124694,0,0,0,0,0,0,0,0,0.735801908725868,0,0.641741015642143,0,0,0,0,2.10714138980497,0.43742930575827,0,0.674079815047298,0,0,0.908023131911476,1.45448789675261,0,0,0,0,0,0,1.57159081545128,0.51690980450212,0
"45","3","grassAmbDry2_bin.35.orig",0.719495181335915,0,0,1.24636308941776,0.708157096619734,0,0,1.46267821237835,0,0,0.865171601115677,1.61713401779732,0,0,0,0.73983366380755,0,0,0,0,2.21328053893135,0,0,0,0,0,0,0,1.05875522204127,0.852498094093796,0,0,0,0,0.990499694905604,0.992512999459135,1.79386123065517,1.38263876783176,1.07567255081667,0.570427958306704,0.991884090276501,1.30264407643544,0.695202166938406,1.26740714261669,0,0,1.26404651559416,0,1.69550278139998,0.473247904922493,1.08445059458418,1.82238288118046,1.50261206965711,1.39843025454379,0,1.10292202651577,0,0,0,0,0,1.82509507254436,0,0.473247904922493,0,1.80576335574373,1.00274189555841,0.939083153555336,0,0.562027293574811,0,0,0.683497985226866,0,1.05327235601708,0,0,1.41881664769816,0,0,0,0,0,1.90038143615216,2.21328053893135,1.22783172254536,0.807688934578276,2.23392188977504
"46","2","grassAmbDry2_bin.36.orig",0,2.37859222045997,0,0,0.494288578673015,0,0,2.04187782090592,0,0,0.402589051746674,0.902998364624223,0,0,0,0.688531460760986,0,2.34438360666082,2.21912347889032,0.95577304233969,3.0897079109001,0,0,0,0,0,0,0,0.369501778887368,1.19007512107825,0,5.68123587777216,2.02941460953914,2.24072764741564,2.07408506689236,1.38553392222964,0,0,1.50162346405534,0.637047403391457,1.84620796536588,0,1.45573839177767,1.76928220620637,0,0,1.7645908190485,0,0,1.32129458506144,1.51387748734504,1.27201019157537,0,0,0,1.34720542388516,0,0,0,0,0,0,0,1.32129458506144,2.40747891350886,0,1.3998133145804,1.31094662312166,0,0.784582046674623,0,2.29812689329277,1.43123008689585,0,0.735176556580954,2.36668393867021,0,0.990323852625207,0,0,0,0,0,2.65290524799087,3.0897079109001,0,0,0
"47","4","grassAmbDry2_bin.37.orig",0,0,0,0,0.653589318003273,0,0,0,0,0,0.532336604809069,0.59700963238647,0,0,3.49160234390525,0,4.91531888419174,0,2.93430895171958,1.26380231682828,0,0,1.94371558557634,0,0,0,0,0,0.977171741707392,1.573615940806,0,0,0,0,1.82835142983374,1.83206776440515,3.31126679075281,2.55219621077187,1.98557097638078,1.4741245151027,0.610302289512305,2.40453497559348,2.56653057539103,0,0,0,0,0,0,0,2.00177426140552,1.68195728057664,0,0,0,1.01793522731343,0,3.99652256982839,0,0,0,3.36892096245121,0,0,0,0,0.925474580117437,1.73344225683918,0,2.07487879319544,0,0,0.630830339981642,0,1.62018560600677,0,0,0,2.09756201134515,0,0,0,0,0,0,1.51095983643891,1.490903254178,0
"48","3","grassAmbDry2_bin.38.orig",0.263937734436243,0.3125234671894,0.388227952703534,0.457212582709844,0.389667751547102,0,0,0,0.571236820780832,0,0.211584861368179,0.29661261118157,0,0,0,0.271398650262625,0,0.616057588075308,0.583141706912748,0.502316458397225,0.81191405623137,1.29986700214919,0.38627889665867,0,0,1.13662888996178,0,0,0.291293251723997,0.312728175814262,0,0,0.533289972684216,0.588818854592959,0.363352322871388,0.364090878259073,0,0.507203596899222,0.394596911032343,0.251105164087439,0.606433618093285,0,0.382539222659275,0.464932328260283,0,1.05662819371059,0.463699524614586,0.324134406120656,0,0.34721005252605,0,0.334259089853167,0.551214289810083,0,0.548936394852836,0.40459303757657,0,0,0,0,2.75744405419417,0,0,0.34721005252605,0.210879261764804,0,0,0.344490813039814,0,0.618517876445149,0,0,0.62683154242103,0,0.5151729093822,0.621917673733624,0,0.260237497962508,0.416853137068043,0,0,0,0.986774225731917,0.697130966035643,0.81191405623137,0.450414584453307,0.444435751034485,0
"49","1","grassAmbDry2_bin.39.orig",0.4178588267279,0.989556795307292,0.614631618196526,0,0.411274044925681,0,0,0.849474767252861,0,1.42932321064225,0.502462837192666,0.469588776177697,0.821274096636452,0,0,0.429670739640567,0,0,0,0.795253344127954,0,0,0,0,0,0,0,0,0.461167315310675,0,0,0,0.56285982946585,0,0.575249217957394,0.576418478155944,1.04181482878379,0.802990524887133,0,0.198771330433315,0.768070971545078,0,0,0.736067836642139,0,0,0.734116096448273,0.513160510879657,0,0.824539841678347,0,0.529189626513671,0,0,0,0.72060790734706,0,0,0,0,0,0,0,0.824539841678347,0.667716278541993,0,0.291179540084595,0.545388204012676,0,0.326406724567878,2.0928960692533,0,0.595429282057498,0,0.305852743928765,0,0,0.412000716007834,0,0,0,0,0,0,0,0,0.234539409935545,1.29738739616014
"50","7","grassAmbDry2_bin.4.orig",0,0.523553931429507,0.650377626860201,0.765943906003409,0.435193096822484,0,0,0.898878884273219,0,0,0.708913714522075,0.894418778103551,0,0,0,1.21242590501572,0,1.03204848942859,0.976906265569032,0.841504028419835,0,0,0.647112477001081,0,0,1.90413388558499,0,3.12328327208017,0.650650775169081,1.04779373778744,0,0,0.893392308429585,0,0.913057212203222,0.609942070669006,0,0,0.661047203779165,0.771215714597908,0.406370385890214,0.800531001365952,0.640847600183172,0,0,0,0.776811134527801,1.08601023892515,0,1.16332504350268,1.33288338099223,1.11993292652559,0,0.859395741524235,0.919603926753345,0.42362073910246,0,0,0,3.37213634208342,4.61939926704884,0,0,1.16332504350268,0.706549607597981,0,0.616228168756237,0.577107124563667,0,1.03617007959289,0,1.01168528136751,0.420039008692636,0,0.431520878253868,1.04186557904595,0,1.30788608985716,1.39666374946771,0,4.0030782728781,2.94820940852157,0,1.16786640463072,0,0.251518527109309,0.496359706604933,0
"51","1","grassAmbDry2_bin.40.orig",0,0,0,0,1.00649291053556,0,0,0,0,0,1.09302687788871,0.61290879554574,1.33991202227937,0,0,0.233669851930452,0,0,0,1.29745905894145,0,0,0,0,0,0,3.45632770746984,0,0,0,0,0,0.918308096466436,0,0.938521434079905,0.940429086839958,0,0,0,0.324296232430623,0.939833180802807,0,0,0,0,0,0,0.837223456459566,0,0.896826732380764,0,0.863375023679917,0,0,0,1.04504420074813,0,0,0,0,0,0,0,0.896826732380764,1.08938181875485,0,0.950121203137948,0,0,0,0,0,1.29526038742895,0,0.332666662133627,0,0,0.672180840510518,1.07671144334554,0,0,0,0,0,0,0,0,0
"52","1","grassAmbDry2_bin.5.orig",0,0.847972866143985,1.05338255949822,0,1.05728917925715,0,0,1.45586702354101,0,2.44963665617202,1.14819039312859,0.321920716290605,1.40753548036293,0,0,0.736388513158711,0,0,0,1.36293997621705,0,0,0,0,0,0,0,0,0.790368722624927,0.848528303983291,0,0,0.964653802778964,0,0.492943639426921,0.987891208141245,0,1.37620029513022,1.07066351409981,0.227108668680912,1.31635363676286,0,0,0,0,0,0,0,0,1.41313245710323,0,0,0,0,1.48943428876017,1.23500936066909,0,0,0,0,0,0,0,1.41313245710323,1.14436137303352,0,0.49903623589659,0.934710166634012,0,0.559410125973705,3.58689685483912,0,1.36063034087379,0,0.349455876431682,0,0,0,0,0,0,0,0,0,0,0,0,0
"53","4","grassAmbDry2_bin.6.orig",1.03456906503059,0,0,0,2.03653184718857,0,0,0,0,0,0.414679531647607,1.1626463055078,0,3.13665852989909,0,0,3.82893476492441,2.41478970129612,2.28576778454843,0,0,0,0,0,2.99138899715549,0,0,0,0.761197175865513,0,0,0,0,0,0.712124535267142,1.42714402058204,2.57941037596342,0,1.5467199420449,0.820223866401616,1.42623970599878,0,0.999637905178564,1.82241696200862,0,0,1.81758468397979,2.54104954110301,2.43797981253023,0.680487729763907,1.55934197589437,1.31021096625689,0,2.01081635914167,0,1.9823777826688,0,0,0,0,0,0,0,0.680487729763907,0,0,0,1.35031672951,0,0.808144469509513,0,0,1.4742125240092,0,1.51451048576016,0,0,0,1.63395871072663,0,0,0,0,0,0,2.35401477806533,1.1613837139683,3.2121778447004
"54","13","grassAmbDry2_bin.7.orig",0.671273951514831,0.794842250235427,0,1.16283068706902,0.660695755680485,0,0,1.36464817122863,1.45282901194617,0,1.34531167241686,0.905251323774233,1.31934489081624,0,0,0.46016622010419,0,1.56682185816027,0,0.63877178202553,0,0,0.982424744611462,13.7111053713186,0,0,0,0,0.740847353835289,1.59072577308626,0,0,0,1.49754547258392,0.462057746473701,0.925993863975186,1.67363499854901,1.28997304398443,1.00357998559775,0.745076291522278,0.308469034955099,1.21533967049315,1.29721815463984,1.18246434843768,0,0,0,0.824372400116532,0,0,2.02353943357201,0.85012255089159,0,1.30470617071059,0,0.771752382250834,0,0,0,0,0,1.70277551958352,0,0,0,0,0.467768605017735,0,0,0.524359706644108,0,0,0.637689320648078,0,0.491340536243859,0,0,0,0,0,0,0,0,0,0,0.763694206316474,0.376778439087303,0
"55","3","grassAmbDry2_bin.8.orig",0,0,0,0,0,0,0,0,0,0,1.65144872494301,1.85208153502229,4.04893245626918,0,0,0,0,0,0,3.92064852548445,0,0,0,0,0,8.87154363938374,0,0,2.27358359210308,0,0,0,4.16240103247144,0,1.41800723934325,2.8417790043024,0,0,3.07988275426218,1.95991008230597,0,0,0.995256950199993,0,0,0,0,0,0,0,0,0,0,4.00400774449245,4.2845234932808,0.394737985805118,0,0,0,0,0,0,0,0,0,0,0,2.68879781979875,0,1.60920548506283,0,4.71353941596218,0.978501150594084,0,1.00524872009151,0,0,2.03118919479168,0,0,0,0,0,0,0,1.17184910486388,0,0
"56","14","grassAmbDry2_bin.9.strict",0.758115341788163,1.79533885634944,0,0,1.11925299835942,5.57350189643939,0,0,0,0,0.303870399274201,0.681574604207008,0,0,0,0.779545527827503,0,0,1.67497336215062,0.721408430585019,0,0,0,0,0,0,0,0,0.836689318270512,0,0,0,1.02118860414117,0,0.521833247965736,1.04578786812314,0,1.45685431846549,1.13341115363745,0.120209335043569,1.04512520114174,0,0,0,0,0,0,0.931019835440858,0,0.997300625487703,0,0.960101232554326,0,0,1.57672453881105,1.16212329253574,0,0,0,0,0,0,0,0.997300625487703,0.605714086128439,0,0.528282909042624,0.989490081925545,0,0,0,0,1.08027889996361,0,0.554904294630092,0,0,0,0,0,0,0,0,0,0,0.431245911551255,0,0
"57","1","grassAmbWet1_bin.1.strict",0,0.881754786598584,0,0,0.916174946796175,0,0,0.756933250998825,0,1.27361318577867,0.746207820651932,0.334745537065672,0.731804752645594,0,0,0.510483390996975,0,0,0,0.708618692801358,0,0,0,0,0,0,0,0,0.684879819643116,0.441166176108872,0,2.10605957840578,0.501542055159609,0,0.512581747532249,0.513623628889378,0,0.715512987501305,0.556658541851069,0.295195406130812,1.02659633911713,0,0,0,0,0,0.654141717819561,0.457256964842529,0,0.734714728440978,0,0.471539873617709,0,0,0.774385517434313,0.856140142169061,0,0,0,0,0,0,0,0.734714728440978,0.594975475370632,0,0.259458531785875,0.485973783135151,0,0.290848077776392,1.86489662409361,0,0.707417868989345,0,0.363377655171714,0,0,0,0,0,0,0,0,0,0,0,0,0
"58","6","grassAmbWet1_bin.10.orig",2.23892879225244,1.32553571856534,1.64662840484283,0,0.550911720532976,0,0,2.27578477830367,2.4228414477618,3.82922734312071,0.897415140608458,1.00644118468026,0,3.39404846492664,0,2.68592121726824,0,2.61294406154833,0,1.06526145639048,0,0,1.63836168673622,0,3.23685831180375,0,0,0,0.411829990677364,2.65280793773074,3.72896244457012,0,2.26189384593401,0,0.770560506577614,0,0,0,0,1.95256670812731,0.514424999153298,2.02678725615171,1.08166683278174,0,0,0,0,4.12434691826048,0,0.736327627821478,1.68729945868549,0,0,0,0,0.858019603477608,0,0,0,0,0,0,4.48355503761604,0.736327627821478,0.89442241342003,0,0.780084342258907,1.46112188472923,0,2.6233791182867,0,0,0.531728133234191,0,1.63878915741425,2.6377990041989,3.72352829838842,1.10377022871798,3.53607828268998,0,0,0,4.18530004844283,0,0,0.636795507683479,2.51337056553089,0
"59","4","grassAmbWet1_bin.11.orig",0.938604386446874,0,1.38060008784704,1.62592035802227,0.923813493714618,0,0,0,0,0,1.12864391715406,1.47672199253808,1.84476531371713,0,0,0.965136584794756,0,0,0,0,0,0,0,0,2.71391338597201,0,0,0,0.69058995901566,1.11211092347881,0,0,0,0,0,1.29476482826222,0,1.80369632211964,1.40324911238794,1.19062631179711,1.29394439619706,0,1.36037006282141,1.65337299586268,0,0,0,0,2.21183739535276,1.23473393834909,0,0,0,0,0,1.25894730638106,0,0,0,0,0,2.38089466783091,0,1.23473393834909,0,2.35567582737539,0.654054374553041,0,0,1.46636502018738,0,0,1.33746734593214,0,1.1450227871868,0,0,1.85089151899629,1.48239577714007,0,0,0,0,0,0,1.06783039969765,2.63413986828993,0
"60","14","grassAmbWet1_bin.12.strict",0,0.401989970270482,0,0,0.501218450148751,2.49589859176541,0,0.69016824108102,0,1.1612746184509,0.544311074595446,0.45782915115991,0.667256192381122,0,0,0.465456397377901,1.25647122500307,0,0.750078448615409,0.64611525013928,0,1.67198163468749,0,0,0,0,0,0,0.499576204217466,0,0,1.9202953931831,0.457303728672113,0.757380800812232,0.701054503757922,0,0,0.652401436193702,0,0.269157807449544,0.780038165775888,0,0,0,0,0,0.596443396045161,0.416924787926781,0,0.669909494866694,0,0.859895756316314,0,0,0.706081136984012,0.650520521745661,0,0,0,0,0,0,0,0.669909494866694,0.542495889539843,0,0.709719271599548,0.443108650168675,0,0.265193933541492,1.70040412566129,0,0.645020344535527,0,0.414157583887136,0,0,0,0.536186231658521,0,0,0,0,0,0,0,0.190554985574058,1.05408142975716
"61","10","grassAmbWet1_bin.13.orig",0,1.44935896061331,0.900223056962347,0,1.20474888375783,0,0,0,0,2.0934648852708,0.245311510133932,0.550228307285978,0,0,0,0.20977308210592,0,0,1.35218911050466,1.16477150754306,0,0,0,0,0,0,0,0,0.675450852297922,0,0,0,0.824395265915262,0,0.421270720683315,0.844254003752228,0,0,0.914991398851435,0.485218921983976,1.40619839896372,0,0,0,0,0,1.07522655350708,0.751602927900034,0,1.20766611233071,0,0.775080046631405,0,0,0,0.938170419148042,0,0,0,0,0,0,0,1.20766611233071,0.977973751523466,0,0.426477467054144,0.798805368471149,0,0.478073126575809,0,0,1.16279768808836,0,0.447968643279001,0,0,0,0,0,0,0,0,0,0,0,0,0
"62","8","grassAmbWet1_bin.14.orig",0,0,1.0769231858431,1.26828279043431,1.08091710937898,0,0,1.48840223242594,1.58457981354051,0,1.17384975189973,1.31645955308664,1.43899059276405,0,0,0.752845067025704,0,0,0,0,0,0,0,0,0,0,0,0,0.808031607401431,2.60247275644763,0,0,0,0,1.00791954418841,0,1.82540974342404,1.4069551397318,1.09459032919587,0.696552042189514,0.672885524549645,1.32555358725847,0.707428639123543,1.28969694393404,0,2.93102903255243,0,0.899131180148125,0,0,1.10352275180894,1.85443300223452,0,0,0,0.98202915958868,0,0,0,0,0,1.85719289271941,0,0,0,1.83752119035919,0.510188523786562,0.955598743699479,0,0.571911628519338,0,0,0.695518616781822,0,1.42906157830321,0,0,1.44376927745662,1.15632788745333,0,0,0,0,0,0,1.24942551370088,0.410946851863365,2.27320971876641
"63","1","grassAmbWet1_bin.15.orig",0.564690111501123,1.33727685365527,0,0,1.11158301048805,0,0,1.14797144479078,0,1.93157265459488,0.905364132287866,0.761516918398283,1.10986134918867,0,0,0.774203478485325,2.08991518538375,0,1.24762136115501,1.07469717244882,0,0,0,0,0,0,0,0,0.83095567544566,0,0,3.19406797607006,0,0,0.777385863960275,0.778965990140838,0,1.08515311877839,0.844233107345542,0.268617527179116,0.778472395735097,0,0.272811965491807,0.99471448766715,0,0,0,0,0,0.371424881125907,1.70224497135944,0.715141406826933,0,0,0,0.865619643169589,0,0,0,0,0,0,0,0.371424881125907,0.451172448280626,0,0.393497029235394,0.737031997497713,0,0,0,0,1.07287599278127,0,0.413326245671304,0,0,0,0.891849909045148,0,0,0,0,0,0,0.321218010578564,0.31695414115101,0
"64","11","grassAmbWet1_bin.16.orig",0,1.06913470371842,0,1.56411242825352,0.444347768873789,0,0,0,0,3.0885322693445,1.08573951312148,1.01470407655041,0,0,0,0.618965178620782,0,0,1.99491270736535,1.71841162121734,0,0,0,0,0,0,0,0,0.664337790220772,1.06983500663313,0,0,1.82437121304623,2.0143340828468,1.86452835791242,1.24554548416739,0,0,1.34990583382045,0.286341425411625,0,0,0.436218931180441,1.59052147825567,0,0,0,1.10885542570387,0,1.18779661563951,2.72184352572318,2.28698341413687,0,1.75494778347413,0,1.03807674327495,0,0,0,0,0,0,0,1.18779661563951,0.72141250407489,2.26612688644604,0.629191073809029,1.17849416763904,0,0.705311222998997,0,2.06593395373399,0.428874901084801,0,1.54209405677849,2.12756428764911,0,0,0,0,0,0,0,0,0,0,0.506801072441451,0
"65","1","grassAmbWet1_bin.17.orig",0.450705900651863,1.06734394045855,0.662946620555093,0,0.665405252837946,0,0,0,0,0,0.722613958257497,0.405201793075429,0.88583286442723,0,0,0.308964216790467,0,0,0.995785649153789,0.857766670907239,0,2.21968158203165,0,0,0,0,2.28502216757395,0,0.829031309552972,0,0,2.54933680363388,0.607105151676868,0,0.310234223013789,0.62172961950813,0,0.86611205647652,0.673822394365652,0.35732726691549,1.24267131690937,0,0.217744139858814,0,0,0,0.791823542471687,0.553499065811509,0,0.889355323368525,0,0,0,0,0.93737590334018,0.690892000675521,0,0,0,0,0,0,0,0.889355323368525,0.720204163345691,0,0.628137200752161,0.588260115549744,0,0.35206492567641,0,0,0.856313101231416,0,0.329895236385714,0,0,0,0.711827617157904,0,0,0,0,0,0,0,0.252976099179522,1.39937250927453
"66","1","grassAmbWet1_bin.18.strict",0.648546727229626,1.53586278416057,0.953952145882935,0,0.638326675829033,0,0,1.31844547710067,0,0,1.03981092104747,0.583068241144756,1.27467602324667,0,0,0.222293219747859,0,0,1.43289342972184,1.23428995790593,0,0,0,0,0,0,0,0,1.1929409883559,0,0,0,0.873598634131064,0,0.892827849465552,0.894642624759369,0,1.24629861474978,0,0.308507293788842,2.08617670675656,0,0,0,0,0,1.1394005853277,0.796461743983217,0,1.27974469267139,0,0.821340075658604,1.35444151031344,0,0,1.24270545731479,0,0,0,0,0,0,0,1.27974469267139,1.03634332809809,0,0.451931431571894,0.846481424245207,0,0.506606536523128,3.24832409733885,0,0.616099166312512,0,0.316470194239977,0,0,0,0,0,0,0,0,0,0,0,0.36402190642036,2.01363785065269
"67","7","grassAmbWet1_bin.19.orig",0,0.480376741814965,0.596741360507802,0.702776955516925,0.399302974081664,0,0,0.824748863091251,0,0,0.975675016364319,0.820656579295227,0.797369037432026,0,0,1.1124378425605,0,0.946936048007725,0.896341371425386,0.772105678383042,0,0,0.593745485667213,0,0,1.74710106643511,0,2.86570790885001,0.596991982433788,0.961382794850091,0,0,0.819714761981,0,0.837757912525379,0.559640501225615,0,0,0.606531023595388,0.707614001108737,0.37285725543313,0.734511673149045,0.587997269613439,0,0,0,0.71274796999647,0.996447603264342,0,1.06738630066961,1.22296126023183,1.02757270645784,0,0.788521872266092,0.84376472331676,0.388684982003018,0,1.22081504712488,0,3.09403821024306,4.23844008388683,0,0,1.06738630066961,0.648280870514788,0,0.565408188442916,0.52951343411586,4.2313257547362,0.950717733017362,0,0.928252181926202,0.385398634826457,0,0.395933601252379,0.955943527927922,0,1.20002548122455,1.28148169864465,0,3.67294672528761,2.70507228546045,0,1.07155313837463,0,0.461551879589456,0.455425208967635,0
"68","4","grassAmbWet1_bin.2.orig",1.46217536426087,1.73133301857645,0,0,2.87826767312414,0,0,0,0,0,1.17214831901134,1.31455141486347,0,0,0,0.501169238716188,0,3.41286641023009,0,0,0,0,0,0,4.22778473125182,0,0,0,2.15162775597315,0,0,0,0,0,1.00645861832583,2.01700872245351,3.64552781784662,0,2.18600755726462,1.85477980530305,1.34382042541898,0,1.41280651774584,2.57565519338368,0,0,0,1.79565587448594,3.44564141818955,0.961745743009603,2.20384650834616,1.85174510006117,0,2.84192350396902,0,1.12069229767302,0,0,0,0,0,0,5.85614311897304,0.961745743009603,0,0,1.01889806522083,0,0,1.14216534596029,0,0,0.694510499476209,0,2.14048534413486,0,0,0,0,0,0,0,0,0,0,2.49522907551708,0.820702412442629,0
"69","12","grassAmbWet1_bin.20.orig",1.50824982335386,1.78588887712155,1.10924787305769,1.30635128504875,0.742241118210376,0,0,0,1.63214220936648,0,1.81362564809766,0.847483819194477,1.4821830148674,0,0,1.55088459477536,0,0,1.66615694099223,1.4352224233181,2.31980704559939,0,3.31103704569853,0,0,3.24758474979987,0,0,1.10971373960681,1.78705866721596,0,0,1.52372018501895,0,1.55725955012611,1.04028323951467,1.88020083694891,1.44918599279044,1.12744530946232,0.956612791490557,0.69308270703974,1.36534110939335,2.18598798021109,0,3.30792198169472,0,1.32488582502809,0.926119301998629,1.77710833712212,1.48807682285649,1.1366458456891,1.91009525145121,0,0,1.56842526199922,0.578003159304289,0,0,0,0,0,0,0,1.48807682285649,1.80757751436213,0,1.05100445845751,0.984281783398872,7.86536580883432,1.76723400290258,0,1.72547409414792,0.716395149142662,0,1.83994496664157,1.77694792969431,0,2.23065770324789,0,0,0,0,0,1.99184792319218,2.31980704559939,1.28692799248416,1.26984522395342,0
"70","7","grassAmbWet1_bin.21.strict",0,0.485808123507487,0,0.710722906179937,0.201908847435719,0,0,0.834073889650607,0.887970079423627,1.40340974897187,0.986706490123248,0.737720299049141,0.806384493875086,0,0,0.984388672575563,0,0.957642584497618,0,0,1.26209544407772,0,1.80137601464562,0,0,1.76685467213919,0,2.89810904761754,0.150935468711184,0,0,0,0.828982870454551,0,0.56482001730532,0.565968078954016,0,0.788432401130791,0,0.260223506126723,0,0.742816432533132,0.198215154421763,0.722723013351223,0,0,0.720806657977479,0.503856971183092,0.966839177494972,0.809591031343537,0,0.519595480836247,0,0,0,0.628927440671674,0,0,0,3.12902096654301,4.28636202488151,0,0,0.809591031343537,0.655610660958891,0,0.285900489275793,0,0,0.320489009048347,0,0,0.389756146144782,0,0.600615339320703,0.966751907528181,0,1.21359357447706,0.647985388484464,0,3.71447491319687,0,0,1.08366865853146,1.26209544407772,0.46677041789645,0.690861714070433,0
"71","3","grassAmbWet1_bin.22.orig",0.714650661332962,0,1.0511849082138,1.23797105139686,0.351694459222962,0,0,1.45282967684738,1.54670863043031,0,1.14579494612839,1.44562094748623,1.4045989668158,0,0,0.734852200309047,0,1.66806752235557,0,0.680048250695891,0,0,0,0,0,0,0,0,0.788719791927553,0.846758036096954,0,0,0,1.5943146012789,0.491915220821961,0.985830190173125,0,0,1.06842980990021,0.793221997186557,0,1.29387308609565,1.03578182575211,1.25887341033666,0,0,1.25553541115828,0.877642100663136,0,0,1.07714874915984,0.905056187325207,0,1.38901431470623,0,0.821621856644711,0,0,0,0,0,1.8128063042307,0,0,0.570986957221261,0,0.497995106427626,0,0,0.558243039647115,0,1.63515510945483,1.01834376344644,0,1.04618044056073,0,0,0.704631720885921,1.12869185120765,0,0,0,0,0,0,1.21956446031146,0.401125293275725,2.21888040018514
"72","1","grassAmbWet1_bin.23.orig",0,1.24801613758493,0.775165389007313,0,0.518693467086636,0,0,1.07134650889195,0,0,0.844932778427574,0.59223924637548,1.03578019052913,0,0,0.722526851700932,0,0,1.16434498066809,1.00296315648246,0,2.59541309007237,0,0,0,0,0,0,0.969363682751388,0,0,2.98086994311074,0.709871483580228,0,1.08824522839187,0.726971474656363,0,1.01272118805039,0,0.501375624413695,0.968681102332411,0,0,0,0,0,0.92585765624882,0.647191350497739,0,0.693265937084995,0,1.33481412459305,0,0,0,0.807841159243338,0,0,0,0,0,0,0,0.693265937084995,0.842115071009934,0,1.10169552677556,0.68783649719157,0,0.411659908363777,0,0,1.25157942141766,0,0.514316661031664,0,0,0,0,0,0,0,0,0,0,0.299777312221631,0.295798048062831,1.6362480807424
"73","3","grassAmbWet1_bin.24.orig",0.431273533543775,0.510662487491658,0,0.747084105071688,0.636716036366417,0,0,0.876745831596324,0.933399397076253,0,0.518593623993544,1.1631940618827,0,0,0,0.886929299046834,0,0,0.952851948336171,0.410391857066001,0,0,0.631178656781329,0,0,0,0,0,0.475972373699416,0.510996980822744,0,0,0.871394351452776,0.962128392061522,0.296858349073871,0.594923495623841,0,0.828769285028774,0.644770269434458,0.478689340290013,0.396364346906986,0.780819564004681,0.416712026487967,0,0,0,0.757683750336989,0,0,0.851010409072454,0.650031927957574,0,0.900682636433108,0.838234880422426,0,0.743741901863724,0,0,0,0,0,0,0,0.851010409072454,0.689152269694722,0,0.901582217118331,0.562897042858937,0,1.01065651224239,0,0.986774602057192,0.409696407850186,0,0.947015009718432,1.01621177167911,0,0.85045471460613,0.681136881682106,0,0,0,0,0,0,0.490650796387617,0.484137864791553,0
"74","3","grassAmbWet1_bin.25.orig",0.848060816459435,0,0.623709442769476,0.734537024455101,0.417348372247463,0,0,0.862021116461019,0,0,0.679845307703432,0.76243901615082,0,0,0,1.59872818464335,0,0,0,0.403499434004071,1.30438434446136,0,0.620578177616611,0,0,0,0,0,0.311985695431575,0.502414921226388,1.41245534303359,2.39845168212011,0.571173008677234,0.945969699329672,0.291872691351734,0.584931912334062,1.05720195169319,0,0.633941522717921,0.739592667000392,0.779415024361168,0,0.819426915693123,0,0,0,0,0.520739654154453,0,0.83671791357469,0.639114813073091,0.537005512408724,0.885555908970205,0,0,0.812501058521136,0,0,0,0,0,1.07560943942962,0,0.83671791357469,1.35515627796542,0,0.886440381434942,0.553443335401312,0,0.662455201682598,0,0.970201982725097,0.604223497011774,0,0.620740094839471,0,0,0,0.669697367298948,0,0,0,0,1.11997903122518,1.30438434446136,0.482410445595682,0.476006896968993,0
"75","8","grassAmbWet1_bin.26.orig",0.51750061346023,0,0.761195454358266,0.896453068900744,0.509345637654564,0,0,1.05203883477757,1.12001948420362,0,0.829705504525956,1.16313196803303,1.01711348819997,1.56898439002722,1.36051215442576,1.06425834337919,0,0,0,0.492443939338517,0,2.54863887676285,0.757373955696698,0,0,0,0,0,0.95189393050079,0.613163643220072,0,0,0,0,0.712422005098193,0.713870084763716,1.29024392575211,0.994470052208418,0.773683020220349,0.8205664916629,0.7134177385962,0,1.00005547556694,0.911589112508312,0,2.07172248262474,0.909171964220337,0.635527748123207,1.21949910473183,0.680771984216577,0.779996673393444,0.655379134867344,0,1.00582816032771,1.0762952167251,0.892442639148148,0,1.55725566549108,0,0,0,0,2.07263624504534,0.680771984216577,0,1.29880459049954,0.721227270946072,0.675440393016563,0,0.404241024472639,0,0,0.737414167243593,0,0.883833492248554,0,0,0.510245589281151,0.817320625322118,0,0,0,0,1.36685913196968,0,0.588749525246647,0.580934424540854,1.60675982045401
"76","12","grassAmbWet1_bin.27.orig",0,1.557841943962,0.967603799450895,1.13953832820646,0.323730765473233,0,0,0,1.42372777211091,0,1.318364084428,1.33067770515306,1.2929174366717,0,0,0.901897500617792,0,1.53543725728948,1.45339903347439,1.25195342140403,2.02358207379515,0,1.92549210046217,0,0,2.83288831943671,0,4.64668622660939,0.968010177731092,0,0,0,1.32915056781694,1.46754852896322,0.905604776011954,0.907445521878533,0,0,0.983477536090889,1.04307408890728,0.302290171995889,1.19099551784924,1.58904239423637,0,0,0,1.15570612238546,0.807859611115146,0,1.29805864193518,0,0.833093967321582,1.37382441789079,1.27857194095871,0,0.504195740755199,0,1.97952640155468,0,0,0,0,2.63465932974634,1.29805864193518,0.525587025581445,0,1.37519656148635,0.858595104376209,6.86100737765712,1.54156918147944,0,1.50514175406924,0.6249159318267,0,0.48149862183518,1.55004270006764,0,1.29721103302629,0,0,0,0,0,1.73750129724964,2.02358207379515,1.12259526963512,0,0
"77","2","grassAmbWet1_bin.28.orig",1.41781956583206,0,0,0,2.79095402808966,0,0,0,0,0,2.27318126316746,1.59334232562095,0,0,0,0.97193205386026,0,3.30933545337176,0,1.34917067556911,4.36143637118694,0,2.0750112852203,0,0,0,0,0,1.04317854252323,0,0,0,0,3.16301454415335,0.97592720828258,1.95582178516195,0,2.72459406033822,2.11969395840099,1.34888562063733,0.651527490714811,2.56695848255184,2.05492252080963,0,0,0,0,1.74118378313289,0,0.932570719712545,0,1.79557151486241,0,2.75571237692281,2.94877412160128,0.815021665196079,0,0,0,0,0,0,0,0.932570719712545,2.26560058944951,0,0.9879892985263,1.85053424066284,0,1.10751720655371,0,0,1.34688437365504,0,1.03777634183615,3.3408146358447,0,2.79588530349799,0,0,0,0,0,3.74484507000837,4.36143637118694,1.61302339467311,1.59161201389129,0
"78","4","grassAmbWet1_bin.29.orig",0.755220071525845,0.894241195744209,1.11085875172547,1.30824840242786,1.48663804020947,0,0,0,0,0,0.605419814175385,0.848714557281782,0,0,0,1.03542455319953,2.79506558312616,0,0,0,0,0,0,0,2.18366959611981,0,0,0,0.555662647409071,0,0,0,0,0,1.03968069535089,1.04179396594444,1.88293131360158,1.45129053845435,1.12908261492147,1.0777522607047,0.694089219808348,0,0,1.33033735003218,0,0,1.32680985874917,0.927464236583273,1.77968910015999,0,1.13829651240672,0.956434570775826,0,1.46786611537762,1.5707029700372,1.30239573874819,0,0,0,0,0,0,0,0,0,1.89542441153171,1.57879613178124,0,0,0.589933475391656,0,0,0.717435516847204,0,1.47409358613626,0,0,0,1.19276562203101,0,0,0,0,0,0,1.71839587046886,0.423896442093094,2.34484217982745
"79","14","grassAmbWet1_bin.3.orig",0.573634780882849,1.35845926695446,0.8437636136317,0,1.12919044209815,4.2172402573638,0,0,0,1.9621686902439,0.91970506489577,0.51571954449228,1.12744150975082,0,0,0.393233415721664,0,0,1.26738363494345,1.09172033382042,0,2.8250940493498,0,0,0,0,0,0,1.05514747624255,0.679674541392417,0,0,0.772691527116287,0,0.789699625780306,0.791304781098054,0,1.10234190193278,0.857605726898308,0.363829891135795,1.58160673635228,0,0,0,0,0,1.00779138597184,0.704464518606108,0,0.75461647356534,0,0.726469218869268,0,0,1.19304278053539,0.879331024617187,0,0,0,0,0,0,0,0.75461647356534,0.916638004592793,0,0.3997300068589,0.748706555644031,0,0.448089732583556,0,0,1.08987030673783,0,0.419873317311166,0,0,0,0,0,0,0,0,0,0,0,0,0
"80","10","grassAmbWet1_bin.30.orig",0,1.76616547943347,0,0,1.10106568543518,0,0,0,1.61411679340068,0,0.896797962437626,0.502874513083553,1.46581375168242,0,0,0.511252196589121,0,0,0,1.41937179398243,0,0,0,0,0,0,0,0,0.548729017817043,0,0,0,1.00459478958324,0,1.02670742664341,1.02879432757618,0,1.4331811494735,0,0.354767976711601,1.37085657147814,0,0,0,0,0,1.31025375561265,0.91589121920248,0,0.981094978880663,0,0.944500057859235,0,0,0,1.28614427812397,0,0,0,0,0,0,0,0.981094978880663,1.19174305791154,0,0.519698570565652,0.973411352825166,0,0.582572210024303,0,0,1.06272489704569,0,0.363924914452396,0,0,0.735340756150277,1.17788214002654,0,0,0,0,0,0,0,0.418607008065889,0
"81","15","grassAmbWet1_bin.31.strict",2.59942111164364,0,3.82350761077525,0,3.83768763516049,0,0,0,0,0,0,0,0,0,0,0,0,0,0,0,0,0,0,0,0,0,0,0,1.91255671172598,0,0,0,0,0,1.78925855572349,0,0,0,0,0,1.1945062368965,0,0,0,0,0,0,0,0,0,0,0,0,0,0,1.99234051498348,0,0,0,0,0,0,0,0,0,0,1.81137311302378,3.39275736413994,0,0,0,0,1.23468449730667,0,0,0,0,0,0,0,0,0,0,0,0,0,0,0
"82","2","grassAmbWet1_bin.32.strict",0,0.8578943719693,1.06570741282503,1.25507407500574,0.356553247021284,0,0,1.47290105108086,1.56807697680033,0,1.74243678461106,0.977061820321766,1.42400401612075,0,0,1.49000890534257,0,0,0,1.37888673283331,2.22874943001171,0,1.06035714512649,0,0,0,0,0,1.06615499307004,0,0,0,1.46391075943166,1.61634064157676,0.498711209812004,0.999449795411757,0,1.39230220096952,1.08319055914595,0.919063599630376,0,1.31174841679375,1.4001220415149,0,0,0,1.27288109283201,1.77953409562041,1.70735285977485,1.42966647896273,0,0,1.51311401102094,1.40820405633282,1.50686106214215,0.416486431798753,0,0,0,0,0,0,0,1.42966647896273,1.15775070243559,0,1.51462527379408,0.945646521715055,0,1.69786611526077,0,1.65774537633517,0.688275037074179,0,1.41417840882392,1.7071987486974,0,0.714366466253577,0,0,0,0,0,1.91366343675258,2.22874943001171,1.23641319012119,1.22000095846679,0
"83","3","grassAmbWet1_bin.33.orig",0.997662295882809,0.590656126641774,0,0.864112431568587,0.49097037282971,0,0,1.01408525126582,1.07961341588819,0,0.999716083688741,0.784819395013325,0.980419879143715,0,0,0,0,1.16432276920924,1.10211314684928,0.949356847770762,0,0,0,0,0,0,0,0,0.183510639299622,0.591043017279262,0,0,1.00789547893906,1.11284271570157,0.686720512746136,0.688116351172364,0,0,0,0.553674488582879,0,0.903132441833527,0.963977255111955,0,0,0,0.87637247723384,0,0,1.31242460990513,0.751857342501934,0.631735533600187,0,0,0,0.477914823865808,0,0,0,0,0,0,0,1.31242460990513,1.19565864026067,0,1.042812176841,0.651073057404867,0,1.16897261010605,0,1.14134967536479,0.473874034782692,0,1.09536187053694,1.17539808309801,0,0.983675715208463,0,0,0,0,0,0,0,0.567509668375131,1.11995301390948,0
"84","4","grassAmbWet1_bin.34.orig",1.83927614354606,0,0,1.59306549649579,1.81029211519822,0,0,1.8695532725577,0,0,0.737224991116227,1.24018454758605,0,0,0,0.63042275720176,0,0,0,0,0,4.52912572721442,0,0,2.65907352370506,0,4.66244923154337,0,1.01495288238394,0,0,0,0,0,1.26602825584385,1.26860160388778,2.29286189259121,0,1.37489375350017,1.02074648139271,0.845198500158179,1.6650022373122,1.33288115795701,0,0,0,0,1.12938129470874,2.1671429483063,0,1.38611359687606,1.16465872347415,1.92059558174747,1.78743337851112,1.91265871386968,1.40972325054032,0,0,0,0,0,2.33278409203625,0,0,0,0,1.92251382755301,0,0,1.43673428246532,0,0,1.31044123470228,0,0.67313123399999,0,0,1.81349068059906,1.45244110700813,0,0,0,0,0,0,2.09250564761591,2.06472958723317,2.85533478541135
"85","9","grassAmbWet1_bin.35.orig",1.36006140617897,1.07361459615321,0.666841438189653,0,0.223104838320102,0,0,0.921633314541904,0.981187419565495,0,1.09028898309386,1.12085148291321,0.891037140842057,0,0,1.39850723012258,0,1.05817400622232,1.00163589921362,0.862806058171013,1.39458772397352,0,1.32698726712697,0,0,1.95233557602387,2.29844669431213,0,0.667121501038696,0.537158916739976,0,0,0.916007850234391,1.01138727671625,1.24822740797408,0.625382286873658,1.13031168294266,0.871200472959049,0.677781107273698,2.37221534861073,0,0.820795830329232,0.657070166188836,0.798593043800499,0,0,0,0.556750878031972,0,1.19277372568371,0.683312151288834,1.14828317051072,0.946795631813604,0.881150686284705,0.942882995593677,0.347475498840637,0,1.36422597068781,0,0,0,0,0,1.19277372568371,1.44887073916596,1.13781121011318,1.26365502543559,0.591716149264545,0,1.41653324171176,0,0,0.430671974379833,0,1.32733349601611,1.06823960794186,0,0.446998074723165,1.43201922221502,3.47669866655409,0,0,0,1.19743004788928,1.39458772397352,0.515771051838371,0.508924672285774,0
"86","2","grassAmbWet1_bin.36.orig",0.641313088801972,0.759366183446386,0,1.11093025134535,0.946810541830868,0,0,1.30374004807374,1.38798512745766,2.19366835036424,1.02821327369196,0.864847386497913,1.26045878171659,0,0,0.439627694939426,0,1.49689014923293,0,0.610261583435331,1.97278010420013,0,0,0,0,0,0,0,0.471854155070079,0.759863582277193,0,0,1.29578228114953,1.43070576547313,0.882869594231172,0.884664128225865,0,0,0.958787360914465,0.508443871995692,1.1788047437884,0,0.929489718457766,1.12968760665224,2.81307994305512,0,1.12669215351782,0,0,1.26547091717022,0.966611561142922,0.812179167301491,1.33933459550583,0,0,0.983075842452831,0,0,0,0,0,0,0,1.26547091717022,0.512392178464101,1.60954472713384,0.446890763825335,0.83704009904591,0,1.00191208776198,0,1.4673552137472,1.21845487076617,0,0.938821225644428,1.51112892279142,0,0,1.01286530128368,0,0,0,0,1.69388137729816,1.97278010420013,0.729608365180495,0.359961747390588,0
"87","4","grassAmbWet1_bin.37.orig",0.789439960175179,0.934760291167862,1.16119303734951,1.36752663978495,0.776999658448368,0,5.48132648821734,0,1.70857408475918,0,1.26570416230132,1.06460494612693,1.55159242469174,4.78692755974386,0,0.270585207167083,2.92171321423178,0,1.7441816982516,0.751216353659033,0,3.88791302085519,0,0,0,0,0,0,0.87126054003407,3.7414903054736,0,0,0,0,1.08678982150784,1.08899884681862,1.96824909356419,1.51705017924806,1.18024264471312,1.25176272578318,0.725539199370672,0,1.52557066459441,1.39061646296965,0,3.16038372059435,1.38692913700604,1.93897741227378,1.86032885687999,0.519254078284889,1.18987403447361,0.999771719437933,0,1.53437681459523,1.64187332522554,1.36140878519343,0,2.37557177435564,0,0,0,2.00251929236015,0,0.519254078284889,0,0,1.1002221316143,1.03037488863707,0,0.616664038573895,0,0,1.12491501590487,0,1.34827565180425,0,2.62581109480812,1.55674504417811,0,0,0,0,2.95144992104898,0,0,1.79625836056942,3.10172573647024,2.45108967154446
"88","2","grassAmbWet1_bin.38.orig",0,1.56035699539359,0,2.28275610221911,0.648506822515756,0,0,2.67894455735962,0,0,2.1127880189243,0.888550674817586,2.59000956367401,0,0,0.903353565277549,0,3.07583227513616,2.91149093496915,0,0,0,0,0,0,0,0,0,0.969572977726784,0,0,0,2.66259281881952,0,1.81413365173402,1.81782108703615,0,0,0,0.417903230208566,1.21111281241513,0,1.27328625368387,2.32129899655155,0,0,2.31514389463293,0,0,1.73353904973052,0,1.6688779048077,2.75208476598921,2.56127225219654,0,0.757514606200212,0,0,0,0,0,0,0,1.73353904973052,0,0,1.83655565578891,1.71996251932576,0,2.05874394855665,0,3.01514344779794,1.25184964949498,0,2.25062121796295,3.10509032008488,0,0,0,0,0,0,0,3.48061279795025,0,0.749605092591966,0.739654784291119,0
"89","4","grassAmbWet1_bin.39.orig",0.808600067843888,0,1.1893757804866,1.40071720395692,0.397928916846704,0,0,1.64382157440847,1.75004204315425,0,0.648211721686871,1.27218402193184,0,2.45155435805006,0,0.277152447190923,0,0,0,0.769448755038117,0,0,0,0,2.33801437507304,0,0,0,0.297468824872137,0.958074542544014,0,0,0,0,0.556583380456368,1.11542940038664,2.01601949594306,0,1.20888773146916,0.769286184678157,1.11472260481533,0,0.390649259323644,1.42436742884483,0,0,0,0.993018688061112,1.90547998045514,1.06371327551295,0,0,1.68870098505987,1.57161691701605,0,0.774694925519939,0,2.43322810449796,0,0,0,2.05112144982096,0,1.06371327551295,0,2.02939562326642,0.563462539994336,1.05538260904819,0,0.631630787117856,0,0,0.768144848724947,0,1.38099898474769,0,0,0.797264017429983,1.27707194135812,0,0,0,0,0,0,1.83985446074869,0.453858027293609,0
"90","1","grassAmbWet1_bin.4.orig",0,0,1.11617388029562,0,1.49375116085484,0,5.26881686225548,0,0,2.59565760528291,0.304158283916097,0.511665242332462,0,0,0,0.520189375788296,0,0,0,0.722091887770042,0,0,0,0,0,0,0,0,0,0.899108420827524,0,4.29220553218885,1.02215607091751,0,0.522327629050826,1.04677864006615,0,1.45823453182213,1.13448493925417,0.721939323044514,1.74352557546466,0,0,0,0,0,1.33315824910613,0.931901876970945,0,0.998245460963998,0,0,0,0,0,1.45403034978425,0,0,0,0,0,0,0,0.998245460963998,1.21257587063877,0,0.528783400490468,0,0,0.592756131525635,0,0,1.44173646461785,0,0.925716678313581,0,0,0,0,0,0,0,0,0,0,0,0,0
"91","4","grassAmbWet1_bin.41.strict",2.0366600925174,0,0,1.76402707818742,0.501141402795941,0,0,0,0,0,0.816341104559819,0.68663816042205,0,0,0,0.6980772710574,3.76883424034309,0,2.24988943943247,0.969023893852729,0,0,1.49034925810581,0,2.94443493316809,0,0,0,1.49849822793262,1.20657434005619,0,0,0,0,0.700946737585957,1.40474298490084,2.53892289674961,1.95690344692918,1.52244199384144,1.61469859489864,0.46795095493626,1.84368378972617,1.475920770247,1.7938115607294,0,0,1.78905513211099,1.25058209461375,2.39971228522891,0,1.53486590709021,1.28964535957548,2.12670641596475,1.97925376394465,0,0.975630785494081,0,0,0,0,0,2.58312939108193,0,0,0,0,0.70961017347856,1.32912160638126,0,1.59091900741301,0,0,1.45107268186591,0,1.2422817586195,0,0,1.00405371708009,0,0,0,0,0,0,0,2.31706520025326,1.14315416064994,0
"92","5","grassAmbWet1_bin.42.strict",0,0,0,1.9653682003114,0.558340282353616,0,0,0,0,0,0.909515997428747,0.765009121628932,0,0,5.96552662310446,1.16663079058807,0,0,0,0,0,0,1.66045355848423,0,3.28050450987451,0,0,0,1.25214947171952,1.34428936413764,0,0,0,0,0,1.56507642443417,2.82870846259427,2.18025893889694,1.69620926941164,0.539698734346321,0.521361569507248,2.05411670634936,1.64437824333349,1.99855220047476,0,0,0,0,0,0.746256360683115,0,0,0,0,0,1.30438386899943,0,0,0,0,0,2.87796056267952,0,0.746256360683115,0,2.84747671589364,0.79060309607336,1.48082383305173,0,0.886251028995913,0,0,1.07779604237906,8.74652427868167,1.93770125876809,0,0,0,1.79187959993986,0,0,0,0,0,0,1.29076427423811,1.27363058264594,0
"93","1","grassAmbWet1_bin.43.orig",0,0.688921170104503,0.855802790904355,0,0.572651105237122,0,0,0,0,0,0,0.261539024893924,0,0,0,0.398844236957517,0,1.35802638517187,1.28546720243443,1.10729746279195,1.78976889855195,0,0,0,0,0,0,0,0.214040553632648,0,0,0,0.783716617700595,0,1.20145109270007,0.802595453488315,0,1.11807058394518,0,0.461276463007613,1.60417377238814,0,0,1.02488855152235,0,0,1.02217098110198,0.714516117282294,0,0.382691830807906,0,1.47366957989208,1.21508697228214,0,0,0.891877692802072,0,0,0,0,0,0,0,0.382691830807906,0.464858492299199,1.46023020372076,0.405433524213791,0,0,0.45448326702552,2.91411350166992,0,1.10542103873793,0,0.283909498644654,0,0,0.57366290990477,0.918903637967797,0,0,0,0,1.53674309694734,1.78976889855195,0,0.326568753798996,0
"94","13","grassAmbWet1_bin.44.orig",0,1.07207477534648,0,0,1.3367091148597,0,0,1.84062294268276,0,0,1.4516336629565,2.23848782616489,0,0,0,2.48266921842223,0,0,0,1.72313717472833,0,0,1.32508404914585,18.4933931309697,0,0,0,0,0.666164688816138,0,0,0,1.82938815059758,2.01987340961809,1.24643715051929,1.24897067738835,0,0,1.35361801323879,0.861386553779133,0.416059754313365,1.63923722452813,1.31225553998195,0,0,0,1.59066635267482,1.1119047275041,2.13360757849313,1.78659450316246,0,1.14663625706124,0,1.75977380976342,0,0.69395427128642,0,0,0,0,0,0,0,1.78659450316246,0,0,1.2618426410775,0,0,0.707250796664022,0,2.07161517779463,0.86010857496836,0,1.32542978145974,2.13341499231452,0,0,1.42996536322139,0,0,0,0,0,0,1.03006262491411,0.508194752254646,0
"95","1","grassAmbWet1_bin.45.orig",0,0.538759190268153,0.669266149256112,0,0.671748218414266,0,0,0.924984477755537,0,0,0.729502264958785,0.511330466350739,0.89427705289955,0,0,0.467864120318197,0,1.06202164686999,1.0052779608947,0.865943318811466,0,2.24084066336617,0,0,0,0,0,0,0.669547230445424,0,0,2.57363831841593,0.612892372414711,0,0.626383052168063,0.627656247765871,0,0,0,0.432880180463097,1.04543088547434,0,0,0.801496818641123,0,0,0.799371588494764,0.558775287341162,0,0.897833089627784,0,0.576229229147532,0.950238288065391,0,0,0.959032137652487,0,0,0,0,0,0,0,0.897833089627784,0.727069498713184,0,0.63412490918185,0.593867696263813,0,0.355420979291363,2.27893335063433,0,0.648356919753409,0,0.222026638513705,0,0,0.448623410397279,0,0,0,0,0,0,0,0,0.255387590044501,1.41271200669647
"96","4","grassAmbWet1_bin.46.orig",1.04507490903552,0,0,1.81035651952528,1.54290931863907,0,0,0,0,0,1.6755620807305,1.64423384794168,2.05402613738364,3.16851067619431,0,0.716411190291775,0,0,2.30897930380572,0,0,0,0,0,3.02176596010987,0,0,0,0.768926982465134,0,0,0,0,0,0.719356018918143,0,0,2.00829848761161,1.56242657679718,1.65710615471203,1.44072288780977,1.89210529132208,1.00978903017176,1.84092324540907,0,0,1.83604189655368,1.28342669802545,0,0.687397947919287,1.57517678490115,0,0,0,0,1.40175590557094,0,0,0,0,0,0,4.18561848800773,0.687397947919287,0,2.6228917492395,1.45649397309522,0,0,1.63270203316052,0,0,0.992788573525463,0,1.01992669324101,0,0,1.03042363416397,0,0,0,0,0,0,0,1.78343949902138,1.17317733562318,3.24479687468418
"97","2","grassAmbWet1_bin.47.orig",0,2.42074961290508,0,0,0,0,0,2.07806739719414,0,0,0.409724408745911,0.689252109761157,0,0,0,1.05110215158348,0,2.3859346967963,2.25845449939019,1.94542570379844,3.14446888582476,0,0,0,0,0,0,0,0.752101415715858,1.21116762423491,0,0,2.0653832919355,2.28044157314959,2.11084547390009,1.41009067340498,0,0,1.52823774839313,0.972507335576737,1.40919716473222,0,1.48153942406547,1.80064038676023,0,0,1.79586585098705,0,0,1.34471277918437,1.54070895799346,1.29455488518832,0,0,0,0.979344895186711,0,3.07601023895385,0,0,0,0,0,1.34471277918437,2.45014828427662,0,1.42462314904679,1.33418141334343,0,0.798487722881978,0,2.33885814453283,1.45659674198432,0,0.748206586001563,0,0,1.00787602947324,0,0,0,0,0,2.69992447503502,3.14446888582476,0.581471497574166,0,0
"98","3","grassAmbWet1_bin.48.orig",1.02965530101739,0.812796359897104,0.504842515676595,0.59454850905724,0.675619728389507,0,0,0.697736604833435,0,0,0.687849966420149,0.617132922109425,0.674573303310599,0,0,1.05876130038307,0,0.801106824997465,0,0.326600265072444,0,0,0.502308008951792,0,0,1.47804552506602,0,0,0.505054541542358,0,0,0,0.693477760991093,0.7656862154321,0.472494830621856,0.473455230709714,0,0.659555650322678,0.513124559570046,0.598640644153987,0.788592040364659,0,0.663260032900494,0,0,0,0,0.421496772356963,0,0.677255701829808,0.517311921085102,0.434662673396175,0,0.667088611592272,0,0.723419520806973,0,0,0,0,0,0.870619134570067,0,0.677255701829808,1.0968897656338,0.86139738891752,1.19583671892111,0.447967766028694,0,0.536204084157337,0,0.785300295436427,0.489070213379914,0,1.00487813578257,0,0,0,0.542066033420875,0,0,0,0,0,0,0.780944735618523,0.192644605698278,1.06564045436915
"99","1","grassAmbWet1_bin.49.orig",0,0.695403538160123,0.863855422924397,0,1.15607887228314,0,0,1.1939239092223,0,0,0.706203901453173,0.527999925595532,1.1542882941305,0,0,0.603895711710294,0,0,0,1.11771652089664,0,0,0,0,0,0,0,0,0.432109114264312,0,0,0,0.791090958608813,0,0.404252028169027,0.810147433823727,0,1.12859101117518,0,0.279370091991937,1.34939013531979,0,0,0,0,0,1.0317890459878,0.721239319667254,0,1.15887824928544,0.885192301551477,0.743767998725052,0,0,0,1.2378709333958,0,0,0,0,0,0,0,1.15887824928544,0.938465108394351,0,0.409248429953503,0.76653485386543,0,0.917519407557694,2.94153370167743,0,0.836866830545779,0,0.429871395543289,0,0,0,0,0,0,0,0,0,0,0,0.329641585567642,0
"100","7","grassAmbWet1_bin.5.orig",0,0.823891688075913,0,1.20532915485054,0.684842484519354,0,0,1.41452254845568,0,0,1.3944793503962,1.56389321498783,1.36756354978232,0,0,1.43095233210687,0,1.62408516312709,0,0,0,0,1.01832983967038,0,0,2.99644408558585,0,0,0.511948944818622,0.824431352300227,0,0,0,0,0.957889534981345,0.95983655563413,0,0,1.0402582502483,0.551647794071093,0,1.25975720642888,0.672314069183148,0,0,0,0,0,0,0.915334387094999,1.04874729502616,0.881192341396065,0,0,1.44713655287691,0.533305296575865,0,0,0,5.30656907821409,0,0,0,0.915334387094999,1.11186319874221,0,0.484864343211281,0.90816577722789,0,1.63057111170692,0,1.59204056016082,0.330497611759509,0,1.35812738089408,0,0,0.686052517672357,1.09893134703575,0,6.29945210560531,4.63945561397274,0,1.83781529618387,0,0.39580263167283,0.781097441959834,0
"101","5","grassAmbWet1_bin.50.orig",0.847698343588469,0,1.24688572153,0,0.834339983612344,6.23209697149099,0,0,1.83466190541856,0,0.339777366228639,1.14316970882451,0,2.570094477085,4.45720785537707,0.290553612036791,0,0,0,0.806653945579374,0,0,0,0,0,0,0,0,0.311852348449225,0,0,0,0,0,0,1.16936380876014,2.1135001780422,1.62900409019554,1.26734113476315,0.940897433521996,1.16862283747052,1.53475555434485,1.63815336269128,1.49323993171646,3.71837601594019,3.3936108889868,1.48928049177256,0,1.99761574034973,0,1.27768329320242,0,0,0,1.76303882294853,1.46187681188468,0,0,0,0,0,0,0,0,0,2.12752308185654,1.18141533947921,0,0,0.662172059207223,0,0,1.20793048713768,0,1.24094956395038,0,0,1.67162832122979,1.33882225884452,0,0,0,3.16925837995628,0,0,2.4110212836416,1.42741033519948,0
"102","11","grassAmbWet1_bin.51.orig",1.59676407732093,0.945348429988066,1.17434600628997,1.38301677350071,1.178701236278,0,0,1.62304910914708,0,2.73093663655061,0.320010235235281,1.07666385049501,0,2.4205748232077,0,1.64190094416919,0,0,0,0.759725468896066,0,0,1.16845033039548,0,0,0,0,0,0.881129409768494,0,0,0,1.61314234396316,1.78111098261777,1.09910001654632,1.1013340637444,0,0,0,0.379782476443753,1.46751493297375,0,0.771425490704327,1.40636813780512,0,0,1.40263904507034,0.98047021776312,0,0.5251357297797,1.20335187641298,1.01109625028712,0,1.55175687969741,0,1.37682962125683,0,2.40248015285855,0,0,0,0,0,0.5251357297797,1.91365833246933,2.00375077789986,0,1.04204606515241,0,1.2472981280957,0,1.82673653079345,1.51687607928808,0,0.779170129905311,0,0,0.787189238412569,1.26093397787646,0,0,0,0,0,0,0.908302394240393,0.896245527308181,0
"103","4","grassAmbWet1_bin.52.orig",0.987294242516064,1.16903564572267,1.45221835485818,1.71026454962759,0.971736076107415,0,0,2.00709304967621,2.13678739599218,0,1.58292269863235,0.887615176064818,1.94046202993039,0,2.59560236645189,1.01520279168588,3.65397089102766,0,2.18131920786423,0.939490801411796,0,0,0,0,0,0,5.00545749856938,0,1.08962119768576,1.16980138559367,0,0,0,0,1.35916774894654,1.36193041372276,0,1.8972625951785,1.47604229159951,0.93929230429712,1.36106742195966,0,1.43093890259676,1.7391412858469,0,3.95245846282207,1.73452981964579,1.21246790894763,0,0,1.4880875593053,1.25034063668683,0,0,2.05336968320703,1.13507560054261,0,2.97095213546644,0,0,0,0,0,0,0,2.47787589231944,1.37596654695628,1.28861375975796,0,0.771216160270896,0,0,1.40684811328311,0,1.68618876102439,0,0,0,0,0,0,0,0,0,0,1.68483573190417,1.66247110933902,3.06539679099781
"104","10","grassAmbWet1_bin.53.orig",0.816567419549049,0.966881380930454,1.20109501664497,0,1.6073992655474,0,0,0,0,0,0.981898086486721,0.734125251277388,1.60490966550672,0,0,0.839649912080234,0,0,1.80411686817822,0.777030338436736,0,0,0,0,0,0,0,0,0.600799728770307,0,0,0,0,0,0.562067544657798,1.12642002317852,0,1.56918044776974,1.22079922407434,0.258955388742582,1.50094168448307,0,0,0,0,0,0,1.00280316552063,0,1.07419432556042,1.23076157647623,0,0,0,1.69829288108031,1.09525948116587,0,0,0,0,0,0,0,1.07419432556042,0.652415748674581,0,0,1.06578157482149,0,0,0,0,1.55142716877516,0,0.796917905911281,0,0,0,1.2896552711329,0,0,0,0,0,0,0,0,0
"105","9","grassAmbWet1_bin.54.orig",2.06500433446785,1.22256545799995,1.5187150234633,0,0,0,0,2.09899727395312,2.23463028778289,3.53176531945528,0.827702141124904,0.696194118346945,0,0,0,1.06168864099352,0,0,0,0.982509820053198,0,0,0,0,0,0,0,0,0.379838214933601,0,0,0,1.39079027795874,2.30340972189517,1.42140365656891,1.42429282298551,0,1.98413771394174,1.54362985154411,0.982302233811663,1.42339031507314,0,0.498820397029527,1.81877607448289,0,0,0,1.26798647229997,0,0.679128227883515,3.11245333731715,1.30759338155341,2.15630383451935,2.00679908079585,0,0.593525195967869,0,0,0,0,0,2.61907885791694,0,0.679128227883515,1.64988378991671,0,1.43897166679834,1.34761902012804,0,1.6130598611742,0,2.36241465323313,1.9616897217753,0,1.7633988684937,0,0,1.01802715407762,0,7.91809595889092,0,0,0,0,0,0.58732796151731,0.579531730743853,0
"106","10","grassAmbWet1_bin.55.strict",0,0,0.731231646062727,0,0.733943523121168,0,0,0,0,0,0.597783642507408,0.446938509000955,0.977075685293058,0,0,0.340788241184496,0,0,0,0.946118609338507,0,0,0,0,0,0,0,0,0.182884687944972,0,0,0,0,0,0.68437812193512,0.685769199182609,1.23945457667709,0.955323588800869,0.743227649570585,0.157653118648334,0.456889772823504,0,0,0,0,0,0,0.610510741647105,0,0.980960965600657,0.749292771184223,1.25916139104703,0,0,1.03392777567076,0.857312397629899,0,0,0,0,0,0,0,0.980960965600657,0.397193423675303,0,0.346418388010371,0.648852259396565,0,0,0,0,0.472257659322733,0,0.242583469267952,0,0,0,0,0,0,0,0,0,0,0,0.279033218787179,0
"107","1","grassAmbWet1_bin.6.permissive",0,2.04140783126564,0,0,0.848438472747654,0,0,0,0,0,0.691037695278882,0.96873894425222,1.69424875908071,0,0,0.886389964605891,0,0,0,1.64056920455875,0,0,0,0,0,0,0,0,1.58560979599393,0,0,0,0,0,1.18671132777477,1.18912345503965,0,0,0,0.54674086082703,1.18836996298405,0,0,0,0,0,1.51444601811085,0,0,1.13399055548567,0,1.09169261725304,0,0,0,1.15622832656489,0,0,0,0,0,0,0,1.13399055548567,0.68873320184512,0,0.600689314905299,1.12510949955696,0,0.673361293531126,4.31754341545602,0,1.22834182446253,0,0.420639616732914,0,0,0,0,0,0,0,0,0,0,0,0,2.67644747958524
"108","1","grassAmbWet1_bin.7.strict",0,0.649980095418695,0.80742877970671,0,1.08056432629929,0,0,1.11593734264303,0,1.87767218868707,0.880099978526699,0.37013340800039,1.07889070789695,0,0,0.56444951856143,2.03159617681214,0,1.21280653165179,1.04470778625255,0,0,0,0,0,0,2.78301842586086,0,0.403883943506962,0.650405844347942,0,0,0.739417257096303,0,0.755692939203892,0,0,0,0,0.609284117589891,1.26124858558061,0,0.265199157342833,0,0,0,0.964393054912372,0.67412829543167,0,1.08318084926935,0,0.69518541142275,0,0,1.1416670034862,0.946647627701769,0,0,0,0,0,0,0,1.08318084926935,0.877164994465157,0,0,0.716465145943052,0,0,2.74939405852342,1.25598387528388,0.782203069903904,0,0.535723188739672,0,0,0.541236775844045,0.866962869200686,0,0,0,0,0,0,0,0.308109547167547,0
"109","3","grassAmbWet1_bin.8.orig",0,0,0,1.15449195986431,0.327978933791381,0,0,1.35486219898278,0,0,1.60279723600864,1.19834628443129,1.30988379105702,0,0,0.456866341092618,0,0,0,0.634191112031515,0,0,0.975379719023842,0,0,0,0,0,0.735534693916128,1.57931858506932,0,0,0.897728261823902,0,0.917488606430711,0.919353507549449,1.66163326360312,1.28072257146524,0.996383254533572,1.05676186520343,0,1.20662439828199,1.28791572700628,0,0,0,1.17087191648918,0,1.5705249502922,1.3150924619668,0,0.844026272111466,0,1.29535004607367,1.38610064180296,0.510812067037599,0,0,0,0,0,0,0,1.3150924619668,1.06496811949767,0,0.928828417714207,0.869862048731022,0,1.56179847710237,0,1.52489302949903,0.633116413048224,0,1.30084561167711,0,0,1.31423373028029,0,0,0,0,0,1.76030171893007,0,0.758217710275299,0.374076538754689,0
"110","5","grassAmbWet1_bin.9.orig",1.29419858642934,0.766217514002758,0.951823104556198,1.1209535451698,0.318451025520932,0,4.49301109056755,0,1.40050813035513,0,1.55623538868422,0.727208678456378,0,1.96190818608466,1.70122784522367,0.665391309580945,0,0,0,0.615767627719518,0,0,0,0,0,0,3.28071193982235,0,0.714167141395745,1.53343880116244,0,0,0,0,0.890835226043739,0,1.61336220810658,1.24351711122498,0.967437955694816,1.02606254558867,0.892080323007938,1.17157151713862,1.2505013029604,1.13988013745929,0,2.5905479517783,0,0,1.52490062469952,0,0.975332749246063,0.819506999469269,0,1.25771965233331,1.34583390998563,1.23993197303992,0,1.94724221437326,0,0,0,1.64145328854071,2.5916905494896,0,0,1.62406673668766,0.901845611652042,0.844592237306102,0,1.01095177250344,0,0,0.922086223703547,0,0.789409731088237,0,0,0,1.02200381066091,0,0,0,2.41928614488362,0,0,1.84047801953406,1.4528379126389,0
"111","4","grassAmbWet2_bin.1.orig",0,0,0,2.23077718963461,0.633740164174452,0,0,0,0,0,0.516169830251234,1.44719693246439,0,0,0,0.882783984516458,0,0,0,1.2254213245064,0,0,0,0,3.72351329891367,0,0,0,1.42124334721726,0,0,0,0,0,1.77282538651531,0,3.21070541055964,0,1.92527026052968,0.612581207767423,0.591767739309404,0,1.86643982322426,2.26844245287308,0,0,0,0,3.03466057509454,0,0,1.63087714833448,0,2.5029514590235,2.67830509156196,1.23377635677895,0,0,0,0,0,3.26660865626921,0,0,0,3.23200818290677,0,1.68079855373446,0,1.00593292364303,0,0,1.22334472799382,0,1.25678515686962,0,0,1.26971981151876,2.03386018837797,0,0,0,0,0,0,1.46507280402187,0.722812664654247,3.99833887688667
"112","14","grassAmbWet2_bin.10.orig",0.575193403076153,1.36215033456879,0.846056202466854,0,1.13225856373612,4.22869891447225,0,0,1.24488319796008,0,0.230550998533249,0.904961409248061,0,0,0,0.19715093481962,0,0,1.27082724109615,1.09468664548401,0,0,0,0,0,0,0,0,1.05801441585028,0,0,0,0.774791006092938,0,0.395922658718024,0.793454834118877,0,0,0.859935926118429,0.456023065976631,1.05726941174489,0,0.55577258972708,0,0,0,1.0105296544185,0,0,1.1350002612621,0,0,0,0,1.19628439526531,0.881720253610799,0,0,0,0,0,0,0,1.1350002612621,0.919128600325122,0,0.400816112654404,0.750740865091066,0,0.449307236516496,0,0,0.546415795847818,0,0.421014154464955,0,0,1.13425912653832,0,0,0,0,0,0,0,0,0,0
"113","1","grassAmbWet2_bin.11.orig",0.751536299143057,1.77975862700007,1.10544026386336,0,1.47938659607788,0,0,0,1.62653971074218,2.57069662597993,1.20493345907498,0.506744845475066,1.47709526684268,0,0,0.77278051070058,0,0,1.66043768324849,0.715147936214646,0,0,0,0,0,0,0,0,0.829428398457672,0.890462200833895,0,0,1.01232657087919,0,1.0346093960345,1.03671235862891,0,1.44421151049081,0,0.476664559078851,1.38140725649929,0,0,0,0,0,0,0.922940300753752,0,1.48296884372018,0,0.951769324987735,0,0,1.56304147845251,1.440047757707,0,0,0,0,0,0,0,1.48296884372018,1.20091521048517,0,0.523698387933905,0.980903133361039,0,0.587055929195169,3.76415972517413,0,1.42787209591975,0,0.366725832669243,0,0,0.741000245890325,0,0,0,0,0,0,0,0,0.42182878252548,0
"114","7","grassAmbWet2_bin.12.orig",0,0,0,1.16629538041348,0.662664321020971,0,0,1.36871418659008,1.45715776510371,0,1.61918408883165,1.6645723429457,1.32327592352211,0,0,1.61538055319912,0,1.57149025685691,0,0.640675024145319,0,0,0.985351912351306,0,0,2.89940625813487,0,4.75579324203618,0.990739644762929,0.797732697152774,0,0,1.36035983059799,0,0.926868926300626,0,0,0,1.00657018609331,0.854052881739425,0,1.21896081612892,0.650541629993614,0,0,0,1.18284280422162,0,0,1.77138379654456,2.02956863772504,0.852655519772446,0,0,1.40027200840182,0.645043203803942,0,0,0,5.13471940578219,0,0,0,1.77138379654456,0.537928128232157,0,0,0.878755439016859,0,1.57776616235195,0,1.54048339681678,0.319794668768798,0,1.14987717129265,1.5864386443042,0,0.663835168063719,1.06334319408235,0,6.09544858376422,4.48920996263528,0,1.77829888322768,0,0.382984829511372,0.377901063184481,0
"115","3","grassAmbWet2_bin.13.orig",0.709351281396138,0.839928865763284,0,0,0.349086524098936,0,0,1.44205644615206,0,0,0.568649241671042,1.11603424488368,0,0,0,0.243134339675708,0,0,1.56723447641023,0.675005459510212,0,0,0,0,0,0,0,0,0.521914109310199,0,2.3628659361451,0,1.43325442376501,1.58249221130833,0.976535001247969,0,0,1.36314544851904,1.06050703615236,0.674862843280332,0,1.28427857307797,0.685400765341463,0,0,0,0,0,0,0.933151510901026,0,0.898344885061996,0,1.37871429682395,0,0.543686165719936,0,2.13457003343704,0,0,0,0,0,0.933151510901026,1.13350578591762,1.78030455731013,0,0,0,1.10820695181491,0,1.62302987309882,1.01079239492362,0,0.519211326761495,1.67144762278172,0,0.699406634831222,0,0,0,0,0,1.87358865193929,0,0.807013980838832,0,0
"116","1","grassAmbWet2_bin.15.strict",0.408774325987362,0.968043238898377,0.601269159314449,0,0.201166350639358,0,0,0,0,1.39824886941742,0.327692663118617,0.367503708324467,0.803419106716765,0,0,0.420329440850691,0,0,0.90314239723066,0.777964060926213,0,0,0,0,0,0,0,0,0.75190210355533,0,0,2.31215839888718,0.55062292022633,0.911934896042798,0.562742956004165,0.563886795786871,0,0,0,0.129633281906474,0.37568632468813,0,0,0,0,0,0.718155973566465,0.502004094542574,0,0.806613852508784,0,0.517684727618525,0.853694718085669,0,0.850166821713415,0.391634144762872,0,0,0,0,0,0,0,0.806613852508784,0.653199727403457,1.02592723034818,0.284849122780163,0.533531138357197,0,0.319310447209629,0,0.935295332275318,0.582484293444605,0,0.0997344407997705,0,0,0.403043574097049,0,0,0,0,0,0,0,0,0,0
"117","1","grassAmbWet2_bin.16.strict",0,0,0,0,0.631174947293475,0,0,0.86911585768373,0,0,0.171360169262063,0.288267810439752,0,0,0,0.293070234141639,0,0,0,0.406820378251379,1.31511989281648,0,0,0,0,0,0,0,0.314553448972652,0,0,2.41819179485619,0.575873966243797,0,0,0,0,0.821556832118886,0,0.271156283062085,0.785829887984974,0,0.206542772863143,0,0,0,0,0.525025527226562,0,0.843604400413426,0,0,0,0,0,0.983025878407195,0,0,0,0,0,0,0,0.843604400413426,0.683154848720387,1.07297528220452,0.59582406794491,0.557998371433639,0,0.333953722126398,0,0,1.01532745314095,0,0.20861633573431,0,0,0,0.675209215475038,0,0,0,0,1.12919685808541,1.31511989281648,0,0,1.32738487713801
"118","14","grassAmbWet2_bin.17.orig",0,1.11905596042212,0.695065891183262,0,0.930191523161795,3.47402970507565,0,0,0,1.61637276993504,0.568218050260018,0.424833518537595,0.928750807775431,0,0,0.485899954902986,0,0,1.0440307231328,0.899324828056639,0,2.32722350355459,0,0,0,0,0,0,0.521518355891861,0,0,0,0.636518944675974,1.05419483337846,0.325264840348796,0.651851957095144,0,0.908074541348977,0,0.374639507197025,1.52002412081732,0,0,0,0,0,0.830186804100669,0.580315683825722,0,0.932443927232223,0,0,0,0,0.982791068583045,0.81491085470604,0,0,0,0,0,0,0,0.932443927232223,0.755097519330619,0,0.65856998088412,0.616760880566511,0,0.369122209439345,2.36678463727253,0,0.897800834011271,0,0.345878415193601,0,0,0,0,0,0,0,0,0,0,0,0,0
"119","2","grassAmbWet2_bin.18.orig",0.732140958481516,1.73382734609541,1.07691151478889,1.26826904553829,1.08090539504099,0,0,1.48838610200608,1.58456264080511,2.50435314149993,0.880377772809692,1.15188962531954,1.4389749978382,0,0,1.50567381627553,0,1.70889165952972,0,1.39338338300703,2.25218094185559,0,1.07150499811984,0,0,0,0,0,0.808022850434527,0.867481517464253,0,0,1.47930129272182,1.63333371597843,1.0079086209547,1.00995731115274,0,0,1.09457846667564,0.464362995581307,1.6821955805394,0,0.707420972431888,1.28968296696414,3.21149073947791,0,1.28626327388877,0.899121435898128,0,1.9262626558026,1.10351079248442,0.927206452495227,1.52902183286622,0,0,1.12230687650239,0,0,0,0,0,0,0,1.9262626558026,0.584961241567576,0,0.510182994666194,0.955588387487548,0,1.1438108609612,0,1.67517375114334,1.39102215832784,0,0.5358922841183,1.72514704165546,0,0,2.31263071171618,0,0,0,0,1.93378235495831,2.25218094185559,0.832941315445886,0.821884796530651,0
"120","3","grassAmbWet2_bin.20.orig",0.271063941738048,0.320961468745438,0.398709943379212,0.469557129245953,0.133396205394388,0,0,0.551052087667187,0.586659973563449,0,0.434595126438136,0.243696821078876,0.532758385469249,0,0,0.185817532759401,0,0,0.598886286590467,0.515878790518068,0,0,0,0,0,1.16731738970354,0,0,0.498596744055642,0.321171704416671,0,0,0.547688576602821,0.604716714859142,0.3731626820529,0.373921178123971,0,0.520897879694536,0.405250860891669,0.171923264941521,0.49824565562463,0,0.130955873342518,0.477485304664245,0,0,0,0,0,0.35658457722922,0,0.34328394403665,0.566096842717092,0,0.563757445558533,0.467456488457272,0,0,0,0,0,0,0,0.35658457722922,0.649718738173666,0.680306617405258,0.377774831307793,0.353791919425881,0,0.423478398501266,0,0.620207345075735,0.515004583356923,0,0.330676475154431,0,0,0.267263800443071,0,0,0,0,0,0.715953207543051,0,0.308383725272676,0,0
"121","4","grassAmbWet2_bin.21.orig",0.645109962914373,0,0,1.11750747920124,1.26988813876328,0,0,0,0,0,0.517150389132557,0.579978458958847,0,1.95587683441746,0,0.663345745464923,2.38754864000202,0,0,0.613874618080027,0,0,0,0,1.86529339629963,0,0,0,0,0,0,0,0,0,0.888096596089538,0.889901754566699,1.60840236599334,0,0.964463831539373,0.716035737283776,0.889337865342683,0,0.623328488870366,1.13637588684439,0,0,0,0.792241151718605,1.52021273359925,0,0.972334354700913,0.816987648695064,0,1.25385313626707,1.34169651066473,0.988896112274098,0,0,0,0,0,0,0,0,0,1.61907398642063,1.34860969990505,0.841995768809404,0,0.503921938492646,0,0,1.22566869477307,0,1.10177606862058,0,0,0,0,0,0,0,0,0,0,1.46785597743801,0.724185779346972,2.00296722598001
"122","10","grassAmbWet2_bin.22.orig",0.911575261934487,2.15875658758955,0,0,1.7944206093036,0,0,0,0,0,1.09614219714571,1.02442615607215,0,0,0,0.937343408778785,0,0,2.01402635875212,0,0,0,0,0,0,0,0,0,0,1.08008530644959,0,0,1.22790058186768,0,1.25492851411892,1.25747930066114,0,0,1.3628395473696,0.86725475694118,2.09447082449214,0,0,0,0,0,0,0,0,1.1991771288549,0,1.15444772623252,0,0,0,1.39736368122392,0,0,0,0,0,0,0,1.1991771288549,1.45664899860113,0,0.635219477355737,1.18978555226877,0,0,0,0,0.865968071888981,0,0.667229641511911,0,0,0,0,0,0,0,0,0,0,0,0,0
"123","10","grassAmbWet2_bin.23.strict",0,2.44647230222051,1.51954818269913,0,1.01678909619374,0,0,0,0,0,0.414078107127161,0.696576046852736,0,0,0,0.354090359303672,0,0,2.28245265397468,0.983048819877543,0,0,0,0,0,0,0,0,1.14013977666295,0,0,0,1.39155325833839,0,2.13327514693547,1.42507418268873,0,0,0,0.491420559877632,1.89889490622023,0,0,0,0,0,0,1.26868208314466,0,1.35900158825948,0,2.61662144108884,0,0,0,1.18770160166381,0,0,0,0,0,0,0,1.35900158825948,1.65078890766191,0,0.719880539619815,1.34835831697812,0,0,0,0,0.981382947323978,0,0.504104645721727,0,0,0,0,0,0,0,0,0,0,0,0.579849658864975,0
"124","14","grassAmbWet2_bin.24.orig",0,1.01715884928217,0.631775753005745,0,1.05686463945286,3.15769736470899,0,0,0,1.46919182313097,0.688637611921656,0.386149744190804,0.844182182408819,0,0,0.441655695939413,0,0,0.948965133572422,0.817435623944953,0,0,0,0,0,0,0,0,0.790051361027552,0,0,2.42947038093726,0.578559875655094,0,0.886942268543024,0.592496720477787,0,0.825388620594582,0.64214016241013,0.408631457421402,0.986868804914355,0,0,0,0,0,0.754593053621508,0.527474276583906,0,0.565026013346648,0,1.08790099589898,0,0,0,0.90530987051348,0,0,0,0,0,0,0,0.565026013346648,0.686341122358558,0,0.598603025781829,0.560600908039173,0,0.671022603116629,2.15127395169652,0,0.816050399180221,0,0.314384001544619,0,0,0.423492796154082,0.678358430221227,0,0,0,0,0,0,0.244324681995151,0.241081499771092,1.33357587680618
"125","15","grassAmbWet2_bin.25.orig",0,0,3.76455335468863,0,2.51900982586008,0,0,0,0,0,0,0.575236271726793,0,0,0,0,0,0,0,0,0,0,0,0,0,0,0,0,4.70766800938867,0,0,0,0,0,0,0,0,0,0,0,0,0,0,4.50833728964388,0,0,0,0,0,0,0,0,5.34499277913012,0,0,0.980810414529607,0,0,0,0,0,0,0,0,0,6.42334258600124,1.78344374417077,3.34044480016815,0,0,0,0,1.21564702871755,0,0,0,0,0,0,0,0,0,0,0,0,0,0,0
"126","2","grassAmbWet2_bin.26.orig",0,1.1968872543295,0,0,0.497443567405572,0,0,0,2.18769513900834,0,1.21547619795464,1.3631431533356,0,0,0,1.7323157002303,0,0,0,1.92374726961292,3.10942917104322,0,0,0,0,0,0,0,0.371860267428979,0,0,0,2.04236813608829,2.2550299614592,1.39154914665087,1.39437763034231,0,0,1.51120815873382,0.641113605740699,0.464498026097282,1.83007956718886,1.46503020717009,0,0,0,0,0,0,1.9945923910011,0,1.28012929040806,0,0,0,1.16211813040997,0,0,0,0,0,0,0,1.9945923910011,0,0,1.4087481664579,0,0,0.789589946156481,0,0,0.960243645678939,0,0.739869106343441,2.38179021763801,0,0.996644979050995,0,0,0,0,0,2.66983844557441,3.10942917104322,1.14998398924407,2.26943804920376,0
"127","10","grassAmbWet2_bin.27.strict",0,0,0,0,1.91722289427855,0,0,0,0,0,0.390385788938702,0.656720036451719,0,0,0,0.333830361695268,0,0,0,1.85360337824043,0,0,0,0,0,0,0,0,0.716602912271774,0,0,0,1.31193271814254,0,1.34081032366515,1.34353567486307,0,0,1.45610631526309,0.30886862432714,0.447561446329265,0,0,0,0,0,0,1.1960918662834,0,1.28124355784572,1.46798889510193,1.2334530708716,0,0,0,1.3063689883868,0,0,0,0,0,0,0,1.28124355784572,1.55633567434886,0,1.35738223085915,1.27120926290342,0,0,0,0,1.387846699262,0,0.475261276654036,0,0,0.960305196662865,0,0,0,0,0,0,0,0,0,0
"128","10","grassAmbWet2_bin.29.orig",0,0.598062338085056,0.742934664049206,0,0.994253257896409,0,0,1.02680082205841,1.0931506414826,0,0.202450296022999,0.454091549269181,0,0,0,0.692484792854832,0,0,0,0.961260791931463,0,0,0,0,0,0,0,0,0.55743501363651,0.598454079927395,0,0,0,0,1.0429969070134,0.696744612125718,0,0.970613092753336,0.755122657941471,0.160176282536412,0.928404156761644,0,0,0,0,0,0.887361273551538,0,0,0.996660783690139,1.52256969793809,1.27931367587585,0,0,1.0504753026009,0.871033278644165,0,0,0,0,0,0,0,0.996660783690139,0.807100634579078,0,0.351962651100681,0.659236834111258,0,0.394543435581442,0,0,0.719723880994685,0,0.369698855106067,0,0,0,0,0,0,0,0,0,0,0.287312823693229,0.283499013991577,0
"129","14","grassAmbWet2_bin.3.strict",0,0.967235036174552,0.600767169989195,0,0.80399360119156,3.00271243467824,0,0,0.88396604578391,0,0,0.458996107214192,0,0,0,0.27998567666537,0,0,0.902388379108209,0.388657276026623,0,0,0,0,0,0,0,0,0.751274353364301,0.483934296465477,0,0,0.550163214578849,0,0.562273131546351,0.563416016356807,0,0.784877202673182,0.61062287729809,0.194287579948787,0.750745341217457,0,0,0,1.7915661375214,0,0.717556397441508,0,0,0.537293616276942,0.615605875458912,1.03450504300807,0,0,0.849457031991833,0.860875787467462,0,0,0,0,0,0,0,0.537293616276942,0.32632719106807,0,0.56922261425036,0.533085702345725,0,0,0,0,0.77599731637627,0,0.398604696891815,0,0,0,0.645063493531404,0,0,0,0,0,0,0.232332828638015,0.229248827080125,0
"130","2","grassAmbWet2_bin.31.orig",0.727202288888608,0.861065891760293,1.06964718940082,1.25971391459217,1.78935688144016,0,0,0,0,0,1.1659188922703,0.980673886097485,1.42926836691631,2.20476847752756,0,0.74775863365583,0,0,1.60667433521445,1.38398429111742,2.23698881606832,0,0,0,0,0,0,0,1.33762053036203,1.72325981154487,0,0,1.46932264007512,1.62231603493665,1.50166463368405,1.00314462651197,0,0,1.08719496855577,0.461230626903142,1.33667864075105,0,0.702649051935621,1.2809833880379,3.18982757273491,0,1.27758676256176,0.893056396585191,0,0.95663450874649,1.09606704120517,0.920951965213456,1.51870778944959,1.41340999680794,0,1.25407837789974,0,2.18828703749333,0,0,0,0,0,0.95663450874649,0.5810153753197,0,0,0.949142449368734,0,0.568047632433908,0,1.66387383741529,1.38163899412044,5.60613443141484,0.532277413377922,1.71351003222549,0,0.717007382734407,0,0,0,0,0,1.92073799238701,2.23698881606832,0.413661347644321,0,0
"131","10","grassAmbWet2_bin.32.orig",0,0,0,0,1.38414656754631,0,0,0,0,1.9241601460965,0.901889751291243,0.379297279207835,1.10560219970065,0,0,0.578424324886385,0,0,0,1.07057296728107,0,0,0,0,0,0,0,0,0.413883420347076,0.666508782535482,0,0,0.757723965883274,0,0.774402606090358,0.775976668456181,0,1.08098878838375,0.840993319772483,0.267586693729339,1.03397995765883,0,0,0,0,0,0.988269780324204,0,0,1.10999855764834,0,0.712397015233357,0,0,0,1.40123389847254,0,0,0,0,0,0,0,1.10999855764834,0.898882102035595,0,0.391986964332394,0.734203599646854,0,0.439409929227413,0,0,1.0687587764833,0,0.548986780186266,0,0,0,0,0,0,0,0,0,0,0,0,0
"132","1","grassAmbWet2_bin.33.orig",0.540813706393336,1.28073369263858,0.795486854032281,0,1.33072838452012,0,0,1.09943255468142,0,0,0.65031243071964,0.486212146842109,1.06293384214191,0,0,0.370734181610889,0,1.26231434194275,0,1.0292564881957,0,2.66345353290328,0,0,0,0,0,0,0.994776182399667,0,0,3.05901538813697,0.728481226391726,0,0.744516190071988,0.746029504859825,0,1.03927033291013,0.808536977263145,0.514519512621788,1.49111356153634,0,0,0,0,0,0.950129617105656,0.664157892838393,0,0.711440354690918,0,0.684903572675098,1.12944912452892,0,0,0.932646645950792,0,0,0,0,0,0,0,0.711440354690918,0.432095832754309,0,0.753718127876718,0.705868578498084,0,0.422451840703157,2.70873033644439,0,1.02751231222031,0,0.395849855200973,0,0,0.53323184771683,0.854140430359399,0,0,0,0,0,0,0,0.303552586350281,0
"133","2","grassAmbWet2_bin.34.orig",0.912604651289076,2.1611943468654,1.34235688638626,0,0.449111736244422,0,0,0,0,3.12164522272243,1.46317334305678,0.820466385144899,1.7936645408276,0,0,1.25120252882006,0,2.13011232190926,2.01630068253002,1.7368351567142,2.80731569415935,0,0,0,0,0,0,0,0.671460327515629,2.16260996895223,0,0,0,2.03593027960178,0.62817281624659,1.25889929949148,0,0,1.36437852344832,0.289411365902109,0,0,0.881791494358914,1.60757387044817,0,0,1.60331126531673,0,0,1.80079693560911,0,0,0,0,0,0.874338527134573,0,0,0,0,0,0,0,1.80079693560911,0.729146954140635,0,0.635936794065748,0,0,1.42574609413074,0,2.08808336605222,0.866945959674928,0,0.890644140604854,2.15037445471931,0,0,0,0,0,0,0,2.41043579282316,2.80731569415935,0.519125524887534,0.512234617834583,0
"134","1","grassAmbWet2_bin.35.strict",0,0.441579225965459,0.548545683288118,0,0.550580043346281,0,0,0.758138212944557,0,1.27564065044669,0.298958283514584,0.419098023054294,0.732969712538002,0,0,0.383472022081499,0,0.870456978283738,0.823948568990667,0.354873371404028,1.1471918692232,0,0,0,0,0,0,0,0.548776063792528,0,0,2.10941221438006,0.502340459893253,0,0.770096589526162,0.514441266278704,0,0.716652012534858,0,0.354798393192221,0.514115288849223,0,0,0,0,0,0,0.457984872146547,0,0.735884320723481,0,0.944581035764767,0.778836807438608,0,0,0.786044445589508,0,0,0,0,0,0,0,0.735884320723481,0.595922616753995,0,0.51974312757907,0.486747404738547,0,0.291311078794311,1.86786535279167,0,0.708544007404769,0,0.272967087010979,0,0,0.367701900759437,0,0,0,0,0,0.985009398324674,1.1471918692232,0,0.209321448933251,1.15789073429753
"135","13","grassAmbWet2_bin.36.orig",0.824464059274424,0,1.21271024203276,1.4281979903232,0.405735917090535,0,0,1.67607184547175,1.78437626235572,0,0.660929040924097,0.370612315770735,0,0,0,0,0,1.92438319172612,0,0.784544633633218,0,0,0,0,0,0,0,0,0,0,0,0,1.66584144017415,1.83929737849703,0.567503035708787,0,2.05557194873065,0,1.23260499959115,0.653649061493296,0.378864146516678,1.49268994554437,0.398313439366048,0,0,0,0,0,0,1.08458235400843,1.24266369322077,0,1.72183174898271,0,0,0.473936237499879,20.0968607337094,0,0,0,0,0,0,1.08458235400843,1.97617486422809,0,1.14903431609035,1.07608824751112,0,1.2880456072641,0,1.88641344929273,0.783215145874533,0,0.804624524425594,0,0,0.812905605952364,0,0,0,0,0,0,0,0.937975358589684,0,0
"136","14","grassAmbWet2_bin.37.orig",0,0,0.58438859194786,0.688229210622262,0.586555880555036,2.92085017188524,0,0.80767625425252,0,0,0.636985453269802,0.625075641754832,0.780863201188532,0,0,0.544704982314486,0,0.927334118903713,0.87778677098258,0.756122803087174,0,1.95665315136526,0,0,0,0,0,0,0.730792532383219,0.470740906351166,1.32340915898192,0,0.535164240607596,0.886332421330566,0.273472003838355,0.548055734279803,0,0.763479274891811,0.593975605361058,0.377981524127794,1.46055588514724,0,0.38388367132921,0.699849525957625,0,0,0.697993821386019,0,0,0.783968254833989,0.598822753181959,0,0,0,0,0.837405927639428,0,0,0,0,0,0,0,0.783968254833989,0.317430607444811,0.997124433037148,0,0.51855230868717,0,0.620691681082846,0,0,0.566131109179039,0,0.387737628147359,0,0,0,0,0,0,0,0,0,0,0.451997583667814,0.222998868705595,0
"137","2","grassAmbWet2_bin.39.orig",0,2.37125921730231,0,0,0.492764727851917,0,0,2.0355828804031,0,0,1.20404370895658,0.675160871493358,1.96800606171984,0,0,0.686408775194085,0,2.33715606583119,2.21228210467831,1.90565294614374,3.08018259686267,0,0,0,0,0,0,0,0.736725270905691,1.18640621787338,0,0,2.02315809208652,2.23381966933826,2.067690834113,1.38126243570103,0,0,1.49699408306737,0.793854298646013,0.920258129425017,0,1.45125047067383,1.76382765544592,0,0,1.75915073144678,0,0,1.31722114309811,1.50921032821641,1.26808868932241,0,0,0,1.53491668679772,0,3.01312353526816,0,0,0,0,0,1.31722114309811,2.40005685506483,0,0.697748902932884,1.30690508306944,0,0.782163245092652,0,2.29104195808602,1.90242363049286,0,0.732910068040177,2.35938764776075,0,0.987270766065879,0,0,0,0,0,2.64472656044908,3.08018259686267,0.569583752433871,0,0
"138","1","grassAmbWet2_bin.4.orig",0.4211964432579,0.997460807155636,0.619540942871601,0,0.829118131994318,0,0,0.856259884243693,0.911589688699692,0,0.337650814673567,0.473339581859957,0.827833962852655,0,0,0.14436756765098,0,0,0.930587713771262,0.801605371504483,0,2.07435044929433,0,0,0,0,2.13541293414532,0,0.774751425326626,0.499057081174258,0,2.38242186934771,0.5673556308005,0.939647405125597,0.289921989308985,0,0,0.809404352423775,0,0.267145335681105,0.774205881727345,0,0.203487589392855,0.741947124147001,0,0,0.739979794572425,0,0,0.55408386186132,0.63484335291819,0,0.879637384312773,0,0.876002279782695,0.726363709808012,0,0,0,0,0,0,0,0.55408386186132,0.673049613022597,0,0.293505315164649,0.549744452028862,0,0.32901387418334,0,0,0.600185229490279,0,0.205530480094182,0,0,0.830583082621868,0,0,0,0,0,0,0,0.239593151731329,0,0
"139","10","grassAmbWet2_bin.40.orig",0,0,0,0,0.640011316311253,0,0,0,1.40734521194732,2.22426637606726,0,0.292303523137024,0,0,0,0.891519540480544,0,1.5177692776815,0,1.23754743547756,0,3.20245743112708,0,0,0,0,0,0,0.956871471802689,0,0,0,0.875904192836342,0,0.89518415697363,0.89700372173347,0,0,0.9721608502608,0.309321491120485,1.7928706646484,0,0,0,0,0,1.14240763551719,0.79856372678804,0,0.855414754767697,0,0.823507716137244,0,0,0,0.747591086796037,0,0,0,0,0,0,0,0.855414754767697,0.519539197312263,0,0.906248293719204,0.848715416539008,0,0.507943547668518,0,0,1.23545029008171,0,0.317305406868276,0,0,0,0,0,0,4.33574750630472,0,0,0,0,0.364982615197215,0
"140","11","grassAmbWet2_bin.41.orig",1.39586922747011,1.65282122938479,0,1.20901426993753,1.03040443323472,0,0,1.41884724131092,1.51053031774514,0,1.11899421131735,1.25493966919815,1.37174467246523,0,0,0.956884837725579,0,1.62905056258923,1.54201059138538,1.32828314266263,0,0,1.02144323209153,0,0,0,0,0,1.02702830554518,0.826951928860018,0,0,0.940124588826826,1.55702276037959,0.960818140136896,0,0,0,1.04343868553183,0.553334375367544,1.60360175063232,0,1.01155435457336,1.22942771191993,3.06144673755171,0,1.22616779026413,0.857113599225456,0,1.37719932929806,1.05195368430479,0.883886456259836,1.45758443090968,1.35652455340734,0,0.936137647212653,0,0,0,0,0,0,0,1.37719932929806,1.11526255553356,0,0,0.910942359370355,0,1.09037089399646,0,1.59690798800303,1.32603223671983,0,1.02170974041782,1.64454647729475,0,0.688150021473014,2.20458233321775,0,0,0,0,0,0,1.19103821851207,0.783485531517108,0
"141","3","grassAmbWet2_bin.42.orig",0.505996742620798,0.599140766014999,0,0.876525207850897,1.24505762320768,0,0,1.02865235260043,0,0,0.811261420189494,0.909820737220146,0.994503385152823,0,0,0.867166854573313,0,0,1.1179447486523,0.962994140480543,1.55652570337703,0,0,0,0,0,0,0,0.372293454829634,0.599533214247487,3.37097429241515,0,1.02237366561821,1.12882844529272,0.69658509492524,0.698000984249332,0,0.972363305401309,0.756484297544901,0.561627895233363,1.16259782265075,0.916105731586374,0.733368424957223,0,0,0,0,0.621400172350108,0,0.998457965618117,0.762657600255139,1.28162053840734,0,0.98346892645994,0,0.969559920723702,0,0,0,0,0,0,0,0.998457965618117,1.61711200207403,0,0.705194622568398,0.660425572089022,0,0.39525487757237,0,1.1577449008732,0.96136225254636,0,0.493820663026191,1.19228240615036,0,0,0,0,0,0,0,1.33647429666536,1.55652570337703,0.863492721300627,0.284010220324647,1.57104207063165
"142","15","grassAmbWet2_bin.44.orig",0,0,5.74851199572576,0,3.84655411598103,0,0,0,0,0,0,0,0,0,0,0,0,0,0,0,0,0,0,0,0,0,0,0,5.75092627977454,0,0,0,0,0,0,0,0,0,0,0,1.79589898354524,0,0,0,0,0,0,0,0,0,0,0,8.16185937958062,0,0,1.49770767000394,0,0,0,0,0,0,0,0,0,0,0,5.10089383669119,0,0,0,0,0,0,1.9070481844709,0,0,0,0,0,0,0,0,0,0,0,0,0
"143","1","grassAmbWet2_bin.45.orig",0.443003678177572,0,0,0,0.654033981049609,0,0,0,0.958786788319199,1.51533340716388,0.71026503302382,0.398277201334485,0.87069465171027,0,0,0.60736850467442,0,1.03401576159429,0.978768426624872,0.843108088180001,1.36274911218295,0,0,0,0,0,0,0,0.325945516954765,0,0,0,0.596730184460463,0,0.91479766534826,0,1.10450652615193,0.851310857430757,0,0.351220814566113,1.01786250442622,0,0.214023057429585,0.780361064941705,0,0,0.77829187786362,0.544040186000913,0,0.874156914496193,0,1.12206772241587,0,0,0,0.763970827129297,0,0,0,0,0,0,0,0.874156914496193,0.70789641968186,0,0.617402811746882,0,0,0,2.21883707467149,0,0.841679358908995,0,0.216171717773918,0,0,0.436793052889403,0,0,0,0,0,1.17009257045008,1.36274911218295,0,0.248652929250438,1.3754582929857
"144","3","grassAmbWet2_bin.46.orig",0.775769757654954,0,0,1.3438460978049,0.381772438146351,0,0,1.5770800858417,1.67898785282549,0,0.932840108923679,1.56925484403884,1.52472453891905,0,0,1.06359865818012,0,1.81072572598793,0,0.73820804370631,0,0,0,0,0,0,0,0,0.856173505388013,0,0,0,0,1.7306652309717,1.0679706107934,1.07014138389389,1.93416624359888,1.4907804383813,1.15980517411351,0.861060752922598,0.356487761741917,0,1.12436503514652,1.36653609000178,0,0,0,0.952700720194272,0,0,1.16926978355477,1.96491868571369,0,0,1.613442105626,0.59459296977764,0,0,0,0,0,1.96784300833832,0,0,0.619819496985396,0,0.540585161295636,0,0,0.605985680852588,0,1.77499854351779,0.368478538919874,0,0.94637747591176,0,0,0.764893966974142,1.22522100832497,0,0,0,0,2.04901781751814,0,1.32386531911376,0.435430747343561,2.40864579500468
"145","3","grassAmbWet2_bin.47.orig",0.988198886506858,0.585053408417487,0,0.855915820630666,0.729469848274943,0,0,1.00446606056928,1.06937265229064,0,0.792186554349052,0.999482046201659,0.971120024157765,0,0,0.846777506576956,0,1.15327848793667,0,0.940351643773985,1.51992773602616,0,1.4462516183013,0,0,0,0,0,0.181769933740534,0,0,0,0,1.10228675279389,1.02030985159661,0.681589165814849,0,0,0,0.626768643186109,0.454104849706415,0.894565703315848,0.716125026011409,0,0,0,0.86805957260458,0.606789438219504,0,0.974981622151622,0.744725536625562,1.25148630643219,0,0.960345014286127,1.02762557865271,0.852086740903173,0,0,0,0,0,0,1.97891246523611,0.974981622151622,1.18431711995527,0,0.688613662988499,0.644897249316997,0,1.54384562983693,0,1.1305233073005,0.469379062884597,0,1.08497172365209,0,0,0.974344976716475,0.780361714416089,0,0,0,0,1.30505031017511,1.51992773602616,0.843189761732847,0.554664802835922,0
"146","12","grassAmbWet2_bin.49.orig",0,2.08783506177225,1.29679210797196,1.52722045075506,0.433867148942212,0,0,1.79228035376241,1.90809393247699,0,1.76688448421774,1.38707902632277,1.73278063716439,0,0,1.51091485180261,0,2.05780808081682,0,0.838940130943357,2.71202455449252,0,2.58056340958841,0,0,3.79666472733598,0,6.22753448292436,0.648668370065619,0,0,0,0,1.96682294086211,1.2137004083081,1.21616739398335,0,1.69420469858897,1.31806624559983,1.11835050444624,0,1.59618388130901,2.12965021142745,0,3.86720337612548,0,1.54888868718255,0,2.07756996661043,1.73967093091368,0,1.11652071088886,1.84121296740563,1.71355466302486,0,0.675728079876774,0,0,0,0,0,0,3.53099628995736,1.73967093091368,0.704396889732413,0,1.22870128514564,0,9.19518942064127,1.37735076386279,0,2.01720575008461,0.418759232342151,0,0.645309178353354,2.07738243856418,0,1.73853495713565,1.3924083893722,0,0,0,0,2.32861629020373,2.71202455449252,1.00300879825374,0.494847396079719,0
"147","7","grassAmbWet2_bin.5.orig",0,0.496625975454394,0.616926746154422,0.726549103401219,0.412809804770961,0,0,0.852646835252828,0,0,1.00867821971916,0.942684584200199,0.824340859042553,0,0,1.15006718811294,0,0.978967126422429,0.926661033259862,0.798222941086005,0,0,0.613829532789292,0,0,1.80619854337153,0,2.96264340405598,0.617185845622876,0.993902549223342,0,0,0.84744245053393,0,0.866095929063131,0.578570912436083,0,0,0.627047554588806,0.731549766997619,0.38546953269451,0.759357280250656,0.60788687745997,0,0,0,0.73685739762351,1.03015346057482,0,1.10349173183094,1.26432917320446,1.06233140215499,0,0.815194429484083,0.872305926361023,0.401832648271875,0,1.26211036224841,0,3.19869721096322,4.3818096461383,0,0,1.10349173183094,0.670209632696667,0,0.58453369756091,0.54742476652895,0,0.982876730787692,0,0.959651259499026,0.398435137047507,0,0.511658074333022,0.988279293545367,0,1.24061756806042,1.32482912518169,0,3.7971878974536,2.79657411673546,0,1.10779951707466,0,0.477164343048511,0.47083043153907,0
"148","1","grassAmbWet2_bin.50.strict",0.519581340320358,1.23045204059716,0.764256010783698,0,1.02278715122421,0,0,0,0,1.77727409841241,0.833041520917744,0.467123440012308,1.0212030202694,0,0,0.712358287916093,0,0,1.14795843921899,0.988847840482056,0,0,0,0,0,0,0,0,0.955721232764152,0.615629004668769,0,0,0.699881026557308,0,0.715286456971676,0.716740358965089,0,0.99846854128341,0.776793785694873,0.494319457566727,0.955048258718298,0,0,0,0,0,0.912827493271364,0.63808302945328,0,1.02526377016261,0,0.658014233133929,0,0,1.08062270215917,0.896030904209292,0,0,0,0,0,0,0,1.02526377016261,0.830263468825765,0,0.362063563179286,0.678156152054542,0,0.405866365845592,2.60238548346364,0,0.987172140919835,0,0.507078367034708,0,0,0,0,0,0,0,0,0,0,0,0,0
"149","3","grassAmbWet2_bin.51.orig",0.627287026325738,0.371379099712631,0,0.543316631135301,0.463051495166302,0,0,0.637613072411873,0.678814356349515,0,0.628578359526162,0.704943699074386,0.616445738279097,0,0.824570639562479,0.537515829366897,0,0,0,0.298457321890236,0.964816863062961,0,0,0,0,0,0,0,0.346150727657396,0.74324471972077,0,0,0,0.699707507020686,0.431780242808745,0.432657885814029,0.781982913999078,0.602722147176506,0.468908933100263,0.39785901780178,0.720639551161991,0,0.454580494046145,0.552490189135013,0,0,0,0.385176655735824,0.739106338347284,0.206298998724716,0,0.794416118423529,0.655021104621066,0.60960599782472,0.652314227642929,0.540886015124071,0,0,0,0,0,0.795598421307285,0,0.206298998724716,0,0.787171307783658,0.43711688288806,0.409366660227357,0,0.244999854652151,0,0,0.744878891781661,0,0.382620169701427,0,0,0.618492867584967,0.495356538019257,0,0,0,1.17260737847202,0.828417375746097,0.964816863062961,0.713651209944007,0.880222694867614,0.973814874395048
"150","3","grassAmbWet2_bin.52.orig",0.691222123640601,0,0.508361849997621,0.598693197565964,0.680329576756569,0,0,0,0,0,0.83117408837449,0.621435050012628,0.679275856888535,0,0,1.30306255101709,0,0,0.76359003743173,0.657754090855143,1.06315407942828,0,0.505809674839145,0,0,0,0,0,0.38143151544607,0.409499297761081,1.15123864092109,0,0.465541400288187,0,0.475788664287363,0.476755759470991,0.861685110293395,0.664153513546809,0.516701629284621,0.602813859561781,0.635271548785307,0,0.667883719941635,0,0,0,0,0.424435090765367,0,0.681976954817713,0.520918181536662,0.437692773312586,0.721782947780072,0,0,0.662238717119266,0,0,0,0,0,0.876688353595188,0,0.681976954817713,1.10453635180415,0,0.722503847653657,0.451090617778978,0,0.539942044764558,0,0.7907747437965,0.492479596571486,0,0.843236079017552,0.814364903309459,0,0,0.545844858572167,0,0,0,0,0.91285232069608,1.06315407942828,0.393194410352769,0.387975121364681,1.07306919681551
"151","2","grassAmbWet2_bin.53.orig",0.543577321217452,1.28727837628265,0,0.941625082397471,0.267505709257812,0,0,0,0,0,0.653635595522228,0.977393483927709,0,0,0,0.931571680513318,0,1.26876490077076,0,1.03451609692042,1.67212948420474,0,0.795537812495976,0,0,0,0,0,0.799887674513122,0,0,0,1.09830576292167,1.21266698126972,0.374160372988044,0.749841793961386,0,1.04458111343278,0.812668686111857,0.775723142032332,0,0.984145267316207,0.787835988506467,0,2.38436808248057,0,0.954984879210931,0,0,1.07261383440498,0,0.688403501845085,0,1.0565115533685,1.13052942456377,0.312470856079262,0,0,0,0,0,0,0,1.07261383440498,0.868607775657904,0,0.757569706649185,0.709475641049114,0,1.27383184189745,0,1.24373107346552,0.516381504011332,0,1.06099383873215,1.28083369294653,0,1.07191343689406,1.71701035528343,0,0,0,0,1.43573477231209,1.67212948420474,0.927624667906448,0.305103771938995,0
"152","2","grassAmbWet2_bin.54.orig",0.834497738593069,0.988112318171838,1.22746885465888,0,1.23202109832178,0,0,1.69646954167608,0,0,0.668972508646447,0.937806614874145,0,2.53007221887315,0,0.572058053477711,0,0,0,1.58818499175918,2.56704652445469,0,0,0,0,0,0,0,0.306996093037259,0.988759549932322,0,0,1.68611463294513,1.86168151987938,1.14881902883787,0,0,0,1.24760573025167,0.529283145833846,1.1504247029776,1.5108558947659,0.806321781193757,1.46998676547986,0,0,1.46608898308561,1.02482287909929,0,0.548890828870398,1.25778683759371,1.05683431428417,1.74278634053295,0,0,1.27921070334755,0,2.51115901597558,0,0,0,2.11681433074748,0,0.548890828870398,1.33348319773059,0,1.16301799642678,1.08918417846485,0,1.30372104687326,0,1.90937099049742,1.58549365666549,0,0.610812568325237,1.96633078415371,0,1.64559723914194,0,0,0,0,0,2.20413430426135,2.56704652445469,0,0,0
"153","14","grassAmbWet2_bin.55.orig",0,0.767115793263927,0.952938979538822,0,0.956473089927261,4.76291293247978,0,1.31704519241164,0,0,1.29838320807381,0.582448980397979,1.27332222489109,0,0,0.444114256462753,0,0,1.43137159300921,1.23297905247988,0,0,0,0,0,0,0,0,0.953339198826779,0.767618268231842,0,3.66449173558121,0.87267080904237,0,0.44593980077799,0.893692449426857,0,1.24497495525949,0.968572136832922,0.513632727791463,1.48854359702728,0,0.3129918337375,0,0,0,1.13819045929517,0.795615843864579,0,1.27838551102138,0,0,0,0,1.34741170567448,1.24138561401821,0,0,0,0,0,0,0,1.27838551102138,1.03524265634479,0,0.451451447624804,0.845582399599512,0,0.506068483650425,0,0,0.923167236492509,0,0.316134079948393,0,0,0,0,0,0,0,0,0,0,0,0,0
"154","10","grassAmbWet2_bin.57.orig",0.598130027309019,0.70823397178875,0,0,0.588704461861408,0,0,0,0,0,0.239744535162127,0.537741705194751,0,0,0,0.410025196384408,0,0,0,1.13833877380454,0,0,0,0,0,0,0,0,0.66012251329184,0,0,0,0.805686857941582,0,0.823421233292267,0,0,0,0,0.189683043962194,0.274857369163986,0,0,0,0,0,1.05082590753198,0.734546432319902,0,1.18025995019029,0,0.757490773228022,0,0,0,0.573050034726013,0,0,0,0,0,0,0,1.18025995019029,0.477890055651578,1.50116541889717,0.416799203756051,0.78067768464908,0,0,0,1.36855029063917,0.852307310405466,0,0.437802670129489,0,0,0.589744630852492,0,0,0,0,0,1.57982322854857,0,0,0,0
"155","8","grassAmbWet2_bin.59.orig",0,0.842880163250505,0,1.23310873202718,0.350313125806998,0,0,1.44712346758618,0,0,0.855970996811253,0.959962034403128,1.39908219099517,2.15820372407148,0,0.243988652219295,0,0,0,1.35475451576466,0,0,0,0,0,0,0,0,1.3093699585451,0.843432265275655,0,0,0,1.58805268848343,0.979966298126597,0.981958192339664,1.77478454420474,0,1.06423338951222,0.451489427023406,0.327111990415291,1.28879120299238,1.03171363528155,1.25392899377688,0,2.84974102079229,0,0,0,0.936430369172927,1.07291808381337,0.901501441658645,0,1.38355874997429,1.48048913660393,0.954793947317879,0,0,0,0,0,0,0,0.936430369172927,1.13748863841155,0,0.496039154994628,0,0,0.556050455303883,0,0,0,0,0.868392839959012,0,0,0,1.12425874249777,0,0,0,0,1.88017196834374,0,1.61969924749932,0.799099625499552,0
"156","1","grassAmbWet2_bin.6.orig",0,0.880142476151966,0.546672406198565,0,0.914499698234896,0,0,0.755549179818801,0,0,0.595874688949362,0.250600084925816,0.730466629546622,0,0,0.509549959484451,0,0.867484377888661,0.821134794269102,0.70732296598656,0,1.83037160733673,0,0,0,0,0,0,0.683627499945313,0.440359492839049,0,2.1022085963515,0.500624973100921,0,0.767466718684315,0.512684455374161,0,0.714204654298045,0.555640677932588,0.235724507220792,0.853932651922983,0,0.179553993008647,0.654681541706611,0,0,0.652945603501567,0.456420859167334,0,0.488914189586171,0.560174992939696,0.941355302580769,0.776177088854862,0,0.77296953435325,0.854574668733625,0,0,0,0,0,0,0,0.488914189586171,0.296943773995523,0,0.258984105440114,0.485085168047101,0,0.290316254869042,0,0,0.706124337910601,0,0.181356605068664,0,0,0,0,0,0,0,0,0,0,0.21141292802792,0.208606618634545,0
"157","9","grassAmbWet2_bin.60.orig",1.14458897644309,0.677642619364018,0,0,0.281638024620232,0,0,0,1.23860911627639,0,0.688167136526167,1.41491506825781,0,0,0,1.96157314638144,0,1.33579369708397,1.2644224041367,1.08916953878431,0,0,1.6751320833017,0,0,0,2.90146099723847,0,0.842145706695301,0,0,0,1.15632921015589,1.27673212685651,1.18178174924068,0.789455904380139,1.42685722096445,1.09976628969544,0.855601938598922,2.08713388317236,0,2.07227524074381,0.829457330624095,1.00810977038846,0,2.29108010134159,0,0.702818543403935,0,1.50570663751584,0.8625840924699,1.44954365975379,0,0,1.19025524648644,0.548297797093258,0,1.72214063313533,0,0,0,0,0,1.50570663751584,1.82899257578311,1.43632430394568,1.19638812355502,0.746957209308274,0,0.89408554966477,0,0,0.815492875705397,0,0.97741533625896,1.34850008304248,0,1.69281386798239,1.80771994009465,4.38883599307342,0,0,2.1396161928558,0,0,0.651087360049289,0.642444782741184,0
"158","10","grassAmbWet2_bin.61.strict",0,0,0,0,0.730030810918471,0,0,0,1.60529250051648,0,0.891895214438933,0.66683376556508,1.4578002238439,0,0,0.508457207317689,0,0,0,0.705806080960283,0,0,0,0,0,0,0,0,0,0,0,0,0.999102721915357,0,1.53164170550152,1.02316996228784,0,0,0,0,0.340840542406047,0,0,0,0,0,1.30309066621328,0.910884089358251,0,0.487865691730198,0,1.87867304995251,0,0,0,0.710618329993863,0,0,0,0,0,0,0,0.487865691730198,1.18522786035661,0,0,0,0,0,0,0,0.704610023394639,0,0.361935355799567,0,0,0,1.17144271939158,0,0,0,0,0,0,0,0,0
"159","4","grassAmbWet2_bin.7.orig",0.648152585012053,0,0.953372399199388,1.12277813559473,0.637938744657717,0,0,0,0,0,0.519589497644678,0.728392365324893,0,0,0,0.666474375527363,0,0,1.43202261537613,0.616769920564176,0,0,0.948586097170578,0,0,0,0,0,0.715329600387558,0,0,0,0,0,0.446142624968453,0.894098922334775,1.61598829841116,1.24554119993423,0.969012666830953,0.719412876503802,0.595688249040907,1.17347849908404,0.939402569945917,0,0,0,1.1387081358024,1.59195541832764,1.52738272495317,0.426322317207909,0.976920310838655,0.820840921495597,0,0,1.34802454105708,1.24195022617388,0,0,0,0,0,1.64412510305625,0,0.426322317207909,0,1.62671025089034,0.451656778645355,0.845966990894952,0,0.506298655817916,0,0,0.923587115245373,0,1.42325039413046,0,0,0.639065904622337,0,0,0,0,0,0,0,1.10608427349012,1.09140203662072,0
"160","3","grassAmbWet2_bin.8.orig",0.507275856617775,0.600655339678063,0.746155784398546,0.878740984292971,0.249641003252262,0,0,1.03125269270424,1.09789018312275,0,0.813312215679594,1.02613576696742,0.997017399755765,0,0,0.347743589577912,0,1.18403358043627,0,0.965428502563025,0,0,0,0,0,2.18454702978877,0,0,0.933086447521977,0.601048779984185,0,0,1.02495813376925,1.13168202149774,0.698345999037764,0.699765467601997,0,0,0.758396621423651,0.723918393967114,0,1.83684312802464,1.22537052333491,0,0,0,0.89120858017723,0,0,1.00098197704278,0,0.642430179601706,1.05940782450307,0,1.05502981800774,0.486005440252376,0,1.52648746907346,0,0,0,0,0,1.00098197704278,0.405299978736104,0,0.706977290788055,0.662095068198514,0,0.792508092302637,0,1.16067157526238,0.722844367022814,0,0.371301747746477,1.19529638822889,0,1.00032835384428,0.801172036433761,0,0,0,0,0,0,0.288558517598505,0.284728172472363,0
"161","3","grassAmbWet2_bin.9.orig",0.625564513684971,0.740718606170744,0.920147439132329,0,0.307853312468996,0,0,0,0,0,1.25370460184105,0.843609532057039,1.22950599102456,0,0,1.28649558221701,0,1.46013136889814,1.382116729438,0.595275532853228,0,0,0.915527939387609,0,0,2.69394863264989,0,0,0.690400414869265,0,0,0,1.26396205956621,1.39557225952837,0.861189172661672,0.862939638705922,0,1.20213417801453,0.935242644553226,1.28949115119369,0.287464278038942,2.26516571429126,0.604442971620849,0,2.74399979863441,0,1.09902423854269,0.76823794281077,0,1.23439504464334,0,0.792234673967346,1.30644486995302,1.21586407358802,1.30104598201378,0.719201009660057,0,0,0,0,0,0,0,1.23439504464334,0.999618967813876,0,0.871833144291319,0.816485101641456,0,1.95461673519484,0,1.43132171589642,0.594266780132165,0,0.610511208656287,1.47402048423372,0,1.85038351037488,1.97598521124698,0,0,0,0,0,0,1.06753731550353,0.351122251180371,0
"162","4","grassRedDry1_bin.1.orig",1.79980898546451,0,0,1.55888152254219,1.32858517195016,0,0,0,0,0,0.721405629043735,1.21357268739223,0,2.72837570601407,0,0.925342733635545,0,0,0,0.856332344161671,0,0,0,0,2.60201516654712,0,0,0,0.662116026440659,0,0,0,0,0,0.619430920885715,1.24137997095417,2.24366169875865,0,1.3453913053196,0.856151416898452,0.827062244254963,1.62927464592429,1.3042802153799,1.58520225200677,0,0,0,1.10514704894362,2.12064042957019,0,0,0,0,0,0,1.37947343156912,0,0,0,0,0,0,0,0,0,0,1.25417370438591,1.17455289605209,0,0.702952430601464,0,0,1.2823218076396,0,1.31737438948591,0,0,0.887288413284582,1.42127464895582,0,0,0,0,0,0,2.04760469488471,1.01021232638079,2.79406505723757
"163","1","grassRedDry1_bin.10.orig",0,0,0,0,1.84190795904934,0,5.19747918806396,0,1.62009657076445,2.56051343887908,1.80024061400504,0.672983332641464,1.47124411454566,0,0,1.02629243915464,0,0,0,0.712315052254064,0,0,0,0,0,0,0,0,0.27538094011505,0.886934852213413,0,4.23409078502201,1.00831648630747,0,1.03051104349082,1.03260567571231,0,1.43849061916668,0,0.949552737591912,1.37593514889497,0,0,0,0,0,0,0,0,0.984729616454852,2.25651420103807,0.947999123161797,0,0,1.55684987122021,1.43434336007303,0,0,0,0,0,0,0,0.984729616454852,0.598079039028854,0,1.56487165386104,0.977017525065653,0,1.1694609008987,0,0,1.4222159291975,0,0.547909706717596,0,0,0,0,0,0,0,0,0,0,0.851620083707301,0.420157810784369,0
"164","3","grassRedDry1_bin.11.orig",0,1.1352063774688,0.705097207234066,0,0.707712160991285,0,3.32835960470617,0.974506140382587,0,0,0.576418675438485,1.07741198086392,0,0,1.2602457292685,0.821520917520524,1.77411658650312,1.11887998229474,0,0.912304045850244,0,0,0,0,0,0,0,0,0.352696668450292,0,0,0,0.645705300656558,0,0.659918242142318,0.661259601870843,0,0.921180036579729,0.716664469970716,1.29215766479523,1.32168118502365,0,0.694765370901873,0.844407219846676,0,0,0,0.588690904229336,1.1296249971642,0.630600750550962,0.722512822314789,0.607079292222029,0,0,0,1.1022290597894,0,0,0,0,0,0,0,0.630600750550962,0.382997611322157,0,1.33614916277673,0.625662084609486,0,0.748898895213169,0,0,0.683068542936374,0,0.935653852635975,0,1.59443952049479,0,0,0,0,0,0,0,0,0.545360122206418,0.807181463022299,0
"165","8","grassRedDry1_bin.12.orig",0.839488531277984,0,1.23480984828592,1.45422449867098,0.826259544715183,0,0,1.70661543828816,1.81689352116889,0,1.00946004304778,1.13209830728236,0,2.54520355517077,2.20702028287064,0.863218951191062,0,0,0,0,0,0,0,0,0,0,0,0,0.308832112219301,0.994672919976035,0,0,0,0,0.577844824869913,1.1580387218761,2.0930312931952,1.61322746642994,1.25506715436852,1.19800929097731,0.771536617843784,1.51989171140007,0.405572032449734,1.47877816041935,0,0,0,1.03095192929536,1.97826917630276,0.552173522407904,1.26530915078634,0,0,1.63165256826587,0,0.643430571998219,0,0,0,0,0,0,0,0.552173522407904,0,2.10691838760371,0.584986767798949,0,0,0.655759036975369,0,0,0.39874396287421,0,1.63857490849206,0,0,1.65543888913523,0,0,0,0,0,2.21731633802075,0,1.43260257490855,0.942390741463539,2.60648278805001
"166","4","grassRedDry1_bin.13.permissive",0,1.48099751435943,0.919874334765288,1.0833277651383,0.615523880128917,0,0,0,0,0,1.00266599683042,1.26503871678606,0,1.8960550326068,1.6441246539597,1.28611374388683,2.31452386715222,1.45969799459709,0,0.595098852094579,0,0,0,0,0,0,0,0,0.920260667425806,2.22295139249684,0,0,0,0,0.860933567403321,0.862683513900482,1.55920830332174,0,0.934965059853636,0.991621864433561,0.862136871605728,0,0.302131784960237,1.10161906990736,0,0,0,0.768009925942837,1.473716009849,0.822685780009045,0.942594857797498,0.791999534749456,0,0,0,1.19831257866568,0,0,0,0,0,0,2.50469820360246,0.822685780009045,0,0,1.7431487596978,0.816242764775212,0,0.977018297580615,0,0,1.18818079755276,0,0.915495008809169,0,2.08011601548117,0.616611435761426,0,0,0,0,0,1.65179472307606,0,0.711480310055478,1.7550901816909,0
"167","8","grassRedDry1_bin.14.orig",0.771317077178083,0.913301342746494,1.13453595560227,1.33613283336713,0.379581181442712,0,0,1.56802812984652,1.66935097750339,0,1.54580982134118,1.21352606863566,1.51597308770552,2.3385179116253,2.02779712936046,1.05749392809266,0,1.80033271567847,0,0,2.37269285541836,0,1.12884014172028,0,0,0,0,0,1.13501244274579,0.913899571940734,0,0,0,0,1.06184078703883,1.06399910056751,1.92306472257809,1.48222381589405,1.15314824813156,0.978421175190882,0.354441631325916,1.39646747845338,0.372637174897529,1.35869259196793,0,3.08783195315969,1.35508991459114,0.947232510257946,1.81762197110001,0.507333753268109,1.16255853361746,0.976820327553541,1.6108382373715,1.49915269004218,1.60418144278965,1.47795047123863,0,2.32103664630322,0,0,0,1.95654819301674,0,0.507333753268109,0,0,1.07496473653939,1.00672095104596,0,0.602507508903024,0,0,0.732727170240992,0,1.1291346713499,0,0,0,1.21818861551797,0,0,0,0,2.03725708368856,2.37269285541836,1.31626673821749,1.7317260336095,2.39482090688383
"168","5","grassRedDry1_bin.15.orig",0.786107411622009,0,1.15629116719878,1.36175375121237,0.773719625490572,5.77929360873507,0,0,1.70136149560562,0,0.315090277000008,1.06011081376489,0,2.38335999154215,4.13336201108912,0.269442956475271,0,0,0,0,0,0,0,0,0,0,0,0,0.867582593390123,0,0,0,0,0,0,1.084401737837,1.95994031012285,1.51064609073597,1.17526035838807,0.747887114388258,1.08371460304788,1.42324533889173,1.51913060763311,1.38474610282135,3.44821122683135,3.1470424499128,1.38107434256689,0,0,0,1.18485109011802,0,0,0,1.63494230722481,1.35566172258418,0,0,0,0,0,1.99406584041053,0,0,0,1.97294435655551,0.547788822281458,1.02602525533046,0,0.614060847763684,0,0,1.12016629010201,0,1.15078631101357,0,0,0.775086693713026,1.24154790260288,0,0,0,2.93899064528346,0,0,1.78867562026918,0.882466310028883,0
"169","4","grassRedDry1_bin.16.orig",1.63720396762342,0,1.20408767216663,0,1.20855320337289,0,0,0,0,0,0.656229726418129,1.10393160321132,0,2.48187866997492,0,0.280580662939743,3.02964171305476,0,1.80861201654905,0.778966391871807,0,0,0,0,2.36693426296446,0,0,0,1.20459336993022,0.969925371459951,0,0,0,0,1.12693599102238,1.12922661804017,2.0409564930938,1.5730902271514,1.223840974717,0.778801810610358,1.50468143975432,1.48207667380161,1.58192546042996,0,0,3.27712874163436,1.43816249522949,0,1.92904966762285,0.538435397280887,1.23382814937566,1.03670342797079,0,0,1.70252435777244,1.41169941801619,0,0,0,0,0,2.07649263787392,0,0.538435397280887,0,0,0.57043224628074,0,0,0.639443695262035,0,0,0.777646356990396,0,1.39808114482458,0,0,1.61425142599884,1.29286858391392,0,0,0,0,0,0,1.39695929859649,2.29735994520808,2.54163327022544
"170","9","grassRedDry1_bin.17.orig",1.67737209756798,1.32409548491529,0.822419647259835,0.968556252522425,0.550313138701488,0,0,1.13665603551304,1.21010447953797,1.91253338734166,1.12055009074026,0.628342285407376,1.09892158630118,0,0,0.958215315947942,0,0,1.23532371526043,1.06410401840211,1.71995361766496,0,0.818290779223043,0,0,0,0,0,1.02845631311768,0.662481395917878,0,0,1.12971811578205,1.24735014911221,1.15458490479352,0.771287820939085,0,1.07445690179171,0.835911608427793,0.709252795205492,1.02773212244126,0,0.540245784934056,0.984909712824076,0,0,0,0.68664428228354,0,0.735527586138555,1.68546615806289,0.70809234846714,1.16768887617005,1.086728561087,1.16286339785457,0.428543669937138,0,1.68250828059171,0,0,0,1.41829235715452,0,0.735527586138555,1.34017589563519,0,1.55847351523061,0.729767166355508,0,1.31026436975385,0,1.27930269719915,1.32787598734013,0,1.63700856466463,0,0,1.1025709498128,1.76611811467606,4.28783384958592,0,0,0,1.47679784309288,1.71995361766496,0.636103610584423,0.62765992857219,0
"171","2","grassRedDry1_bin.18.strict",2.77712682066907,0.822085277683009,1.02122406094122,0,0.341670472104181,0,0,0,1.5026243778032,0,0.834853144352676,1.24837146097426,0,0,0,1.42781492071909,0,1.62052430147489,0,1.3213310632317,2.13571991368955,0,2.0321942341071,0,0,0,0,0,1.27706619860317,1.64524751735052,2.31266882044629,0,1.40280612916014,0,1.43368399466526,0.957732081520991,1.73099843662644,1.33418656060802,1.03797744884959,1.54122720534721,0.31904173712779,1.25699514614455,0.670839997846532,1.22299303031227,0,0,1.21975017070715,0,0,1.36999122823739,2.09289576221928,1.75852059476531,0,0,1.44396365703769,0.532136006674935,0,2.08922287374569,0,0,0,0,0,1.36999122823739,2.218850802144,0,0.967602523478082,0.906174593044087,0,1.08466401959539,0,1.58854995738448,0.659545969134363,0,1.5245433457594,1.6359391123657,0,1.3690966486455,2.19304380577561,0,0,0,0,1.83378582398587,2.13571991368955,0.789869642031013,0.389692429699493,0
"172","1","grassRedDry1_bin.19.strict",0,1.89010073920011,1.17397574489725,0,0.785553067811995,0,0,1.62253737544987,0,2.73007559525864,0.319909338706704,0.717549591641512,0,0,0,0.547127755549124,0,0,1.76338209288173,1.51897186772472,0,0,0,0,0,0,0,0,1.17446879612801,0,0,4.51448047285331,1.07508915585698,0,1.09875347957963,1.10098682240147,0,0,0,0.885879713207,1.46705223789068,0,0,0,3.50094894643995,0,1.40219680480765,0.9801610837716,0,1.04994031782496,0,1.01077746016581,0,0,0,1.07052984771274,0,0,0,0,0,0,0,1.04994031782496,1.27536998142311,0,1.66850048394525,1.04171751681546,0,1.24690486551417,0,0,1.13729836578889,0,1.36311781223443,0,0,0,1.26053641602648,0,0,0,0,0,0,0,0.447981474325655,2.47807188848589
"173","9","grassRedDry1_bin.20.orig",1.02381078713484,0.606137083097866,0,0,0.503838589411536,0,0,1.04066418426846,1.10790982648466,0,1.43628576592227,1.49572303122751,1.00611645075808,1.55202052091817,0,1.57912736319916,0,0,0,0,0,0,0.749185223716504,0,0,2.20448379803962,2.59529589097999,0,0.564961228396563,0.606534114046852,0,0,1.03431217948268,1.14201005833494,1.05707894083658,0.70615171691011,1.27629380029877,0.983717835739113,0.765317954531783,1.54221959101292,0.470469507674804,0.926803328116552,1.23655358683138,0,0,2.04932300609145,0,1.25731283621377,0,1.34682294646919,0.771563344446997,1.29658634306498,0,0.994953139921871,1.06465830606157,0.39235268609404,0,0,0,0,0,0,0,1.34682294646919,1.63599542474659,1.28476190708502,1.07014403572367,0.66813752723222,0,1.19961110390838,0,1.171264178624,0.972588320829193,0,1.12407104438037,1.20620498701768,0,1.00945762151094,1.61696749914458,3.92572156918515,0,0,1.91384172280035,0,0,0.291191980835378,0.861980036824542,0
"174","9","grassRedDry1_bin.22.orig",1.44407222737038,1.13993163408705,0,0.833843120999505,0.473771991979638,0,0,0.978562487916183,1.04179524248135,1.64652574857009,0.771757330534606,0.540948335169537,0.946076392433275,0,0,0.989928563333777,0,1.12353728086732,1.0635068221333,0.916101479353148,0,0,0.704477551464325,0,0,2.07293109784209,0,0,0.885411889818797,0.570339155147297,0,0,0.972589539389276,1.07386054099201,1.32533025722862,0.664012071705525,0,0.925014416081854,0.71964756062014,0.915907923971735,1.10598553039131,0,0.930209743095558,0.847922035199437,0,0,0,0.591141309412502,0,0.949838405993056,1.45104051305029,1.2192124768469,1.00527907834604,0.935579252827247,1.00112475908124,0.830112787112029,0,1.44849403650267,0,0,0,1.22102698991362,0,0.949838405993056,1.15377547622499,0,0.670855418335588,0.628266381030619,0,1.12802424078585,0,1.10136891993366,0.914549055628225,0,1.0569920387494,1.13422463353311,0,0.949218178625111,1.52047486860982,3.69145390384362,0,0,0,0,0,0.821445246800194,0.540360884981066,0
"175","2","grassRedDry1_bin.23.orig",1.38083340158207,0.817508802208812,1.01553899760846,1.19599118174188,0.679536846073314,0,0,0,1.49425940181028,0,1.3836759855044,1.39659962434826,1.35696870803236,0,1.81510956434242,0.709933201153262,0,1.61150298711449,1.52540058071009,1.31397533096361,2.1238305512717,0,1.01044059496048,0,0,0,0,0,1.26995688489145,0,0,0,0.929997888307548,1.54025104375452,0.950468535760738,0.95240047237907,0,1.32675926293175,1.03219912089945,1.09474809346697,0,1.24999756619308,2.00131647409729,0,0,0,1.21295993021456,1.6957621293877,0,1.36236460916745,0,0.874365533669397,1.44188382995869,1.34191253489121,1.43592524004926,0.661467066189134,0,2.07759235620525,0,0,0,0,0,1.36236460916745,1.1032493287395,0,1.44332394969821,0.901129999845562,0,1.07862579166676,0,0,0.983811503257313,0,1.51605634882536,1.62683198512688,2.29644295251488,1.36147500962042,0,0,0,0,0,1.82357730173614,2.1238305512717,1.17820876219401,0.775046093347788,0
"176","5","grassRedDry1_bin.24.orig",1.5639696651167,0.925932821552246,0,1.35461231300481,0.384831005815069,0,0,0,1.69243905424735,0,0.940313552033118,1.05455128006584,0,2.37086094897236,2.05584272095552,0.536059836323372,0,0,0,0.744122193156779,0,0,0,0,0,0,3.9645646407515,0,0.575355156299289,0.926539324597662,0,0,0,0,1.07652665113296,1.07871481536953,1.9496618052149,1.50272381719651,0,1.1159474607498,1.07803128411786,0,1.13337287908894,1.37748408594227,3.43012779039424,0,0,0,1.84276072030602,0,1.17863738162799,0.990330310170468,0,0,1.62636818767523,1.34855223277108,0,0,0,0,0,1.98360837115926,3.13191919947494,0,0,0,1.08983211234517,1.02064447635055,0,1.2216810632235,0,0,1.11429180777668,0,0.763167498846497,0,0,0.771021910543729,1.23503685931016,0,0,0,2.92357771172832,0,0,2.22411909736891,1.75567679297785,0
"177","1","grassRedDry1_bin.25.strict",0,1.45890553970034,0.906152609849383,0,0.909513206299671,0,0,1.25238232879398,0,2.10725403525798,0.987709272339839,0.553852528886129,1.21080602435077,0,0,0.422309613948,0,0,1.36109565514601,1.1724435774838,1.89506715295505,0,0,0,0,0,0,0,1.13316647450328,0,0,3.48457647474492,0.829825359369612,0,0.84809105931683,0.849814901939209,0,1.18385051837366,0,0.976829884779269,0.849276413883476,0,0,0,2.70226539053723,0,1.08230881235977,0.756553555721179,0,0.810413812481663,0,0.780185312590372,0,0,0,1.29848114300889,0,0,0,0,0,0,0,0.810413812481663,0.98441542954642,0,1.71714628646412,0.804066907422152,0,0.481222079344767,3.08556081260857,0,0.87784256771611,0,1.20245148014075,0,0,0,0.972965896576132,0,0,0,0,1.62715497398101,1.89506715295505,0.35043359481147,0.345781915758315,1.91274080312657
"178","4","grassRedDry1_bin.26.strict",1.05119994416935,1.2447051269983,0,1.82096676113665,0.517317363437799,0,0,0,0,0,0.842691155671176,0.236267209749282,0,0,0,0.720609974199866,3.89048556269911,0,0,1.00030227612274,0,0,1.53845510369598,0,3.03947609984423,0,0,0,1.54686710789682,1.24552043177269,0,0,0,0,1.44714412409444,1.45008561097186,0,0,1.57158373634065,1.33345457421696,0.483055586457698,1.90319465083694,2.0314145195946,1.85171263424554,0,0,1.84680267650002,0,2.47717076553223,0,0,1.33127283729347,2.19535274829631,2.04314058472456,0,0.604273455944399,0,3.16325628616367,0,0,0,2.66650825207774,0,0,0,0,0.732515138371125,0,0,0.821135533570253,0,0,0.998607165896916,0,1.28238042283166,0,0,0,0,0,0,0,0,0,0,1.79389198381086,1.77007974123975,0
"179","4","grassRedDry1_bin.27.orig",1.48303522550463,0,0,2.5690239675314,0.72983249000234,0,0,0,0,0,0,0.999978919234307,0,0,0,0.508319079313144,0,0,0,0,0,0,6.511367673563,0,4.28809965996557,0,0,0,2.18232356547375,0,0,0,0,0,1.02081707876705,0,0,0,0,1.41093051527177,0,2.68503125769616,2.14944310086099,2.61240031387949,0,5.93707010057201,0,0,0,0,2.23528728726387,0,0,0,0,0.852510339230567,0,0,0,0,0,0,0,0,1.18490588014486,0,1.03343399078869,0,0,1.15845984196708,0,0,0.704418608315625,0,1.08551109621282,0,0,0,2.34224896813059,0,0,0,0,0,0,2.53082681130099,0,0
"180","11","grassRedDry1_bin.28.orig",1.18194413571456,1.39951674627608,0.869265156417511,1.02372578908255,1.16331860063363,0,0,1.20140063505923,1.27903274586383,2.02147241939128,0,0.664133033334274,0,1.79173884106213,0,1.41791415730901,0,1.37938907266015,0,0.56235800608772,0,0,0.864901105617184,0,0,0,0,0,0.217407558506044,0,0,0,1.19406752732005,1.3183999507892,0.40678358110996,0.815220831050638,0,0,0.883525627667341,0.374826126794287,1.08627235152488,0,0.571018504128989,0,0,0,1.03825043247885,0,0,0.38871183607079,0.890735653268063,0.748425707118186,1.23420112466046,1.14862926218276,1.22910078424828,1.01914598395335,0,0,0,0,0,1.49907912802839,0,0.38871183607079,0,0,0.411811271928876,0.771335135443287,0,0.92326520174724,0,1.35217253489911,1.12281007068265,0,0.865126769989733,1.39251014815439,0,0,0.933358623131633,0,0,0,0,0,0,0.672336448180347,0.663411809050484,0
"181","4","grassRedDry1_bin.29.orig",1.20839584884222,1.43083769823247,1.7774383320123,2.09327320386795,0.594676738692375,0,0,0,0,0,0.968706762226625,0.814795464161205,0,0,0,1.24255443451174,0,0,2.66981915043431,1.14988696941883,0,0,0,0,0,0,0,0,1.33363862098338,2.86354984653578,0,0,0,0,1.66354931992881,1.66693067525689,0,2.3221489050059,1.80659756846032,1.72446602919941,0.555291473019223,2.18779741034648,2.33519121302432,2.1286167991943,0,0,2.12297260886631,1.48399648750396,2.84760562112453,0.794822284590983,1.82134033800872,1.530350699869,2.52364468101439,2.34867078796616,0,1.38927240203718,0,3.63628802134755,0,0,0,3.06525653905015,0,0.794822284590983,0,0,1.68411015874093,1.57719497490855,0,0,0,0,0,0,1.17931755090479,0,4.01932938143372,2.38290983987318,0,0,0,0,4.5177847747533,0,0,2.74953290415973,2.71303541988423,0
"182","1","grassRedDry1_bin.3.orig",0,0,0,0,0.631768528944438,0,0,2.60979962486929,0,0,1.02912793847655,0.865616726350562,2.52316008896668,0,0,0,0,0,0,1.22160890422504,0,0,0,0,0,0,0,0,0.944547802082443,0,0,0,1.72924662205618,0,1.76730993209675,1.77090219280323,0,0,0,0.407116933582575,1.76978005470407,0,0,0,0,0,0,1.57655784541133,0,0,0,1.6258033104696,0,0,0,0.245987588614977,0,0,0,0,0,0,0,0,1.02569597146097,0,1.78915321273147,1.67556940489644,0,0,6.42990184875238,0,1.21953876823221,0,0.626437580131151,0,0,0,0,0,0,0,0,0,0,0,0,0
"183","1","grassRedDry1_bin.30.strict",0,1.31734799460568,0.81822865902407,0,0.54750878462511,0,0,1.1308637224417,0,0,0.891871881874949,0.62514030070899,1.09332156512518,0,0,0.762665858615318,0,0,0,1.05868142491518,0,2.73959777154524,0,0,0,0,0,0,1.02321537763706,0,0,0,0.749307438549476,0,0.765800818374792,0.767357396617737,0,1.06898155079511,0,0.529228872507752,1.27811859672686,0,0,0,0,0,0.977292432379864,0.683145195024628,0,0.731779393265415,0,0.704483963487345,0,0,0,0.746129726739718,0,0,0,0,0,0,0,0.731779393265415,0.888897640513614,0,1.16289873917201,0,0,0.434529120586532,2.7861689726387,0,1.32110923187649,0,0.54288883099979,0,0,0,0,0,0,0,0,0,0,0.316431037380373,0.312230710556279,1.72714764090677
"184","3","grassRedDry1_bin.31.orig",0.504842872638371,0,0.742577090388376,0.874526388410002,0.745331043648456,0,0,1.02630662391871,1.09262450924564,0,0.60705857073483,1.24815073760079,0,0,0,0.69215150066316,0,1.17835474771696,1.11539539847111,0.480399069069158,1.55297621751137,0,0,0,0,0,0,0,0.742888961012573,0.598166044617491,0,0,0,1.12625427603703,0.694996609143537,0.696409269687577,1.25868536758935,0.970145937707784,0.75475921821219,0.480297569587778,0,0.914016653109441,0.731696058832423,0.88929221387276,0,0,0.88693418751771,0.619983137524477,0,0.332060363972914,0.760918443383799,1.27869794356913,1.05432671876731,0.981226233617661,1.049969709959,0.580409367504571,0,0,0,0,0,1.28060098686228,0,0.332060363972914,0.40335608895256,1.2670366438398,0.351793251852376,0.658919544126641,0,0.78870708449403,0,1.15510479081734,0.479584985772643,0,0.985389118511215,0,0,0.995530603611742,0.797329474829536,0,0,0,0,1.33342661385771,1.55297621751137,0.861523621013553,0.283362566218738,1.56745948178524
"185","9","grassRedDry1_bin.32.orig",1.56116079005025,1.23235980634795,0.7654409585867,0.901452961205433,0.256093235256476,0,0,1.05790649372896,1.12626629956344,1.78002968948206,0.417166558925676,0.58480961983977,0,0,0,1.07019415562176,0,0,0,0.99038100876539,0,0,0.761598145834731,0,0,0,0,0,0.382881215836821,0,0,0,0.700966163570401,1.16093152323252,1.07459321921534,0.717851635686103,0,1.00001662607132,0.777998172806988,0.82514313290546,0.478264511063682,0,0.50281660083164,0.916673424835177,0,0,0,0.639072351189995,0,1.02685339986105,1.56869407970928,0.659034457389799,1.08678932426361,1.01143808309236,1.08229816362591,0.398853406051118,0,0,0,0,0,1.32003055256966,0,1.02685339986105,1.66310151700561,0,1.08787478394215,0.679207605534961,0,1.21948693532308,0,1.19067034223866,1.2358783888741,0,1.26966142845122,0,0,1.53927432463427,0.821879163015588,3.99076513191641,0,0,0,0,0,0.296016613336312,0.876261806840627,0
"186","4","grassRedDry1_bin.33.permissive",0,2.24144699550942,1.39220325754408,1.63958530704993,0,0,0,0,0,0,0.379376512165699,0.425466575129359,0,0,2.48833521334768,0.324416005560209,0,0,2.09117292642168,0,0,0,2.77042770621622,0,2.73672230641009,0,0,0,0.69639398043799,1.12145759227932,0,0,0,0,1.30299810720752,1.30564660072648,0,1.81885537845443,1.41504263443795,2.25118660953063,0.869879515593193,0,0.457267736833397,1.66726866891991,0,0,1.66284777846238,0,2.23042664858146,0.622555592420148,2.85318022685091,1.19866843826329,0,1.83962901160303,0,0.181361150379316,0,0,0,0,0,2.40090475265186,0,0.622555592420148,0.756222711767605,0,1.31910266974369,1.23535986723316,0,2.21803349408423,0,0,0.449569336372001,0,1.38557527409946,0,0,2.79967083675086,1.49485448253329,0,0,0,0,0,0,1.07680491552191,1.06251133481495,0
"187","5","grassRedDry1_bin.34.strict",0,1.13397553991677,1.40866542355033,1.65897265251101,0.471296553527813,0,6.64950172002993,0,0,0,1.53544986279567,1.0762438063792,0,2.90355656706444,2.51775863779331,1.31300830508078,0,0,0,0.91131488819505,0,4.71650144815789,0,0,2.7690827944904,0,0,0,1.05694278054853,1.13471831477298,0,0,0,0,1.31840546315963,1.32108527390166,0,1.84036251041897,1.43177486561742,1.67039096424245,1.76033088506408,0,1.85069887372223,1.68698335745841,0,0,0,1.17610524256573,2.25680042234957,0,1.44345888825616,1.21284214365452,0,0,0,1.28453964053877,0,0,0,0,0,0,3.83561278154768,0,0,0,2.00205068215985,1.24996743197031,0,2.24426072447545,0,0,0.909770575817878,0,0.93463937815769,0,3.18542152687547,0,1.51253045226924,0,0,0,3.5804601986006,2.52950433038644,0,1.63430646084023,2.68768761201655,0
"188","9","grassRedDry1_bin.35.orig",1.65320663692089,0.652509793966638,0.810571262724249,0,0.271192460696454,0,0,0,1.19267082112578,0,1.546169266545,1.11472186070065,1.08308971072242,0,0,0.37776422350681,0,1.28625096054943,0,1.04877375040828,1.69517469620636,0,0.80650187820826,0,0,0,2.79384983088453,0,1.01363961228074,1.30587439979002,0,0,1.11344256266607,0,1.13795110235877,0.76017607923818,0,1.05897748251743,0.823868848740069,2.62138040954467,0,0.997708712336419,0.798693908033117,0,0,0,0,0.676751977883027,0,1.08739654916674,0.830592044202702,0.697891047392563,1.15086628825051,1.07107234723017,1.14611032933773,0.316777315112904,0,1.65826882430054,0,0,0,1.39785939049639,2.20708015095913,1.08739654916674,1.76115777651473,1.38305302655914,1.15201574649729,0.719253601854424,0,1.29138773402676,0,0,0.523498250259793,0,1.47897255996258,1.29848608426645,0,1.63002974821408,0.870337056697805,4.22606014993773,0,0,0,1.4555220032165,1.69517469620636,0.626939432408731,0.309308698156279,0
"189","7","grassRedDry1_bin.36.orig",1.59236526200939,0,2.34222176282059,2.75841359181105,2.35090822695076,0,0,3.23715576602572,0,0,0.638257322185107,1.43159709793909,0,0,0,2.18317037921853,0,0,0,0,0,0,2.33046289421402,0,0,0,0,0,0.58580136472187,0,0,0,3.21739681858719,3.55240864544314,1.09607218165802,2.19660014886687,0,0,0,0.252490826582051,0.731736088611217,0,0.769300343784742,2.80498766229145,0,0,2.79755002286305,0,0,2.09475627819519,0,0,0,3.09496410322564,0,2.4409541123928,0,0,0,12.1441617937509,0,0,0,2.09475627819519,1.2722576846759,0,1.10961921821627,0,0,1.24386203244334,0,3.64340836043796,2.26904601287496,0,1.94255911953233,3.75209744676479,0,1.57004133006164,2.51492063552259,0,0,10.6174627674823,0,0,0,0,1.78755304454409,0
"190","8","grassRedDry1_bin.37.orig",1.0715723370327,1.2688276756979,0,1.85625733592668,0.527343041827,0,0,0,0,0,0.429511310425772,0.722538297836267,0,0,0,0,0,0,2.36752248795512,0,3.29632534189882,0,0,0,0,0,0,0,1.18263419657843,0,0,0,0,0,0.737594983561563,1.47818846040223,2.67166774859618,2.05921803807853,1.60204123538445,1.52920923620618,0.49241726711297,1.94007881291984,2.07078359955988,0,0,4.2898509579448,0,0,0,0,0,1.35707307957856,0,0,2.22865084740981,0.615984354817327,0,0,0,0,0,2.71818553191971,0,0,0.856157926200688,0,2.24013413363459,0,0,0,0,0,0,0,1.04578649896681,0,0,1.05654958534392,1.69240025963517,0,0,0,0,2.83031246020311,3.29632534189882,1.21910523057559,1.20292274593764,0
"191","2","grassRedDry1_bin.39.orig",1.19514701217685,0.707575005984581,0,1.03516129158737,0.294078355259259,0,0,0,0,0,1.43712881047207,0.940172399938826,1.17449150285924,0,0,0.204821847258171,0,1.3947975026946,1.32027364367037,1.13727962336079,1.83823025631773,0,0,0,0,0,0,0,1.09918052013549,0,0,0,1.20740582781538,1.3331271034119,1.23398263981128,0.824327234303233,0,0,0.893395027887612,1.80031228375498,0.274601632197789,1.08190521372987,1.73219115477453,0,0,2.39228019326673,0,0,0,0.786107863206116,0,0.75678597716286,0,1.16145999571012,0,0.343510109287727,0,0,0,0,0,0,0,0.786107863206116,1.43233622979256,1.499768681778,1.66564559645282,0.779951314665779,0,1.40036776778115,0,1.36727694330094,0.567676195798876,0,1.16638752832692,1.40806514682399,0,1.17839182339955,0,0,0,0,0,1.57835330543599,1.83823025631773,0.6798467651219,0,0
"192","3","grassRedDry1_bin.4.orig",0.994766210448346,0,0,1.72320804845522,0.979090297864866,0,0,0,0,0,2.3923536872933,1.5650823303349,1.95514769245841,0,0,1.02288597505471,0,0,0,0.946600986844391,0,0,1.45586304673739,0,0,0,0,0,0.731911725987412,0,0,0,1.33995958385235,0,0.684727051348708,1.37223767567073,0,1.91162131891031,1.48721316669893,1.4196014812176,0,1.8010215288345,2.88353685906586,0,0,0,1.7476569611117,0,0,1.30861480992345,0,1.2598033730621,0,0,0,0.953054997098784,0,0,0,0,0,0,3.98412765027591,1.30861480992345,1.58958372917755,0,1.38638003613915,0,0,1.55410564379286,0,0,1.4174953180731,0,1.69895005123311,2.34397210702849,0,0.98082023102027,1.57109560844113,0,0,0,0,0,0,1.13172452147804,1.11670193423627,0
"193","3","grassRedDry1_bin.41.orig",1.20213352928465,0.711711304560397,0,1.04121257398135,0.591594920946384,0,0,1.22192237506677,1.30088055974521,0,0,0.945668402095486,0,0,0,0.412038364503112,0,0,1.32799161836678,0.571963931417968,0,0,0,0,0,0,0,0,0.442242416883817,0,4.00433528710059,0,1.21446400675582,0,0.827464119899591,0,0,0,0.898617581751496,0.762457447955278,0,1.0882297488772,0.871158545797634,1.05879279035994,0,0,0,0,0,0.790703244342413,0.905950765494895,0.761209950215979,1.25528314664229,1.16824958732301,1.25009568470141,0.575863632696349,0,1.80872176811359,0,0,0,0,0,0.790703244342413,1.44070929308235,1.5085359375601,0.418845631332459,0.784510706228188,0,0.469517983932092,0,1.37526968700371,0.570994682489824,0,1.02655518438181,0,0,0,0,0,0,0,0,0,0,0,0,0
"194","4","grassRedDry1_bin.42.orig",1.20670349514648,1.4288338155901,1.7749490365277,0,1.18768779245633,0,0,0,0,0,1.45102513824945,1.08487246170186,2.37169651445418,0,3.17243058120741,0.827209494566246,0,2.81656901514989,0,1.14827655718162,0,0,5.29811429610424,0,3.48910447859131,0,0,0,0,0,0,0,0,0,0.830609762781777,1.66459614531663,3.00857972783105,2.3188967444782,1.80406743557827,1.5307119299727,1.66354136840012,0,2.91490098349357,0,0,0,0,0,2.84361756050554,0,1.81878955793514,0,0,2.34538148364433,0,1.84976897524105,0,0,0,0,0,3.06096365916545,4.83295543234306,0,0,0,2.52262735350109,0,0,1.88521151250854,0,0,1.14633069003664,0,0.58883296062622,0,4.01370032623664,1.18978629194602,1.90582122915164,0,0,0,0,0,0,2.05926164550013,1.35461791215487,0
"195","4","grassRedDry1_bin.44.orig",0.983817515776929,0,1.44710441195446,1.70424190487324,0.968314136979546,0,0,0,2.12926276396702,0,1.97168560543141,1.10561183266976,1.933628751729,2.98278743008289,2.58646203142005,0.337209261945687,3.64110354332746,0,2.17363775841382,0.936182413041055,0,0,0,0,0,0,0,0,1.44771217290221,3.49704589645203,0,0,0,0,0.677190740465071,1.35713441706611,0,1.89058144247674,1.47084445342492,1.2479794865706,0.904182976201562,1.78119894679588,1.42589989463896,1.73301695254154,0,3.93854000018828,1.72842172547883,0,2.31838291299274,0.647105901811607,1.48284730408572,0,2.05462956791688,1.91217427816274,2.04613880412812,1.31959154393742,0,0,0,0,0,2.49558377443671,0,0.647105901811607,0,0,2.05668168372307,1.28407594547521,0,0.768500345946654,0,0,0.93459596020628,0,1.4402150557968,0,3.27234378611944,1.94005005994566,1.55380365990512,0,0,0,0,0,0,1.11926842264027,2.20882235698066,3.05460208914463
"196","4","grassRedDry1_bin.45.orig",1.87754870369929,0,0,0,1.84796156147302,0,0,0,0,0,0.752565530337573,0.84399394397218,0,2.84622330002939,0,0.643540903153704,3.47439902633296,0,0,0.893320177697389,0,0,0,0,2.71440482985229,0,0,0,1.03607251979132,0,0,0,0,0,1.29237239277375,1.29499928830598,0,1.80402294106185,1.40350321710343,0.595420957057146,1.72557161023258,1.69964842054379,1.36061640286518,1.65367239378925,0,0,0,0,2.21223792175045,0,1.41495652848358,1.18889351345311,0,0,1.95245825454008,1.25917528047652,0,0,0,0,0,2.38132580764552,0,0,0,0,1.30834562550856,1.22528573044082,0,1.46663055412784,0,0,0.891806359120447,0,1.14523013147584,0,0,0.925613342095803,0,0,0,0,0,0,0,2.13604753149798,0.526923373306684,0
"197","5","grassRedDry1_bin.46.orig",0.852063536148087,1.0089116327055,1.25330651533652,1.47600785778986,0,0,5.91614139889278,0,0,0,1.36610815090802,0.766037613801029,0,0,4.48016008916887,0.584099615116991,0,0,1.88254167570546,0.810807781466942,0,0,1.24701442682828,0,2.46368615983644,0,0,0,1.2538328842352,1.00957248839994,0,0,0,0,0.586500573240699,1.1753854062259,0,1.637392588991,1.27386726299474,1.08084863027456,0.391546873110303,1.54265872364715,1.64658897534102,0,0,0,1.49694948885276,1.04639493423075,2.00790239176612,0.56044473097683,1.28426267801214,1.07908019555547,0,1.65609368714694,0,0.81633594149282,0,2.56401777024549,0,0,0,2.16137230888911,0,0.56044473097683,0,2.13847868652131,1.78124849381257,1.11211100965231,0,1.33116378148894,0,0,0.809433788230746,6.56871244870983,1.45522975467795,0,0,0.84011815599572,1.34571647658974,0,0,0,3.18557836359708,0,0,2.42343675224319,1.43476073410242,0
"198","10","grassRedDry1_bin.47.permissive",0,0.701926665383393,0.871958687456466,0,0.291730823619655,0,0,1.20512333103624,0,0,0.475218893228799,0.666190935835111,0,0,0,0.812747284896194,0,0,0,1.12820109088409,0,0,0,0,0,0,0,0,0.65424367222765,0,0,0,0.798511667139915,0,1.22413215867973,0.817746898724956,0,0,0,0.375987574252841,0.817228730666744,0,0,0,0,0,0,0.72800479551321,0,0.779832620407677,0,1.50148960284336,0,0,0,0.681535960141229,0,0,0,0,0,0,0,0.779832620407677,0.473634118872021,0,1.23926196799637,0.773725217587284,0,0,0,0,1.12628924358393,0,0.289269159233534,0,0,0,0,0,0,0,0,0,0,0,0.33273373837208,0
"199","1","grassRedDry1_bin.48.orig",0,0.939265879091614,0.583395020801801,0,0.585558624608391,0,0,0.806303051844671,0,1.35668263642517,0.31795122875528,0.356578797101692,0,0,0,0.407834160608353,0,0,0,0.377418625648937,0,0,0,0,0,0,0,0,0.43773002810727,0,0,0,0.534254360169823,0,0.819021149110086,0,0,0.762181215708934,0,0.503118512053146,1.27581358088776,0.718084049798908,0,0.698659649383791,0,0,0.696807099860971,0.487080843315119,0,0.782635360509626,0,1.00459066545882,0,0,0,0.683985419315444,0,0,0,0,0,0,0,0.782635360509626,0.633781830737436,0,0.829143939957845,0.517670671675885,0,0.309818193909181,1.98653162269897,0,0.753558105609562,0,0.677387201465064,0,0,0.391062156859124,0.626410444888332,0,0,0,0,0,0,0.225614551139094,0.22261972844755,1.23145201867703
"200","12","grassRedDry1_bin.49.orig",0.914818665041215,0,1.3456134954804,1.58471696155178,0.450201298475874,0,0,0,0,0,1.83340382186357,1.23368530191453,1.79801603953464,0,0,1.88135699093997,0,0,0,0.870524392582038,0,0,4.0165739695728,0,0,3.93960085314473,0,0,1.68272328981208,2.16785654336428,0,0,1.84840421523239,0,0.629696787499558,1.26195343729112,2.28084604159563,1.75798780121579,1.36768855787536,1.01539721126689,0.420384598757874,1.65627671448177,1.76786150843011,0,4.01279512783272,0,1.6072009597045,1.12346271871502,2.15578593337352,1.80516573777839,1.37884960313234,0,0,1.77806624950518,0,0.876459705807466,0,0,0,0,0,0,0,1.80516573777839,1.46183178502016,0,1.27495920205109,1.19401883318117,9.54136819760858,1.42920500862893,0,2.09314913607818,0.869049203696717,0,2.0088109739678,2.15559134530635,0,0.901993498535675,1.44482952081619,0,0,0,0,0,0,1.56115482973581,1.54043195576557,0
"201","5","grassRedDry1_bin.5.orig",0.688246792852483,0.814939457003638,0,1.19223230575188,0.338700566193722,0,0,0,1.48956309980234,0,0.827596341408866,0.928140171247676,0,2.0866612451945,1.80940486361822,0.707701954882336,0,0,1.52060640521323,0.654922821527096,0,0,0,0,0,0,0,0,0.506386216953352,0.815473257351782,0,0,0,0,0.947481311930942,0.949407176673262,1.71595206034384,1.32258939645273,1.02895502633447,1.09130741398166,0.948805581639449,0,1.33001769627159,1.21236239487338,3.0189517143056,2.75527471322784,0,0,1.62186541597725,0,1.03735183096532,0.871617493666118,0,1.33769504325324,1.43141227624931,1.18689865909835,0,0,0,0,0,1.74582938553841,2.75648996600058,0,0,1.72733726434913,0.95919182168183,0.898297841906607,0,1.07523578290048,0,0,0.980719485945866,0,0.839606411821225,0,0,0.678598017578708,0,0,0,0,2.57312277677953,0,0,1.56600769933412,0.772610204023598,0
"202","2","grassRedDry1_bin.50.orig",2.06400967471737,0.814651053000475,0,0,0.677161402679122,0,0,0,0,0,1.10307127757601,1.39171755890743,0,0,0,0.943268669102811,0,0,1.52006826833603,1.30938209361658,2.11640631918986,0,1.00690841793374,0,0,2.96283645642829,0,0,0.759310513168836,0.815184664438687,0,0,1.39012036986811,1.5348668189131,0.947146001864737,0.949071185050779,1.71534479137535,1.32212133704881,1.02859088302773,0.763644843079908,0.316156600973061,1.24562797464182,1.66193376002545,0,0,0,1.20871981038838,1.68983428754711,0,1.3576022183861,0,0.871309031519341,0,1.33722163801783,1.43090570483827,0.92281670454952,0,0,0,0,0,0,2.755514454588,1.3576022183861,1.64908908311082,1.72672596619983,0.958852367310349,0.897979937685119,0,1.61228289151257,0,1.5741844923613,0.653581608676745,0,0.50358556696542,1.62114510101623,0,1.35671572859446,1.08660591191134,0,0,0,0,1.81720265894784,2.11640631918986,1.17409012133251,0,0
"203","4","grassRedDry1_bin.51.orig",0.820457971228006,0,0,1.42125834652358,0.403764437813573,0,0,0,0,0,0.986576359410044,0.553217254206882,0,0,2.15698882864606,1.12486725433737,0,0,0,0.780732514907939,0,0,1.20075896141831,0,2.37230072956744,0,0,0,1.2073245020073,0.972124449057827,0,0,0,0,1.12949105326224,1.13178687373791,0,1.5766568391607,1.22661574620979,0.910662153913399,0.377023237732962,1.48543693399027,1.18913407818912,0,0,0,1.44142319034937,0,0,0,1.23662556443744,1.03905390910179,0,1.59466425809347,0,0.943266742889413,0,0,0,0,0,2.08120059642049,0,0,0.655524196459315,0,1.1434511344018,1.07085951229003,0,1.28178696681464,0,0,1.16911423073698,0,1.0008935463656,0,0,0.808955680671524,0,0,0,0,0,0,0,1.86683543354848,0.460513733682682,0
"204","11","grassRedDry1_bin.52.orig",2.32159915789292,0.916319929014613,0,1.34054893573599,1.14250724800942,0,0,1.57321067799272,0,2.64707867022009,0.310183786985761,0.695735393612588,0,0,0,1.59148363596387,0,1.80628306235951,0,1.47279366135558,0,0,1.13257111329693,0,0,0,0,0,1.13876381462434,0,0,0,1.56360811656443,1.72641899789273,0.532675158277039,1.06751576360515,0,0,1.15695956133564,0.490827495720742,2.13367865734018,0,0.747737583793495,1.36318325743479,0,0,1.35956867271489,0.950363243690991,0,2.03604224377184,1.16640094910642,0.980048852783019,0,1.5041075954082,0,1.33455177032578,0,2.32870799093003,0,0,0,0,0,2.03604224377184,0,0,1.07851764250871,1.01004830193928,0,0.604498878900734,0,1.77064353747981,1.10272340113377,0,0.944055513656156,1.82346485457095,2.57401074771188,1.52603455864919,1.22221489606161,0,0,0,0,0,0,0.44020572680523,0.868724812895773,0
"205","4","grassRedDry1_bin.53.orig",0,0.764122388702674,0.949220464142587,1.11788843886541,0.317580261295091,0,0,1.31190587821558,1.39667861724265,0,0.517326686331671,0.580176174323679,0,0,3.39315210384276,0.442381253893014,0,0,1.42578615950232,0.614083888686893,1.98513639199071,3.17818526592782,1.88891001290073,0,1.86592927709602,0,0,0,0.949619121712933,1.52924580587098,0,0,0,0,0.888399349303542,0.890205123161432,1.60895067232382,1.240116870284,0.96479261843719,1.22790828812729,0.889641041706892,1.16836800236435,0.935311473469993,0,0,0,1.13374906395128,1.58502245538916,1.52073097597636,0.424465684295315,0.972665824669685,0.817266160782074,1.34772336811901,1.25428057633223,1.34215389664348,1.11288738168703,0,0,0,0,0,1.63696494123609,0,0.424465684295315,0.515601489631252,1.61962593071954,0.899379628398968,0.842282806195098,0,0.504093726096784,0,0,0.613043263363851,0,0.944701427509433,0,0,0.636282773775214,1.01920926994451,0,0,0,2.41267091158804,1.70449081407038,1.98513639199071,1.83544546416628,1.81108163790852,0
"206","2","grassRedDry1_bin.54.permissive",0,1.05820106462236,1.31453563011338,1.54811683785999,0.879607182237075,0,0,1.81680345653664,0,0,1.79106010479279,1.80778874226607,1.75648962753589,0,0,0.918952881291727,0,0,0,0.850419035462602,2.74913217369756,0,2.61587229504036,0,0,0,0,0,1.31508771427111,0,0,0,1.80571405380211,1.99373424467473,1.84546052662897,1.23280775827163,0,0,1.33610085382184,0.566826238381782,1.23202658551114,1.61802386928062,2.15878941997726,0,0,0,0,1.09751557770138,2.10599658061917,1.1756494657343,0,2.26359529364852,0,0,1.85869266928104,0.34248690742546,0,0,0,0,0,0,0,1.1756494657343,0.71403488932578,2.24295205783361,1.86826971897908,1.16644215037596,0,2.09429481001359,0,2.04480642306095,0.424488958537515,0,1.52632364000092,0,0,1.76232268171844,1.41146019338523,0,0,0,0,2.36047787730787,2.74913217369756,1.52509888961737,1.50485462461578,0
"207","11","grassRedDry1_bin.6.orig",2.87899608268756,1.13632083176491,0,1.66240374507101,0.944542581142391,0,0,1.95092566422795,0,3.28262055756695,0,1.0784696972709,0,0,0,1.31572387306797,0,0,0,0,0,0,1.40449215251539,0,0,0,0,0,0.706085835331144,0,0,0,0,2.14091804569814,0.660566096783233,0,0,0,0,0.456503365143105,1.76397160704569,0,0.463631623766945,1.6904723818482,0,0,0,0,0,1.26243964727434,1.4464442545578,0,0,1.86523149803819,0,1.47108151947731,0,0,0,0,0,2.43431862630475,0,1.26243964727434,0.766747215130988,0,0.668730443266987,0,0,0.749634103900937,0,0,0.45582608312014,0,0.702429301737632,2.26126381696005,0,0.946211472695471,0,0,0,0,0,0,0,1.09179102580234,0,0
"208","2","grassRedDry1_bin.7.orig",1.77833959356591,1.05284842428558,0,1.54028608346991,0,0,0,1.80761361937755,1.92441800310796,3.04148422254466,1.06920029028972,0.59954816791372,0,0,0,0.914304592394238,0,0,0,0.846117407554104,2.73522638938489,0,0,0,0,0,0,0,1.63554459787585,0,0,0,1.79658030955994,1.9836494482257,1.22408382332391,1.22657191448444,0,1.70869891016439,1.32934252824151,1.12791818469197,0.817196462058158,0,0,1.56629284069605,0,0,0,1.09196407492195,0,1.16970274259956,0,1.12607273693709,0,1.72821441686252,0,0.511131787062632,0,0,0,0,0,2.25549726650107,0,1.16970274259956,2.13126937756351,0,1.85881955285083,1.16054200009889,0,2.08370135357895,0,2.03446329101649,0.844683578696535,0,1.95248972693167,2.09515480138001,0,2.63011263250641,0,0,0,0,0,2.34853800168068,2.73522638938489,0.505794855216974,0.499080900367776,0
"209","2","grassRedDry1_bin.8.orig",1.30988052863914,1.55100370656958,0.963356446561146,1.1345362587499,0.644619461076518,0,0,0,1.41747823663935,0,1.57509245875531,1.03042848092865,1.28724210073981,0,0,0.673453926997756,0,1.52869736656615,1.44701925428347,1.24645789938846,2.01469944314234,0,1.91704004142548,0,0,2.82045319217003,0,0,0.481880520510181,1.55201964255282,0,0,1.32331618445845,0,0.901629571424553,0.903462237230594,1.63291148993729,1.25858494059802,0.97916050451527,0.726946818369231,0.300963251787124,1.18576757408002,1.89848064079363,0,0,0,1.15063308346044,1.60862692917454,0,1.72314765118024,0,0.829437053126387,0,0,0,0.376486908273435,0,0,0,0,0,0,0,1.72314765118024,2.09311972363117,0,0.912773371048778,0.854826251463719,0,1.53480237431992,0,0,0.622172827169195,0,1.59795018587312,1.54323869790776,2.17844231257977,1.93727527515699,0,0,0,0,0,1.72987443472594,2.01469944314234,1.11766757271495,0.735221052236232,0
"210","4","grassRedDry1_bin.9.orig",0,1.14244159798385,1.41918226703862,1.67135824489238,0.474815169096251,0,0,0,0,0,0.773456628087904,1.08427884967458,0,0,0,0.330702747418311,0,0,0,0,0,0,0,0,2.78975627015673,0,0,0,1.06483372584561,1.14318991826396,0,0,0,0,0,1.33094825969519,0,1.85410232695753,1.44246424005682,0.611949746797085,1.33010489987765,1.74683038658314,1.39838689477199,0,0,0,0,0,2.27364928967418,0,1.45423549351372,0,0,0,0,1.47900546649827,0,0,0,0,0,0,0,0,0,0,1.34466508906604,1.25929946470692,0,0.753671990888005,0,0,0.458281379910693,0,1.412425842271,0,0,0.951308219191834,0,0,0,0,0,0,0,1.64650789985707,2.16620272467531,0
"211","3","grassRedDry2_bin.1.orig",0.579184830940724,0,0,1.00330706022916,0.570057811260982,0,0,0,1.25352179057589,0,1.16075428190382,0.650886563942915,1.13834976884699,0,0,0.198519020285407,0,0,1.27964586668198,0.551141491111453,0,0,0,0,0,0,0,0,0.639213764239881,0.686250550821247,0,0,1.17025124630712,0,0.398670076758236,0.79896083908563,0,1.11300731647965,0,0.551025045058338,0,1.04861256719654,0.559629251137206,0,0,0,1.01754200226367,0,0,1.14287634545373,0,0,0,0,0,0.554899223128099,0,0,0,0,0,0,0,1.14287634545373,0.925506690697585,0,0.807194975479664,0.755950465882681,0,1.35727531520975,0,0,0.82531129177318,0,1.27180706823138,0,0,1.71319510168329,0,0,0,0,0,0,0,0.658926357529076,0,0
"212","7","grassRedDry2_bin.10.orig",0.682746654255831,1.61685370267916,0,1.18270455641961,0.671987667112555,0,0,1.38797129106551,0,0,1.64196517597832,1.68799201947793,1.34189373501172,0,0,0.936061786603514,0,1.5936003163236,0,0,0,0,0.999215306847483,0,0,2.94019941259813,0,4.82270480635159,0.502339420941221,0.808956385811111,0,0,1.37949939358248,0,0.469954747634712,0,0,1.31201989571187,1.02073211078538,0.75781034561854,0,0,0.659694416058916,0,0,0,0,0,0,1.34722969146014,2.05812362435384,0,0,1.32700482542098,0,0.784942355809681,0,0,0,5.20696226628436,7.13287816279816,0,0,1.34722969146014,1.63648950078381,0,0.951526420237445,0.891119075971378,0,1.59996452058034,0,1.56215720571407,0.648588030482408,0,0.999476015608058,1.60875901989213,0,2.01952496211257,1.07830388579016,0,6.18120840955706,4.55237083735228,0,1.80331863367549,0,0.388373229037484,0.766435873467396,0
"213","14","grassRedDry2_bin.11.strict",0.408505750017173,0.967407207876993,0.6008741089467,0,0.804136715266107,3.00324692949336,0,0,0,1.39733018146958,0.327477360030027,0.459077810355867,0,0,0,0.420053272852363,0,0,0,0.388726458575206,0,0,0,0,0,0,0,0,0.601126466561614,0,0,0,0.550261145830025,0,0.562373218411151,0.563516306659675,0,0.785016913952386,0.610731570610889,0.259096218552771,0.563159232666672,0,0,0,0,0,0.717684125348302,0.501674264051374,0,0.537389256688181,1.2314309115306,0.517344594520301,0,0,0.84960823873878,0.704478294653336,0,0,0,0,0,0,0,0.537389256688181,0.652770557224798,0,0.569323938150858,0.533180593731469,0,0.319100651467336,0,0,0.776135447000219,0,0.398675650121071,0,0,0,0.64517831741155,0,0,0,0,0,0,0.232374184810139,0,0
"214","3","grassRedDry2_bin.12.orig",0,1.60527028769573,1.99412480263518,0,1.33434686629506,0,0,0,2.93414604632398,0,1.08680123875215,2.13296230953398,0,0,0,1.8587113614449,0,0,0,0,0,0,0,0,0,0,0,0,0.498740575872149,0,0,0,2.73923285049577,3.02445579723547,1.86635164749781,1.87014522188226,0,0,2.0268388245957,1.71972860202203,0,2.45451051692675,1.96490475910727,0,0,0,0,0,0,1.78343721168163,0,3.43382972267053,0,2.63499587420602,2.81960037246751,1.5586377904782,0,0,0,0,0,0,0,1.78343721168163,1.08317694106823,0,0.944709523090199,1.76946989462977,0,2.11800280342751,0,3.10193129147961,1.28788287098984,0,0.33077186646748,0,0,0,0,0,0,0,0,0,0,1.54236342862007,1.52188999296923,0
"215","8","grassRedDry2_bin.13.orig",1.21108576050195,0.717011384795397,0,1.04896643449815,0.596000500185527,0,0,1.23102197287742,1.31056815540179,0,0.485431560758283,0.54440614269056,0,1.8359153629852,0,0.415106794606402,0,0,0,0.576223319611772,0,0,0,0,1.75088775657047,0,0,0,0.445535775128636,0,0,0,0,0,0,0.835320646989049,1.50975284416025,1.16365902585331,0.905309544143193,0.768135432306575,1.11305512435528,1.09633374405924,1.17019469607277,0,0,2.42418417791054,0,0.743649945658505,0,0.796591573795996,0.912697337757153,0,0,0,0,0.928243298848152,0,0,0,0,0,1.53603992859043,0,0.796591573795996,0,0,0.421964754828062,0,0,0.473014462027452,0,0,0.86287027909944,0,0.738714208582423,0,0,1.19410712077314,0,0,0,0,0,0,0,0.688913353900106,0.679768671811336,0
"216","1","grassRedDry2_bin.14.strict",0,0.711348573130141,0,0,0.886940112212037,0,0,0,0,0,0.963195439905822,0.540106532501881,1.18075518163597,0,0,0.617742546983724,0,0,0,1.14334484752181,0,2.95868513668258,0,0,0,0,0,0,0.884034046423476,0,0,3.39809320866901,0.809230027950991,1.34023680145909,0.827042393784279,0.828723452573024,0,1.15446868097774,0,0.476293033249663,0.828198329184743,0,0,0,0,0,0,0.737776747998829,0,1.18545038071252,0,0.760821991260996,0,0,1.24945855979871,1.15114027502798,0,0,0,0,0,0,0,1.18545038071252,0.959983346583187,0,0.837264324174727,0.784110871788721,0,0.938557377939444,3.00898066615913,0,1.1414073376421,0,0.439727995428706,0,0,0,0.948817978134325,0,0,0,0,0,0,0,0.337199997800279,1.86526872925764
"217","1","grassRedDry2_bin.15.orig",0,0.445854682971139,0.553856810593579,0,0.74121449030181,0,0,0.765478656387566,0,1.28799165437754,0.45277928471351,0.338524650101758,0.7400664696048,0,0,0.51624649826506,1.39357601213076,0,0.83192620125792,0.716618650509696,0,1.85442647030613,0,0,0,0,0,0,0.692611777109238,0,0,2.12983595874919,0.507204219128736,0,0.777552816325647,0.519422187904065,0,0.723590778417531,0,0.417939224604104,1.21121712669284,0,0,0,1.65167332115187,0,0.661526657182549,0.462419171848561,0,0.74300929760057,0,0.953726655325929,0.78637765874873,0,0.783127950356786,0.649354158549224,0,0,0,0,0,0,0,0.74300929760057,0.601692456857032,0,0.524775382869394,0.491460188943999,0,0.588263220027372,1.88595039289019,0,0.715404269985435,0,0.643090018877294,0,0,0,0,0,0,0,0,0,0,0,0,0
"218","3","grassRedDry2_bin.16.orig",0,0,0,1.28391393330349,0.72949269040257,0,0,1.50674627061469,1.60410920685869,0,0.594158520259036,1.49927001496416,0,0,0,0.25404120659928,0,0,0,0.705285816984117,0,0,0,0,0,0,0,0,0.545326876685523,0.878182441709669,0,0,1.49754939455554,0,0.510170900446131,0,0,0,1.10808077308419,0.470091202048015,0.340589301929924,1.34189057271587,1.07422117540238,0,0,0,1.30213013165627,0,0,0.975012152069616,0,0,0,0,1.54148663554217,0.568075615049073,0,0,0,5.65254557241781,0,0,0,0.975012152069616,1.18435420486408,0,0,0.967376164792814,0,1.73688071937683,0,1.69583806161913,0.352045320528381,0,0.361668565908685,0,0,0,0,0,0,0,0,0,0,0,0,0
"219","3","grassRedDry2_bin.17.strict",0,0,0,0,1.10923550367807,0,0,0,2.43914011399156,0,1.35517819607031,1.01321160251514,2.21503495656992,3.41688052566613,0,0.772568469744724,0,0,0,0,0,0,0,0,0,0,0,0,0.829200814055649,1.33532680432137,0,0,0,2.51421413302642,0.775744134469626,1.55464184729235,2.809849078986,2.1657228563569,1.68490041177759,1.2509011423179,0,2.04042163121049,0.544471650063898,1.98522758144515,0,0,0,1.38403058684667,0,0,1.69865006965187,1.42726225773177,0,0,2.34391890019494,1.29568736454053,0,0,0,0,0,2.85877280862895,0,0,0,0,0,0,0,0.880342272985856,0,0,0.535305114871418,0,1.6498134353431,0,0,1.11119538754083,0,0,0,0,4.21345492775777,0,0,2.56431714693549,1.26513911452508,0
"220","11","grassRedDry2_bin.18.orig",2.47539026465291,1.4655304021015,0,0,0.609095525685997,0,0,2.51613874641843,2.67872660950215,4.23364607177511,0,0.834551344081683,0,0,0,0.848454627799504,0,0,0,1.17776762154464,0,0,0,0,0,0,0,0,0,0,0,0,1.66718716119313,0,0,1.70734779060012,0,0,1.85040110713598,0.588759390461719,1.13751061597369,0,0.597952814920068,0,0,0,2.17444711232149,0,0,2.44228165872648,0,0,2.5848340511975,2.40561766617144,0,1.42295729592615,0,0,0,0,0,0,0,2.44228165872648,1.97777128270336,0,0.862471907600599,1.61543632001417,0,1.93362919874063,0,0,1.17577177890128,0,2.11384563165779,0,0,0,0,0,0,0,0,0,0,1.40809962849114,0.694704209766453,0
"221","4","grassRedDry2_bin.19.orig",1.35905718368258,0,0.999523598160551,1.17712998925505,1.33764063235263,0,0,0,0,0,0.544741975631317,0.610922118973534,0,0,1.78648466191807,0.465824873518005,0,1.58608903047577,0,0,0,0,0,0,0,0,0,0,0.249985845562743,0,0,0,0,0,0,0.93738078920053,1.69421564959262,0,1.01592098557435,0.96973518538876,1.24904908630317,0,0.328292504105118,1.19700508530552,0,0,0,0.834509688540525,1.60132082520481,0.446959883493202,1.02421142569847,0,0,0,0,1.30207100587775,0,0,0,0,0,1.72371451094336,0,0.446959883493202,0,1.70545663425958,1.42056223435139,0.886918869661481,0,1.06161549176785,0,0,0.645530971542013,0,1.16055925884614,0,0,0,1.07322140140934,0,0,0,0,0,0,1.15962800458253,1.14423502463359,0
"222","1","grassRedDry2_bin.2.orig",0,0.765668608022541,0,0,0.954668676888602,0,0,0,0,2.21187488842803,0.259186754420967,0.14533754355649,0,0,0,0.443276422588016,2.39319546510366,0,1.42867127075991,1.23065300326625,0,0,0,0,0,0,3.27836169022582,0,0.475770348980345,0,0,0,0.871024491333199,0,0.44509852296322,0.892006473809479,0,0,0,0.512663745390526,1.78288250184614,0,0,0,0,0,1.1360432313942,0.79411489248649,0,1.27597380126309,0,0.818919917753415,0,0,1.34486977608361,1.11513933503356,0,0,0,0,0,0,0,1.27597380126309,1.03328964233221,0,0,0.843987184926811,0,0,0,1.47953365382349,0.921425655871023,0,0.631075368459512,0,0,0,1.02127166346612,0,0,0,0,0,0,0,0.362949280694921,0
"223","4","grassRedDry2_bin.20.orig",1.76462989272394,0,1.29780353687388,1.52841160151392,1.30261662675718,0,0,0,0,0,1.41461004814502,1.38816087422102,1.73413211394031,0,0,0.604837314024464,0,0,1.94937887511661,0.839594459644312,0,0,1.29128805592777,0,2.55115614006399,0,4.47322568509309,0,0.649174296908644,0,0,0,0,0,1.21464703010175,1.21711593989467,2.19980705439554,1.69552608818364,1.31909426719809,0.699514223990018,1.2163447103074,1.59742881987735,1.70504898029779,1.55421786561561,0,0,1.55009673801387,0,2.07919036073303,0,1.32985875793661,1.11739153768496,1.84264901563447,1.71489114456308,1.83503426221047,0.676255111854855,0,2.65504989411038,0,0,0,0,3.53375027934262,0,0,2.21440259739779,1.84448941023858,0,0,0.689212512116752,0,0,0.838171684561156,0,1.29162497041086,0,0,1.73989092197522,1.39349439389029,0,0,0,0,0,0,1.50568663768904,1.4857000522222,0
"224","2","grassRedDry2_bin.21.orig",1.51446637223606,0.8966248850395,0,1.31173566931658,0.745300411254731,0,0,0,1.63886940513348,0,1.51758405301905,1.53175840338856,1.48829212426136,0,1.99077049698472,0.519092290423379,0,1.76745947769413,1.673024335179,1.44113797537933,2.32936858750906,0,1.10822804579941,0,0,0,0,0,1.39285955434895,0,0,0,1.53000049804554,1.68931198209364,1.04245206817046,1.04457097189803,0,1.45515909845509,1.13209229749425,1.20069457454149,0,1.37096863184752,2.19499796047063,0,0,0,0,0.929936485214884,0,1.49421022474158,0,0.958984042729092,1.58142508041988,0,1.57488983581075,0.580385513234153,0,0,0,0,0,0,0,1.49421022474158,1.21001853420814,0,1.58300457068639,0.98833869474447,0,1.18301200407971,0,0,1.07902186939794,0,1.47802292993998,1.78427197077493,2.51868590617633,1.49323453238276,0,0,0,0,0,2.00005771694698,2.32936858750906,0.861488213215921,0.850052760864064,0
"225","1","grassRedDry2_bin.22.orig",0.446309722187719,0.528466541990937,0.656480249353947,0,1.09819150029184,0,0,0,0,1.52664202418201,0.715565592756652,0.401249460980876,0.87719246421105,0,0,0.458925876815442,0,0,0.986072771156447,0.84940002791355,0,0,0,0,0,0,0,0,0.8209449508346,0,0,0,0.601183457309405,0,0.921624609436993,0.615665278305033,0,0.857664012719581,0,0.42461028266058,1.0254585999028,0.808042542806057,0,0,0,0,0.784100107744559,0.548100244385996,0,0.587120376761124,0,1.13044147969015,0,0,0,0.855191313329921,0,0,0,0,0,0,0,0.587120376761124,0.713179302947573,0,0.622010360099575,0,0,0.348630889774061,2.23539579276247,0,1.05995079541765,0,0.326677443293755,0,0,0.440052748298975,0,0,0,0,0,0,0,0.253878575422381,0.250508574175861,1.38572305121398
"226","4","grassRedDry2_bin.23.orig",0.773099521540375,0.915411899970778,1.13715776611018,1.33922051611988,0.760916718796667,0,0,0,1.67320869740429,0,1.54938204874642,0.868807441562341,1.51947636510403,2.34392201609936,2.03248318606534,0.264984425351809,2.86123733526176,0,1.70807927698335,0.735667096783687,0,3.80743799129038,0,0,0,0,0,0,1.42204419296578,3.66404604647542,0,0,0,0,1.0642946055533,1.06645790675034,1.92750875211472,1.48564910176216,1.15581306997278,1.10326749579953,0.710521428086545,1.39969458914202,1.12049491763654,1.36183240829289,0,3.0949676549605,1.35822140545285,0.949421479357225,1.8218223319257,0.508506155922049,1.16524510178169,0.979077671436279,1.61456073959494,1.50261709701519,1.60788856175978,1.18509270543341,0,0,0,0,0,1.96106959984071,3.09633273409624,0.508506155922049,0,0,2.15489776664053,1.00904739257913,0,0.603899849542507,0,0,1.10163065520101,0,1.13174399997592,0,2.57146002667651,1.52452233168864,1.22100373979589,0,0,0,2.89035852873094,0,0,1.75907801628252,1.73572789665256,2.40035512251379
"227","2","grassRedDry2_bin.24.orig",0.879176321409725,1.04101534714113,0,1.52297464183235,1.73064383844887,0,0,0,1.90278926134071,0,1.0571834327573,1.38322282304607,1.72796335260882,2.66553099357711,0,0.904028624338656,0,0,1.9424444247777,0.83660780263292,2.70448488459983,0,0,0,0,0,0,0,1.29373002840584,1.04169723135959,0,0,1.77638834943647,1.96135499784998,1.21032621303686,1.21278634027213,0,0,1.31440190400231,0.418215521401142,1.21201785415014,0,0.84949183763834,1.54868910630539,3.85645220618656,0,1.54458263863202,1.07969137275565,0,1.73483449072759,1.32512810263281,1.11341668383479,1.83609423131108,0,0,0.67384949560988,0,2.64560518745379,0,0,0,0,0,1.73483449072759,0.702438603619839,0,0,1.14749854322535,0,0.686760803011233,0,2.01159773837392,1.25278513309909,0,1.28703032268581,2.071607130298,0,0.866850837528939,0,0,0,0,0,2.322142529446,2.70448488459983,0.500110172215137,0.493471676229573,0
"228","2","grassRedDry2_bin.25.orig",1.28420985531403,1.52060756844333,0.944476855564392,1.11230193352931,0.315993194318921,0,0,1.30534979539523,0,2.19637690546038,1.02948282398743,0.577276817660662,1.26201508901168,0,0,0.880341019649034,0,1.49873838187091,1.41866097445588,1.22203016506527,1.97521592527759,0,0,0,0,0,0,0,1.18109190111778,0,0,0,1.29738220289727,1.43247227926338,1.32593952977022,0.885756436246116,0,0,0.959971189997873,0.305442993145824,0.590130115811282,0,0.620424915536124,1.13108244882313,0,0,1.12808329715796,0.788550753600288,0,0.844688942015911,0.967805050883283,0.813181977057215,0,1.2480124686311,0,0.984289660887382,0,1.93221323883603,0,0,0,0,0,0.844688942015911,0.51302483674445,0,0.447442546530123,0.8380736049656,0,0.501574581795058,0,1.46916697915894,0.609979657602335,0,1.25330720298964,1.51299473625591,2.13574980762136,1.26620606303054,0,0,0,0,0,1.69597283794944,1.97521592527759,0.730509223532837,0.360406197539648,0
"229","11","grassRedDry2_bin.26.orig",1.22543550828535,1.4510140230019,1.80250209227569,0,1.80918692887727,0,0,0,0,0,0.491183276029128,0.826284941916706,0,0,0,1.26007576613823,0,2.86029144407342,0,2.33220318356864,0,0,0,0,0,0,0,0,0,1.45196446390151,0,0,0,2.73382483147903,0.843503562337577,1.69043616068942,0,0,1.83207250479584,0.194309202663414,1.68936501016071,0,0.592029969694472,0,0,0,0,1.50492240742176,0,0.806030119391325,0,1.5519302632044,0,2.38178952998214,0,2.1132939182575,0,0,0,0,0,0,0,0.806030119391325,0.979090526330235,0,0,1.59943509206355,0,0,0,2.80385542349143,1.74618827755731,0,0.896960381695794,2.88749921359768,0,1.20825569436577,0,0,0,0,0,0,0,0.697076056489379,0.687823022138685,0
"230","4","grassRedDry2_bin.27.orig",1.23210124205457,1.45890678692734,1.81230676904925,0,1.21268531179722,0,0,0,0,0,1.97542023347671,1.10770600475588,2.42161411895205,0,3.23920140710547,0.422309974982996,0,0,0,0,0,0,0,0,0,0,0,0,0.906533954603222,0,0,0,0,0,1.69618356870983,1.69963125690202,0,0,1.84203802928107,2.14902758372926,1.69855427986984,0,1.19050061151686,2.1703743890368,0,0,2.16461947526399,3.02621681001323,2.90346778833336,0,0,1.56037195915085,0,2.39474523005272,2.56251807022507,1.88870145903727,0,0,0,0,0,0,0,0,0,0,1.71714775446267,0,0,0.962444981488758,0,0,2.34091551517048,0,1.80367876218549,0,0,1.21482797885512,1.9459334567409,0,0,0,0,0,0,2.80347115519383,2.76625769095461,0
"231","1","grassRedDry2_bin.28.orig",0,0.828065702410824,1.02865316080773,0,1.03246806805759,0,0,1.42168882708157,0,0,0.280308817165012,0.471544871361211,0,0,0,0.239700307931193,0,0,0,0,0,0,0,0,0,0,0,0,0.514542589426697,0,0,0,0.942007416362071,0,0.962742411528276,0,0,1.34389236913565,0,0.554442561676596,0.964088011274283,0,0,0,0,0,0,0.858830177118039,0,1.37995750502237,1.05406047673013,0.885656653292925,0,0,0,1.34001784275743,0,0,0,0,0,0,0,1.37995750502237,0.558748069665186,1.75515951867485,0.487320771341752,0.912766742412376,0,1.63883193930461,3.50269021824242,0,0.664343968964819,0,0.511877981004623,0,0,0,1.10449877205289,0,0,0,0,0,0,0,0.392527325672068,0
"232","3","grassRedDry2_bin.29.orig",0.562045727934315,0.665507264386452,0.826717190506214,0.973617430712457,0.276594396450631,0,0,1.14259561694832,0,0,1.35168661292294,1.01060108784901,1.1046639868594,0,0,0.577933474624466,0,1.31187204542322,1.24177888338208,0.534832240104443,0,0,0.822566747122815,0,0,0,0,0,0.413532199320331,1.33188636779449,0,0,1.13562144320737,0,1.1606181733037,0.77531817548732,0,1.08007146245694,0.840279653743025,0.802078859843831,0,1.01758226763948,1.08613766461344,0,0,0,0.98743113564823,0,0,1.10905661406245,0,0.711792475890052,1.17379061931344,1.09240724714941,1.16893992552334,0.430783019350361,0,1.69130020588475,0,0,0,0,0,1.10905661406245,1.34717896747137,0,0.783308649229489,0.733580555259396,0,1.3171111392978,0,1.28598767692299,0.53392591446574,0,1.23417204883474,1.32435088296655,0,1.10833242007292,0,0,0,0,0,1.48451483115122,0,0.63942756178716,0,0
"233","9","grassRedDry2_bin.3.orig",1.72655502012716,1.36291983747843,0.846534154637764,0,0.283224549175644,0,0,0,1.24558645458211,0,1.61476868620106,1.16417910602079,1.13114352164638,0,0,0.394524617766418,0,1.3433184959965,0,1.09530505340673,0,0,0.842284222349811,0,0,0,0,0,0.635167264187607,1.36381257506462,0,0,1.1628430489336,0,1.18843896737319,0.793903070842844,0,1.10596149798156,0.860421719191671,2.64642795272036,0,1.04197439535895,0.834129833296541,0,0,0,0,0.706777663904842,0,1.51418859074955,0.867443204962455,0.728854617727435,1.20192716572618,1.11859297968577,1.1969601975608,0.330831882389037,0,1.73184180330234,0,0,0,1.45987869525408,2.30500242943548,1.51418859074955,1.83929566478204,1.44441541231365,1.20312762237938,0.751164971935523,0,1.79824423260829,0,0,0.546724475832769,0,1.54459064039912,1.35609645962411,0,1.70234983448733,0.908951597994463,4.4135592032368,0,0,2.15166908817666,0,0,0.654755068221253,0.323031902754378,0
"234","4","grassRedDry2_bin.30.orig",2.08879369326933,1.23664971334664,1.53621099478274,1.80918192938115,0.513969417598025,0,0,0,0,0,0.837237473757049,1.40842889229968,2.05269345024123,0,0,1.07391955576424,0,0,2.30748119870654,0.99382857529506,0,0,4.58549584567966,0,3.01980538688779,0,0,0,0.768428089542432,0,0,0,0,0,0.718889288480892,1.44070102728747,0,2.00699546934721,1.56141284782267,0.66241239840591,0,0,1.51370079277516,1.83972882305258,0,4.18105867254534,0,0,0,0,1.57415478337447,1.32265717953243,0,0,0,0.600362752484783,0,0,0,0,0,0,0,0,0.834445428874472,0,1.45554897499825,1.36314392332675,0,0,0,0,0.496072217694819,0,1.52889742114634,0,0,0,1.64948033214553,0,0,0,0,0,0,1.1881882487324,1.1724161581861,3.24269159520603
"235","1","grassRedDry2_bin.31.orig",0,1.05728363729568,0,0,0.878844590237593,0,0,1.81522834459058,0,0,0.357901462305994,0.802765087020529,0,0,0,0.306052059266009,0,0,0,1.69936349735248,0,0,0,0,0,0,4.52696915597032,0,1.64243446778664,0,0,0,1.20276570401496,0,0.614620189965571,1.23173895238606,0,0,0,0.849502226561438,2.05159742813002,0,0,0,0,0,0,1.09656406591775,0,1.76194532145913,0,0,0,0,1.85708124069369,1.19766493684598,0,0,0,0,0,0,0,1.76194532145913,1.4268316866829,0,0.622216662462761,1.16543088140306,0,2.09247912171668,0,0,1.69648375938675,0,0.653571584999221,0,0,0,1.41023650140908,0,0,0,0,0,0,0,0,0
"236","13","grassRedDry2_bin.32.orig",1.1650016302674,0.459818486545887,0.57120315236603,0.672700836522995,0.191107180295403,0,0,0.789452821080034,0.840465686474488,0,0.933919922288998,0.872817412340284,0.763244745416445,0,0,0.133103728963311,0,0.906410869946682,0.857981448643993,0.369531279913971,0,0,0.568335489310829,0,1.12284208509143,1.67233193925183,0,0,0.571443048648823,0.460119676120267,0,0,0.784634159908202,0.866334285241157,0.267301711273413,0.535690065491274,0,0.746253049072599,0.580573855967792,0.554179807133818,0,0.703077431729146,0.562833274536235,0,0,0,0,0,0,0.510853160250172,0.585311638589547,0,0.811006363081636,0.754776204492813,0.807654876483936,0.297640621804434,0,1.1685689136416,13.7343663987114,0,0,0,0,0.510853160250172,0.930805457849101,0.974626519579333,0.811816377209042,0.506852319620951,0,0.606687142369001,0,0.888526600629285,0.553357609425058,0,0.852725663566738,0.915032864776924,0,1.14866906026378,0.61331963427364,0,0,0,0,0,0,0.662698882756216,0,0
"237","1","grassRedDry2_bin.33.orig",0.435829860753172,1.03211508940308,0.641065344175492,0,0.857923768823838,0,0,0.886008493404951,0,1.49079472783551,0.524072472232168,0.489784582356206,0.856594984435572,0,0,0.298766515785011,1.61300406307881,1.01727134015259,0,0.829455146248414,0,0,0,0,0,0,0,0,0.801668226841306,0,0,2.46519316151335,0.58706698389166,0,0.599989208135119,0.601208755209206,0,0.837525083263505,0,0.483746606958083,0.60082779727008,0,0,0.767724222222854,0,0,0.765688542700227,0.535230225365907,0,0.860001180777073,0,0.55194871206026,0.910198186273809,0,0,0.835110445676411,0,0,0,0,0,0,0,0.860001180777073,0.696433039307515,1.09383024695969,0.911107270866957,0.568843948738814,0,0.340444638758229,2.18290614937158,0,0.621037164919014,0,0.425342245661519,0,0,0.429719807749395,0.688332970164119,0,0,0,0,0,0,0,0.244626347069849,1.35318469311549
"238","4","grassRedDry2_bin.34.orig",0.790293334214186,0.935770754541163,1.16244827149313,1.36900491779331,0.388919792343792,0,0,0,0,0,0.950304278679959,1.24338173147499,1.55326967535189,0,2.07768582064239,0.812633118471698,0,0,1.74606713534078,0,0,0,0,0,0,0,0,0,1.16293648136752,0.936383701613812,0,0,0,0,1.0879646267702,1.0901760400078,0,0,1.18151847122753,1.00249269163898,0,0,1.52721978607991,1.39211970076806,0,3.16380005312945,0,1.94107342092463,1.8623398474943,0.519815384999028,1.19116027239154,1.00085245929573,0,1.5360354554111,0,1.2114492887847,0,0,0,0,0,2.00468398893357,0,0.519815384999028,0,0,1.10141145702424,1.03148871011149,0,0.61733064415235,0,0,1.12613103399249,0,1.34973311975206,0,0,2.33764179712652,1.24815898823563,0,0,0,0,0,0,1.34865006887557,2.66149599472198,0
"239","8","grassRedDry2_bin.35.orig",0.475275882100357,0,0.699086786780611,0.823308247374892,0.70167945003464,0,0,0.966199212517776,1.02863307690623,0,0.952508570256508,1.06822785853278,0.934123550246884,0,0,0.325807229193481,0,0,1.0500703498666,0.45226367190012,1.46202349614491,2.34068628867783,0.695577097902799,0,0,0,0,0,0.87422549020709,1.68940026633815,0,0,0,0,0.981439407298704,0.655622863850395,1.18496829566287,0.913327673421332,0.710555447350312,0.753613528183868,0.873609901639041,0.860485696848061,0.459228681026384,0.837209286890566,0,1.90268321386693,0,0.583672759475334,1.11999579835582,0.937838034077837,0.716353946913538,1.20380880073366,0,0.923759032756917,0,0.910694492190529,0,0,0,0,0,1.20560038902548,0,0.937838034077837,0,1.19283046506591,0.331189875410718,0.620328788502642,0,0.371257549247621,0,0,0.677245900186616,0,0.927678111141692,0,0,1.40583846410485,0.75063250372096,0,0,0,0,1.25533219238153,1.46202349614491,1.08142267919948,1.06706780198759,1.47565852315338
"240","10","grassRedDry2_bin.36.orig",0,0,1.16071364899504,0,1.16501832143787,0,0,1.60420799652389,0,0,0.632590813723071,0.532082716659123,0,0,0,0.270473498439048,0,1.84187265771671,1.74346162814498,1.50181244116069,0,0,0,0,0,0,0,0,0.290300282588861,0.934986416009378,0,0,1.06294415580023,0,1.08634114986805,1.08854926320212,0,1.51642387839568,0,0.375373783958317,1.08785950031967,0,0.381235211533609,1.39004235916741,0,0,1.38635655548397,0,0,1.03807941759162,0,0.999358972457885,0,0,0,1.36084673952463,0,0,0,0,0,0,0,1.03807941759162,0,0,0,1.02994950740721,0,1.23281890847523,0,0,0.374816868204392,0,0.577593869157562,0,0,0,0,0,0,0,0,0,0,0.897758395534899,0,0
"241","3","grassRedDry2_bin.37.orig",0.537217468828558,0,0,0.930608072864558,0.528751787152578,0,0,1.09212168107311,1.1626924040135,0,1.07664676963907,1.44893697636933,1.05586567325715,0,0,0.552403377444288,0,1.25392035672864,1.18692354628703,0.511206131452698,1.65256557622043,0,0,0,0,0,0,0,0.197632248015181,1.2730505503592,0,0,0,1.19847878265156,0.739565396372287,0.74106864810251,1.33940242375623,1.03235951876658,0.803160465877113,0.511098123006051,0,0.97263077179726,0.778618310730032,0.946320802131808,0,2.15065543746725,0.943811560111076,0.659741456023029,0,0,0.809714670236471,1.36069836749495,1.12193865036542,1.04415037260485,1.11730223501615,0.514691580612752,0,0,0,0,0,1.36272344927074,0,0,0.429222534154504,1.34828925118694,0.374353072122062,0.701174779010789,0,0.8392853431102,0,1.22917942509835,0.51033984257021,0,0.917507688342408,0,0,0.529686027078733,0.848460670647429,0,0,0,0,1.41893668147001,1.65256557622043,0.91677146316463,0.301534059081069,1.6679776241967
"242","8","grassRedDry2_bin.38.orig",0,1.09834949883255,0,1.60685280883229,0.912979716311647,0,0,1.88573347039336,2.00758580295376,0,0.371802681786222,1.0424315196825,0,2.81233570567249,2.43865836665627,1.27175760242086,0,2.16510634929195,0,0.882684163364878,0,0,1.35755959822856,0,0,0,0,0,1.02373687301524,1.09906893797594,0,0,0,0,1.27698519831015,1.27958081759986,2.31270564862455,1.78254395252409,1.38679288109455,1.02958061318849,0.426256668977952,1.67941213190679,0.896277789462713,1.63398350315324,0,3.71347168726704,1.62965087085977,1.13915561515658,2.18589865971418,0.610126962002655,1.39810982749936,1.17473835524151,0,0,1.92921197118348,1.4219238127934,0,0,0,0,0,0,0,0.610126962002655,0,0,1.29276825115588,0,0,0.724584306923734,0,0,0.881188368556438,0,1.13159483654296,0,0,0,1.46501137435541,0,0,0,0,2.45003504553424,0,1.58296155341624,2.08259895404339,0
"243","3","grassRedDry2_bin.39.orig",1.52329917380021,0.901854258125773,1.12031597312641,0,0,0,0,0,1.64842776080943,0,1.22114803023225,1.54069205703013,1.49697227011609,0,0,1.04423957061589,0,0,1.68278189218755,1.44954310473476,0,0,1.11469154911373,0,0,3.27998922301592,0,5.38004997988971,0.280196622025594,0,0,0,1.02594926605317,1.69916453332312,0.52426597357385,1.05066320892857,0,1.46364600301537,1.1386949839582,0.84538815839105,0.349999150890387,1.37896451349784,1.83983318094483,0,0,0,0,0,1.79484036382776,2.00389984887069,0,0,0,0,1.58407504431729,0.437827865809518,0,0,0,0,0,0,0,2.00389984887069,1.2170757087995,0,1.59223710665045,0.994102969032028,0,1.78486750328068,0,1.74269091322315,0.723543355952024,0,1.30081278504866,1.79467835585106,0,1.50194350377695,1.20292015207315,0,0,0,0,0,0,1.29976898875562,1.71002102397159,0
"244","1","grassRedDry2_bin.4.orig",0,1.1289229057679,0.701194429346303,0,0.703794909093984,0,0,0.969112159273097,0,0,0.573228145058396,0.535724203231707,0.936939793656636,0,0,0.816973723689174,0,1.11268687869263,1.05323615561232,0.907254359054531,1.46643127928541,0,0,0,0,0,0,0,0.70148891990788,0,0,2.69641734313213,0.642131262433797,0,0.656265533981312,0.657599469160381,0,0.916081220359033,0,0.453531336453401,0.87624370540893,0,0,0.839733348227169,0,0,0.837506730996696,0.58543244593425,0,0.940665476103237,0.718513647395891,0.603719052508278,0.995570738014483,0,0,0.913440100478909,0,0,0,0,0,0,0,0.940665476103237,0.761755368640642,0,0.664376727139515,0.622198987430865,0,0.372376835477064,2.38765306162943,0,0.679287695731409,0,0.348928095942108,0,0,0.470025619246631,0.75289554894789,0,0,0,0,1.25911683201824,1.46643127928541,0,0.267571213130119,0
"245","4","grassRedDry2_bin.41.orig",0.955805530422704,1.13175048260734,1.40590137689599,1.65571745952256,1.8814871507561,0,0,0,0,0,0.766218521506172,0.859305623020559,0,0,0,0.65521597716812,0,0,2.11174832457304,0.909526729824966,0,0,0,0,2.7636493722556,0,0,0,1.40649183322119,0,0,0,0,0,0.657909261125944,1.31849307473898,0,1.83675139896932,1.42896547421693,0.909334563567117,1.31765760719105,1.73048332320668,1.38530061039703,0,0,3.82639895468638,0,0,2.25237218726079,0.628681020414914,1.44062657077035,1.21046233634657,0,1.85772942734879,0,1.09887355737197,0,0,0,0,0,0,0,0.628681020414914,0,0,2.66416308051356,1.24751477838727,0,0.746619031485228,0,0,1.36197817148607,0,1.39920817962012,0,0,1.88481150910247,1.5095626043571,0,0,0,0,0,0,2.17479955628201,1.07296556051668,0
"246","2","grassRedDry2_bin.42.orig",1.2169594661046,1.4409777085809,0.895017309779745,1.0540538694464,0.598891072918932,0,0,0,1.31692434566354,0,1.46335763893189,0.820569728040785,1.19592697609695,0,0,0.834240083759592,0,1.42025374862592,1.34436976551242,1.15803594800937,1.87177952880554,0,1.78104794621082,0,0,2.62037425236194,0,0,0.895393202883208,1.44192157550978,0,0,1.22944201560063,0,1.25650387711873,0.839371910511622,1.51707507023917,1.1693027141557,0.909700250330147,0.771860850885077,0.279613346564115,1.10165090809904,1.76380512307517,0,2.66905847189642,0,1.06900880829572,2.24176983253986,0,1.60091000648609,0.917123874375077,1.5411959354625,0,1.18265763281018,0,0.582965770376798,0,1.83102876979491,0,0,0,0,0,1.60091000648609,1.94463678608122,0,0.848022525733743,0.794186092432611,0,1.42592567580871,0,1.39223091551387,0.578036771310158,0,1.33613448424491,1.43376353859458,2.02390671186707,1.79984772122846,0,0,0,0,0,1.60715960157007,1.87177952880554,1.03838182401772,0.683065516003831,0
"247","14","grassRedDry2_bin.43.orig",0,0.59043732348417,0.733462595169199,0,0.981576994694964,3.66594142440496,0,1.01370959266338,1.07921348297675,0,0.199869149602591,0.560377618463967,0,0,0,0.512741952146485,0,0,1.10170487911838,0.949005167213136,0,0,0,0,0,0,0,0,0.366885318924836,0,0,0,0,1.11243047330007,0.343233061707846,0.687861444766345,0,0,0.745495197849769,0.23720116497202,0.916567438747437,0,0.240905039639551,0.878376916677751,0,0,0.876047833068468,0.612373377654317,0,0.327984608554273,0.751578823828909,0.631501512952153,0,0,1.03708223467115,0.764380455507574,0,0,0,0,0,0,0,0.327984608554273,0.398405239819225,0,0.347475292203944,0,0,0,0,0,0.947396984964924,0,0.486647157224256,0,0,0.491655660770206,0.787542941174637,0,0,0,0,0,0,0,0.279884534390765,0
"248","1","grassRedDry2_bin.44.strict",0,1.30345562300034,0.809599855825632,0,0.541734915059627,0,0,0,0,1.88272101695586,0.882466458510655,0.494838201270978,1.08179171156404,0,0,0.754623004667855,0,0,1.2160676184051,1.04751687627137,0,0,0,0,0,0,0,0,1.01242484368807,0.652154705215626,0,3.11328641655161,0.741405458643176,0,0.378862452023418,0.759265067065045,0,1.05770837999763,0.822881505714198,0.261823888808834,1.01171194162016,0,0,0,0,0,0.966986188552635,0.675940943036123,0,1.08609338859595,0,0.697054679007578,0,0,1.14473680484742,1.05465894009241,0,0,0,0,0,0,0,1.08609338859595,0.879523582639995,0,0.383545048273916,0.718391632101946,0,0.42994670193842,2.75678683907817,0,1.04574175627907,0,0.537163682131361,0,0,0,0,0,0,0,0,0,0,0,0,0
"249","14","grassRedDry2_bin.45.orig",0,0.615632032924926,0.764760374350745,0,0.511731064993047,3.82237179447317,0,0,0,1.77844699373969,0.625193459126493,0.467431713733588,0,0,0,0.356414201034495,1.9242369008357,0,0,0.989500421314987,0,0,0,0,0,0,0,0,0.765081561603079,0.616035283240859,0,2.94085784261292,0.700342906458911,1.15989929248387,0.715758503542204,0.717213365024569,0,0.999127471207363,0,0.247322839522017,0.716758900376328,0,0,0,0,0,0.913429905191073,0.638504126347863,0,0.683960255563912,0.783649645464055,0.658448483438942,0,0,1.08133584894899,0.896622231378002,0,0,0,0,0,0,0,0.683960255563912,0.830811393393992,0,0.362302503622862,0.678603694829527,0,0.406134213536855,0,0,0.987823615890598,0,0.761119512951494,0,0,0,0.821148397309974,0,0,0,0,0,0,0,0.291827562448891,0
"250","10","grassRedDry2_bin.46.strict",0,1.26868303745393,1.57600394840732,0,1.05456585618261,0,0,2.178175589455,0,0,0.429462348882062,0.963274577452249,0,0,0,0.734491753152979,0,0,0,2.03914405511276,0,0,0,0,0,0,0,0,1.18249938384009,0,0,0,0,0,0.737510902448561,0,0,0,0,0.679571073835029,1.47708340407698,0,0,0,0,0,1.88237935104392,1.31581742196424,0,1.40949256718162,0,0,0,0,0,1.64243769743626,0,0,0,0,0,0,0,1.40949256718162,1.71212065934029,0,0.746626257554519,1.39845386649784,0,0.836953829702257,0,0,1.52676639427278,0,0.784250464493387,0,0,0,0,0,0,0,0,0,0,0,0.60139281021718,0
"251","1","grassRedDry2_bin.47.orig",0,1.22747737953872,0.762408395014088,0,0.510157263667618,0,0,1.05371522507509,0,0,0.831027613759579,0.582492690845905,1.01873422607269,0,0,0.710636136715715,0,0,1.14518320934153,0.986457266069762,0,2.55270005144923,0,0,0,0,0,0,0.953410743090412,0,0,2.93181339273051,0.698189039574839,0,0.713557226819681,0.715007613953922,0,0.996054708488764,0,0.493124422902769,0.952739395982972,0,0,0,0,0,0.910620700720564,0.636540441301007,0,0.681856772640198,0,0.656423460596177,0,0,0,0.794546416002618,0,0,0,0,0,0,0,0.681856772640198,0.82825627770618,0,1.08356478536638,0.676516685719813,0,0.404885169639989,2.59609412508372,0,1.23098202196267,0,0.505852487258635,0,0,0,0,0,0,0,0,0,0,0.29484383940983,0.290930062500192,1.60932014093308
"252","8","grassRedDry2_bin.48.orig",0.494351970846542,0,0.727145945867282,0.856353267717567,0.243280890174223,0,0,1.00497942968981,1.06991919429896,0,0.990739287829246,0.999992868059348,0.971616350566695,1.49880117098068,1.29965423693693,0.677768226555364,0,0,1.09221689240789,0.470416122438353,1.52070455068994,2.43463412203405,0.723495389045133,0,0,0,0,0,0.909314169568783,1.17147167594839,0,0,0,0,1.02083131826607,0.681937516888474,1.23252922021386,0.949985792229163,0.739074922634516,0.862247342311404,0.908673873199231,0.89502290383899,0.955321370532803,0.870812251520869,0,0,0.868503226200109,1.21419912031279,1.1649489298936,0.6503199481143,0.745106155850824,1.25212592428461,1.0324172521539,0.960835833732145,0,0.852522230998823,0,1.48759709133489,0,0,0,1.25398942133204,0,0.6503199481143,0,1.24070695252871,0.34448280209417,0.645226847644619,0,0.386158667153796,0,0,0.704428434334689,0,0.96491221167679,0,0,0.974842951355366,0.780760546813473,0,0,0,0,1.30571730387086,1.52070455068994,1.12482760626916,0.832422426857015,1.53488684507524
"253","1","grassRedDry2_bin.49.strict",0,1.2752620559593,0.792088321555601,0,1.32504315715338,3.95896042811593,3.73899477373763,1.09473548492588,0,1.84199801858563,1.2950682443699,0.605168648230867,1.05839270464257,0,0,0.73830061217716,0,0,1.18976424196408,1.02485922935448,0,0,0,0,0,0,0,0,0.594315739584905,0.638048688042366,0,3.04594645671396,0.725368959867149,0,0.741335417896371,0.742842267398921,0,1.03483029224756,0.805082691171681,0.768482021596661,0.989828750547932,0,0,0,0,0,0.946070409408607,0.661320432788597,0,0.708400891325329,1.62330516376514,0.681977481535651,0,0,1.11997630415809,1.13503149244194,0,0,0,0,0,0,0,0.708400891325329,0.860499607712288,0,0.75049804256309,0.702852919249746,0,0.841294027033812,0,0,1.02312250496508,0,0.525544905076779,0,0,0,0,0,0,0,0,0,0,0.612643731119529,0.302255728560787,0
"254","4","grassRedDry2_bin.5.orig",0.908300963200175,1.07550126122402,1.33602655995758,1.57342651345258,1.34098140538436,0,0,1.84650580520691,1.96582332434914,0,1.45627326679745,1.0207465067812,1.78520592437311,0,2.387928570843,0.622651035407536,3.36161717237181,0,0,0.864322268977633,0,0,0,0,0,0,0,0,1.00244075247425,1.07620573435112,0,0,0,0,1.25042092048731,1.25296254482702,0,1.74546287057503,1.35794434673026,1.00816292918875,1.2521686009186,1.64447643295738,1.7552662317392,1.59999282589783,0,3.6362227937651,1.59575032248612,1.1154585149204,0,0,1.36902587418989,1.15030105081615,0,0,1.88907985152424,0.870215295569203,0,0,0,0,0,2.30402601063422,0,0,0,0,1.26587564893176,1.18551194646728,0,0,0,0,1.29428638529775,0,1.55127702545155,0,0,0,1.43453571244993,0,0,0,0,0,0,2.06670966934524,1.52945701988181,2.820134806781
"255","4","grassRedDry2_bin.50.orig",1.42288400035205,0,1.04646526494439,1.23241276979026,1.05034623092793,5.23036946836474,0,0,0,0,1.14065051971647,1.11932360773671,1.39829255392102,2.15698564147056,0,0.731552837643063,2.63304316722518,0,1.57185369207707,0.676994948537349,0,0,0,0,2.05708815716226,0,0,0,0.785178572843887,0.842956235067788,0,0,0,0,0.979413208590183,0.981403978585151,1.77378286204213,1.36716313885623,1.06363273992542,0.902469215953405,1.30770947822768,1.28806381376444,0.68742089315321,1.25322128065736,0,2.84813263697021,1.24989826853334,0,1.67652532135589,0.467950925580944,1.07231253261562,0.900992637411603,0,1.38277787427572,1.47965355373563,1.36322152138263,0,2.14086139537989,0,0,0,1.8046671091132,0,0.467950925580944,0,0,0.991518384475889,0.928572163411188,0,0.555736622380102,0,0,1.35169542851756,0,1.21506381092666,0,0,1.40293608616977,0,0,0,0,0,0,0,1.61878509493341,1.99662154119464,2.20891800073995
"256","10","grassRedDry2_bin.51.strict",0.533347222866987,1.26305186079024,0.784504348557947,0,1.04988506006227,0,0,0,0,1.82436152167674,0.427556137255071,0.479499493405646,0,0,0,0.365615818990029,0,0,0,0.50752327752373,0,0,0,0,0,0,0,0,0.784833827966937,0,0,0,0,0,0.734237386479257,0.735729808416563,0,1.02492214844593,0,0.253708023598168,0.980351481016028,0,0,0,0,0,0,0.654988517308243,0,0.701618196662221,1.60776257565481,0.675447781924859,0,0,1.10925291660446,0.817573786649697,0,0,0,0,0,0,0,0.701618196662221,0.426130310100344,0,0.743312282169083,0.696123344509339,0,0,0,1.22032411606232,1.01332645919621,0,0.390384745149534,0,0,0,0,0,0,0,0,0,0,0,0,0
"257","4","grassRedDry2_bin.52.orig",1.63139649664326,1.93170442483567,2.39963309260171,2.82602640068594,0.80284415828431,0,0,0,0,0,2.61560782368676,1.10001574979506,3.20640273301928,0,0,1.677512342742,0,0,3.60439305784007,1.55240650259017,0,0,0,0,0,0,0,0,0.600160225129595,1.93296972679844,0,0,0,0,2.24587707341545,0,0,3.13502035937999,0,2.06943801022502,0.749672025576219,0,3.15262814546248,0,0,0,2.86612212371671,2.00347152223707,3.84441392990155,0,2.45890305686614,2.06605209112055,0,0,0,0.937794569444342,0,4.90917570140284,0,0,0,4.13825385440581,0,0,0,0,2.27363526245448,2.12929426979945,0,1.27435093596237,0,0,0.77488789882614,0,0.796069650032037,0,0,0,0,0,0,0,0,0,0,1.85600536097061,4.57842155315751,0
"258","3","grassRedDry2_bin.53.strict",1.30041497971488,0,0,2.25267558933916,0.639961267513864,0,0,0,0,0,1.56371041710905,1.169122660166,2.55588028636596,0,0,1.33717473566165,0,0,0,1.23745065943738,0,0,0,0,0,0,0,0,0.956796644584484,0,0,0,0,0,0,1.79386715233026,0,0,1.94416965483058,1.0309910074073,0.597576820802557,0,0.628253903061838,0,0,0,0,1.59700255842768,0,0,0,0,0,2.52752165444483,0,1.49506525055063,0,0,0,0,0,0,0,0,0,0,0.9061774252266,0,0,0,0,0,1.23535367803802,0,0.634561187257724,0,0,0,0,0,0,0,0,0,0,1.47945467506117,0,0
"259","13","grassRedDry2_bin.55.orig",2.30355681607603,0.545519241169176,0.677663728948537,0,0.453451294487377,0,0,0,0.997111288322549,0,0.738655653954486,0.621295628241258,0,0,0,0,0,1.07534730427038,0,0.876808694323026,0,0,0,0,0,0,0,0,0.508461252741301,0,0,0,0.620582605285376,0,0.951363837886126,0.635531729539334,0,0,0.688780939908136,0.511363673790602,0,0.834116674867056,0.445155918133695,0,0,0,0,0,0,0.909098600260626,0,1.16691886654446,0,0.895451040736661,0.958185214900301,0.264836056344061,11.2301464215695,0,0,0,0,0,0,0.909098600260626,1.10428854406509,0,0.321040778061883,0.601319218071206,0,0.719761208424591,0,1.05412977319594,0.218830714018152,0,0.899250021524866,1.08557626246754,0,0.454252487625951,0,0,0,0,0,0,0,0.262070796935909,0,0
"260","10","grassRedDry2_bin.6.orig",0.60711983874953,0.718878630260069,0.893017031258807,0,0.59755260835914,0,0,0,1.31398114506446,2.07670730318484,0.730043586928194,0.409367916390443,1.19325419310521,0,0,0.416187818277741,2.24694738673116,0,0,1.15544784785984,0,0,0,0,0,0,0,0,0.446696042138477,0,0,0,0.817796219789841,0,0.835797140344978,0,0,0,0,0.385067907665335,1.11595374936591,0,0,0,0,0,1.06661967533197,0.745586563427456,0,0.798666062479033,0,1.53775150920105,0,0,1.26268483829585,1.16332579470559,0,0,0,0,0,0,0,0.798666062479033,0.970145353954262,0,0.423063638041652,0.792411162087731,0,0,0,0,0.576744914130045,0,1.18502075627917,0,0,0,0,0,0,0,0,0,0,0,0.340769464786731,0
"261","2","grassRedDry2_bin.7.orig",1.09229805518935,0,0.803334617185348,0.946079983540025,0.268771299472101,0,0,0,1.18202285422393,0,1.31345599222645,0.859265407127941,1.07342006576488,0,0,0.187195803646694,0,1.27476752571326,0,1.03941047264205,1.68004045821014,0,0,0,0,2.35195154764275,0,0,0.803672005009107,0,1.81923535941506,0,1.10350193249019,1.21840420261332,1.12779166401316,0.753389353523147,0,1.04952310752651,0.816513484562913,1.12579010303489,0,0.98880133474449,0.791563301543206,0,0,0,0.9595029865862,0,0,1.07768845347124,0,0.691660392091784,1.1405915452714,1.06150999129693,1.13587804676949,0.313949179883272,0,0,0,0,0,1.38537953414392,0,1.07768845347124,1.30907583940657,0,1.52230765512796,0.71283222521728,0,1.27985843893057,0,1.24961526143352,0.518824544872516,0,1.199265168037,1.28689341627887,0,1.61547711348823,0.862566832081743,0,0,0,0,1.4425273446396,1.68004045821014,0.621342221336314,0,0
"262","4","grassRedDry2_bin.8.strict",1.28575538815452,0,1.89122704673873,2.22728115404518,0.632746977504486,0,0,0,0,0,0.515360897783601,0.577971564143146,0,0,3.38025847255748,0.881400500660701,4.75857404913627,0,0,1.22350086531288,0,0,0,0,3.71767787300416,0,0,0,1.89202133216336,1.52343482806567,0,0,0,0,1.77004704510412,1.7736448693076,3.20567364834033,2.47080910578195,1.92225301013759,2.03873727016501,0.590840331100768,2.32785664667638,2.48468636117364,2.26488738893183,0,0,2.25888186670752,1.57899953201489,3.02990470730924,0,1.93793958784417,1.62832126575729,0,2.49902887660691,0,0.739105682233654,0,0,0,0,0,3.26148928344608,0,0,0,0,1.79192415541775,0,0,2.00871288578189,0,0,1.83214128480989,0,1.56851943102278,0,0,1.26772992849937,0,0,0,0,0,0,0,2.19416515073601,2.16503965528706,0
"263","4","grassRedDry2_bin.9.permissive",0,2.27327237682933,1.41197057733122,1.66286510251595,0.472402357333156,0,0,0,0,0,0.384763122773792,0.86301519905978,0,0,2.52366605863432,0.987066763816636,0,0,0,1.82690621534849,0,0,2.80976386644941,0,0,0,0,0,1.41256358262455,1.13738070604462,0,0,0,0,0.660749419930532,1.32418493824702,0,1.84468055571762,1.43513424111665,1.67431020504921,0.882230576020494,3.47590745280416,2.78256175686825,1.69094152902207,0,0,1.6864578681645,2.35772948009537,2.2620955565411,0.631395002480394,2.8936913559902,1.2156878369822,0,0,0,0.183936222544307,0,2.88861312619041,0,0,0,2.43499420889107,0,0.631395002480394,0.766960006119422,0,1.33783206443775,1.25290023241725,0,1.49968429117012,0,0,0.455952585937323,0,1.87366464784484,0,0,0.946474069377361,0,0,0,0,0,0,0,1.63814103652293,1.61639624247769,0
"264","3","grassRedWet1_bin.1.orig",0.512415615048095,0,0.753715892834938,0.887644456285903,0.252170385311906,0,0,1.0417014251877,1.10901409184156,0,1.02694094787563,1.26687324421945,1.00711925758858,0,0,0.702533909343375,0,1.19603030075607,1.13212654888523,0.487605149616397,1.57627116629846,0,0,0,0,0,0,0,0.754032441579852,0.607138652966815,0,0,0,1.14314831175096,0.705421695010689,0.706855545740811,1.27756589573037,0.984698317634843,0.766080754972757,0.487502127622827,0.235469214786471,0.927727082724943,0.742671643664966,0.902631772035554,0,0,0.900238374821272,0.629283006559586,0,0.337041334760328,0.772332369733674,1.29787866428702,1.07014182697155,0.995944820163248,1.06571946217393,0.49092968516987,0,0,0,0,0,1.29981025360396,0,0.337041334760328,0.409406509641018,1.28604244276757,0.357070219840128,0.668803466920928,0,0.800537845927549,0,1.17243158992888,0.486778854910276,0,1.00017014914919,0,0,0.505231879260703,0.809289573814413,0,0,0,0,1.35342827539696,1.57627116629846,0.874446644820409,0.287613060459289,1.5909716823858
"265","12","grassRedWet1_bin.10.orig",0,1.17679138478196,1.4618528143878,1.72161096632395,0.978182869640498,0,0,0,0,0,1.99178036330839,1.11687985736001,1.95333564692716,0,0,1.02193795666856,0,0,0,1.89144733991384,0,0,4.36354122587075,0,0,4.27991887275041,0,0,1.46246676943113,2.35512440960967,0,0,2.00807654890461,0,1.36818488237374,1.37096587551077,2.47787437944912,0,1.48583480639237,1.10311116527715,0.913398105598053,1.79935232858656,1.9205762503324,0,4.3594359531075,0,0,1.2205117908891,2.34201109345638,1.30740197591218,1.49795998607824,1.25863577785626,2.07556966281864,1.93166251656768,0,0.761737358868999,0,0,0,0,0,0,0,1.30740197591218,2.38216573659994,0,1.38509512873354,0,10.3655886327186,2.32899793055595,0,0,0.944121048527362,0,2.18233986633698,2.34179969611636,0,0.979911199480893,1.56963950525903,0,0,0,0,0,0,1.69601344606731,1.67350044977429,0
"266","11","grassRedWet1_bin.11.orig",1.75579989610745,0,0,1.52076361293251,0.432032829727938,0,0,1.78470288610143,1.90002682398188,0,0.703765754452778,0.789265533417031,0,0,0,0.902716170828407,0,0,0,1.67078645906912,0,0,0,0,0,0,0,0,1.61481476621191,0,0,0,1.18253961252653,1.95850753574261,0.604284540926541,1.21102563751712,0,0,0,0.139202787720144,0.806838844713554,0,0.424129279857625,1.5464407455797,0,0,1.54234023960684,0,0,1.15487725818144,1.32320430400187,0,0,1.7063100346847,0,1.17752462148425,0,0,0,0,0,0,0,1.15487725818144,0.701418815101824,0,0.611753268720664,1.14583262419301,0,0.685763775259734,0,2.00867733470321,1.25096636077125,0,0.214193638961546,2.06859960600416,0,1.73118471620514,0,0,0,0,0,0,0,0,0,0
"267","2","grassRedWet1_bin.12.orig",1.65656054456738,0.98075033890695,1.21832353778538,1.43480871845521,0.407613954911236,0,0,0,1.7926356398619,0,1.99196488853103,1.11698332886126,1.6279305087518,0,2.17755370409746,0.851693860361048,0,1.93329062206036,0,1.57635214162352,2.54792061848481,0,1.21220707749604,0,0,0,0,0,0.6094176071936,0,0,0,1.11570143547813,1.84781097045385,1.14025969634714,1.14257740532845,0,1.59168879069254,1.23831038259943,1.05067939161954,0,1.49959918885814,1.60062848247239,0,0,0,1.45516581524785,1.01718738600062,0,1.63440387252801,0,1.04896031841842,1.72980162546952,1.60986789355925,1.72265321427529,0.634839940646978,0,0,0,0,0,0,0,1.63440387252801,1.32354801579709,0,1.15435287383199,1.08106915835019,0,0.647003804651848,0,0,1.1802606438404,0,1.61669781157927,1.95168054025468,2.75500055519178,0.816668318121369,0,0,0,0,0,2.18771229357837,2.54792061848481,1.41347547537447,0.929808604709306,0
"268","2","grassRedWet1_bin.13.orig",1.82057954791012,0,0,1.57687167942592,0.895945073891587,0,0,1.85054890408398,0,0,0.364865478667806,0.613788916605053,0,2.75986232400215,0,0.936021582995553,0,2.12470916214458,0,0.866214784227393,0,0,0,0,0,0,0,0,0.669757127459983,1.07856218846232,0,0,1.83925352592764,2.03076601832913,1.25315883520451,1.25570602467079,0,0,0,0.433015884493238,0.836606894898133,1.64807716944069,1.31933216471391,1.60349616132166,0,0,0,1.11790091670239,0,1.79622910439816,1.37202348565637,1.15281974362162,1.90107235838695,0,0,0.697696571325862,0,2.73923135714128,0,0,0,0,0,1.79622910439816,1.45459485687949,0,1.26864740323671,1.18810773685472,0,0.7110648011219,0,2.08278681529633,0.864746898395724,0,1.33257745116748,2.1449198988195,0,1.79505619915173,0,0,0,0,0,0,0,0.517808731345692,0,0
"269","4","grassRedWet1_bin.14.orig",2.04698999114463,1.21190024363313,0,1.77297418770281,0.503683181813366,0,0,0,0,0,0,0.920161033635926,0,0,0,0.701617904799126,0,0,0,0,0,0,4.49372483782738,0,2.95936904735133,0,0,0,0.753049290256033,1.21269406060494,0,0,0,0,0.704501925203641,1.41186781279168,0,1.96682882146975,1.53016378871531,0.811444156689731,0.470324392676198,1.85303491646475,1.48340661041958,1.80290973653535,0,4.09738179632908,0,0,0,0,1.54265071579977,1.29618641464816,0,0,0,0.588347499014559,0,0,0,0,0,0,0,0,0.817745403275778,0,2.13962790560145,1.33586288417603,0,0.799494058154517,0,0,0,0,1.24858258647003,0,0,0,0,0,0,0,3.8265028073897,0,0,1.74661298091919,1.72342832300509,0
"270","11","grassRedWet1_bin.15.orig",0.752497936786576,1.78203593934553,1.10685474373826,1.30353291808348,1.11095967273406,0,0,1.52977026886232,1.62862096991264,0,0.904856435031397,1.5221797714842,1.47898530251132,2.28146109518875,0,0.77376933163992,0,1.7564069228622,1.6625623169924,1.43212602534921,0,0,0,0,0,0,0,0,0.830489703908213,0.891601602847382,0,0,1.5204328589506,1.67874811143864,1.03593324338918,1.0380388968556,0,0,1.12501292037089,0.357955860869709,1.38317485338103,0,1.0906359274694,1.32554224771432,3.30078535761544,0,1.32202747101203,0.924121260525006,0,1.48486639499736,1.13419360704597,0.952987173296457,1.57153586506048,1.46257530082447,0,1.15351231101867,0,2.26440635016039,0,0,0,0,0,1.48486639499736,1.20245185651863,0,0,0.982158260197575,0,1.17561420786037,0,1.72175149729206,1.4296991474662,0,1.10158524384494,1.77311428142423,0,0,1.18846638680414,0,0,0,0,0,0,1.28415152999492,0.422368538804529,0
"271","7","grassRedWet1_bin.16.orig",1.12483747946772,0.665948940303484,0,0.974263589506748,0.553555926635889,0,0,0,1.21723516919381,0,1.35258368415904,1.39049871333366,1.10539711706776,0,0,0.963861717690139,0,1.31274269300244,0,0,0,0,0.823112658402521,0,0,2.4220158940245,0,3.97274676102673,0.413806647434019,1.33277029824026,0,0,1.13637511889082,0,1.1613884385186,0.775832729399012,0,1.08078827139228,0.840837320513157,0.624253135307722,0,1.01825760449193,0.271714624873353,0,0,0,0,0.69069041826908,0,1.1097926595172,0.847698987472324,1.42452973964749,0,1.09313224295108,1.16971571361941,0.754370603494139,0,0,0,4.28928232367153,5.87577298546953,0,0,1.1097926595172,1.34807304712715,0,0.783828506163411,0.734067409245519,0,1.3179852638963,0,1.2868411458735,0.53428026404315,0,1.09776989280687,1.32522981235171,0,1.10906798490325,0.888262591571753,0,0,3.75005670578573,0,1.48550005623362,0,0.319925964719242,0.631358491990254,0
"272","11","grassRedWet1_bin.17.orig",1.76204501702383,0.695467587257928,0,1.01744849633476,0.867139013392707,0,0,1.19403387378969,1.27118995918656,2.00907713317947,0.941691927069605,0.660060695293978,1.15439460811912,0,0,0.805268443489683,0,0,0,0,0,0,0.85959769576296,0,0,0,0,0,0.432148913024891,0.695923131331797,0,0,0,1.31031577186352,0.404289261194557,0.810222051235601,0,0,0,0.279395822954412,1.34951441887029,0,0.567517126755235,1.0346274712786,0,0,0,0.721305748330887,0,0.772656657349986,0,0,0,0,0,0.787808601769511,0,0,0,0,0,0,0,0.772656657349986,0.4692757721564,0,0.409286123165111,0.766605454406169,0,0.917603914303844,0,1.3438812688808,0.836943908907531,0,1.14642930187239,1.3839715395275,0,1.15822818970801,0,0,0,0,0,0,0,1.00232071252967,0,0
"273","9","grassRedWet1_bin.18.orig",1.42745232029919,1.12681209791223,0.699883368420655,0.824246374437737,0.702478985911534,0,0,0.967300158162681,1.02980516346101,1.62757579273486,0.95359391595807,0.534722530884659,0.935187946948024,0,0,0.978535420790153,0,1.11060642820974,1.05126686334286,0.905558016799094,0,0,0.696369680391701,0,0,2.04907361927687,0,0,0.875221635446745,0.563775090291019,0,0,0.961395952630464,1.06150142067903,1.31007695805404,0.656369920075762,0,0.914368374046418,0.711365097073774,0.905366689057262,1.09325668179995,0,0.919503907754401,0.838163253636072,0,0,0,0.584337831413159,0,0.938906663285839,1.43434040759411,1.20518049307132,0.993709265876797,0.924811619501845,0.989602758902005,0.820558973169128,0,1.43182323858581,0,0,0,1.20697412280687,0,0.938906663285839,1.14049661050593,0,0.663134506251263,0.621035628530313,0,1.1150417474586,0,1.0886932041672,0.904023460004615,0,1.04482705896096,1.12117077954306,0,0.938293574148948,1.50297563931823,3.64896875685676,0,0,0,0,0,0.811991188057751,0.534141841692875,0
"274","1","grassRedWet1_bin.19.orig",0,1.75406174947952,1.0894794685983,0,1.09351995890317,0,0,0,0,0,0.296884035167453,0.832380429485519,0,0,0,0.761622791989468,0,0,1.63646360995021,1.40964468001793,0,0,0,0,0,0,3.75518127655485,0,0.544968516365227,0,0,0,0,0,1.01967128559178,1.02174388475859,0,1.42335939844828,0,0.939564565361368,1.70182742221283,0,0,0,0,0,1.30127443979328,0,0,0.97437142504506,0,0.938027293118361,0,0,1.54047365109547,1.1354046108939,0,0,0,0,0,0,0,0.97437142504506,0.591787954592144,0,0.516137018022114,0.966740455739978,0,0,3.70981125906295,0,1.05544192423314,0,0.54214634434621,0,0,0.730301383543222,1.16980998172286,0,0,0,0,0,0,0,0,0
"275","5","grassRedWet1_bin.2.permissive",0,2.66852564238106,1.65746952732135,1.95198701709188,0.554538829976482,0,7.82396322686961,0,0,0,1.80664713974408,1.26633427868624,0,3.41639430506767,2.9624552072662,1.54491706718143,0,0,0,1.07227495736399,0,5.54954873967587,0,0,3.25816923860465,0,0,0,1.65816563828782,1.33513678790346,0,0,0,0,0.775633746419918,1.55442062244012,0,2.1654146749454,1.68466065118883,1.78674734233517,2.07124754481637,0,2.17757668794868,1.98494508443202,0,0,0,1.38383363990189,2.65540551131212,0,1.69840835249283,1.4270591589392,0,0,0,1.51142015359707,0,0,0,0,0,0,4.51307400446917,0,0,0,1.57044057084399,1.47074166370414,0,1.76043400133392,0,0,1.60568682356586,0,1.09971911174379,0,3.74804337793906,0,1.77967961154565,0,0,0,4.21285535497166,2.97627547091782,0,1.92296418429859,3.16239771446151,0
"276","11","grassRedWet1_bin.20.orig",0,1.17110976002885,0,0,0.973460139616225,0,0,0,0,0,1.18929835150167,1.33378498719341,0,0,0,0.339001324753422,0,0,0,0.941157655043561,0,0,0,0,0,0,0,0,0.727702942742056,0,0,0,1.9983814257299,2.20646312964691,0.680789598731085,1.36434676378485,0,1.9006287367548,1.47866110005479,1.25461174100452,0.454494080297817,1.79066493941812,2.38912948030783,1.7422268870727,4.33838831497803,0,1.73760723916383,0,0,1.95163463219369,0,1.25255900309134,2.06554867853411,0,2.05701279148299,0.947574552174525,0,0,0,0,0,0,0,1.95163463219369,0,0,2.06761170009179,1.29090003070619,0,2.31775337823912,0,0,0.939562771173693,0,2.17180338861916,2.3304933360492,0,0,0,0,0,0,0,0,0,1.12521665579529,0,0
"277","3","grassRedWet1_bin.22.orig",2.26667061446688,0.894639993939727,1.11135415326565,1.30883183238463,0.371825256321563,0,0,0,0,0,1.21137961763011,1.18873027321417,0,0,0,0.258971578475692,0,1.76354678840229,0,0.718973837929379,0,0,0,0,2.18464343125365,0,0,0,0.555910452209564,0,0,0,1.52661348032845,1.68557229075343,1.04014435413466,1.04225856716802,0,0,1.12958614362443,2.15646579597118,0.347199378846661,1.36793366875334,2.19013881369872,0,0,0,0,0,0,0.993934958168969,0,0.956861104895224,0,1.4685207288766,0,0.434325519545138,0,0,0,0,0,0,0,0.993934958168969,1.20733987219554,0,2.10600028790271,0.986150773450412,0,1.77058969110678,0,1.72875048711845,0.358877733154626,0,1.29040710474791,1.78032206305604,0,0,0,0,0,0,0,0,0,0.859581105443759,0,0
"278","3","grassRedWet1_bin.23.orig",1.00675821630669,0,0,1.74398149330606,0.49544666451696,0,0,2.04666180722785,0,0,1.61412916636202,0.905114030792323,0,0,0,0.345072322493099,0,2.34987634427361,0,0.958012356129479,0,0,0,0,0,0,0,0,0,1.19286338932967,0,0,2.03416939537116,2.2459775258886,1.38596300845818,1.38878013768124,0,0,0,1.27707992766825,0,1.82273302295034,0.972766061142931,0,0,0,0,0,0,1.32439029194334,0,0,0,1.95676244291136,0,0.578726502072624,0,0,0,0,0,0,0,1.32439029194334,1.60874631953538,0,2.10463947857295,0,0,2.3592608134406,0,0,0.956388910317041,0,1.71943106350859,2.37222892450384,0,0.99264411670601,1.59003532265996,0,0,0,0,0,0,0.572683786716204,0,0
"279","7","grassRedWet1_bin.24.orig",0,0,0,1.40926122236,0.800712363899863,0,0,1.65384846759108,0,0,1.30433129638439,1.46279316644758,1.59894438134634,0,0,1.67305803943145,0,1.89886740314435,0,0,0,0,1.1906231163864,0,0,3.50341849592919,0,5.7465330911173,1.19713323594245,0.963918553383526,0,0,1.64375370932045,0,1.11995679480685,1.12223323580561,0,0,1.21626163891868,0.902975073687413,0.747681419307482,0,0.393032120368958,0,0,0,1.42925585073149,0,0,1.60530248360116,1.22618696228133,1.03028304855371,0,0,1.69198050111219,0.935304440848053,0,0,0,6.20439818916439,0,0,0,1.60530248360116,1.29998157287653,0,0.56689951806354,1.06182017432441,0,0.635483574142846,0,1.86140110925727,0.772830336777207,0,0.992444805023354,1.91692987952902,0,2.4063813749979,1.28486175513223,0,7.36526909584659,5.42441445419355,0,2.1487589679129,0,0.462769276159856,0.456626445734267,0
"280","4","grassRedWet1_bin.25.orig",1.47374708408348,0,2.16774541343477,2.55293435784823,0.725261602363046,0,0,0,0,0,0.590712376052626,0.662477416145008,0,0,3.87448974608641,1.01027102800857,5.45433034457333,0,0,1.40239025964071,0,0,0,0,4.26124360463741,0,0,0,1.62649187414744,1.74617789381815,0,0,0,0,2.02884755175475,2.03297141775428,0,0,2.20330771674005,1.63577628712206,0.677227739537985,2.6682151028181,0.71199376517829,2.59603904130369,0,0,2.5891554451329,0,3.47291037516628,0,2.22128784606115,1.86639989182182,0,2.86441461095182,0,0.847171129171632,0,0,0,0,0,3.73835518445481,0,0,0,0,1.02696166909949,1.92353068535416,0,1.15120449249333,0,0,2.10002065788973,0,2.15742523882338,0,0,1.45308610233626,2.32757963372409,0,0,0,0,0,0,2.51497642762058,2.48159246175442,0
"281","8","grassRedWet1_bin.26.orig",0.780615627696364,0.924311573072278,1.14821326187502,1.35224047446287,0.384157191615269,0,0,1.58693136589674,1.68947570293258,0,0.938667123824238,1.40360643864564,1.53424877841362,2.36670972480116,2.05224307332577,1.07024246044607,0,1.8220364808378,1.72468529575707,0.742819283327377,2.40129666185966,0,1.14244878257036,0,0,0,0,0,0.861521619953022,0.924917014170091,0,0,0,0,0.537320861299004,1.07682605550053,1.9462480735007,1.50009264499078,1.16704993338861,0.742662339284663,0.358714573689287,1.41330247897359,0.754258944323811,1.37507220040529,0,3.1250570610407,1.37142609124334,0,1.83953416547699,0.513449874217552,1.1765736638086,0,1.63025756720376,1.51722560380933,1.62352052217428,1.34619100503766,0,2.34901771550162,0,0,0,1.9801352012038,0,0.513449874217552,0,1.95916127304384,0,1.0188573938891,0,0.609770989350877,0,0,0.741560503263426,0,1.14274686287806,0,0,0,1.23287438965334,0,0,0,0,2.06181707136666,2.40129666185966,1.33213488521304,1.75260271647286,2.42369147625637
"282","4","grassRedWet1_bin.27.orig",2.02362841609067,0,0,1.75273985840274,1.49380446973442,0,0,0,0,0,0.405558851592212,1.59190423032144,0,0,0,1.04041588053558,3.74471915677731,0,0,0.962823543641686,0,0,1.48081318020758,0,2.9255948118098,0,5.12977063647482,0,0.744455004211766,0,0,0,0,0,0.696461693120189,1.39575466323184,2.52267746542584,0,1.51270056889031,1.12305680287269,1.39487023861988,1.83188688229464,1.95530268504682,1.78233376337095,0,0,1.77760776901053,0,2.38435760030467,0,1.52504498707852,0,2.11309857341442,1.9665894049223,2.10436618625841,0.581632896444198,0,0,0,0,0,0,4.05240640551969,0,0,2.53941522765542,1.41013939112766,0,0,0.790369714349431,0,0,0.480595972400282,0,1.23433295362811,0,0,1.99525845341557,1.59802056213981,0,0,0,0,0,0,2.30223933703716,0.56791981439675,3.14152751313921
"283","1","grassRedWet1_bin.28.strict",0,0,1.22425340682763,0,1.63839163405698,0,0,0,0,0,0,0.561209975559451,0,0,0,0.855839255980023,0,0,1.83890216142264,0.792012310313992,0,0,0,0,0,0,0,0,1.2247675738806,0,0,0,1.12113181845724,0,0.57290480509749,1.14813860001451,0,1.5994359167983,1.24433753234639,0.395922486345044,1.52988143753258,0,0,0,0,0,1.46224845171638,0,0,1.0949059353653,1.25449196950499,0,0,0,0,1.11637724958935,0,0,0,0,0,0,0,1.0949059353653,0.66499501864052,0,0,1.08633097783888,0,0.650152925318433,4.16873305417921,0,1.18600525176813,0,0.609212498441047,0,0,0,0,0,0,0,0,0,0,0.473451731696834,0,0
"284","1","grassRedWet1_bin.29.orig",0,1.50074660801899,0,0,1.24746377532943,0,0,1.28830035991675,0,2.16768958619302,1.01603654235036,0.569736889366615,0,0,0,0.868842709030291,0,0,0,0.603034491994554,0,0,0,0,0,0,0,0,1.16566542291761,0.750864812338702,0,3.58451330984071,0.853624555828257,0,0.872414111761063,0.874187393785083,0,0,0.947432813753585,0.904360622858191,0.873633462018352,0,0,0,0,0,1.11334917496551,0,0,0.833656290333511,0.955164355010812,0.802560844163175,0,0,0,1.33572127729906,0,0,0,0,0,0,0,0.833656290333511,0.50632411645952,0,0.883196819381722,0.827127357527185,0,0.990046831172969,0,0,1.20402518191386,0,0.618468753124111,0,0,0,0,0,0,0,0,0,0,0.720967896053417,0,0
"285","1","grassRedWet1_bin.3.orig",0,1.85112908265333,1.14976974435162,0,1.1540338297601,0,0,1.58908256110114,0,0,0.313313184006791,0.702754562117018,0,0,0,0.803769936082173,0,0,0,1.48765245246528,0,0,0,0,0,0,0,0,1.15025262944529,0,0,0,1.05292208059465,0,0.538049236882782,0,0,1.50212612430401,0,0.495779379627614,1.79600418049701,0,0,0,0,0,1.37328515414554,0.959951313823874,0,0.514145891027638,0,0,1.63246749407009,0,0,1.19823632003153,0,0,0,0,0,0,0,0.514145891027638,1.24907335084926,0,0.544699321433931,1.02023852554155,0,0.61059757609323,3.91510704503075,0,1.1138486097079,0,0.572147967636403,0,0,0,0,0,0,0,0,0,0,0,0.438744622662327,2.42697695765318
"286","9","grassRedWet1_bin.30.orig",1.21530625116214,1.43902016936457,0.893801446777319,0,0.299038745724757,0,0,0,1.31513533044406,0,1.70493131320236,1.22918250086975,1.19430233336887,0,0,0.416553392697764,0,0,0,1.15646277948036,0,0,0.889314214210426,0,0,0,3.08072483661769,0,1.11772103654696,1.43996275406923,0,0,1.22777184336591,0,1.25479694188977,0.838231640664195,0,1.16771423995163,0.908464440848488,2.40878841704201,0,1.10015433751196,0.587136343104469,0,0,0,0,0.746241477779898,0,1.19905140184637,0.915877980049559,0.769551125900963,1.26903827064923,1.1810510162179,1.26379396561088,0.349304293866225,0,1.828541354062,0,0,0,1.54139284609943,2.4337051198321,1.19905140184637,1.94199503614464,1.52506615143701,1.27030575629946,0.793107206609645,0,1.89865144596796,0,0,0.577251519989767,0,1.6308347885363,1.43181579968298,0,1.79740266432249,0.959704046064918,4.65999579541881,0,0,0,0,0,0.691314135472016,0.341068792623778,0
"287","9","grassRedWet1_bin.31.strict",1.9514846925458,1.54047636420545,0.956817723869077,0,1.28048829218022,0,0,0,1.40785719019853,0,0.521467205155247,0.438614790396101,0,0,0,0.22296096661517,0,1.51832142711429,1.4371977000004,1.23799764297918,0,0,0,0,0,0,0,0,1.19652446521033,0.770742702292819,4.33362785205617,0,1.31433425716146,1.45118946819644,0.895509816104951,0.897330042804435,0,0,0.972514512750844,0.412578692287669,0.896761446620725,0,0.942797410043786,1.14586157174227,2.85335537541935,0,1.14282323210176,1.59770847272738,0,1.2835889192765,0,0,1.35851011877794,0,1.35289607101804,0.623219210858367,0,1.95746021971922,0,0,0,1.65006668976714,0,1.2835889192765,1.55918460158179,0,0.453288988936954,0.84902417080274,0,0.508128332501009,0,0,1.54487466832826,0,0.79355209858257,1.53276406006285,0,0.641375379417917,0,4.98854257429162,0,0,0,0,0,0.740054315156694,0.730230784516422,0
"288","2","grassRedWet1_bin.32.orig",2.74505800904138,0.812592265799035,1.00943149828393,1.1887984344896,0.675450079500922,0,0,0,1.48527285544552,0,0.550141797203815,1.54244489831242,0,0,0,0.235221209823638,0,0,0,0.653036510742692,2.11105773438543,0,0,0,0,0,0,0,1.00985544353558,0.813124528693726,0,0,0.924404837240056,1.53098790149066,1.41712855988412,0.946672691116669,0,0,1.0259914268094,1.08816422691223,0.315357609599593,1.24248002200307,0.994640231318428,0,0,0,1.20566513211038,1.68556373613624,0,0.90278085619522,1.03436404693695,0.869107058200846,0,1.33384220975379,1.42728951807863,0.525991177698685,0,0,0,0,0,0,0,0.90278085619522,2.1932286707115,0,0.956429154359702,0.895710561617848,0,1.60820832809069,0,1.57020621126335,0.651929876384637,0,1.17206344468535,1.61704814100697,0,1.35328703483934,0,0,0,0,0,1.81261022202299,2.11105773438543,0.780748639499838,0.385192464833733,0
"289","3","grassRedWet1_bin.33.orig",0,0,0.963943143366583,0,0.645012042846108,0,0,1.3322539113087,0,0,0.262675285145908,0.7364685896352,0,0,0,0.449242712892067,0,0,1.44790050812978,1.24721700871948,2.0159264217248,0,0,0,0,0,0,0,0.964347984229171,0,0,0,0.882748067667107,0,0.902178675747393,0.904012457671126,0,0,0,0.207825582453502,0.301146542384294,0,0,1.15439480036153,0,0,0,0.804803302115144,0,0.862098535434465,0,0.829942191251656,0,0,0,1.13014858132605,0,0,0,0,0,0,0,0.862098535434465,1.04719723060034,1.64474678929942,0.45666463104642,0.855346851946259,0,0,0,0,0.933827607963198,0,0.319784671730223,0,0,0,0,0,0,0,0,1.7309279511147,2.0159264217248,0,0,2.03472722162971
"290","3","grassRedWet1_bin.34.orig",1.03027261389129,0.60996274392393,0.757717778535669,0.892357441232503,0.760527883201471,0,0,1.04723238198126,0,0,0.619436119982719,0.578908981862492,0,0,0,1.23596207382598,0,0,0,0.490194109321775,0,0,0,0,0,0,0,0,0.379018004004618,0.610362280751191,1.71593125166106,0,1.04084028623824,0,0.709167160671008,0.710608624490873,1.28434918468376,0,0.770148292420321,0.490090540328673,0.71015834495857,0.93265288803412,1.24435814911337,0,0,0,0,0.632624210705079,0,1.0164926089938,0.776433100388329,0.652384902362521,0,1.0012328303703,0,0.888365333941646,0,0,0,0,0,1.30671164989534,0,1.0164926089938,1.23474081130131,0,0.717932197875935,0.672354506584963,0,0.804788334724413,0,1.1786566639381,0.734045141054615,0,1.13116566815462,0,0,0,0,0,0,0,0,0,0,0.586059703627518,0.289140153897198,0
"291","5","grassRedWet1_bin.35.orig",1.12630169344047,0,1.65668543569522,1.95106359940656,1.10855299359165,0,7.82026197990962,0,0,0,1.80579247733835,1.01258817571703,2.21367205059132,0,0,1.1581396651796,0,0,2.48844104619778,1.07176770109103,0,0,0,0,0,0,0,0,0.828690608677817,2.66901036154221,0,0,0,0,0.775266820865342,1.55368527969418,0,2.16439029200157,1.6838636963805,1.42872167506941,1.03513385454583,2.03916616441445,1.08827327578814,1.98400607542259,0,0,0,1.38317899596961,2.65414933061555,0.740824859649068,0,0,2.35219715508945,2.18911037170062,0,1.9423351965713,0,0,0,0,0,0,0,0.740824859649068,0,0,3.13939529922679,1.47004590658542,0,0.879800600384477,0,0,1.06995148569975,0,0.824399154441466,0,3.74627030797998,3.33153501462695,0,0,0,0,4.21086239850915,0,0,1.92205449631376,2.52872135460189,3.49699354872077
"292","3","grassRedWet1_bin.37.orig",1.7395193352121,0.686576848695864,0.852890590073038,1.00444160895854,0.285351218903801,0,0,1.17876954918188,1.2549392843932,0,0.929653498704326,1.04259614780263,0,0,0,0,0,1.35340517382519,1.28109290184165,1.10352945382315,0,0,0.848608745995059,0,1.67656891343414,0,0,0,0.639936592965767,0.687026569172289,0,0,1.17157457703724,1.29356491937977,0.798241792998454,0.799864311253561,0,1.1142659152544,0.866882433239871,0.735530865573603,0,1.04979834780437,0.84039312746009,0,0,0,0,0,0,0.762779146931679,0.873956641775256,0,1.2109521677122,0,1.20594790369493,0.555526708205688,0,0,0,0,0,0,0,0.762779146931679,0.926553262063005,0,0.404053879441879,0.756805301530246,0,1.35881013445435,0,1.32670132083005,0.826244561272158,0,1.13177354596144,1.3662790843208,0,1.14342159883509,0.91577671203716,0,0,0,0,0,0,0.659671477434358,0,0
"293","8","grassRedWet1_bin.38.orig",0.459274231810754,0,0.675549841807284,0.795588998089996,0.226018404979085,0,0,0.933669091611,0.994000924523009,0,0.920439387676198,1.03226262388567,0.90267335691438,1.39245071737136,1.20743465484047,0.629675817947901,0,0,1.01471644458576,0.437036799700219,1.41279989869009,2.26187975790339,0.672158317591647,0,0,0,0,0,0.844791952560009,1.63252131817516,0,0,0,0,0.948396177529446,0.633549267894211,1.14507262877637,0.882577638377857,0.686632374019461,0.873888923736522,0.844197089708033,0.831514752353006,0.887534619984455,0.809022015597044,0,1.83862342765256,0.806876831815117,1.12804317800538,1.08228763396946,0.604175187346672,0.692235648944304,1.163278809269,0.959160008160141,0.892657793348946,0,0.792029800292068,0,1.38204164574643,0,0,0,1.16501007813291,0,0.604175187346672,0,1.15267009363613,0.640078663114823,0.599443478071308,0,0.358758001733908,0,0,0.654444297027285,0,0.896444923692316,0,0,0.905671007750162,0.725360110837335,0,0,0,0,1.21306750465743,1.41279989869009,0.783759899708933,0.773356218206478,1.42597585983366
"294","3","grassRedWet1_bin.39.orig",1.10236340356069,0.652643385227498,0.810737214619539,0.954797956236422,0.271247983146991,0,0,1.12050988966851,0,0,1.3255592749059,0.991066740190182,1.08331145654358,0,0,0.566762347309518,0,1.28651430048576,1.21777599963791,1.04898847056875,0,0,0.806666996960181,0,0,0,0,0,0.608308283562789,0.653070878660604,0,0,1.11367052276294,0,1.13818408019906,0.760331713501206,1.37421835686857,1.05919429173381,0.82403752310987,0.786575128958945,0,0.997912977722295,1.06514323763232,0,0,0,0.968344650065719,0,0,1.08761917674628,0,0.698033929761266,0,1.07129163268253,1.1463449776532,0.422456227140574,0,1.65860832912503,0,0,0,0,0,1.08761917674628,1.3211387596924,0,0.768167735903561,0.719400857874852,0,1.29165212563781,0,1.26113026219425,0.523605428407856,0,1.21031620090165,1.29875192915462,0,1.63036347152569,0,0,0,0,0,1.45581999877368,0,0.627067788534621,0,0
"295","10","grassRedWet1_bin.4.orig",0,1.61498285899425,1.00309505496856,0,0.671210117553634,0,0,1.38636528470857,0,0,0.820032638041541,0.766381301103152,1.34034104448949,0,0,0.934978679777425,0,0,0,1.29787448827096,0,0,0,0,0,0,0,0,1.2543954237679,0,0,0,0.918602126643468,0,0.938821936301842,0.940730199867224,0,1.31050177188142,0,0.540666779699761,1.25351213737172,0,0,0,0,0,1.1980968832694,0.837491524401105,0,0.897113884507489,0,0.863651465009394,0,0,0,1.04537881015922,0,0,0,0,0,0,0,0.897113884507489,1.08973062448819,0,1.4256381291801,0.890087971862808,0,0.532704406394262,0,0,1.29567511277274,0,0.499159766436573,0,0,0,0,0,0,0,0,0,0,0,0.382774519462428,2.1173705402358
"296","10","grassRedWet1_bin.40.permissive",0.654581520295353,0.775077071559197,0.962828767340269,0,1.28853274056013,0,0,1.3307137459681,1.41670181186512,2.23905419814162,0.524743233557308,0.588493750257319,0,0,0,0.673085042100828,0,0,0,0.622887575566539,0,0,0,0,0,0,0,0,0.722424855136924,0,0,0,0.88172755801293,0,0.901135703146132,0.902967365108095,0,0,0.978624168609718,0.518963309071907,1.203193595755,0,0,0,0,0,0,0,0,0.861101897876721,0.986610247437777,0.828982728354365,0,0,1.36139540886685,1.00341516609388,0,0,0,0,0,0,0,0.861101897876721,0.522993303930596,0,0.45613669937285,0.854358019739141,0,0,0,0,1.24366406306683,0,0.638829962980984,0,0,0.645404710387502,0,0,0,0,0,0,0,0,0,0
"297","1","grassRedWet1_bin.41.strict",0.647529004265266,1.53345265277,0.952455169697561,0,1.59331247634677,0,0,0,0,0,0.519089606084487,0.43661495204048,0,0,0,0.443888778386469,0,0,0,1.23235306549386,0,0,0,0,0,0,0,0,0.714641389344783,0,0,0,0.872227751580492,0,0.891426791735289,0.893238719218127,0,1.24434287791937,0.968080389993058,0.513371954988759,1.48778785919216,0,0.312832926889687,0,0,0,1.13761259674861,0.795211907428575,0,0.425912157015565,0,0.820051199126735,1.35231607174278,0,0,1.2407553589969,0,0,0,0,0,0,0,0.425912157015565,1.03471706069177,0,0.451222244435616,0.845153095000469,0,1.01162310247215,3.2432267097633,0,0.615132361233474,0,0.631947155546407,0,0,0,0,0,0,0,0,0,0,0.36834004050307,0,2.01047797735988
"298","5","grassRedWet1_bin.42.orig",0,0.975833054585741,1.21221510937822,1.42761487703063,0.405570260782285,0,5.7221724336366,0,0,0,0.990988789241299,0.740921999876704,0,0,4.33327177834507,0.847423639184581,0,0,1.82081991547901,0.784224315016624,0,0,1.2061293157867,0,2.38291076538274,0,0,0,0.909543165402595,0.976472243202504,0,0,0,0,0.567271332145321,1.13684875274674,2.05473268741306,1.58370838423819,1.23210174418495,1.04541149713705,0.37870946157705,1.49208050108721,1.59260325420715,1.45171925213199,0,0,1.44786990744724,1.01208741367689,1.9420705052363,0.542069767090538,1.24215633099046,1.04370104302212,0,1.60179634075098,0,0.94748547190665,0,2.47995286370251,0,0,0,0,0,0.542069767090538,0,2.06836567365036,1.14856518142705,1.07564889570881,0,1.28751971623211,0,0,0.782895370069223,6.35334802943139,1.40751801307256,0,0,0.812573707946875,1.30159528088249,0,0,0,3.08113472419301,0,0,1.87518479270196,0.925146731965262,0
"299","1","grassRedWet1_bin.43.orig",0,1.73577137222167,1.07811898456673,0,0.721411561928712,0,0,1.49005493107073,0,2.50716110732617,0.587576588185939,0.658960664629854,1.44058842549415,0,0,0.502454009637587,0,0,1.61939948047837,1.39494569179548,0,3.60976401279139,0,0,0,0,0,0,1.07857177747541,0,0,4.14586683276403,0.987306623726434,0,1.00903872234365,1.01108970960274,0,0,0,0.464883655148423,1.01044902922557,0,0,0,3.21509157200361,0,0,0,0,0.964211223467989,0,0.928246067871084,0,0,0,0.842673933826554,0,0,0,0,0,0,0,0.964211223467989,1.1712342399707,0,1.53226508751898,0.956659825653179,0,1.14509334055884,3.67112741711508,0,1.04443636472321,0,1.07298628950779,0,0,0,1.15761185592025,0,0,0,0,0,0,0,0.411403160843799,0
"300","1","grassRedWet1_bin.44.orig",0,1.39793693327558,0.868283905997578,0,0.581002707298588,0,0,1.20004446097476,0,0,0.473216131397451,0.530706673358054,0,0,0,0.404661021944248,0,0,1.30421458708037,1.1234464018027,0,2.9071930293627,0,0,0,0,2.99277183325996,0,0.868648571494603,0,0,0,0.795146420699548,0,0.812648785227953,0.814300587351807,0,0,0,0.842406778691568,1.35630767176722,0,0.285186961367099,0,0,0,1.03707842683093,0.724936693132881,0,1.16481914237315,0,0.747580863592621,0,0,1.22771334147344,0.791774311947448,0,0,0,0,0,0,0,1.16481914237315,0.94327607182296,0,0.822692816074393,0.770464431124846,0,1.38333449188609,2.95661322987322,0,1.1215426117891,0,0.576100127396162,0,0,0,0.932305022243417,0,0,0,0,0,0,0,0,0
"301","1","grassRedWet1_bin.45.orig",0,1.17160664823668,1.45541214715604,0,0.486936583698046,0,0,0,0,0,0.396600985638885,0.889567264401465,0,0,0,0.678290318120764,0,0,0,0.941556977256097,0,0,0,0,0,0,0,0,1.82002924652635,0,0,5.59673378845193,1.33281954376913,0,0.681078449815046,1.36492564019887,0,0,0,0.62757202906433,0.909373833666998,0,0,0,0,0,1.73834448564272,1.21513442989887,0,1.30164179199892,0,1.25309044926273,0,0,0,0.568785958200989,0,0,0,0,0,0,0,1.30164179199892,1.58111355464488,0,1.37899264240886,0,0,0.772912257985416,0,0,0.469980708347806,0,0.482827746546331,0,0,0,0,0,0,0,0,0,0,0,0.555375766721224,0
"302","3","grassRedWet1_bin.47.orig",0,0,0,1.36526915682594,1.16357550670165,0,0,1.6022212681654,0,0,1.57951845706635,1.41713002620068,1.54903108997534,0,0,0.540277062093163,0,0,0,0.749976262192014,0,0,1.15345614596858,0,0,0,0,0,1.15976304301229,1.86765696770252,0,0,1.06162775462133,0,1.08499577272611,1.0872011514264,0,0,1.17829432606219,1.12472670901709,0.724341495186326,1.4269194867686,1.1422892145213,0,0,0,1.38463962483051,0,0,0.518396905050361,0,0.998121318229009,0,1.53184389903009,1.63916295678025,0.906107600969654,0,0,0,0,0,0,0,0.518396905050361,0.629700412432485,0,1.64760886360485,0,0,1.23129212623025,0,1.80329486303098,1.12305803088911,0,1.73063564736894,1.85709022486002,0,0.777087601815284,0,0,0,0,0,0,0,0.896646568348309,0.884744421631146,0
"303","4","grassRedWet1_bin.48.orig",1.01703366615491,0,1.49596229158081,1.76178139211039,1.00100685434964,0,0,0,0,0,0.407650932747055,0.914352052076564,0,3.08349382556208,0,1.04578288078308,0,0,2.24702522864372,0,0,0,0,0,0,0,0,0,1.1224429290485,1.20503831647136,0,0,0,0,1.40010880151378,1.40295468368823,0,0,1.52050385647896,0.967585806431814,1.40206569675922,1.84133669706063,0.491347285500515,1.79152795766198,0,4.07151500298912,1.78677758419185,0,2.39665734319629,0.668953822386674,1.53291195352551,1.288003582834,2.12399902272384,1.97673408458396,2.11522158942339,1.55902202156186,0,0,0,0,0,2.57984095079637,0,0.668953822386674,0,0,2.12612042311393,0,0,0,0,0,0.966150267238873,0,0.496280111151779,0,0,1.00277551138761,0,0,0,0,0,0,0,2.31411547168949,2.85424718453877,3.15773312788996
"304","10","grassRedWet1_bin.49.strict",0,1.3684855161505,0.849991098296583,0,0.284381137251778,0,0,1.17476219741371,0,0,0.926493043300292,0.649407332447715,1.13576270848361,0,0,0.594203573458555,0,0,1.27673769101273,1.09977788871775,0,0,0,0,0,0,0,0,1.06293510137989,0,0,0,0.778394456891948,0,1.19329212838229,0.797145087920869,0,0,0,0.458143969121528,0.531093316179331,0,0,0,0,0,1.01522949458443,0.709663891885184,0,0.760185998537824,0,1.46366200023146,0,0,0,0.553638136399652,0,0,0,0,0,0,0,0.760185998537824,0.461701673120681,0,1.20804076661833,0.754232461855726,0,0,0,0,1.09791420731884,0,0.422972235778975,0,0,0,0,0,0,0,0,0,0,0,0,0
"305","4","grassRedWet1_bin.5.orig",1.33217377584446,0.78870035051065,0.9797520971113,1.15384526955409,0.983385647778069,0,0,0,0,0,1.06793295124105,1.1976750290589,1.30915005779197,2.01947573078983,0,0.684915640144638,2.46518413108585,0,1.47164650634294,0.633835868979821,0,3.28041145016156,0,0,1.92594680725466,0,0,0,0.735122683113173,0.789216963760954,0,0,0,0,0.916974673885362,0.918838530377092,1.66070249737168,1.28000517289873,0.995825129039091,0.95055292669002,1.2243417403577,1.20594850591238,1.28719429918349,1.17332721782582,0,2.66656144011717,1.17021605092301,0,1.56964521851179,0.438118603685779,1.00395157659124,0.843553489596973,1.39107282883247,1.2946244539065,1.38532421556076,1.27631483733277,0,0,0,0,0,1.68961784396677,0,0.438118603685779,0,0,0.928308133157469,0.86937479426958,0,0.520307877822769,0,0,1.26552354398138,0,1.13760232351593,0,0,1.3134975603906,1.05199208966213,0,0,0,0,0,0,1.13668949032279,1.86933499625235,2.06809735217239
"306","2","grassRedWet1_bin.50.orig",0,0.94449872123175,0,1.38177367473914,0.785094521810621,0,0,0,1.72637418751345,0,1.59861300010098,1.07569611132884,1.56775707616259,0,0,1.64042515221249,0,0,0,1.51808520773358,2.45374145742429,0,2.3348001813369,0,0,0,0,0,0.88033742307747,0,0,0,1.0744616007576,1.77951006432152,0.549056055525951,1.10034415021844,0,1.53285496600848,1.19253853550197,1.01184297618006,1.09964691346636,1.4441692855444,1.54146421865853,0,0,0,1.40137830919694,1.95917788088942,1.8797099566547,2.09865488540046,0,0,1.66586271595015,1.55036211204717,1.65897853252044,0.458530694567109,0,0,0,0,0,0,0,2.09865488540046,1.27462551764438,0,1.66752654054593,1.04110944153517,0,1.24617701750032,0,1.82509460282651,0.757756331796472,0,1.55693957481229,1.8795402880797,0,0,1.25980061095253,0,0,0,0,2.10684756531478,2.45374145742429,1.3612289754307,1.34315993066641,0
"307","9","grassRedWet1_bin.51.orig",1.95349441389616,1.54206281182182,0.957803095168891,1.12799612655419,0.320451748275088,0,0,1.32376782653981,1.40930706098881,2.22736701890944,0.783006351158128,0.585421992574101,1.27982168253653,0,0,1.33914348740729,0,0,1.43867778688677,1.23927258523432,2.00308553429532,0,0.952994549314765,0,0,0,0,0,0.95820535730842,0,0,0,1.31568781408569,1.45268396439658,1.34464807489834,0.898254151178039,0,1.25132971906803,0.973516049266746,0.826007166497545,0.897684969429967,0,0.629178895088217,1.14704162838021,0,0,0,0.79967693019305,0,0.428303604451119,1.96292088640365,0.824655691637387,1.35990916987007,1.26562149005751,0,0.499088822656912,0,1.95947609491981,0,0,0,1.65176599812893,0,0.428303604451119,1.56079031573108,0,1.81502322032319,0.849898531749331,0,1.5259548735504,0,1.48989641373211,1.23717251640317,0,1.58873866409305,0,0,1.28407178973967,2.05684944700273,4.99367998610787,0,0,0,1.71990242422578,2.00308553429532,0.74081645434399,0.365491403508502,0
"308","2","grassRedWet1_bin.52.orig",2.61806685855669,1.55000067291902,0,0,1.28840517171321,0,0,0,2.83312310774351,0,1.04938256461043,2.05952420625331,0,0,0,1.34603680907406,0,0,0,1.24565181542374,0,0,1.91580029218254,0,0,0,0,0,0.481568888516285,0,0,0,2.64492079252581,2.92032348499892,0.901046487840261,1.80575593692371,0,0,1.95705456339773,1.03782386010151,0.601537237877661,2.3700014770624,3.16208815651623,0,0,0,2.29977793875319,3.21517326120503,0,0.86101664604513,0,1.6578013128458,0,2.54427270563941,2.72252125276721,0.501657912397645,0,0,0,0,0,0,0,0.86101664604513,1.04588305185422,0,1.82436616154496,1.70854687114595,0,2.04507975742169,0,0,1.24354093636194,0,2.55506686711666,3.08448137177215,0,1.29068162652948,0,0,0,0,0,0,0,2.23388955483483,0,0
"309","2","grassRedWet1_bin.53.orig",1.18235882573671,1.40000777255472,0.869570141717648,1.0240849675389,0.581863377904621,0,0,0,1.27948149982918,0,1.42175139582803,0.797239256609719,1.16192433232884,0,0,1.0131511702828,0,1.37987303706069,1.30614659039973,1.12511062347213,1.81856101814185,0,1.73040911954384,0,0,2.54587166648251,0,0,1.08741918426664,1.40092480342121,0,0,1.19448647088464,0,0.81385260564684,0.815506854674155,1.47394153097311,1.13605705247133,0.883835616313202,0.749915272203634,0.543326737351566,1.07032872527885,1.42804712087284,0,2.59317169433384,0,1.03861470696683,1.45202116181027,0,1.55539286894897,0,0.748688295394307,0,1.1490322635428,0,0.453112691362662,0,0,0,0,0,0,0,1.55539286894897,1.88934679495543,0,0.823911515257194,0.77160576158774,0,1.38538369978224,0,1.35264695026402,0.561602006635917,0,1.29814545497964,1.3929987161389,1.96636291503082,1.74867437860389,0,0,0,0,0,1.56146477529478,1.81856101814185,1.00885851033465,0.663644569846431,0
"310","1","grassRedWet1_bin.54.orig",0,1.3600551144982,0.844754823396369,0,0.847887717381347,0,0,1.16752520655537,0,1.96447374433046,0.460392743370833,0.516325385085634,0,0,0,0.590543048938295,0,1.34049497310144,1.26887249155476,1.09300283028944,0,2.82841282342655,0,0,0,0,0,0,1.05638700881391,0,0,3.24847354908966,0.773599245077078,0,0.395313661986975,0.792234364944976,0,1.10363687606955,0,0.546385949454254,1.5834647259783,0,0,1.01165777506675,0,0,1.0089752870626,0.705292087013211,0,0.755502957889972,0,0,1.19940083345223,0,0,0.990409519274602,0,0,0,0,0,0,0,0.755502957889972,0.917714823415199,0,0.800399177909356,0.749586097303372,0,0.448616125178839,2.87649381682756,0,0.545575314945458,0,0.420366562724122,0,0,0,0,0,0,0,0,0,0,0,0.322352921577553,1.78314006027835
"311","10","grassRedWet1_bin.55.orig",0,0,0,0,1.54364137331006,0,0,0,0,0,0.62863390287735,0.705005990330286,0,0,0,1.07512665223787,0,0,0,1.4924184730414,0,0,0,0,0,0,0,0,0.576968857882035,0,0,0,2.11259069435013,0,0,2.16348058478313,0,3.0138770289181,0,0.497367717495514,1.441406458715,0,0,0,0,0,2.75536954804724,0,0,2.06317228015564,0,0,0,0,0,0.901556349462242,0,0,0,0,0,0,0,2.06317228015564,2.50615006200136,0,2.18577754021506,2.04701416638477,0,1.22510751842034,0,0,1.48988942369777,0,0.382653979338897,0,0,0,0,0,0,0,0,0,0,0,0,0
"312","4","grassRedWet1_bin.56.orig",1.39557726682991,0,2.05276485493152,0,0.686792608917672,0,0,0,0,0,1.118760161981,1.25467718544822,2.74291551545578,0,0,1.43502704288891,0,0,0,1.32800531835856,0,0,0,0,0,0,0,0,0,0,0,0,0,0,0,1.92513947974817,0,2.68185150182799,2.086440878847,1.3277247352772,0.641306536225375,0,1.34845703654152,0,0,5.58694757982874,0,1.71386864991323,3.28870185506353,0.917940849108153,2.10346731439092,0,0,0,0,1.87188368847625,0,0,0,0,0,0,0,0.917940849108153,0,3.5025700712426,1.94498007803322,0,0,1.09014283152614,0,0,1.32575488321627,0,0.340498679715166,0,0,1.37601217540534,2.20412122177786,0,0,0,0,0,0,2.38157820083705,4.69992994396965,0
"313","11","grassRedWet1_bin.57.orig",1.92722637149898,2.2819907466668,1.41738571447813,0,1.42264229195635,0,0,0,0,0,1.54495500808056,1.5160687551043,1.89391846722606,0,0,0.660568217086703,0,2.24917144309956,0,1.83391269825222,0,0,0,0,0,0,0,0,0.354495248510835,1.14174274630974,0,0,1.94699424318438,2.14972525059976,0.663283501579332,1.32926340316945,2.40250161516661,0,1.44063821468708,0.458381306563224,1.77122814795584,0,0.465538889071935,1.69742656520771,0,0,1.69292570878045,1.18338587834015,0,1.90144951547101,1.45239456683354,0,0,1.87290459698058,0,1.10784988750461,0,0,0,0,0,0,0,1.90144951547101,0.769901422665917,0,0,1.25770530888191,0,1.50543582469647,0,2.20479334795187,1.37310371511088,0,1.64574414983409,2.27056609446321,0,0.950103951595838,0,0,0,0,0,0,0,1.0962823828131,0,0
"314","10","grassRedWet1_bin.58.permissive",0,2.65889479770066,1.65148763555062,0,1.10507494230548,0,0,0,0,0,0.900063429193821,0.757058408345186,2.20672672189055,0,0,0,0,0,0,2.13681012508155,0,0,0,0,0,0,0,0,1.23913592566293,0,0,0,0,0,0.772834444804818,1.54881063940493,0,0,0,0.356059776071811,2.579715383936,0,0,0,0,0,0,1.37883931395735,0,1.47700108838771,0,1.42190882989937,0,0,0,1.07568954388541,0,0,0,0,0,0,0,1.47700108838771,1.79412374082483,0,0.782386385500371,0,0,0.877040252771483,0,0,1.06659454547002,0,0.273937542393118,0,0,0,0,0,0,0,0,0,0,0,0.630196892074041,0
"315","10","grassRedWet1_bin.59.orig",0,0.83297122190425,0,0,0.692389654366156,0,0,0,0,0,0,0.632451115150058,0,0,0,0.482240618846965,0,0,0,1.33882795393467,0,0,0,0,0,0,0,0,0.517590775935669,0,0,0,0.947587934587209,0,0.484222882661967,0.970414242729028,0,0,0,0.334636271057401,0.323266445499176,0,0,0,0,0,1.23590194070307,0.863917947524577,0,0.462710823463999,0,0.890903345632146,0,0,1.46308443228416,0.673978101378595,0,0,0,0,0,0,0,0.462710823463999,1.12411626509981,0,0.98041538776949,0,0,0.54951349834678,0,1.60958532524496,0.668279589387943,0,0.514910382185789,0,0,0,0,0,0,0,0,0,0,0,0,0
"316","2","grassRedWet1_bin.6.orig",1.44740754775966,1.71384673823979,2.12900239594242,2.50730705315186,1.42459873705315,0,0,0,0,0,1.74046461747948,1.30127458463462,0,0,0,0,0,0,0,0,0,0,0,0,0,0,0,0,0.532474135812532,1.71496933940688,0,0,2.92450768078459,3.22902239129024,0.996293492750074,0,0,0,0,1.37703504410955,0,2.62052744366719,1.3985373213719,0,0,0,0,0,0,1.90406442548907,0,1.83304267043944,0,0,0,0.832030068015144,0,4.35551870934449,0,0,0,0,0,1.90406442548907,2.3128806178193,0,1.00860730254735,1.88915239419143,0,1.13062959679131,0,0,0.687496016901055,0,1.76572222382724,3.41053293107137,0,0,0,0,0,0,0,0,0,0,0,0
"317","5","grassRedWet1_bin.7.orig",1.47832450174711,0.875227446927738,1.08723918535299,1.28043185066118,0.363757122415766,0,5.13223275890989,0,1.59975872768662,0,1.77764133704177,0.332267526334188,0,2.24102929185632,1.94326190201407,0.506704450933357,0,0,0,0.703373022491058,0,0,0,0,0,0,3.7474595434342,0,1.35961976075205,0.87580073701924,0,0,0,0,1.01757454805549,1.0196428853621,1.84289560152985,1.42043256200547,0,1.17204068786206,1.0189967852365,1.33825125254811,1.42841039622322,1.30205113336596,0,2.95910577420009,0,0,1.74184856934694,0,1.11409355232328,0.936098439120667,0,0,1.53730599405388,1.41633736542845,0,2.22427678914905,0,0,0,0,2.96041092953712,0,0,1.85512306572816,1.03015138362702,0.964752559218772,0,1.15478010179244,0,0,1.05327163197211,0,0.541031535479454,0,0,0,1.16740451583041,0,0,0,2.7634785126649,0,0,1.68185858320917,1.24465010963669,2.29498511616981
"318","5","grassRedWet1_bin.8.orig",0,0.963757978100445,0,1.40994939751989,0.801103370443086,5.98383630995834,0,0,1.76157665330975,0,0.652484115905699,0.914692176566055,0,2.46771266916363,4.27965134818111,0.557958344245514,0,0,0,0,0,4.00852200014657,1.19120452545414,0,0,0,0,0,0.898288368040175,0,0,0,0,0,0,1.12278124849781,2.02930717611197,1.56411138475123,1.21685556787561,0.645297155356836,1.12206979440335,1.47361731613136,1.17967214139087,0,3.57025147715856,3.25842363369564,1.42995378973528,0,1.91803908943176,0,1.2267857380054,0,0,1.58197551869792,0,1.24768156246008,0,0,0,0,0,2.06464048863366,0,0,0,2.04277146612529,1.13435269666963,1.0623386859081,0,0.635793895610085,0,0,0.773207727875565,0,1.19151532679324,0,2.70726775144061,0.8025188224034,1.28548918312766,0,0,0,3.04300838969215,0,0,1.85198102881065,1.37054828126864,0
"319","8","grassRedWet1_bin.9.orig",0.508480472240304,0,0.7479276623679,0.880827709107538,1.00093527865174,0,0,1.0337015833585,1.10049731620263,0,1.01905446048848,1.02857250658276,0.999384992693631,0,0,0.522854051716717,0,0,1.12343227900835,0.48386054105802,1.56416604701437,2.50421558142938,0.744172773207272,0,0,0,0,0,0.93530222518455,0.602476075884088,0,0,0,0,1.05000651641127,0.701427183615843,1.26775471102322,0.977136236408803,0.760197567410575,0.806263850385533,0.93464362924569,0.920602517333164,0.491312152349612,0.895699928388525,0,2.03561193729259,0.893324911488108,0.624450369878333,1.19824298665942,1.00335898456577,0.7664011723214,1.28791148580696,0,0.988296370387464,0,0.974319091070361,0,1.53011238169024,0,0,0,1.28982824130623,0,1.00335898456577,0,1.27616616163844,0.708656132542783,0.66366732923232,0,0.794390041968706,0,0,0.72456088793705,0,0.86842809424975,0,0,1.00270380922418,0.803074560156959,0,0,0,0,1.34303449857326,1.56416604701437,0.8677312514481,0.570808619058543,1.57875366913741
"320","2","grassRedWet2_bin.1.orig",1.68005353399003,1.98931826336943,0,1.45515687062915,1.65357859740917,0,0,1.7077096299893,1.81805841735353,0,1.3468096740304,1.32162817375925,1.65101747309388,0,0,0.863772401600251,0,1.96070813860326,0,1.59870763252965,2.58405468695344,0,0,0,0,0,0,0,0.927090357185293,0.995310651728582,0,0,1.69728611402093,1.87401623275247,1.156430616917,1.15878119515429,0,0,1.25587183715403,0.532789951677225,1.15804692957319,0,0.405832063820694,1.47972627488887,3.68472512275949,0,1.47580266744014,1.03161292123297,0,1.65758264073878,1.26612040019913,1.06383645062271,1.7543333043289,1.63269869773317,0,1.12672543498307,0,0,0,0,0,0,0,1.65758264073878,0.671159146171176,0,0,1.09640065129536,0,0.656179475042497,0,1.92202167359467,1.19699884934254,0,1.02476592262398,1.97935885870731,0,0,1.32670606493966,0,0,0,0,2.21873796417121,2.58405468695344,1.43352108403094,0.471497476321993,0
"321","10","grassRedWet2_bin.10.orig",0,0.988350386360524,1.22776459157211,0,1.23231793201761,0,0,0,0,0,0,0.562819537675958,0,0,0,0.572195880749075,0,0,1.84417617183564,1.58856763684652,0,0,0,0,0,0,0,0,0.307070058316771,0.988997774060055,0,0,1.12434724829845,0,1.14909581646645,0,0,0,0,0.661763334059585,0.383567292488324,0,0,0,0,0,1.46644221129888,1.02506979204842,0,0.549023074408696,1.25808987908876,1.0570889398225,0,0,0,1.11957904322616,0,0,0,0,0,0,0,0.549023074408696,1.33380447692496,0,0.581649102522754,1.08944659813085,0,0,0,0,1.58587565332323,0,0.203653244270532,0,0,0.822996858347488,0,0,0,0,0,0,0,0,0,0
"322","3","grassRedWet2_bin.11.orig",1.10218692564427,0.652538903216924,0.81060742328763,0,0.271204558919787,0,0,1.12033050667193,1.19272402761212,0,1.32534706544923,0.867044569836426,1.08313802866302,0,0,0.377781076025243,0,1.28630834175885,1.21758104526045,1.04882053747243,0,0,0.806537857231481,0,0,0,0,0,0.202736966393709,1.30593265642478,0,0,1.11349223468408,0,1.51733582364313,0.760209991611537,0,1.0590247247824,0.823905602524828,0.786449205747586,0,0.997753221327531,1.06497271831114,0,0,0,0.968189627279527,0,0,1.08744505924061,0,1.39584436231079,0,1.07112012906167,1.14616145870428,0.527985744886116,0,0,0,0,0,0,0,1.08744505924061,1.32092725791825,0,0.768044759541089,0.719285688626621,0,1.29144534439386,0,1.26092836721091,0.523521604149238,0,1.21012244076715,1.29854401129953,0,1.63010246581058,0,0,0,0,0,0,0,0.626967400934292,0,0
"323","14","grassRedWet2_bin.12.permissive",0.457090467551127,0.54123181000786,0.672337726913924,0,0.899774916609035,3.36043138466447,0,0,0,1.56351852071699,0.732850294529474,0.513677202754404,0.898381311599371,0,0,0.313340912788288,0,0,1.0098916550551,0.869917540657213,0,2.25112493685582,0,0,0,0,0,0,0.336310049058617,0,0,0,0.615705224252271,0,0.943886728635937,0.630536857982848,0,0.878381144497855,0.683367563729593,0.362389059621672,0.630137316193279,0,0,0,0,0,0,0.561339770380148,0,0.601302445770293,1.37788839223137,1.15774763309643,0,0,0.950654494004241,0.613094101418334,0,0,0,0,0,0,0,0.601302445770293,0.365203181586734,0,0.637035207133524,0.596593234899776,0,0.357052173608186,0,0,0.651332535106459,0,0.223045623357112,0,0,0,0.721911157302186,0,0,0,0,0,0,0.260011088649825,0,0
"324","8","grassRedWet2_bin.13.orig",0.681945899427861,0,0,1.18131742932391,0.671199530890395,0,0,1.38634341825869,1.47592616253132,0,1.09335960543297,1.22619074136349,1.34031990395706,2.06755787957652,1.79283977777103,0.233740983205973,0,0,0,0,2.09777303164876,0,0,0,0,0,0,0,0.752625383287785,2.42402282024141,0,0,0,0,0.93880712873053,0.940715362197823,1.70024253410083,0,1.0195349519847,0.973184853656953,0.62674618317422,1.23466120327552,1.31784139578738,0,0,0,0,0.837478315063968,1.60701725214811,0.897099734776527,0,0.86363784306453,0,0,0,0.914692031679429,0,0,0,0,0,1.72984633264214,0,0.897099734776527,0,0,0.475205214433063,0.890073932948073,0,0,0,0,0.647827338366913,0,1.16468775135515,0,0,1.34477091721621,1.07703920431984,0,0,0,0,1.80120362352746,2.09777303164876,1.16375318431262,0.765536964300747,0
"325","7","grassRedWet2_bin.14.orig",0,1.52016462700627,0,0,0.315901147901097,0,0,1.30496955691278,1.38929408470353,0,1.54377441518818,1.15421732261514,1.26164747360011,0,0,0.66006343724655,0,0,0,0,0,0,0.939461474910065,0,0,2.76437326145841,0,0,0,0,0,0,1.29700428531401,0,0.441851097884836,0.885498422122753,0,0,0.959691557680336,0.610708039842964,0.294979107695024,0,0.620244190469792,0,0,0,0,0,0,1.26666433581262,0,0.812945103322677,0,1.24764893207651,0,0.246000736195988,0,0,0,0,6.70632664777521,0,0,1.26666433581262,0,0,0,0.837829480488881,0,1.50428543078515,0,1.4687390219749,0.304900987580158,0,1.25294212411913,0,0,1.26583722682006,1.01382049694752,0,5.81156746636522,4.28013561430493,0,1.69547881394111,0,0.365148215871788,0.720602427902525,0
"326","15","grassRedWet2_bin.15.permissive",0,0,4.22583527496818,0,2.82767159266134,0,0,0,0,0,0,1.29144336630358,0,0,0,0,0,0,0,0,0,0,0,0,0,0,0,0,5.28451257361959,0,0,0,0,0,0,0,0,0,0,0,0,0,0,0,0,0,0,0,0,0,0,0,5.9999306431311,0,0,1.65148804808938,0,0,0,0,0,0,0,0,0,7.21041385940843,2.00197441102852,3.74975943774403,0,0,0,0,1.36460387510958,0,0,0,0,2.83266774352854,0,0,0,0,0,0,0,0,0,0
"327","4","grassRedWet2_bin.17.orig",0.980146946025686,1.16057267287427,1.44170534394009,1.69788347082983,0.964701409493096,0,0,0,2.12131860016781,0,1.57146348276612,1.3217842259196,1.92641448781074,0,0,0.335951152492575,3.62751878364088,0,2.16552803391893,0.932689567272559,0,0,0,0,0,0,0,0,0.360577709341184,3.48399860802671,0,0,0,0,0.674664178569281,1.35207102221924,2.44372395038969,1.88352778573275,1.4653568126044,1.08790792498906,0.900809518595033,1.77455339020616,1.42057993952774,1.72655116035713,0,3.92384552122555,1.72197307783717,0,2.30973315218267,0.644691584815874,0,1.24128907448831,0,0,2.03850477131123,1.31466821951242,0,0,0,0,0,2.48627288683078,0,0.644691584815874,0,0,2.73201108799288,1.27928512782034,0,0.765633112868959,0,0,0.465554516703601,0,1.43484169159631,0,3.26013484907128,0.966405919237487,1.54800650278812,0,0,0,3.66443906110603,0,0,1.67263873936138,2.2005813606583,3.0432055345492
"328","7","grassRedWet2_bin.18.orig",0.594465825577281,0.703895262766601,0,1.0297779361692,0.585098002044738,0,0,1.2085031750469,0,0,1.42965502331315,1.46973048226877,1.16838356079562,0,0,1.01878335707687,0,1.38754385946584,0,0.565682600822457,0,0,0.87001429975806,0,0,2.56002436669144,0,4.19911716352264,0.656078539664157,1.40871265424618,0,0,1.20112671483276,0,0.409188438046814,0.82004032122099,0,1.1423724827012,0.888748927803463,0.565563082500492,0,1.07627876658427,0.574394298714846,0,0,0,1.04438844755784,0.730046530648927,0,1.17302956489623,0.896001578231946,0.752850312331041,0,1.15541982398837,1.23636708427697,0.797355265597274,0,0,0,4.533689184827,6.21057939919411,0,0,1.17302956489623,1.4248873664454,0,0.414245851985599,0.775895178515941,0,1.39308515639354,0,1.36016642071795,0.564723996224511,0,0.870241298231981,1.40074250522321,0,1.75839539658341,0.938876530106358,0,5.38196289553064,3.96373804439987,0,1.5701450804109,0,0.338155611298495,0.667333822044795,0
"329","15","grassRedWet2_bin.19.strict",0,0,4.66932753582083,0,3.12442960284849,0,0,0,0,0,0,1.42697755091267,0,0,0,0,0,0,0,0,0,0,0,0,0,0,0,0,5.8391107243477,0,0,0,0,0,0,0,0,0,0,0,0,0,0,5.59187278381481,0,0,0,0,0,0,0,0,6.62961037098121,0,0,1.82480814235734,0,0,0,0,0,0,0,0,0,7.96713117944558,2.21207729009137,4.14328857044577,0,0,0,0,1.50781609668516,0,0,0,0,0,0,0,0,0,0,0,0,0,0,0
"330","14","grassRedWet2_bin.20.strict",0,0.989745233924047,0.614748660828636,0,1.0283809068166,3.07259374393768,0,0,0,1.42959539278478,0.670078026437365,0.469678198694773,0.821430489635296,0,0,0.573003414232277,0,0,0.923389418256781,0.795404782065471,0,2.05830490376042,0,0,0,0,2.11889505719729,0,0.768758556919664,0.495196767637205,0,2.36399332531909,0.562967013336644,0,0.575358761105837,0.576528243963434,0,0.803143436194995,0.624833737331354,0.265078909224909,1.15232584982566,0,0,0,0,0,0.734255892185523,0.513258230644001,0,0.824696856564163,0,0.529290398659032,0,0,0.869226214305019,0.880910715369048,0,0,0,0,0,0,0,0.824696856564163,0.667843429942004,0,0.291234988614705,0.545492060809218,0,0.32646888131519,2.09329461377562,0,0.794056890721089,0,0.305910986637288,0,0,0,0.66007588065274,0,0,0,0,0,0,0,0,0
"331","14","grassRedWet2_bin.21.permissive",0,0.59508199308763,0,0,0.989298560811096,3.69477951783971,0,1.02168392955658,0,0,0.60432425511509,0.338871494209844,0.987766298236366,0,0,0.516775431848446,0,1.17304719759312,1.11037143009762,0.956470507357405,0,2.47510196064413,0,0,0,0,0,0,0.369771418805362,0.595471782749124,0,2.8426908490366,0.676965184284322,0,0.691866202662748,0.693272500295567,1.25301599196918,0,0.751359628750827,0.239067105685845,1.61661081366484,0,0.242800116848308,0,0,0,0.882939255035864,0.61719060701979,0,0.661129392731474,0,0.636469213612469,0,0,1.04524043223095,1.05929098977464,0,0,0,0,0,0,0,0.661129392731474,0.401539290858424,0,0.350208703293422,0.655951636105053,0,0,0,0,0.716137255769096,0,0.490475362469533,0,0,0.495523265361109,0.793738140249634,0,0,0,0,0,0,0,0.282086243425167,0
"332","3","grassRedWet2_bin.22.orig",0.339706634385476,0.402239927656256,0.499676984304564,0.58846510902582,0.668706810411746,0,0,0.690597387731542,0.735222412357984,1.16199669907296,0.408487145438828,0.916227658702909,0.667671092318494,1.02993966128014,1.78618147688834,0.465745818191566,0,0.792909927334585,0,0.323258502318798,0,0,0.497168410565976,0,0,0,0,0,0.499886840728913,0.402503402214489,0,0,0,0.757851740236117,0.23383013982906,0.468610852965092,0.846964061787022,0.652807099442854,0.507874286607861,0.377055237704768,0.936627832260675,0.6150379411665,0.164118394726174,0.598400970545787,0,0,0,0,0.800524532202102,0.446884029751799,0.512018803182959,0.430215219772604,0,0.660262983710107,0.706520178274088,0.716017516986315,0,0,0,0,0,0.861710989330586,0,0.446884029751799,0,0,0.473440383387953,0.443384175151887,0,0.265358831144053,0,0,0.806776772776847,0,0.414415107095731,0,0,0.33494416689818,0.536519632287057,0,0,0,1.27004860384106,0,0,0.579715601823984,0.953367363373199,1.05473685764856
"333","7","grassRedWet2_bin.23.orig",0,0.533354171729865,0.662551839766602,0.780281367504142,0.443339338632323,0,0,0.915704713548806,0.974875724210882,0,0.902729557403227,0.911161120063688,0.885305356199801,0,0,0.926340691284482,0,1.05136707838543,0.995192664693877,0.857255875931924,0,0,0.659225570600922,0,0,1.9397767649954,0,3.18174702290885,0.497122575789153,1.06740705706381,0,0,0.910115436228844,0,0.930148441110878,0.621359383199796,0,0,0.673421137118232,0.714228961286198,0.413977104498551,0,0.652843423537135,0,0,0,0.791352016239032,0.553169460394037,0,1.18510095671686,0,1.14089659643876,0,0.875482498349927,0.936817701538167,0.517860433933937,0,1.35545029893527,0,3.43525829474979,4.70586833956018,0,0,1.18510095671686,0.719775286029382,0,0.627763148767123,0.587909810132907,0,1.05556581929124,0,1.03062269787905,0.42790158592412,0,0.43959838096684,1.06136793099553,0,0.888245330356128,0.711403728025269,0,4.078010627809,3.00339600712164,0,1.18972732614619,0,0.256226622794758,0.505650906819706,0
"334","1","grassRedWet2_bin.25.orig",0,0.775720648288757,0.963628241627342,0,0.644801329781212,0,0,1.33181868950473,1.41787815464741,0,0,0.588982399576276,0,0,0,0.449095953912966,0,0,0,0.623404783420411,0,0,0,0,0,0,3.32140149017593,0,0.482016475118092,0,0,0,0,0,0.901883951275255,0.903717134137601,0,1.2589400294942,0,0.623273069463661,0.9031444907521,0,0,0,0,0,0,0.804540388310189,0,1.29272535656331,0,0.829671065053712,0,0,0,0.753186255638387,0,0,0,0,0,0,0,1.29272535656331,1.04685513134737,0,0,0.855067426532856,0,1.02349026226019,3.28127239051096,0,1.55587090731973,0,0.479520306315799,0,0,0,1.03467937507444,0,0,0,0,0,0,0,0,0
"335","1","grassRedWet2_bin.26.permissive",0,0.554484150990275,0.688800264125614,0,0.921806371120463,0,0,0,1.0134975348686,0,0,0.315752912950403,0,0,0,0.642026454414823,0,1.09301925950423,1.03461937489826,0.891217921865785,0,0,0,0,0,0,2.37413363875353,0,0.516817162000484,0,0,2.64875603742856,0.630781085326155,0,0.644665522463266,0.645975879284732,0,0.899888761426801,0,0.297009874640692,1.07594425751278,0,0.226235742662017,0,0,0,0,0.575084465179147,0,0.924038471038338,0,0.593047841542382,0.977973239090629,0,0.973931761300902,0.987023757968663,0,0,0,0,0,0,0,0.924038471038338,0.37414537049869,0,0.326316671938791,0,0,0,2.34544940841002,0,0.889707665767348,0,0.228507010882211,0,0,0.461717545281568,0.739587525613648,0,0,0,0,0,0,0.266377594724083,0,0
"336","4","grassRedWet2_bin.27.orig",1.04774063348683,0,0,1.81497428577147,2.06245985871071,0,0,0,0,0,0.839918010055016,1.64842787684261,0,0,0,0.359119287939888,3.87768267173446,2.44553348528612,0,0.997010460546898,0,0,0,0,0,0,0,0,0.385444161345641,0,0,0,0,0,1.44238183205342,1.44531363902453,0,0,1.56641193583042,0.996799810586916,1.44439781120176,0,1.01236474918015,1.84561897972041,0,0,0,1.28670039821747,2.46901884035455,0.689151327989659,1.57919466652317,1.32689185689773,0,2.03641697511077,0,1.40533143394689,0,0,0,0,0,0,0,0.689151327989659,0,0,0,0,0,0.818433323644506,0,0,1.99064185725025,0,1.27816033861233,0,0,0,1.65476138088222,0,0,0,0,0,0,1.19199240445808,1.1761698172934,0
"337","1","grassRedWet2_bin.28.orig",0,0.742162001821996,0.921940477407715,0,0.925359625421059,0,0,0,0,0,1.00491809898596,0.563502283549807,1.23190185847793,0,0,0.429667500667247,0,0,1.38480998064052,1.19287102394231,0,0,0,0,0,0,0,0,0.922327677815431,0.742648131597094,0,0,0.844283379716152,0,0.862867322361667,0.864621199438196,0,1.20447670759366,0,0.496924580104235,1.44012221553753,0,0,0,0,0,1.10116584372625,0.76973496380706,0,0.824533626075788,0,0.793778456010419,0,0,1.30358125532388,1.20100412535218,0,0,0,0,0,0,0,0.824533626075788,1.0015668676763,0,0.436766017642644,0.818076139095091,0,0.489606396039616,3.13932043866178,0,1.19084958710362,0,0.305850438328718,0,0,0.617996415353839,0.989917849864079,0,0,0,0,0,0,0,0.351806462871815,0
"338","2","grassRedWet2_bin.29.orig",0.778615513316223,1.84388655414348,0,1.34877572750877,0.383172893715095,0,0,1.58286528762132,0,2.66332348191293,1.24834939419336,0.700005040217515,1.53031768488238,0,0,0.533750128198283,0,0,1.7202662606534,1.48183202351697,2.39514399489532,0,0,0,0,0,0,0,0.572876137374032,0.922547166892067,0,0,1.57320379639849,1.73701382903214,1.60783236996085,1.07406698278651,0,0,1.16405968662529,0.246919823280674,0.357795465549831,1.40968127730738,0,1.37154895338822,0,0,1.36791218638534,0.956195511582097,0,1.02426859824936,2.34711803017353,1.97212659555889,0,1.51333812751443,0,0.596774114754226,0,0,0,0,0,0,0,1.02426859824936,1.24418636082831,1.95414145727767,0.542568189466012,1.01624685004073,0,0.608208617703268,0,1.78150976943774,0.739660456974705,0,0.759879257397595,1.83465524476383,0,0.767699826980038,0,0,0,0,0,2.05653422814991,2.39514399489532,0,0,0
"339","10","grassRedWet2_bin.3.orig",0,0.469557818151636,0.583301702289353,0,0.780619946681205,0,0,0.806174077481336,0,1.35646562462188,0,0.35652175958555,0,0,0,0.407768924403318,0,0,0,0.377358254642226,0,1.95301402133294,0,0,0,0,0,0,0.583546679771613,0,0,0,0.534168902083308,0,0.818890140389454,0.547036419190354,0,0.762059298972024,0.592870885057192,0.440158280086503,1.27560950471075,0,0.191584847867284,0.698547893409085,0,0,0.696695640215784,0.487002930994788,0,0.521673447983482,1.19541803557931,1.00442997346938,0.82818414113001,0,0.824761667305171,0.683876010596492,0,0,0,0,0,0,0,0.521673447983482,0.316840226233953,0,0.276337104006367,0.517587866277662,0,0,0,0.907346320708534,0.941796960256642,0,0.387016484675267,0,0,0,0,0,0,0,0,0,0,0,0.222584118712877,0
"340","2","grassRedWet2_bin.30.orig",2.07820182213532,1.64050520061819,0,1.20000527715413,1.36363514005346,0,0,0,1.49927457240775,2.36955793901121,1.11065600470962,1.08988990462655,1.36152309099824,2.1002656057766,0,0.712315944144392,0,1.6169116613975,0,1.31838541561001,2.13095874636409,0,0,0,0,0,0,0,0.76453153847259,1.64157976172784,0,0,1.39967884890991,1.54542057572334,1.43048787828939,0.955597006287646,0,0,0,0.439368955012348,1.27332198539679,0,0.669344492065142,1.22026660798608,0,0,1.21703097769838,0.850726800970064,0,1.82258280313619,1.04411503145675,1.75460031910404,0,0,0,0.796424571225908,0,2.08456536242207,0,0,0,0,0,1.82258280313619,1.10695215542975,0,0,0.904154455086901,0,1.08224597458111,0,1.585008597816,1.31615128233557,0,1.1831125260404,1.63229210800042,0,0.683022258524716,0,0,0,0,0,1.82969775930516,2.13095874636409,0,0.388823687102971,0
"341","1","grassRedWet2_bin.31.strict",0,0.954000405971613,0,0,0.792992595645501,0,0,0.818951753618359,0,0,0.484408528081096,0.362172548549167,0.791764379084318,0,0,0.552309292395806,1.49092533072161,0,0.890041042576482,0.766678594645754,0,1.98396885026222,0,0,0,0,0,0,0.592795762188467,0,0,0,0.542635357931918,0,0.831869363237189,0,0,0.774137765883156,0,0.447134688915656,1.29582762581361,0,0,0,0,0,0.707738107972333,0.494721816907709,0,0.794912780581373,0,1.0203499605563,0,0,0.83783395252176,0.926287053511288,0,0,0,0,0,0,0,0.794912780581373,0.643724143802282,0,0.561433968759861,0.525791516472432,0,0.314678398679403,2.01769490057821,0,0.765379382640814,0,0.491438260137061,0,0,0,0,0,0,0,0,0,0,0,0,0
"342","4","grassRedWet2_bin.32.orig",1.05400341052915,1.24802465623798,0,1.82582313416586,1.03739401512287,0,0,2.14270764328261,2.28116513392392,0,0.422469272866078,1.6582812087962,0,0,0,0.361265891746291,0,0,0,0,0,0,0,0,3.0475821400363,0,0,0,1.16324435926908,0,0,0,0,0,0.725501770991833,1.45395287357184,2.62786451413889,0,1.5757750247448,1.00275809336227,1.93737542862559,0,1.52762410500058,1.85665100406464,0,0,0,0,2.48377718227262,0.693270669148796,0,0,0,0,0,1.41373167839679,0,0,0,0,0,2.67361961678462,0,0.693270669148796,0,0,0,1.37568238439068,0,0.823325436507341,0,0,1.00127037151425,0,1.02864034326291,0,0,1.03922696383648,0,0,0,0,0,0,0,1.1991174337131,0.591600134215984,0
"343","2","grassRedWet2_bin.33.permissive",0,1.90516847113458,2.36666917129668,0,0,0,0,0,0,0,0.644919260741053,0.361634919800477,0,0,0,0.551489414260507,0,0,0,3.06216197995271,0,0,0,0,0,0,0,0,2.95957891861021,0,0,0,0,0,1.10751265444741,2.21952760259923,0,0,0,1.02050500049551,0,2.91306460024846,0,0,0,0,2.8267500111933,0,0,1.05831035807101,0,0,3.36024713673288,3.12726841055103,0,0.308304007441267,0,4.84173802437106,0,0,0,0,0,1.05831035807101,3.8566113867567,0,0,2.10004401109893,0,1.2568450913824,0,0,1.52848642320926,0,0.392566993834267,0,0,3.17285790141736,0,0,0,0,0,0,0,0,0,0
"344","11","grassRedWet2_bin.34.orig",1.52361749571077,1.80408543494936,1.12055008414487,1.31966179781712,0.749803869511827,0,0,1.54869842966616,0,2.6058344486978,1.22140321199873,0.856118896394219,1.49728509052673,0,0,1.56668667606643,0,1.77813930539677,1.68313354100098,1.44984601393242,0,0,1.11492448480338,0,0,0,0,0,0.560510348721877,0,0,0,1.53924548606948,1.69951960559644,1.57312658632292,1.05088276469658,0,0,1.13893293561541,0.36238492203865,0.350072289772308,0,1.10413058914101,1.34194345339057,0,0,1.33838518763639,0.935555602123549,0,1.00215930064962,2.29645443361349,1.9295573574898,1.59098080013887,1.48067204452855,0,0.583892477529896,0,0,0,0,0,0,0,1.00215930064962,0.608665019789049,1.91196043649389,0,0.994310705477916,0,0.595080161598581,0,1.74305508114928,0.361847276948097,0,1.30108461425866,1.79505338752762,0,0.751128681510014,1.20317152478288,0,0,0,0,0,0,0,0.427594591228023,0
"345","10","grassRedWet2_bin.35.orig",0,0,1.23733096173674,0,0.413973260144371,0,0,0,1.82060307588396,0,0,0.378136571466094,0,0,0,0.288327128950059,0,1.96345245784127,0,0.800472637578801,0,0,0,0,0,0,0,0,0.618925310577884,0,0,0,0,0,0.57902461167068,1.16040309158237,0,0,0,0.266767837481155,0.38655593276039,0,0,0,0,0,0,1.03305682567248,0,1.65990268819511,0,0,0,0,0,0,0,0,0,0,0,0,0,1.65990268819511,1.34419707778761,0,0.586181136317224,1.09793523634689,0,0.657097901360771,0,1.92471184504389,0.399558079128328,0,0.820960194890147,0,0,0,0,0,0,0,0,0,0,0,0,0
"346","11","grassRedWet2_bin.36.orig",1.56226980619791,0.924926436837746,0,1.35314000195356,1.15323821353426,0,0,1.58798701274094,0,0,0.626194358055926,1.05340510156972,1.53526938013336,0,0,1.87417019875074,0,1.82324852258223,0,1.48662683224596,0,0,1.14320875397045,0,0,0,0,0,1.14945962006186,0,0,0,1.57829425953854,1.74263433725281,1.07535658788298,1.07754237383142,0,0,1.16782626978581,0.495437578452731,1.07685958550124,0,0.754760686926798,1.37598691584926,3.4263996277277,0,0,0.95928950234002,0,1.54137428273127,1.1773563355119,0.98925393263717,0,1.51823488149772,0,1.34708650834467,0,0,0,0,0,0,0,1.54137428273127,1.24821221229373,0,1.08864758755707,1.01953515073207,0,1.22035323347235,0,1.78727425451953,1.48410759740516,0,0.762338021709962,1.84059169426868,0,0,1.23369451331256,0,0,0,0,0,0,0.888680692140744,0.876884284998905,0
"347","1","grassRedWet2_bin.37.strict",0,0.847535157300008,1.0528388217434,0,0.704495616648773,0,0,0,0,2.44837219633876,0.860698287914341,0.482631819624451,1.40680893503045,0,0,0.490672268144573,0,0,0,1.36223645030812,0,0,0,0,0,0,0,0,0.263320249345958,0,0,0,0.964155865265026,0,0,0,0,0,0,0.45398287827287,1.31567415791203,0,0,0,0,0,1.25751084572471,0.879022965374078,0,0.941602015139138,0,0,0,0,0,1.64582916042493,0,0,0,0,0,0,0,0.941602015139138,0.571885336798812,0,0.997557284143577,0,0,1.11824273639396,3.58504536107265,0,1.35992800715845,0,0.523913240079984,0,0,0.705740374489533,0,0,0,0,0,0,0,0,0.401756415873117,2.22237154269084
"348","1","grassRedWet2_bin.4.orig",0.430508730915061,1.01951379955778,0.633238455202864,0,0.847449214011958,0,0,0.875191046837777,0,0,0.51767397153167,0.483804709038396,0.846136653005552,0,0,0.737797046123942,0,1.00485128047108,0.951162200141157,0.819328170275613,1.32431268574331,0,0,0,0,0,0,0,0.633504405330933,0,0,2.43509514834426,0.579899371191702,0,0.592663825536426,0.593868482927843,0,0.827299579891575,0,0.341314608880525,0.791322901569073,0,0,0.758350930867254,0,0,0.756340105343915,0.528695497530757,0,0.849501262446707,0.648879188249285,0.545209865034554,0.899085403135899,0,0,0.824914423075007,0,0,0,0,0,0,0,0.849501262446707,0.687930155592064,0,0.299994462847326,0.561898824548306,0,0.672576170551321,2.15625463213698,0,0.613454803804254,0,0.315111870836233,0,0,0.42447327671297,0.679928981736695,0,0,0,0,1.13709003417278,1.32431268574331,0,0.241639657373251,1.33666340328334
"349","9","grassRedWet2_bin.40.orig",0.612475593178704,0.725220273478291,0.900894849796813,0,0,0,0,1.24511564357197,1.32557253096287,0,0.245494574223932,1.37659729000667,0,0,0,2.09929625589597,0,0,0,1.16564072006378,0,0,0.896372005574609,0,0,2.6375821369019,0,0,0.450636605687026,1.45139061221882,0,0,1.23751570821685,1.36637217869559,1.26475528381072,0.844884029595049,1.52703763670219,1.17698147457678,0.915674212583645,2.03944027285891,0,2.21777080406332,0.591795985046253,1.07888970157073,0,0,0,0,0,1.61142311335457,0.923146587247048,1.55131690260564,1.27910963485807,1.19042409440526,0,0.352076448847363,0,0,0,0,0,0,0,1.61142311335457,1.95740713186556,1.5371694086901,1.70718290606742,0.799401478200312,0,1.91371955751371,0,0,0.581832713821648,0,1.34490882169461,1.44317900182754,0,1.81166724347742,1.9346409329419,0,0,0,0,0,0,0.696800555071868,0.687551177745479,0
"350","3","grassRedWet2_bin.5.orig",1.34284367451278,0.530011572550728,0.658399542188135,0.775391243836307,0.881121747974733,0,0,0.909965874356994,0.968766052686352,0,0.717657628146781,0.704239477010622,0.8797570336896,0,0,1.07395772756125,0,0,0.98895566429075,0.425941671560745,0,0,0.655094119179047,0,0,0,0,0,0.494007044680859,0.530358739888763,0,0,0.602941083837822,0.998583593984004,0.308106360407031,0.61746524404364,0,0,0.669200720255562,0.567802237233536,0.8227653135013,0,0.2162506566172,0,0,1.79194597956572,0.786392511391982,0.549702676252761,0,0.588836888313501,0.67466174387952,0,0,0.869995736953009,0,0.686153248002576,0,0,0,0,0,0,0,0.588836888313501,0.715264361754728,0,0.623828876388686,0.584225303752498,0,0.349650150854921,0,1.02416365290195,0.850439743321104,0,0.87368672276926,1.0547162016889,0,0.441339291324917,0.706945269381139,0,0,0,0,0,0,0.254620817601093,0.251240963782085,0
"351","11","grassRedWet2_bin.6.orig",2.46700847151296,1.94742405880857,0,1.42451187996636,0.809377464386036,0,0,1.67174598461053,1.77977087300093,0,0.659223214841583,0.924139457999418,0,0,0,0.845581718715068,0,0,1.8168622662956,1.56503952329671,0,0,0,0,0,0,0,0,1.21008829977368,0.974349828710504,0,0,1.10769465566481,1.83455024038164,1.13207667530914,1.134377751359,0,0,1.22942370534086,0.521569619750184,1.13365894910171,0,0.397285411526726,1.44856386292304,3.60712636398574,0,1.44472288499423,1.00988758771265,0,1.622674648636,1.23945643796577,1.04143250314866,0,1.5983147509869,0,0.787855051423175,0,0,0,0,0,2.08596486447784,0,1.622674648636,0.657024817300661,0,1.14606871375678,1.07331091547389,0,1.28472122347055,0,1.88154470686357,0.781193705233666,0,1.40445869761378,1.93767439501291,2.73522942097116,1.62161507132263,0,0,0,0,0,0,0,0.935554489279416,0,0
"352","14","grassRedWet2_bin.7.strict",0.444677079231323,0.526533361657685,0,0,0.875339369965221,3.26917080790516,0,0,0,1.52105742401802,0.35647399324591,0.499727065874534,0,0,0,0.30483138851892,0,0,0,0,0,0,0,0,0,0,0,0,0.163588371392586,0,0,0,0.598984271658087,0,0.91825321990135,0.613413116789941,0,0.854526597064691,0.664809077968161,0.211528509147821,0.817365900688355,0,0,0,0,0,0,0.546095242122076,0,0.584972635181626,0.670234263522085,1.12630621839585,0,0,0.924837190363532,0.766856648737843,0,0,0,0,0,0,0,0.584972635181626,0.710570425955385,0,0.619734987678278,0.580391314230865,0,0.347355565177093,0,0,0.844858716543025,0,0.32548242646958,0,0,0,0.702305927781646,0,0,0,0,0,0,0,0,0
"353","10","grassRedWet2_bin.8.orig",0,1.28055910057565,0,0,2.12887516333651,0,0,0,0,0,0.866965038516152,0.972291730947362,0,0,0,0.370683642419221,0,0,0,0,0,0,0,0,0,0,0,0,0.795712458088524,1.28139789036283,0,0,1.45676383687937,0,1.48882939240615,1.4918556093859,0,2.07825731518708,1.61685351191651,0.514449372339194,1.4909102900879,0,0,0,0,0,1.90000018724338,1.32813470713206,0,2.13403010934915,0,1.36962041062408,0,0,0,1.4505858978782,0,0,0,0,0,0,0,2.13403010934915,0.864073857250337,0,0.753615379582069,1.41154470629078,0,0.844788502522864,0,0,2.05474447955913,0,0.263863928128476,0,0,0,0,0,0,0,0,0,0,0,0,0
"354","2","grassRedWet2_bin.9.orig",0.674338811942247,1.59694258207312,0,1.168139866352,1.32742463769211,0,0,1.3708787960993,1.45946224735843,2.30663576809784,1.08116320953303,0.909384463385626,1.3253686728159,2.04449432910323,0,1.6179352634087,0,0,0,1.28337649217962,2.07437243199694,0,0.986910237778416,0,0,0,0,0,0.74422986813128,0,0,0,1.36251122776632,1.50438287160234,0.928334761397049,0.930221708573242,0,0,1.00816206803468,0.53462722431159,0.619754846983652,0,0.325785227944458,1.18786316985803,0,0,1.18471345976609,0.828136267820425,0,0.887092612259198,1.01638919138298,0.854003987015846,1.40830635721741,1.31066311616184,0,0.904488667580873,0,2.02921099616878,0,0,0,0,0,0.887092612259198,0.538778856859843,0,0.46990431352165,0.880145183054159,0,0.526753795243849,0,1.54291965782892,0.960901263717326,0,0.65811182398692,1.58894758313811,2.24296516946616,0.664885017573155,1.06502486203906,0,0,0,0,1.78111124735059,2.07437243199694,0.383590516667955,0.756997420818205,0
"355","7","shrubAmbDry1_bin.1.orig",0,0.569281703823872,0.707182319378215,0,0.473203337381199,0,0,0.977387948120601,1.04054480626879,0,0.963538766114624,1.08059810156118,0.944940844743377,0,0,1.15353044470056,0,1.12218873208838,1.06223032614976,0.915001909670495,0,0,0.70363198776297,0,0,2.07044301956607,0,3.39607424549308,0.530609493569121,1.13930918764178,0,0,0.971422168748272,0,0.992804626702932,0.663215077530298,0,0,0.718783788802622,0.838574537723922,0.441863219385056,0,0.696819929758919,0,0,0,0.844658667743925,0.590431779871679,0,1.26493112382512,1.44929887176665,1.21774909194199,0,0.934456304545522,0.999923138454659,0.368496189835368,0,0,0,3.66666241452171,5.02286264608517,0,0,1.26493112382512,0.76826042228588,0,0.670050210292516,0.62751229135739,0,1.12667030644078,0,1.10004697918685,0.456725674637073,0,0.469210383230618,1.13286325703885,0,1.42211828991237,1.51864988730978,0,4.35271150290503,0,0,1.26986913239587,0,0.546972860141102,0.539712305691317,0
"356","6","shrubAmbDry1_bin.10.orig",2.62255014886568,0.621061984298851,0,0,0.516244596860838,0,0,0,1.13518986784985,1.7941331182112,1.89212323041894,1.29677492943295,1.03089003588094,0,0,1.79778909387718,0,1.22425989809124,1.15884784230672,0.499113969270486,1.61347549154634,0,0.767632396405659,0,1.51658655279305,0,2.65919980948343,0,0.578872257355739,0.621468791332905,3.4943106892769,2.96679657586426,1.0597800274666,0,1.08310737432722,0.723539276427051,1.30771995686312,1.00793990021505,0.784162363127194,1.66336171891716,0.482053868895924,1.89924797563296,1.0136009767353,0.923936358926362,2.30073059547623,0,0,3.22067906220342,1.2360169149449,0.344996435195141,0.790561533152626,0.664256081250774,0,0,0,0.603020367583759,0,0,0,0,0,0,2.10070958433977,0.344996435195141,1.67627850717212,0,0.730996113855225,0.684589064121609,0,1.22914910398244,0,1.20010419292715,0.747402257612579,0,0.767832682059082,0,1.74460924832184,2.06862695242804,0.828391028670441,4.02238453239343,0,0,5.88289862709688,1.38537289687716,1.61347549154634,0.895085985361169,1.7664091078546,0
"357","3","shrubAmbDry1_bin.11.orig",0.738311776438394,0.874220416918178,0,1.27895859556237,0.726677172503077,0,0,1.50093089898626,0,0,1.1837306643393,1.16159827650469,1.45110333549407,0,0,1.26530360166433,0,0,0,0.702563726868475,0,0,1.08053613100031,0,0,0,0,0,1.0864443141194,0,0,0,0.994513012523606,0,0.508201867279788,1.01846969205309,0,0,1.10380407327383,0.819484502764574,0.339274778441785,1.3367114708875,1.78345859767641,0,0,0,0,0.906699641485153,0,0.4856245190278,0,0,0,0,0,0.707353869241649,0,0,0,0,0,0,2.95700470335313,0.4856245190278,1.76967468520722,0,1.02896609932025,0.963642522299405,0,1.73017713095294,0,1.68929287963177,0.701373163789556,0,0.900681714551283,0,0,0,1.16606130911898,0,0,0,0,1.95008115472144,0,0.41998086239517,0.414406008245183,0
"358","3","shrubAmbDry1_bin.12.orig",0,0,0,0,0.55085837813579,0,0,0,2.42260685451209,0,0.448664123892502,1.25792966917113,0,0,2.94279351158114,0,0,2.61269106148541,0,1.06515831173482,0,0,0,0,0,0,0,0,0.411790114962042,2.65255107782125,0,0,0,2.49717199821431,0.770485896539261,1.54410399548487,2.7908030374509,0,1.67347962641754,0.709955508925443,0,2.02659101111498,1.62234314949674,1.97177108399281,0,0,0,0,0,0.736256332404592,0,1.41758782487858,0,0,2.32803108007609,0.643452393865112,0,0,0,0,0,2.83939514665422,0,0.736256332404592,0,0,0,1.46098041062184,0,0,0,0,0,0,0.546210160184639,0,0,0,0,0,0,0,0,0,0,1.27346769906189,0,0
"359","3","shrubAmbDry1_bin.15.orig",0.456678787380979,0.270372173817817,0.335866091763541,0.395546488063254,0.4494822655505,0,0,0.464196376629839,0.494191819860019,0,0.366095125140713,0.513214557538097,0.448786090623343,0.692290859199509,1.20061121617972,0.391323376463213,0,0.532967430519188,0.504491046255677,0.434567023150996,0,1.12454872655095,0.33417991272399,0,0,0,0,0,0.336007150205879,0.270549272569475,0,0,0,0.509402494260486,0.157172768944345,0.314984481349319,0.569300804783901,0.438795013683727,0.341376043140318,0.253443870830129,0.524641483964847,0,0.330944623554575,0.40222504057185,0,0,0,0.280417098850621,0.538085712244203,0.450570660423277,0,0.28917622588385,0.476869807940142,0.443806608750426,0.474899141811104,0.525035928013224,0,0,0,0,0,0.579213194337866,0,0.450570660423277,0,0.5730780698676,0.318230729543915,0.298027955530761,0,0.178365296643263,0,0,0.542288258434175,0,0.389978288902826,0,0,0.675414668848455,0.36063048271367,0,0,0,0.853684028523989,0.603106116855357,0,0.51955381745925,0.512657225221961,0.708958702011088
"360","3","shrubAmbDry1_bin.16.orig",0.82176348988423,0,0.604368977337969,0.711759931540562,0.606610366059725,0,0,0.835290898091846,0,0,0.82345517237223,0.646447127085515,0.807561100346175,0,0,1.40832143905743,0,0.959039893685071,0.907798510116831,0.781974822130828,1.26393698453133,0,0.601334808879964,0,0,1.76943271357786,0,0,0.453467102056717,0.486835650255107,1.36865683388454,0,0.830192450521142,0,1.1312883075931,0.566793890597451,0,0.789582813461675,0.614283773027165,0.716658804806482,0.755246319669897,0.743900285990123,0.99252186411041,0,0,0,0,0.504592155672998,0,0.810772316516615,0.619296645988561,1.04070725919494,0.85809590552845,0.798600849695667,0,0.629845117167392,0,0,0,0,0,1.04225610892893,0,0.810772316516615,0.984850906950836,0,1.1452706021147,0.536281735844476,0,0.641913277752165,0,0.940117208274424,0.585487266877161,0,1.102734792955,0.968162508251503,0,0.405121448399923,0.648930872688406,0,0,0,1.53614835180217,1.08524985406018,1.26393698453133,0.934902977794344,0.461246506465511,1.27572463019265
"361","3","shrubAmbDry1_bin.17.orig",0,0,1.38021656568355,0,0.923556864041128,0,0,1.90758026626234,0,0,0,1.89811513067672,0,0,0,0.321622825274067,0,0,0,0.892910327897975,0,0,1.3732873391252,0,0,0,0,0,1.03559717609595,0,0,0,1.8959367801467,2.09335142314347,0.645889730137049,0,0,0,1.40285929846556,0.892721672380022,0,1.69886863230926,0.453330720144575,0,0,0,0,1.15235307947381,0,1.23439093689956,0,0,1.9596607836694,0,1.95156247870968,0.359599308173622,0,0,0,0,0,0,0,1.23439093689956,2.24913519302278,0,0,0,0,0.732978836528135,0,2.14697542924829,0.891397203851679,0,1.60258658971609,2.21102336861875,0,0,0,0,0,0,0,0,0,1.06753376301862,0,0
"362","1","shrubAmbDry1_bin.2.orig",0,0.383432417380802,0,0,0.637440122687914,0,0,0,0,1.1076652830318,0.51918337912472,0.291129217408961,0.636452831608844,0,0,0.665953449703792,0,0.755835881272706,0.715451663095802,0.61628784444749,0.996130537287236,1.59479590889585,0,0,0,0,0,0,0.476513659084928,0,0,1.83164645674614,0.436192659344263,0,0.44579391356577,0.446700040968671,0.807362609519925,0.622283833634311,0,0.154039408542239,0.744028313322071,0,0.156444719929172,0,0,0,0,0.397677780849058,0,0.638983646458283,0,0.410099670295267,0,0,0,0.620489750132144,0,0,0,0,0,0,0,0.638983646458283,0.517451990668944,0.81271939554446,0,0.422652885548859,0,0.252951462804207,1.62190629778127,0,0.61524348430545,0,0.316030658097437,0,0,0.31928320082416,0.511433613213772,0,0,0,0,0.855304127853113,0.996130537287236,0.184203290389323,0.181758163551848,1.00542058414058
"363","3","shrubAmbDry1_bin.3.orig",1.05504556801435,0,0.775937138647543,0.913814218453364,0.519209874942678,0,0,1.07241313453665,0,0,0.634330491021601,0.355697325559797,1.03681140657765,0,0,1.26568084082017,0,1.2312919737088,1.1655041949889,0.501980850052226,1.62274319824925,0,0.772041630969686,0,0,0,0,0,0.582197264972981,0.625038470893122,0,2.98383767791778,1.06586734054673,1.1768509043023,0.726219118861497,0.727695242747638,1.31523142206556,0,0.788666544831223,0.669166387650327,0.727234136222512,0.95507857119456,1.01942304011053,0,0,0,0,0.647835690014171,0,1.04093422224208,0.795102471306473,0.668071528444679,0,1.02530752151401,0,0.707564760585167,0,0,0,0,0,0,0,1.04093422224208,0.842953475319908,1.32395787684273,1.10279236770588,0.688521302752774,0,0.824139508604107,0,1.20699751961929,0.501130194313052,0,1.41577895626186,0,0,0,0.833149257183524,0,0,0,0,1.39333039592172,1.62274319824925,0.300075768571897,0.592185085366954,0
"364","3","shrubAmbDry1_bin.4.orig",0.96413920855599,1.1416182265668,0,1.67015367687864,0.474472964086116,0,0,1.96002065147418,0,0,0.386449594291003,1.30019687622076,0,0,0,0.330464405965894,0,0,0,0,0,0,0,0,0,0,0,0,1.06406628735656,1.14236600752347,0,0,0,2.15089875520332,0,1.32998902925703,0,0,1.44142463870872,0.45863153043406,0.443048759086353,0,1.39737906049742,0,0,0,0,0,0,0.634162496620985,1.4531874084815,0,0,0,0,1.29319708826721,0,0,0,0,0,2.44566713499756,0,0.634162496620985,0.770321700961265,0,0.671847986371887,1.2583918724181,0,0.753128810408386,0,2.20599691345077,0.91590218200305,0,0.705703944978956,0,0,0.950622599902522,0,0,0,0,0,0,0,1.09688082785749,0,2.99350397147142
"365","6","shrubAmbDry1_bin.5.orig",2.19243244755621,1.29800801608063,0.806216248667119,0,0.539470811226823,0,0,1.11426151847104,1.1862628735086,0,1.97725121049621,1.47831028669969,1.07727051735566,1.66178174331247,1.44097944769242,2.81800937032402,0,1.27934022824026,1.21098523719015,0.521569464424963,1.6860669101661,2.69937775201667,1.60433745604734,0,1.58481886862537,0,2.77883911455822,0,0.806554846730488,3.24714558807181,5.47728334694103,3.10027487988971,1.10746029036602,0,1.13183715127884,0.756091826979039,1.36655521486576,1.05328783863954,0.819442389793775,3.476395109312,0.503741817908875,1.98469650310317,1.58880541657396,0.965504917829332,2.40424211372523,0,0.962944807657831,3.36557972122755,1.29162620170753,0.721036144094519,2.47838838919335,0.694141438368028,0,0,0,0.630150686060158,0,1.64935932507149,0,0,0,0,2.19522201395791,0.721036144094519,1.75169547847103,0,1.52776830573371,0.715389216709323,0,2.14074900501372,0,0,0.781028420788889,4.22546491553973,0.936107695450863,1.29150961543512,1.82310046863252,1.08084798072264,1.73132186939026,4.20335449504269,0,0,2.0491914840519,1.44770181629898,1.6860669101661,0.935356545282577,2.15352797271261,0
"366","8","shrubAmbDry1_bin.6.orig",0.48353591543069,0,0.711236530491746,0,0.951832337075499,0,0,0.982991223220841,1.04651015382076,0,0.969062645129768,0.760755149676629,0.950358103587966,1.46600851012629,1.27121876367668,0.994408738725397,0,0,0,0,0,0,0.707665845152297,0,0,0,0,0,0.533651428932641,1.71876111344563,0,0,0,0,0.665664189467856,0.667017228495199,1.20556239266251,0.929200805865242,0.722904510072,0.8433820083255,0.888792761062407,0,0.934419645662694,0.851759523657514,0,1.93575080125249,0,0,1.13946070910065,0.318045714368054,0,0.612365167672614,0,0.939813456486663,1.00565560572585,0.926521861393446,0,0,0,0,0,1.22655306045582,1.93660459144527,0.318045714368054,0,1.21356120224394,0.673891546444105,0.631109761536984,0,0.377709801184687,0,0,0.689016061305775,3.72766613326339,0.471900323148728,0,0,0.953514108738322,0.763678083631654,0,0,0,0,0,0,0.825162907767448,0.814209639957702,1.50130465636672
"367","8","shrubAmbDry1_bin.7.orig",0.633947960062882,0.750645279727358,0,1.09817182731786,0.935936942564185,0,0,1.28876730938489,1.37204488028328,0,0.254101202185143,1.28237263360774,0,1.92203531272664,1.66665291306993,0.651868218333032,0,1.47969918767315,0,0.603253064187862,1.95012380777478,0,1.85559460889635,0,0,0,0,0,0.699652753725971,2.25341089861701,0,0,0,0,1.3090954824654,0.874504246400577,1.58057301467708,1.21824447071811,0.94777621445597,0.703646542571569,0.873950113859126,0,1.22508671911768,1.11671376469699,0,2.53789890778032,0,0.778533414273964,1.4939092817185,0.416979226146585,0.955510558040349,1.60570347091524,0,0,0,0.971785756118434,0,0,0,0,0,1.60809318557497,0,0.416979226146585,0,0,0.441758468749254,0.827427153049796,0,0.495202838745723,0,0,0.903346189137361,0,0.928039379287947,0,0,0.625060419335575,0,0,0,0,0,1.67442807963375,1.95012380777478,1.08184382050047,0.355827784343565,0
"368","3","shrubAmbDry1_bin.8.orig",1.18693806661294,1.4054299613857,1.74587592248331,0,0.584116917613956,0,0,0,2.56887378791798,0,2.37876299511825,0.800326940748012,2.33284886202901,0,0,0.813660059918149,0,2.77043448930933,0,2.25893628749732,0,0,0,0,0,5.11146350478936,0,0,0.873304581368213,1.4063505438857,0,0,1.59881690903067,2.64794086510065,0.817004632796196,1.63733057736245,0,0,1.77451737119955,0.564614753959072,1.09086205157619,0,0,2.0908184272697,0,0,0,1.45764479696449,0,0.780708429838775,0,0,0,2.30696486325223,2.46858792128297,0.682301375187872,0,0,0,0,0,0,0,0.780708429838775,2.84499626909174,0,1.65420500053387,1.54918833591097,0,0.927166166673658,0,2.71577142405292,1.12755414930326,0,0.57918805958113,0,0,0,0,0,0,0,0,0,0,0,0,0
"369","6","shrubAmbDry1_bin.9.strict",1.94781979552745,0.768791671336958,0,0,0.639041764707883,0,0,1.31992247271082,1.40521322807147,2.2208968402852,2.3421954933073,1.45930356616517,1.27610398589162,1.96849934362667,1.70694323028718,1.33525346951018,0,1.51547001265412,1.43449863626415,1.23567267784479,1.9972668609036,3.19760603606901,0.950226238160994,0,1.87733131333938,0,0,0,0.477710954756028,2.30788573210759,6.48823391922611,0,1.31186593152274,0,0.893828044647824,0.89564485295339,0,1.24769478745081,0.970688126127524,1.54426450368869,0,1.17550748748421,1.25470244303044,1.14370963856352,0,0,1.1406770049385,3.18941593807792,0,0.42705944450681,1.95721888549744,0.822260186279228,1.35595883067267,0,0,0.746458562857173,0,1.953784100634,0,0,0,0,2.60039750164616,0.42705944450681,1.55625644589642,0,0.90487542035926,0.847429699596297,0,2.02869626084057,0,0,0.925184032057093,0,0.950474165012314,1.52988552227313,4.31918582607002,1.28034174714883,1.02543729861533,0,0,0,2.42741389328348,1.71490635675844,1.9972668609036,1.10799673474294,1.82214851955756,0
"370","3","shrubAmbDry2_bin.1.orig",0.877051563827428,1.03849946358255,0,1.51929397864901,0.863230644397958,0,0,0,0,0,0.351542824942293,1.37987990637543,0,0,0,1.8036876094425,0,2.04712779013309,0,0.834585922915774,0,0,0,0,0,0,0,0,1.29060339428211,1.03917969985096,0,0,0,1.95661487484874,1.20740114586253,1.20985532756234,0,0,1.31122531093025,0.556273060180742,0.403029566228788,1.58789948005897,2.11859705077329,0,0,0,0,2.15416403710222,2.06678710917779,1.15376120885108,0,1.11072582366986,0,0,1.82408750524366,1.00833144532599,0,0,0,0,0,0,0,1.15376120885108,0,0,0.611162083102393,1.14472531540857,0,2.05530320228795,0,0,0.833171635288887,0,1.28391988013842,2.06660055442641,0,0.864755867674875,0,0,0,0,0,0,0,1.49670457886301,1.96911629579701,0
"371","3","shrubAmbDry2_bin.10.orig",0,0.845475111474203,1.05027975832131,1.2369050644755,0.702783247265775,0,0,1.45157868036186,0,0,1.43101041227651,1.44437615826315,1.40338950062781,0,0,1.46843887371619,0,0,0,1.35892535520009,0,0,2.09001388695523,0,0,0,0,0,1.05072085919562,0,0,0,0.961812357448794,0,1.47447493357957,0.984981315647171,0,0,1.06750981084009,1.01897867946303,0.656238119294121,1.29275896328469,1.72481656513545,0,0,0,0,0.876886384283596,0,1.40896999113919,0,1.80855373067778,0,1.38781826808513,1.48504707119859,0.957733440932292,0,2.14866509597766,0,0,0,0,2.85977521551206,1.40896999113919,1.71148588249992,0,0.995132589779573,0.931956922070634,0,1.67328705021479,0,1.6337471169504,0.67831126151277,0,0.871066333245217,0,0,0.704024979558659,1.12771996196172,0,0,0,0,0,0,0.406171440953456,0.40077989399036,0
"372","4","shrubAmbDry2_bin.11.orig",0.821479328178407,0,0,1.42302761703035,0.808534137637749,0,0,1.67000411735181,1.77791644975706,0,0.658536340552848,1.29244717780266,0,0,0,0.281566889709137,0,0,1.81496919586241,0,0,0,0,0,0,0,0,0,0.604413727200334,0,0,0,0,0,1.13089711375299,1.13319579220833,2.04813035143303,1.5786195593457,1.22814271353998,0.390769629695571,0.754985159268934,0,1.19061438601512,1.44705453914525,0,0,0,1.00883534045725,1.93583017915835,0.540327970335723,1.23816499260997,1.04034738782845,0,1.59664939503001,0,1.25925463975045,0,0,0,0,0,0,0,0.540327970335723,0,0,0,1.07219258460347,0,0.641691307350411,0,0,0.780379744410434,0,1.00213952070681,0,0,0.809962718857507,0,0,0,0,0,0,0,1.40186953952898,1.38326102918969,0
"373","1","shrubAmbDry2_bin.12.strict",0,0.571865503611389,0.71039200891201,0,0.713026599197922,0,0,0.981824020377468,0,0,0.38716479242671,0.434201045563187,0.949229649279802,0,0,0.496613989367488,0,0,0,0.919154830314007,0,0,0,0,0,0,0,0,0.533017771733568,0,0,2.73178629647497,0.650554109408452,0,0.997310670663752,0.66622521287259,1.20413090902426,0.928097473712269,0.72204613394441,0.153160104969289,0.887737409383395,0,0,0,2.11848171989067,0,0,0,0,0.635336134378714,1.45587680689396,1.22327609171008,0,0,1.00446149121625,0.92542171021659,0,0,0,0,0,0,0,0.635336134378714,0.385873663551937,0,0.336545684131451,0.630360382406484,0,0.377261308926061,0,0,0.917597232386686,0,0.353504991865441,0,0,0,0,0,0,0,0,0,0,0.274727703371903,0.271080949401914,0
"374","10","shrubAmbDry2_bin.13.orig",0,2.20355201096728,0,0,1.83165585452466,0,0,0,0,0,0.74592517955704,0.627410147844641,0,0,0,0.956793816058587,0,0,0,1.77087572334585,0,0,0,0,2.69045395846105,0,0,0,0.684620407751769,1.10249768905197,0,0,1.2533802152579,0,0.640484496215164,1.28357270923979,0,1.78810493171666,1.39111924081502,0.295083594983184,1.71034582546439,0,0,0,0,0,0,0,0,1.83609110145997,1.40247149255039,1.17840317121475,0,0,0,1.78294971253091,0,0,0,0,0,0,0,1.83609110145997,0.743437645678482,0,0,1.21447427718059,0,0,0,0,1.76787480090574,0,0.454050023296742,0,0,0,0,0,0,0,0,0,0,0,0.522274002730744,0
"375","3","shrubAmbDry2_bin.14.orig",0,0,1.01082927530015,1.19044458396232,0.676385386748944,0,0,0,1.48732953810668,0,0.550903587935626,0.772290374038338,0,0,0,0.471093849291343,0,1.60402938778822,0,1.30788156307938,0,0,0,0,0,0,0,4.85426625407657,1.01125380759602,0,0,0,1.3885273145823,0,0.473030293992234,0.94798356494196,0,0,1.02741213464115,0.544835513240467,0.631588581322988,0,0.664011684409962,1.21054448853104,0,0,1.20733463718703,0,0,1.35604642837187,1.03579634847863,0.870310525570996,1.43519686623209,0,1.42926591022336,1.18511893497525,0,0,0,0,0,1.74321155911454,0,1.35604642837187,0.549066417966887,0,0.478876769063043,0.896950867313027,0,0,0,0,1.30566522961232,0,0.167669488704599,0,0,0,1.08536067924727,0,0,0,0,0,0,0.390914877730124,0,0
"376","11","shrubAmbDry2_bin.15.orig",0.951176603312446,0,0,0,0.468093796350168,0,0,1.9336686747588,0,0,1.14376163479459,1.06893005127113,0,0,0,0.652042792976095,0,0,2.10152121376595,0.905121929054114,0,0,0,0,0,0,0,0,1.04976018807799,0,0,0,1.92186595024703,2.12198047116808,1.96416910040944,1.31210766667836,2.37149445395917,0,1.42204505284178,0.754108911207996,0.437092081755203,0,0.919061104114884,1.67551924210211,0,0,1.67107647461845,0,0,1.25127268786738,2.8672993503626,1.20460011673566,0,1.84873251967661,0,0.911293131379883,0,0,0,0,0,0,0,1.25127268786738,2.27989476771388,0,1.32563032381315,1.24147311531427,0,0.743003186037725,0,2.17633784875992,0.903588111253052,0,0.928287914404147,2.2412617191909,3.16377457957094,0.937841722007738,0,0,0,0,0,0,0,0.541066772734326,0,0
"377","2","shrubAmbDry2_bin.16.orig",0,1.81027908506129,2.24879414443923,2.64838472243391,2.25713411889506,0,0,0,0,0,0.612798220714541,1.37449289479948,0,0,0,2.0960870755413,0,3.56848775842538,0,2.90964703193783,4.70297814138923,0,2.23750431898913,0,0,0,0,0,1.12486930119261,0,0,0,3.08905981526843,3.41070853637173,1.05235155061792,2.10898115236433,0,0,2.28568606862002,0.484838712845511,1.40509652626759,0,0.73861413802888,2.69310102498116,0,0,0,1.87753496217735,0,1.00559983841152,0,0,0,2.97151075233885,0,2.63653673924814,0,4.60058898394698,0,0,0,0,0,1.00559983841152,2.44301857059992,0,1.06535821675444,1.99544859606909,0,0,0,0,0.726179087481968,0,0.746029371355639,3.60243205899046,0,0,2.41460432511821,0,0,0,0,4.03810190227436,4.70297814138923,0.869669200817962,0.858125153487696,0
"378","11","shrubAmbDry2_bin.17.orig",0,2.42497497719292,0,1.77383330970341,1.00785449854244,0,0,2.08169461734157,0,3.50265193121346,1.23131872060279,0.690455183897518,2.01258699167607,0,0,0.701957884581241,0,0,0,0,0,0,0,0,0,0,0,0,0.376707095954793,1.21328169022453,0,0,1.37932558150733,2.28442203289327,0.704843302482346,1.41255195512626,0,0,0,0.649469883581502,1.88220918247212,0,0.989416945321619,1.80378336426806,0,0,1.79900049464951,0,0,1.34705994525404,0,0,0,0,0,1.56968691166327,0,0,0,0,0,0,0,1.34705994525404,0,0,0,1.33651019714965,0,0.799881465337024,0,2.34294056909485,1.45913919900777,0,0.749512563857163,2.41283448286475,0,0,1.6172520349356,0,0,0,0,0,0,0,0.574754478930813,0
"379","4","shrubAmbDry2_bin.2.orig",1.1512772766566,0,0,1.99432816304056,1.13313500186011,0,0,0,0,0,0.461458918517323,0.517521088756045,0,6.98100071259557,0,1.18382125098566,0,0,0,0,0,0,0,0,3.32884318164286,0,0,0,0.847066707531251,0,0,0,0,0,0.792458254663226,1.58813803442293,0,0,1.72120313937211,0.365100844816651,0.529043901814728,0,1.66860837620734,0,0,0,0,0,2.71300472243542,0,0,1.4580139345586,0,0,2.3944207866819,1.3236041393919,0,0,0,0,0,0,0,0,0,0,1.6045054764154,1.50264396986214,0,0.899310056187017,0,0,1.09367751090591,0,1.96625354542118,0,3.82934333039661,2.27027422644318,0,0,0,0,0,0,0,1.96467578712615,3.23099424814916,0
"380","3","shrubAmbDry2_bin.3.orig",0.385563549597465,0,0.56712825779555,0.667901869684401,0.569231533986877,0,0,0.783820959629437,0.834469905379262,0,0.309085816639489,0.69327267033984,0,0,1.01364883806307,0.660770914869544,0,0.899944643846089,0.85186071220868,0.733790176438926,1.18605422660496,0,0.564281052303591,0,0,0,0,0,0.425524832015341,0,0,0,0,0.860153960674447,0.530789626045752,0.531868517010163,0.961295532643424,0.740929369598362,0.576432111925158,0.489090093386875,0.708708662326604,0,0.558818089667256,0,0,0,0.677378075700063,0,0.908587142356055,0.253604397631525,0,0.97657973343055,0.805220741255395,0.749391721853185,0,0.591034578832171,0,0,0,0,0,0.978033144317211,0,0.253604397631525,0,0.967673651240933,0.268674992279822,0.503236496149558,0,0.301179554641367,0,0,0.732546697081352,0,0.470356900705484,0,0,0.760316395585528,0.608944285788046,0,0,0,0,1.01837765021788,1.18605422660496,0.438647512435007,1.08206218979944,0
"381","7","shrubAmbDry2_bin.4.orig",0,0.557857408551595,0.692990646655127,0.816128877749588,0.463707134334875,0,0,0.957773812553108,0,0,0.566521532829734,1.05891275369215,0,0,0,1.13038149696994,0,1.09966874709591,1.04091358118573,0.896639731647634,0,0,0.689511562783161,0,0,2.02889355075112,0,3.32792212557339,0.693281691757827,1.11644563084976,0,0,0.951927753917669,0,0.972881110582616,0.649905735558056,0,0,0.704359298809268,0.821746097494034,0.216497973538137,0,0.682836208561311,0,0,0,0.827708131726734,1.15716609345881,0,1.23954659704233,1.42021446919825,1.19331141003435,0,0.915703717433621,0,0.45137655079614,0,1.41772209024267,0,3.59308015497273,4.92206427930906,0,0,1.23954659704233,0.752843039553846,0,0.656603701475854,0.614919429764797,0,1.10406038560752,0,1.07797133294846,0.447560143880621,0,0.459794310437766,1.11012905661647,0,1.39357934487525,1.48817375464769,0,4.26536167045792,3.14137734772549,0,1.24438551009044,0,0.535996256786032,0.528881406505761,0
"382","3","shrubAmbDry2_bin.5.orig",0.605190620266759,0.716594280693724,0,0,0.297826895625528,0,0,1.23030585549766,0,0,0.727723758961393,0.952156533178811,0,0,0,0.414865316227768,0,1.41257662396659,0,0.575888115575705,1.86166169965612,0,0,0,0,0,0,0,0.445276595423559,0,0,0,1.22279631610903,1.35012012813179,0.833141263880254,0.834834719323939,1.50887458181022,0,0.904782902123063,0.671727514519024,0,1.09569597831222,0.29237849087402,0,0,0,0,0,0,1.19419226375446,0,0.766432531332141,0,0,0,0.115962914458582,0,0,0,0,0,0,0,1.19419226375446,1.45059384746291,1.51888584338873,0.421719286996265,0.789893151371754,0,0.94547859451636,0,1.38470526715468,0.574912216732978,0,0.885941375262948,1.42601338730756,0,0,0,0,0,0,0,1.59847216482109,1.86166169965612,0.688512595151078,0,0
"383","3","shrubAmbDry2_bin.6.orig",0.465085337007042,0.275349188646427,0.342048719567025,0.402827713452306,0.457756341500153,0,0,0.472741310145928,0.503288909922542,0,0.372834209421384,0.522661818426884,0.457047351375018,0.705034559201228,1.22271208455661,0.398526862753747,0,0,0,0.442566539106007,0,1.14524943553482,0.340331501319684,0,0,0,0,0,0.256644280961383,0.551059094868858,0,0,0,0.518779582634135,0.160066007514882,0.320782720170721,0.579780502111253,0.446872358548718,0.347660098207265,0.258109269216101,0.641158910253764,0,0.337036656901132,0.409629204850653,0,0,0,0.285579020802381,0.54799080170325,0.458864771561259,0,0.29449938597086,0.485648034160395,0.451976207128823,0.483641091981171,0.534700796858178,0,0,0,0,0,0.589875359073385,0,0.458864771561259,0,0.583627299144441,0.324088725348343,0.303514058383255,0,0.181648647565688,0,0,0.552270708423373,0,0.39715701480238,0,0,0.687847711697693,0.367268973778672,0,0,0,0.869398656286586,0,0,0.529117771535001,0.522094226729528,0.72200922390081
"384","4","shrubAmbDry2_bin.7.orig",0.90888752234376,0,1.33688933411126,1.57444259484588,1.3418473792593,0,0,0,0,0,0.728606846706212,1.42996795281272,0,0,0,0.934579692939751,0,0,2.00808809056163,0.864880427727226,0,0,1.330177627188,0,2.62798901097111,0,0,0,1.00308810485313,0,0,0,0,0,1.25122841255652,1.25377167821674,0,0,1.35882127486898,0.57646512960752,1.25297722159825,0,1.31729980567096,1.6010260631834,0,0,1.59678082006397,1.11617885148034,2.14180909349845,0.597820703900674,0,1.15104388785648,0,0,1.89029977433041,1.21908816385315,0,0,0,0,0,2.30551389579382,0,0.597820703900674,0,2.28109350127088,0.633346560648381,1.18627752186597,0,0.709969444685259,0,0,0.4317074015467,0,1.33052468848516,0,0,0.896145506625988,1.43546210146968,0,0,0,0,0,0,2.06804430126,1.02029647121513,2.82195598271726
"385","14","shrubAmbDry2_bin.8.orig",0.851059904431934,0,1.25183026607166,0,2.09412142918372,6.2568104480602,0,0,0,0,1.02337427582988,0.57385148295983,1.67270238053625,0,0,1.16682322744955,0,0,0,0.809852744230091,0,0,0,0,0,0,0,0,0,0,0,4.81386716554515,1.14638581748977,0,1.17161948759829,1.1740009389622,0,1.63546393101611,0,0.404840818625432,1.95542838223254,0,0,0,0,0,1.49518625651063,1.04516240273625,0,1.11956918457223,0,1.07780916462575,0,0,1.77003018056714,1.46767390690789,0,0,0,0,0,0,0,1.11956918457223,0,0,0.59305013010602,1.1108010722664,0,0,0,0,1.61696073879615,0,0.415290189522565,0,0,0,0,0,0,0,0,0,0,0,0.477690250959437,0
"386","9","shrubAmbDry2_bin.9.orig",1.37310161602751,1.08390836639527,0,0,0.225243957845663,0,0,0,0.990595002042106,0,1.10074262663562,1.33734327808469,0.899580366351316,0,0,1.72567518061367,0,1.06831973275696,1.01123954082733,0.871078605282512,1.4079589706615,0,1.33971036356296,0,0,0,2.32048410165517,0,0.673517833092895,1.62692751949656,1.52461134582548,0,0.924790493823647,1.02108441411506,1.26019535829216,0.631378425150463,1.14114906239691,0.879553505355912,0.684279643170734,2.3223854997486,0.210326116699681,1.65733117039189,0.663370126479889,0.806249919311732,0,1.83232342459254,0,0.562088981333715,0,1.20420998849808,0.689863718596299,1.1592928598093,0.955873467319002,0,0.951923316912483,0.43850884858987,0,1.37730611020047,0,0,0,0,0,1.20420998849808,1.09707183678917,1.14872049470908,1.27577089508162,0.597389498072272,0,1.0725861758049,0,0,0.434801238614731,0,1.00504493405977,1.07848184302977,0,1.35385161870287,2.16862404073008,3.51003310276854,0,0,1.71118804074614,1.20891095531926,1.4079589706615,0.781074363512546,0.513804219998516,0
"387","10","shrubAmbWet1_bin.1.strict",0,3.15396858472526,1.95898691632824,0,0,0,0,0,0,0,0,1.19735886192898,0,0,0,0.456489888883769,0,0,0,2.5346741856271,0,0,0,0,0,0,0,0,2.44976207478198,0,0,0,1.79397708970088,0,0.916732607177936,1.83719194328248,0,0,0,1.26706932781163,0.612009266820386,0,0,0,0,0,2.33981426505184,1.6355727512673,0,0.876005894706385,2.0073730987339,0,0,0,0,0.255195582109223,0,0,0,0,0,0,0,0.876005894706385,1.06409059895199,0,1.85612614919465,1.73829058634431,0,0,0,0,1.26518946592428,0,0.649886865499071,0,0,0,2.10342876101525,0,0,0,0,0,0,0,0,0
"388","7","shrubAmbWet1_bin.10.orig",0,0.51834778048004,0.643910357881157,0.758327461251307,0.430865594308964,0,0,0.889940551704428,0.947446733658476,0,1.05279655566063,0.983916440266412,0.860396507155627,0,0,1.20036970240193,0,1.02178593594444,0.967192039055354,0.833136223818353,0,0,0.640677676239768,0,0,1.88519943042908,0,3.09222575690117,0.644180790039431,1.03737461563905,0,0,0.884508533644285,0,0.903977892219412,0.603876887505042,0,0,0.654473837940423,0.763546847679393,0.402329492596639,0.792570627118623,0.634475096527152,0,0,0,0.769086627494617,1.07521109695123,0,1.15175709335238,1.31962936519191,1.10879646183923,0,0.850850024097401,0.910459507107162,0.419408310581351,0,1.31731350619295,0,3.33860426493688,4.57346457257629,0,0,1.15175709335238,0.699523771882452,0,0.610100477465486,0.571368447754789,0,1.02586654156205,0,1.00162521692721,0.415862196424322,0,0.42722989179541,1.03150540572291,0,1.29488064380901,1.38277551013098,0,3.96327219273993,2.91889280465329,0,1.15625329578686,0,0.498034920378677,0.491423971425248,0
"389","3","shrubAmbWet1_bin.11.orig",1.12815432960671,0.667912648728499,0.829705245921624,0.977136436812472,0.555188217598552,0,0,1.14672537142791,0,0,1.13047674833989,0.760690324712785,1.10865664268662,0,0,0.966703892609305,0,0,0,0.536765317570029,0,0,0.825539801332286,0,1.63099234393745,0,0,0,0.207513427248012,0.66835014381032,0,0,1.13972599049658,0,1.16481306783086,0.778120456242498,0,0,0.84331672881375,0.715535878583711,0,1.02126017858697,1.09006335960068,0,0,0,0.991000069482074,0,0,1.11306514643567,0,1.42873030350777,0,1.09635560267917,0,0.540425031548721,0,0,0,0,0,0,0,1.11306514643567,1.80273088039026,1.4157007585825,0.393069905225712,0.736231981135082,0,0.881247770730432,0,1.29063570225294,0.535855716142139,0,0.825755195809265,1.32913756682071,0,1.11233833494672,1.7817636890683,0,0,0,0,0,0,0.641738684636306,0.316610101136485,0
"390","10","shrubAmbWet1_bin.12.strict",0,0.669444034044374,0.831607588140367,0,1.39115287287424,0,0,0,1.22362357341457,0,0.453227478918223,0.508289620011129,0,0,0,0.775136275471658,0,0,0,1.07599201845706,0,0,0,0,0,0,0,0,0.62396763762331,0.669882532211771,0,0,0.761559430698744,0,0.77832249523522,0.779904525226579,0,1.08646056260555,0.845250279342544,0.268941170286894,1.55882067222988,0,0,0,0,0,0.993272227311881,0.694315362482799,0,0.743744782797167,0.852147958325741,0.716003043034506,0,0,1.17585472191549,1.19166105118083,0,0,0,0,0,0,0,0.743744782797167,0.903432084391761,0,0.393971133076571,0.737920008524793,0,0.441634144639623,0,0,1.07416864454606,0,0.413824240690765,0,0,0,0,0,0,0,0,0,0,0,0.317336022498599,0
"391","4","shrubAmbWet1_bin.13.orig",0,0,0,1.6869872322386,0.958510397619951,0,0,1.97977578933966,2.10770494882333,0,0.390344637441458,1.96995243007838,0,0,0,0.333795171840518,0,0,2.1516306666738,0,0,0,1.42526166468157,0,2.81584347532569,0,0,0,0,0,0,0,0,0,0,1.3433940495627,2.42804124914899,0,1.45595282362298,0.463254098623005,0.895028535619177,0,1.41146330801272,1.71547094566253,0,0,1.71092224317971,0,0,0.640554249452996,0,0,0,0,0,0.933022343511077,0,0,0,0,0,0,0,0.640554249452996,0,0,0.678619572980137,1.27107526170266,0,0.760719630162702,0,0,0.925133602020564,0,0.950422356458337,0,0,0.960203968601359,1.5380721059435,0,0,0,0,0,0,1.66190450989622,0,3.02367563502648
"392","3","shrubAmbWet1_bin.14.orig",0,0,1.2654253177483,1.49028006284736,0,0,0,1.74892870045355,1.86194098186978,0,1.03448826351777,1.16016718056121,1.69086816220758,0,0,0.294873772701011,0,2.00803384638499,0,0.818647858237698,0,0,0,0,0,0,0,0,0.949467582264126,0,0,0,1.73825359157289,0,1.18434343900844,1.18675075326705,0,0,1.28618487681877,0.954887375181548,0,1.55757540686224,0.415627652099589,0,0,0,0,0,0,1.13172786241567,0,1.08951432281514,0,1.67210722567429,0,0.164845894521745,0,0,0,0,0,0,0,1.13172786241567,1.37471789430388,2.15915662950382,1.19898147483697,1.12286452718454,0,0.67201771097207,0,1.96841360428738,0.817260579223169,0,1.46930104661242,0,0,0,0,0,0,0,0,0,0,0.978748034809921,0,0
"393","4","shrubAmbWet1_bin.15.orig",1.68116341676698,0,1.23641781052187,1.45611818139443,0.827335495110974,0,0,0,0,0,0.673849704047948,1.32250127233492,0,0,0,0.576228686607999,0,0,0,0.799881888147904,0,0,2.46042101982404,0,0,0,0,0,0.618468543215918,0,0,0,0,0,0.578597291055631,1.15954671319567,2.09575682642834,1.61532820189751,1.25670149555117,0.666427406522539,1.1588119625415,0,0.406100166002475,1.48070381677899,0,0,1.47677761730313,1.03229442892936,1.98084526697165,0,0,0,0,0,1.74823768024248,1.12746977623728,0,0,0,0,0,2.13224712803932,0,0,0,0,1.17149706836281,1.09712495928609,0,0.656612962597034,0,0,1.19778961486283,0,0.410177162812986,0,0,0,1.32758251808938,0,0,0,0,0,0,0.95631206779203,0.943617917231435,2.6098769348473
"394","3","shrubAmbWet1_bin.16.orig",0,0,0,1.04008216210724,0.295476322436631,0,0,0,1.29946823447342,0,1.20330043618153,0.809692902459199,1.18007471067354,0,0,0.823182054716913,0,1.40142798430937,1.32654985946794,0,0,0,0.878719889185799,0,0,2.58564063652473,0,4.24113462231012,0.220881144072838,0,1.99999395286043,0,1.21314550122849,0,1.23984865203915,0.828245858018174,0,0,0.897641980793456,0.666425962815455,0.27590701241976,1.08704829192918,0.870212756254736,0,0,0,0,0.737351566164713,0,1.18476720389989,0,0.760383528419008,0,1.16698125534313,1.24873849497755,0.345143061354044,0,0,0,0,0,1.52303036347937,0,1.18476720389989,0.959430106756738,0,0.418390903751453,0.783658987530344,0,0.469008242965252,0,1.3737765997868,0.570374771450261,0,0.439474579532752,0,0,0.591996786129558,1.89654234585254,0,0,0,0,0,0,0.68307856864054,0.337005668941423,0
"395","14","shrubAmbWet1_bin.17.orig",0.575951342471411,0,0.847171061091836,0,0.850312916039606,4.23427112284742,0,0,1.24652359580398,1.97009269480147,0.46170959681806,0.517802221706172,0,0,0,0.394821446044367,2.13159294302741,0,0,1.0961291274903,0,0,0,0,0,0,0,0,0.847526859528178,0.682419333005103,0,0,0.775811957695423,0,0.792888741713561,0.794500379276245,0,1.1067935896487,0.861069074225339,0.365299178526769,1.32332823575475,0,0,0,0,0,0,0.707309421841918,0,1.13649586501387,0,0.729402985690579,0,0,1.1978607538714,0.993242370592096,0,0,0,0,0,0,0,1.13649586501387,0.920339747344141,0,0.401344272957374,0.751730125528059,0,0,0,0,1.09427162927482,0,0.421568929975112,0,0,0.567876876843895,0.909635465427372,0,0,0,0,0,0,0,0.323274942096155,0
"396","3","shrubAmbWet1_bin.18.orig",0,0,0,0,0.496437548135982,0,0,0,2.18327079098167,0,0.404339348265058,0.680193180836271,0,0,0,0.345762460375185,0,2.35457605090811,2.22877134209503,0.959928362066132,0,0,0,0,0,0,0,7.12564193249631,0.742216450297856,0,0,0,0,0,2.08310236096844,1.3915576707386,0,0,1.50815192355929,0,1.39067590556497,0,0,0,0,0,1.77226255565821,0,0,1.32703904657116,0,2.55508076842452,0,0,2.09803842012628,1.54635718329225,0,0,0,0,0,2.55888340949724,0,1.32703904657116,0.805981890322715,0,0.702949572094103,0,0,0,0,0,0.958301669393886,0,0,0,0,0,0,0,0,0,0,0,0,0,0,3.13208103394248
"397","8","shrubAmbWet1_bin.19.orig",0.487905380224066,0,0,0.845186003762412,0.960433555213233,0,0,0.991874008149517,1.05596692657974,0,0.977819564678755,0.986952473712921,0.958945999837675,1.47925607326972,1.28270611230024,1.00339469785568,0,0,0,0.464281666944266,1.50087382223295,2.40288530656278,0.714060656576208,0,0,0,0,0,0.717965015714379,1.73429267156523,0,0,0,0,0.671679453582209,0.673044719325718,1.21645643850865,0.937597514522527,0.729437025454893,0.773639287955515,0.896824323050126,0,0.942863514284792,0.859456435370327,0,1.95324318331741,0.857177520865053,0.599182686021737,1.14975742810944,0.320919729528598,0.735389608450737,0.617898796003928,0,0,1.01474319699519,0.747915489448478,0,0,0,0,0,1.23763678814561,1.95410468877201,0.320919729528598,0,1.22452752920869,0.679981156942052,0.636812775099762,0,0.381122969939524,0,0,0.695242344247477,0,0.952329286186159,0,0,0.48106526208979,0.77057904877905,0,0,0,0,1.28869011388651,1.50087382223295,1.11015930609821,0.821567232729387,0
"398","3","shrubAmbWet1_bin.2.orig",0.553969307269708,0,0.407418762007038,0.479813426942839,0.545239643612577,0,0,0.563088438316748,0.59947408916505,0,0.444087766878975,0.498039533739816,0.544395156080441,0.839776005142029,1.45638856479766,0.4746906266897,0,0.646510427986499,0,0.527146868716685,0,0,0.405373360599563,0,0,0,0,0,0.407589871438315,0.328186894703747,0,0,0,0.617925234682573,0.19065674241866,0.382088548352528,0.690584238131315,0.53227558730682,0.414102549455953,0.307437370499963,0.636410727775929,0,0.401448827756079,0.487914773466878,0,0,0,0.340156955587403,0.652719104763186,0.54655990934501,0,0.350782120734031,0.578461808303915,0.538354848976356,0.576071312882344,0.530741003250191,0,0,0,0,0,0.702608356015329,0,0.54655990934501,0,0.695166209047439,0.386026374924019,0.361519616488454,0,0.216364110952222,0,0,0.657816958366103,0,0.4730589826444,0,0,0.819304523355579,0.43745894096581,0,0,0,1.03555225899758,0,0,0.630239188462949,0.466405013387614,0.859994753179274
"399","6","shrubAmbWet1_bin.20.strict",1.0576907899478,1.2523908095022,0.777882576835579,0,0.520511643691728,0,0,1.07510190062525,1.14457283932794,1.80896261973588,2.33170993533251,1.4263565353361,1.03941091161959,1.60338006925976,1.39033765170479,2.71897322109114,0,1.23437908258266,1.16842636001531,1.0064788439985,0,2.60451079355304,1.54795460459545,0,1.52912197860324,0,2.68117956518209,0,0.972761594006573,2.50642229708025,5.28478964672455,0,1.06853969494814,1.17980151792397,0.728039903479665,0.729519728319962,1.31852898485402,1.01627108040191,0.790643898327429,3.10265409675869,0.243019155234483,1.91494630953278,1.27747368605936,0,0,0,0.929103065796179,2.59783980332554,1.24623327767666,0.347848021351042,2.39128788308646,0.669746524780131,0,0,0,0.608004664105421,0,1.59139422460852,0,0,0,0,2.11807310974804,0.347848021351042,1.690133875219,1.32727731869526,1.47407640125914,0.690247570988866,0,1.65241160061594,0,0,0.753579950229875,4.07696513468004,0.774179243422739,1.24612078871336,1.75902940769873,1.56429397286784,1.67047627645763,4.05563176302003,0,0,3.954349356464,0,0,0.902484365587198,2.37467927348732,1.6419836223856
"400","7","shrubAmbWet1_bin.21.orig",0,0.871014266299466,0,0,0.362006063914416,0,0,1.49542632549735,0,0,1.47423675445939,1.15733818492957,1.44578150158712,0,0,1.26066317706793,0,0,0,0.699987116800816,0,0,1.07657332995162,0,0,3.16782604374746,0,5.19607269541169,0.811844883874268,0.871584796680089,0,0,0,0,0.506338067602181,1.01473451592345,0,0,1.09975593845111,0.816479092807637,0,1.33180916224029,0.355383574180695,0,0,0,1.29234743505138,0,0,1.451530561237,0,0,0,0,0,0.845711629939114,0,0,0,0,0,0,0,1.451530561237,1.76318451010139,0,0,0.960108421505948,0,1.7238318107436,0,1.68309749994674,0.698800920040136,0,1.07685422246457,0,0,2.17587410689436,1.1617848496411,0,6.65974998080922,4.90480980220919,0,0,0,0.418440607928725,0.825772398439766,0
"401","11","shrubAmbWet1_bin.22.orig",1.22852610846991,1.45467354174195,0,0,0.604583258278567,0,0,2.49749882808174,0,0,0.984844122054044,0.828368867489881,0,0,0,0.842169153678859,0,0,0,1.1690425493218,0,0,0,0,0,0,0,0,0,0,0,0,2.48225459776395,2.74071965333755,1.69126182799951,1.69469951218764,0,0,1.83669306914473,0.973996293456471,1.129083773448,0,0.593523094319337,2.16407670983262,0,0,0,0,0,0.808062961445363,1.85168143352774,1.55584429697073,0,2.38779650392012,0,1.17701318605892,0,0,0,0,0,0,0,0.808062961445363,2.94467950215171,0,1.7121651829034,1.60346893501759,0,0.959652297528004,0,2.81092686546511,1.75059223825244,0,1.19896340495663,2.89478160874792,4.08628603645286,0,0,0,0,0,0,0,0,0,0,0
"402","3","shrubAmbWet1_bin.3.orig",0.441843726935465,0.5231784450704,0.649911184126236,0.765394580573343,1.08720245438371,0,0,0.898234219532355,0,0,0.354202645217534,0.893777312095288,0,0,0,1.06011182222452,0,1.03130831710545,0,0.840900512211023,1.35918091940437,0,0,0,0,0,0,0,0.325092068268276,0.523521136584131,1.47179192997351,0,0.892751578592585,0.985709443020435,0.912402378942148,0.609504627812344,1.10161451017095,0,0.660573108957516,0.56048189693991,1.21823682633157,0.799956870501851,0.640387992265649,0,0,0,0,0.542615682953661,1.04121234915325,0.871868040952441,0.665963726815774,1.1191297245787,0,0,0,0.931297231885437,0,0,0,0,0,1.12079528783955,0,0.871868040952441,1.05906431852852,1.10892363390659,0.615786217588316,0.576693230521414,0,0.345142317105539,0,1.01095971328358,0.839475523893813,0,0.646817095281432,1.0411183660284,0,0,0,0,0,0,0,1.16702882539031,1.35918091940437,1.00535256461665,0.248001861802592,1.3718568227632
"403","10","shrubAmbWet1_bin.4.permissive",0,1.83752122497733,1.14131765789913,0,0.381850132512375,0,0,0,0,0,0,0.697588534446633,0,0,0,1.06381511074504,0,0,0,1.47671655229808,0,3.82136616423955,0,0,0,0,0,0,0,0,0,0,0,0,1.60228192963914,1.07035916796647,0,1.49108382655045,0,0.615168562195862,0.356560310432908,0,0,0,0,0,1.36318998082603,0.952894603961329,0,0.510366346869769,0,1.96531856558013,0,1.50811389324706,0,1.18942795034083,0,0,0,0,0,0,0,0.510366346869769,1.23989127243857,0,1.08139035115904,1.01273863761842,0,0.606109004771732,0,0,1.10566058354832,0,0.757256058270195,0,0,0,1.22547035259389,0,0,0,0,0,0,0.441378246149815,0,0
"404","3","shrubAmbWet1_bin.5.orig",1.12801246301582,1.33565731602396,0.829600909616217,0.977013560880089,0.277559201048774,0,0,0,1.22067095588025,0,0.904267671761935,0.760594667106152,1.10851722795033,0,0,1.54653172572848,0,0,1.24611040271847,1.07339563753607,0,0,1.65087197767181,0,0,2.4288523132914,0,0,1.03743666108381,0,1.87871812902157,0,0.759721779171459,1.25824184984054,0.776444394243447,0.778022606778529,0,1.08383892096902,0.843210680850084,0.626015161796552,0.777529610150811,0,0.544963141494622,0,0,0,0,0.692639971653336,0,0.741950118216935,0.850091715655812,0.714275319586363,1.17788498493076,1.09621773481156,1.1730173711606,0.864571316054169,0,1.69719972603562,0,0,0,1.43067670321035,0,0.741950118216935,1.35187813881763,0,0.786040952545247,0.736139399190817,0,0.440568476449219,0,1.29047340345893,0.803682497585224,0,0.550434237484539,0,0,1.11219845723376,1.78153963041453,0,0,0,0,0,0,0.641657985323241,0.316570287084001,0
"405","6","shrubAmbWet1_bin.6.strict",2.51449830687459,0,1.23286467777401,0,0.824957955078693,0,0,0,1.81403140624037,2.86702155787879,1.34382648192125,1.50708658152629,0,2.54119414845183,2.2035436092926,2.58557742048918,0,0,0,0.797583242409377,2.57833098916571,0,2.4533504305583,0,0,0,0,0,0.92503684606835,3.97242412887798,2.79195115858283,0,1.69352661433812,1.86986527471752,1.15386911564649,1.15621448733782,2.08973418412397,0,1.25309007293972,3.05675645637522,0.38516061605324,3.03499491460608,1.21479942955034,1.47644867165207,0,0,0,4.11731156785173,1.9751528496297,1.10260738967014,1.26331593535161,1.06148004602737,0,0,0,0.963625483613145,0,0,0,0,0,0,3.35693020992199,1.10260738967014,1.33934504867259,0,1.75219575059021,1.09397211678563,0,1.96417809982715,0,0,1.59246331890096,0,1.2269952714,1.97497456607686,2.78788250116045,2.47924666554291,1.32376740245423,6.42776338689302,0,0,3.13362054270134,2.21382344527918,2.57833098916571,1.43034582558972,1.41135931911838,0
"406","4","shrubAmbWet1_bin.7.orig",1.94485922221866,1.15143472876531,1.43035385931322,0,0.478552843669938,0,0,0,0,0,0.779545163924188,1.09281413192963,0,0,0,0.999917971161615,0,0,2.14847742209356,0.925345895190713,0,0,1.42317292394683,0,0,0,0,0,1.0732159389705,0,0,0,0,0,0.669352108330017,1.34142528695324,2.42448292102695,1.8686975454247,1.4538191045692,0.30838346221146,0,0,0.469798262987012,1.71295689920198,0,0,1.70841486290573,0,0,0,0,0,0,1.89004043927661,2.02245429631603,1.49064797812442,0,0,0,0,0,0,0,0,0,0,0.677625046585023,0,0,0.759604784995245,0,0,0.46188890294865,0,1.42354424897212,0,0,0.958796776369525,1.53581803994267,0,0,0,0,0,0,2.21262528772015,0.545813687793531,0
"407","3","shrubAmbWet1_bin.8.orig",1.16642852258155,0.460381671564096,0.571902761162064,0.673524759535992,0.574023744281442,0,0,0,0,0,0.779219821717471,0.61172050649242,0.764179566478283,0,0,1.19940078796474,0,0.907521040671071,0.859032303083117,0.739967762583797,0,0,0.569031585797295,0,0,1.67438020899569,0,0,0.572142951269478,0.460683230035032,2.59026737550158,0,0.785595178694016,0,0.802887306069958,0.536346177909795,0,0.747167058729296,0.581284941988063,0.616509517512444,0.893343867266295,0.703938559952079,0.375681754611994,0,0,0,0,0.477485870239713,0.916236298098731,0.767218278694539,0,0.492400650440863,0.811999682503808,0.755700653297959,0,0.596010343216279,0,0,0,0,0,0.986266947651674,0,0.767218278694539,0.93194550702952,0,1.08374758498046,0.50747311160998,0,0.607430211904741,0,0.889614866726444,0.554035361025872,0,1.13836010763719,0.916153595708128,0,0,0.614070827275885,0,0,0,0,0,0,0.221170185130228,0.654703071753968,1.20719372741999
"408","1","shrubAmbWet1_bin.9.strict",0,0.983645676781984,0.610960115598806,0,0.408817298999154,0,0,0,0,1.42078514698673,0.665948499896791,0.373426949715681,0.816368214983165,0,0,0.42710410103941,1.53725537933649,0,0.917698795732941,0.790502897466296,0,2.04562007543698,0,0,0,0,0,0,0.764020886471087,0.492144991405061,0,2.34942461422354,0.559497585700878,0.926633007653591,0.857719449251461,0.572975241789203,0,0.798193860168324,0,0.263445292917849,0.954353623517185,0.75201312735209,0,0,0,0,0.72973085319794,0.510095146044912,0,0.546409634729149,0.626050582691538,1.0520570234807,0,0,0.86386938632363,0.716303355278088,0,0,0,0,0,0,0,0.546409634729149,0.663727674671597,0,0.289440178805134,0.542130327020155,0,0.324456933666003,0,0,0.986454141057124,0,0.304025732251186,0,0,0,0.656007994883617,0,0,0,0,0,0,0,0.233138388531256,0
"409","3","shrubAmbWet2_bin.1.orig",0,0.55065170205575,0.684039457466607,0.805587142414181,0.686576315549487,0,0,0.945402484545504,1.00649250588677,0,1.11840782795689,1.04523503893772,0.914017227332012,0,0,0.796986170066698,0,0,0,0.885058057478347,0,0,1.36121062412511,0,0,0,0,0,0.855408429014409,0.551012389058615,0,0,0.626421292004634,1.03747122544124,0.960314645334064,0.641511063535045,0,0,0.69526126354607,0.884871061000608,0.641104567903413,0.841964374609816,1.12336030290676,0,0,0,0.817016830024867,0,1.09588871190126,0.917651759628343,0,1.1778977009986,0,0.903875798463946,0.967200200562455,0.623764723772319,0,0,0,0,0,0,1.8625504979949,0.917651759628343,1.1146781276621,0,0.648122513479793,0.606976667220903,0,1.08979951003174,0,1.06404744322845,0.441779119936858,0,0.567319075979179,0,0,0.458526274780318,0.734475690731689,0,0,0,0,1.22831208950672,0,0.264536462696669,0.783074963817838,0
"410","1","shrubAmbWet2_bin.10.strict",0.46664664188819,1.1050941752356,0.686393973954464,0,1.14823260683036,0,0,0,0,0,0.748171649216678,0.419533127372514,0.917163345013452,0,0,0.319891783134768,0,0,1.03100498250853,0.888104495467114,0,0,0,0,0,0,0,0,0.686682248559042,0,0,0,0.628577482330016,0,0.963620122293452,0.643719194016041,0,0.896745043872484,0.697654406354601,0.44395842766655,1.07218549865857,0,0,0,0,0,0.819829064869147,0.573075435612501,0,0.613873591766551,0,1.18195211559082,0.974556737217101,0,0,0.804743704266778,0,0,0,0,0,0,0,0.613873591766551,0.372838311871534,0,0.65035340108062,0.609065927650424,0,0.364516894622185,2.33725569514896,0,0.886599515374792,0,0.341563099155461,0,0,0.460104557527463,0.737003812618345,0,0,0,0,0,0,0.26544701757221,0.2619234560483,1.44886605935078
"411","3","shrubAmbWet2_bin.11.orig",0.466987961671566,0,0.68689602373147,0.808951294919288,0.689443475798571,0,0,0.949350509494346,1.01069564432677,0,0.187179721273911,0.734719977030455,0,0,0,0.640251523753091,0,0,0,0.444377041278393,1.43652854709022,0,0.683447537248403,0,0,0,0,0,0.858980636486262,0,0,0,0,1.0418037318062,0.321441647949218,0.644190030139424,1.16430466993524,0.897400950926437,0.698164692360056,0.59237753678465,0.643781836971641,0,0.676830890553214,0,0,0,0.820428713197686,0.573494600706564,1.10046517118338,0.307161298946787,0,0.591408315958056,0.975269558149635,0.907650406909899,0.971239253330739,0.715850949952097,0,0,0,0,0,1.18457697826665,0,0.307161298946787,0,1.17202973784236,0.650829089668194,0.60951141730325,0,0.364783513550387,0,0,0.665436001256617,0,0.569688214946482,0,0,0.920882184456093,0.737542879996292,0,0,0,0,1.23344155219971,1.43652854709022,0.531282347457862,1.04846013985267,0
"412","3","shrubAmbWet2_bin.12.orig",0,0.924030964819443,1.14786468015574,0,0.768081133574267,0,0,0,1.68896280139697,0,0.625588104949382,1.22778278269346,0,0,0,1.87235571177786,0,1.82148333567724,0,1.48518754726402,0,0,2.28420390173507,0,0,0,0,0,0.861260073864451,0,0,0,1.57676622629202,1.74094719736255,0,1.0764991459531,0,1.4996372375411,1.1666956331155,0.86617635677457,0.358605672889252,1.41287341982199,1.88507490426263,0,0,0,1.37100974518583,0.958360761553094,0,1.53988199373946,0,0,0,0,1.62302764372242,0.747656844446933,0,0,0,0,0,0,0,1.53988199373946,0,1.95856649868651,1.63139041216829,1.01854808282829,0,1.82875761385085,0,1.78554389627675,0.741335375716335,0,0.761599960454775,1.83880971648786,0,2.30831471780736,1.23250010598263,0,0,0,0,0,0,1.33173046742409,0,0
"413","3","shrubAmbWet2_bin.13.orig",0.26779422578664,0.317089862557558,0,0.463893083981399,0.395361330438274,0,0,0.54440500731578,0.579583372148619,0,0.214676405627601,0.541703748921119,0,0,0.704032593568623,0.550728311598621,0,0.625059032165268,0,0.254827994495925,0.823777231240466,0,0.78384591948836,0,0,0,0,0,0.295549444602601,0.634595124510915,0,0,0,0.597422303525861,0.184330698675875,0.369410744043947,0.667670461030774,0.51461453527266,0.400362511686375,0.297236513036036,0.615294442816821,0,0.129376214664005,0.471725625574459,0,0,0,0,0.63106170331962,0.176141633177526,0,0.339143072401412,0,0.520492085349113,0.556957106492229,0.513130869141859,0,0,0,0,0,0.679295615339004,0,0.176141633177526,0,0,0.373217912434528,0,0,0.209185089571237,0,0,0.635990408722076,0,0.326687681445334,0,0,0.528079847592662,0.845887863259159,0,0,0,1.00119234701517,0.707317003080905,0.823777231240466,0.609327676894799,1.0521689857405,0.831459888069541
"414","4","shrubAmbWet2_bin.14.orig",0.793083005244938,0,0,1.37383739352705,1.17087794249695,0,0,1.61227658290283,1.71645867726754,0,0.317886258432562,1.2477707676041,0,2.40450894715859,0,0.543667764746225,0,0,0,0,0,0,1.16069507408293,0,2.29314780028782,0,0,0,0.583520776161553,0,0,0,0,0,0.545902526596059,1.09402427253814,1.97733201375837,0,1.18568913509218,0.503015704549552,1.45777472053027,0,1.14945806054862,1.39703376980097,0,0,0,0.973962625914521,0,0.521650290923312,0,0,0,1.54145753532328,0,0.911794204496121,0,0,0,0,0,0,0,0.521650290923312,0,0,0.552649674830264,1.03512978115255,0,0.619509770990235,0,0,0.753404123146593,0,0.967498262578643,0,0,0.781964494021162,1.25256488769158,0,0,0,0,0,0,1.35341069365232,0.890296952856669,0
"415","3","shrubAmbWet2_bin.15.orig",0,0,1.39988597758115,1.6486331776268,0.46835921826141,0,0,1.93476511747897,2.0597857771972,0,0.76294011916229,1.92516509461905,0,0,0,1.63103129742621,0,2.22140207299205,0,0.905635157800553,0,0,1.39285800288813,0,0,0,0,0,0.700236953766928,1.12764623224136,0,0,1.92295570050145,2.12318369179751,0.655094279233446,0,0,0,1.42285139105592,1.05635111605362,0,3.44615828450716,1.37937335512894,0,0,0,0,0,0,1.87797329026023,0,0,1.98758783228765,0,0,0.547085915619511,0,0,0,0,0,0,0,1.87797329026023,0.760395843347853,0,0.66319099612708,1.2421770643296,0,0.743424489048436,0,2.17757189150057,0.904100470283088,0,0.464407139447111,2.24253257553153,0,1.87674700753304,1.50310367202716,0,0,0,0,0,0,0.541373572307507,1.06837468636032,0
"416","3","shrubAmbWet2_bin.16.orig",0,0,0,1.46213314776381,0.415376535771607,0,0,0,1.8267745081218,0,0.338316628927682,0.758836737664467,0,0,0,0.578608985278332,3.12383950301663,0,0,1.60637211718209,0,0,0,0,0,0,0,5.96212851381354,0,0,0,0,1.13694880079666,0,0.580987374011523,1.16433659534447,0,0,0,0.535344240106529,0.387866269855151,0,0.815555387758412,0,0,0,1.48287792414404,0,0,1.6655293825017,1.27219040335544,0,0,0,1.75545934053537,0.970394703633802,0,0,0,0,0,2.14105506336369,0,1.6655293825017,0,0,0,1.10165698822264,0,0.659325314477662,0,0,2.00456245277778,0,0.20593576602081,0,0,0,0,0,0,0,0,2.22937498292822,0,0,0,2.62065787432867
"417","3","shrubAmbWet2_bin.17.strict",0.506053715752575,0.599208226776976,0.744358128420988,0.876623900949026,0.498079124610091,0,0,0,1.09524512040038,0,0.405676382428088,0.341221192221225,0,0,0,0.34690579758389,1.87290218764362,1.18118097902514,1.11807062458809,0.963102569621372,0,0,0,0,0,2.17928396796111,0,3.57460219251039,0.93083843381621,0,0,0,1.02248878064696,0,0.348331763756978,0.698079576261308,1.26170426830657,0,0.756569474535069,0.401207951572773,0.930182981069775,0,0.488967332797425,0,0,0,0.889061459609509,0,0,0.998570387838372,1.52548694466711,0.640882421778646,1.05685547437966,0,1.05248801548004,0.872702180229709,0,0,0,0,0,0,0,0.998570387838372,0.404323520542369,1.27007557472065,0.352637012277086,0.660499933265642,0,0.395299381630062,0,0,1.20183812242923,0,0.123469066295493,0,0,0.49895916968209,0.799241834014292,0,0,0,0,1.33662477812068,0,0.287863315664965,0,0
"418","14","shrubAmbWet2_bin.18.strict",0,0.600577688926472,0.746059323826841,0,1.24804365241212,3.7289015122161,0,0,0,0,0.813207073344791,0.456001382889856,0.996888508617493,0,0,0.695397268855164,0,0,1.1206259222833,0.96530369513374,0,0,0,0,0,0,0,0,0.559779492700474,0.600971078369922,0,0,0.683217087029705,0,0.698255719158249,0.699675004218244,0,0.974695330179225,0.758298578396697,0.241274936057429,1.39846330562201,0,0.245042422290807,0,0,0,0.891093367655999,0.622890480130001,0,0.667235048917974,0.764486686576045,0.64234712833587,1.05927086773538,0,1.05489342721437,1.06907374433997,0,0,0,0,0,0,0,0.667235048917974,0.810495165769249,0,0.35344294754173,0.6620094747204,0,0.396202819728322,0,0,0.963667893432886,0,0.371253747074752,0,0,0,0,0,0,0,0,0,0,0,0.284691363748406,0
"419","10","shrubAmbWet2_bin.19.orig",0,1.18384643158095,0,0,0.984047227599376,0,0,2.03252138068148,0,0,0.400744279077558,0.674145435158133,0,0,0,0.342688211052623,0,0,2.20895485079303,0.95139342998129,0,0,0,0,0,0,0,0,0.735617242225797,0,0,0,1.34674351942879,0,1.37638736286403,1.37918502848607,0,0,0,0.317064139353423,2.29718517213101,0,0,0,0,0,1.75650498337803,1.22782894830102,0,0.657620026727293,0,1.26618149448071,0,0,0,1.14945613865033,0,0,0,0,0,0,0,0.657620026727293,1.59763145967783,0,0.696699494386243,1.3049395086944,0,0.780986878077501,0,0,1.42467180088169,0,0.487871851595773,0,0,0.98578591904512,0,0,0,0,0,0,0,0,0.561177781475542,0
"420","10","shrubAmbWet2_bin.2.permissive",0,0,1.23339309207161,0,1.23796730661558,0,0,1.70465735702489,0,0,0,0.753866264610868,0,0,0,0.574819025953555,0,0,0,0.797925092083892,0,0,0,0,0,0,0,0,0.925433323235784,0,0,0,0,1.87066671186108,0,1.15671004883555,0,1.61137653363949,0,0.26591883506601,1.54130279419099,0,0,0,0,0,0,1.02976906899139,0,0.551539987398175,1.26385740126808,0,0,0,0,1.28538466684877,0,0,0,0,0,0,0,0.551539987398175,0.669959550595501,0,0.584315584588257,1.09444100077437,0,0.655006653365849,0,0,1.59314585965444,0,0.204586861671597,0,0,0.826769762583446,0,0,0,5.59106120548128,0,0,0,0,0,0
"421","3","shrubAmbWet2_bin.20.orig",2.49523472427525,0.738639559390343,0.917564772037315,1.08060781379932,0.613978461414647,0,0,1.26815493718482,1.35010057773801,0,0.75011142449638,0.841241691331927,0,0,0,0,0,1.45603307651534,0,1.18720943051674,0,0,0,0,0,0,0,0,0.45897506735902,0,2.07792150634878,0,1.2604143746173,0,1.28815798418041,0.86051754229497,0,0,0.93261760828054,1.08804537876383,0.286657424158456,1.12940392695126,0.904119634329192,0,0,0,0,0,0,0.820620232202641,0.94022824980674,0.790011032041098,0,0,0,0.478121572270355,0,0,0,0,0,0,0,0.820620232202641,1.49521986040284,0,0.869386085615347,0.81419339368695,0,0.97456526137843,0,1.42730428636196,0.888898190852165,0,0.608797627611906,1.46988320792331,0,0.615063286480752,0,0,0,0,0,0,0,0,0,0
"422","13","shrubAmbWet2_bin.21.orig",0,0,0,0,0.514172983221905,0,0,0,1.13063451787172,0,0.418784537374475,0.352246680645905,0,0,0,0.179057483065884,0,1.219347123182,0,0.497111098320533,0,0,0,0,0,0,0,0,0,0.618974928477729,0,0,0,1.16543419044046,0.719174015823609,0.720635819727524,0,1.00389518564136,0.781015634897067,0.497006067894963,0.240059728809804,0.945813286422254,1.00953354509416,0,0,0,0,0,0,1.03083604572636,0,1.32318103858846,0,0,0,0.500500446283109,0,0,18.4761245835252,3.98411972868974,0,0,0,1.03083604572636,0.834775924033342,0,0,0,0,1.63228894587875,0,1.19528835130997,0.744403042279277,0,1.40204438446846,0,0,0.515081464179411,0,0,0,3.48325751904278,0,0,0,0.594329424632968,0.293220127984143,0
"423","10","shrubAmbWet2_bin.22.orig",0.70855289229254,1.67796701793568,1.04221565493262,0,1.39477448084016,0,0,0,0,0,1.13601843107396,0.477762053975449,1.39261420201046,0,0,0.728582061290392,0,0,0,1.3484914546369,0,3.48955228374489,0,0,0,0,0,0,0.521326684505568,0.839533058612696,0,0,0.954427511430823,0,0.487717945752704,0.977418577145946,0,1.36161120095897,0,0.112350545267667,1.62799872099085,0,0,0,0,0,0,0,0,1.39815184522131,0,0,0,0,1.4736448014468,1.35768559007215,0,0,0,0,0,0,0,1.39815184522131,1.13223000240658,0,0.49374595463003,0.92480130766043,0,0,0,0,1.34620630372926,0,0.345751295995244,0,0,0,0,0,0,0,0,0,0,0,0.39770268482238,0
"424","11","shrubAmbWet2_bin.23.orig",0.640732216467923,0,0,0,0.945952963747809,0,0,1.30255917941857,1.38672795342723,0,0.513640982351615,0.864064046926706,0,0,0,1.53730325033442,0,0,1.41562811843923,1.21941767229542,0,0,0.937726218494459,0,0,0,0,0,0.235713385479496,0,0,0,1.29460862027902,1.42940989702473,0.882069930960897,0.883862839548018,1.59748767214737,0,0.957918934771422,0.30479000794627,0.588868517935139,0,0.619098552527739,1.12866438681114,0,0,1.12567164682242,0.786864966128477,0,0.842883140639745,1.93147209638775,0.811443532216516,1.33812148692259,1.24534443011275,0,0.736639062677904,0,0,0,0,0,0,0,0.842883140639745,1.02385615369689,0,0.446485990422794,0,0,0.5005023005978,0,1.46602614988935,0.913013437169858,0,0.781642403268271,1.50976021069157,2.13118393757156,0.631749564849971,1.01194789379285,0,0,0,0,0,0,0.364473759493149,0.719271420703706,0
"425","3","shrubAmbWet2_bin.24.strict",0,0,1.27961389013571,1.50698981746713,0.428119840371542,0,0,0,1.88281798190433,0,0.697391637216586,1.17317554683301,0,0,0,0,0,0,0,0.827826941533638,0,0,0,0,0,0,0,0,0.960113480786548,0,0,0,1.17182916508149,1.94076902465166,0,0,0,0,0,0.827652036937339,0.399765589135724,0,0.840575748393415,0,0,0,0,0,0,1.14441735303476,0,0,0,1.69085571606581,0,0,0,0,0,0,0,0,0,1.14441735303476,0.695065954464826,0,0,0,0,0,0,0,0,0,0.424507306903333,0,0,0,0,0,0,0,0,0,0,0,0,0
"426","10","shrubAmbWet2_bin.3.permissive",0,0.579927826697318,0,0,1.20513175283031,0,0,0.995666055638941,0,0,0.785246304341932,0.440322535828769,0.962612159794788,0,0,0.503615395128088,0,1.14317475543808,0,0.466056668723782,0,0,0,0,0,0,0,0,0.720709877877281,0.580307690100824,0,0,0.659725806917408,0,1.011371041141,0.675617846070868,0,0.941182056784773,0.732225746419797,0.15531939984254,1.35037947712475,0,0,0,0,0,0,0.601473429787142,0,0.644293284532342,1.47640217363905,1.24052218718598,0,0,0,0.844621712650479,0,0,0,0,0,0,0,0.644293284532342,0.782627641185632,0,0,0.639247382988677,0,0.382580046533373,0,0,0.697900335045084,0,0.119496268711516,0,0,0,0,0,0,0,0,0,0,0,0.27490272599574,0
"427","3","shrubAmbWet2_bin.4.orig",0,0,1.14808184533442,1.35208570638004,0.768226447285455,0,0,1.58674973671929,1.68928233724026,0,1.25141292064514,1.40344579157017,1.5340731789204,0,0,0.267529991975897,0,1.82182794315659,1.72448790021852,0.742734265374919,0,0,0,0,0,0,0,0,0.861423016152921,0,0,0,1.57706453560078,1.74127656816359,1.07451872654644,0,1.94602531942053,0,1.16691636093299,0.742577339294933,0,1.41314072215647,0.754172617066955,0,0,0,0,0,0,1.02678221659937,0,0.98848315796436,0,1.51705195267083,0,0.598238635260096,0,0,0,0,0,0,0,1.02678221659937,1.2472396709393,1.95893704100826,0.543899685286055,0,0,1.21940239837005,0,1.78588170435289,0.741475629382219,0,1.33305208398092,0,0,0,0,0,0,0,0,2.06158109005911,0,0.887988278851175,0,0
"428","14","shrubAmbWet2_bin.5.orig",0,1.08546213992039,0.674200161844331,0,1.12783421582213,3.36974007662314,0,0.931803715606168,0,0,0.734880354620785,0.412080107207312,0.900869907238987,0,0,0.628417789624828,0,0,1.0126891442023,0.872327289135455,0,2.25736075190424,0,0,0,0,0,0,0.843104144051041,0.543086568803212,0,2.59261188203438,0.617410782144651,0,0.631000918868598,0.632283500811604,0,0.880814337906818,0.685260552282889,0.290714327478251,0.842510469674618,0,0,0,0,0,0.805264773866057,0.562894731160025,0,0.602968106693239,0,0.580477348185786,0,0,0.953287890979462,1.05392987360514,0,0,0,0,0,0,0,0.602968106693239,0.73242965335891,0,0.319399925481903,0.59824585089237,0,0.358041239688351,2.29573426885235,0,0.870849045065258,0,0.447326958896915,0,0,0,0,0,0,0,0,0,0,0,0,0
"429","3","shrubAmbWet2_bin.6.orig",0.894042894982467,0.529309281889481,0.657527131331853,0.774363813384669,0.439977109776289,0,0,0.90876012608901,0,0,1.07506004624227,0.502361661464398,0.878591313579087,0,0,1.07253468225111,0,1.04339364489735,0.987645250776425,0.425377278491489,0,0,0.654226088166208,0,0,0,0,0,0.164450820579862,0.529655989214203,0,0,0.903213237133564,0.997260423002747,0.615396209512079,0.616647073088523,0,0,0.668313997322185,0.354406170084805,0.410837555071748,1.61866223907949,0.431928228326462,0,0,0,0,0.548974293938132,1.05341373678078,0.882084976946681,0,0.56612209126679,0,0,0,0.770899569929807,0,0,0,0,0,0,0,0.882084976946681,0.357158301147563,1.12191849236905,0.311501136658307,0.583451177306701,0,0.349186847696337,0,1.02280658712023,0.424656435010656,0,1.19972743840235,0,0,0,0.706008533116475,0,0,0,1.6712625183205,0,0,0.254283432850228,0.501816114998087,0
"430","11","shrubAmbWet2_bin.7.orig",0,1.9133153529866,1.18839476127414,1.39956186641697,0.397600697692571,0,0,1.64246571987301,0,0,0.971515596947011,0.907953357818106,0,0,0,0.830771540129858,0,0,0,0.768814099427943,0,0,0,0,0,0,0,0,0.891670401197665,0,0,0,1.63244043960409,1.80241849476529,0.556124300156837,1.11450937352056,0,0,1.2078906184375,0.25621722105301,0.371267720309117,0,0.390327044566109,1.42319258416057,0,0,0,0.99219962782187,0,0.531417952533125,0,0,0,0,0,0.619244754216807,0,0,0,0,0,0,0,0.531417952533125,1.29103434308361,0,0,1.05451210988976,0,0.631109806324816,0,1.84858986346056,1.15126690290134,0,0.788491377806181,1.90373645241674,0,0.796606419275279,1.27601858872499,0,0,0,0,2.13396995808643,0,0.459584228662804,0.453483676771422,0
"431","7","shrubAmbWet2_bin.8.orig",0,0.464508624278006,0.57702941106594,0.679562369210612,0.386112938066086,0,0,0.797505221260134,0.849038416680046,0,0.628963922332417,0.79354811644889,0,0,0,1.0756910709087,0,0.915656239470371,0.86673283921111,0.746600980530174,0,0,0.574132497915121,0,0,1.68938968564179,0,2.77104597798213,0.577271754285168,0.929625771957905,0,0,0.79263740985785,0,0.810084547296988,0.541154091541544,0,0,0.586495695623721,0.684239634360741,0.360540791627312,0.710248804972369,0.568574160679428,0,0,0,0,0.963532296773274,0,1.03212770090399,1.18256360703325,0.993629255277759,0,0.762474904000503,0.815892937200422,0.375845686420197,0,0,0,2.99183392408532,4.09843316937559,0,0,1.03212770090399,0.626866434396535,0,0.546731256756603,0.512022201342592,0,0.919313005396719,0,0.897589551027186,0.372667896004873,0,0.382854864555496,0.924366178444797,0,1.16038545762251,0.619575480096988,0,3.55161955585878,2.61571657517048,0,1.03615689691093,0,0.446305597167333,0.440381306721476,0
"432","3","shrubAmbWet2_bin.9.orig",0.501174326408391,0.296715319031612,0,0.434085729830338,0.493276626579681,0,0,0.509424376185433,0.542342362462876,0,0.40176483518322,0.563218540655714,0.492512621309848,0.759742765867848,1.31759024980781,0.429451148216341,0,0.584895993352176,0,0.476908148845783,0,1.23411677116593,0.366740031038359,0,0,0,0,0,0.368745301568714,0.296909673028387,0,0,0,0.559035056994606,0.172486567762803,0.345674333101104,0.62476943367046,0.481548084761035,0.3746373013163,0.278137642376764,0.575758825672428,0,0.363189518259964,0.441414993083563,0,0,0,0.30773895024954,0.590512964113208,0.494471066922223,0,0.31735150443884,0.523332616672472,0,0.521169942825806,0.576191701548675,0,0,0,0,0,0.635647616093374,0,0.494471066922223,0.200212508821855,0.628914728648676,0.349236872674295,0.327065683783105,0,0.195743944912522,0,0,0.595124976569575,0,0.489114291283428,0,0,0.741222279334994,0.39576775679221,0,0,0,0.936860939862721,0,0,0.57017545306045,0.562606905835258,0.778034604956063
"433","3","shrubRedDry1_bin.1.orig",0,0.534399280854488,0.663850112115406,0.781810331221267,0.666312095125827,0,0,0.917499039725137,0.976785996162899,0,0.361799383488622,0.91294654305474,0,0,0,0.464077929345796,0,1.05342723537902,0.997142747752675,0.858935671432853,1.38833186406045,0,0.660517325115161,0,0,0,0,0,0.664128918654846,2.13899728888898,0,0,0,1.00685038239814,0.310657023271793,0.622576938804444,1.12524131596248,0.867292430444875,0.674740707888315,0.429377097067249,1.03697073474049,0,0,0.795010704644855,0,0,0.792902672926085,0,1.06354368351211,0.296855791413131,0.680246940673626,0.571566093397887,0.942548483543821,0.87719800897302,0.938653398678794,0.605354380204161,0,0,0,0,0,0,0,0.296855791413131,0.360592843947748,1.13270720165561,0.314496626284956,0.589061821197211,0,0.352544734576808,0,1.03264220619583,0.428740060385545,0,0.55057471916724,0,0,0,0.712797725797966,0,0,0,0,1.19205860046685,1.38833186406045,0.513457399285682,0.75996259696849,1.40127963303482
"434","2","shrubRedDry1_bin.10.orig",0,1.44815772284786,0.899476946466097,1.05930594362889,1.5046879754412,0,0,0,0,0,0.980432777684275,0.687215343282275,1.20188596678744,1.85401171291076,0,1.25759532518599,0,0,1.35106840771832,1.16380613763746,1.88110611563712,0,0.89496122067274,0,0,0,0,0,1.12481839068298,1.44910629281828,0,0,1.23556800294926,1.36422166838508,1.26276470663086,0.8435542807571,0,0,0.91423304826112,0.484816769508686,0.843019759764922,0,0.88629685087059,1.07719165512094,2.68235769074864,0,1.07433539901907,0,0,0.804443460739042,0.921693662279066,0.774437655444294,1.27709646560527,1.18855050584073,0,1.17174107205104,0,1.84015230627439,0,0,0,0,0,0.804443460739042,0.4885816003828,0,0.426123999863849,0.798143313589009,0,0.477676896580415,0,1.39916803728666,1.16183395409667,4.71425412959964,0.596796485423366,1.44090760654321,0,0.602938630238313,0.965798016973557,0,0,0,0,1.61516765665646,1.88110611563712,0.695703872336802,0.343234526225315,0
"435","6","shrubRedDry1_bin.12.orig",2.65645973772681,0.629092319411398,0.781481228987493,0,0.522919642536859,0,0,0,1.14986787952286,1.81733126998992,1.91658839492527,1.67178102878605,1.04421945011269,1.61079765040684,0,2.36734487267561,0,1.24008958577954,1.17383175172871,1.01113503166186,1.63433773914893,2.61655982081116,0,0,1.53619602584727,0,2.69358327867207,0,0.977261798417637,1.25900877292559,5.30923822058509,3.00515727305271,1.07348298945959,1.18525953356507,1.09711195905243,0.732894643529996,1.32462878360258,1.02097256905755,0.794301587097998,2.94852074253325,0.488286828258112,1.92380526313684,1.28338355416316,0.935882861485557,2.33047905561781,0,0.933401296463175,3.26232246143458,1.25199862093032,0.698914482265717,2.40235049528857,0.67284491629115,1.10956364073352,0,0,0.712620328566984,0,0,0,0,0,0,2.12787177163004,0.698914482265717,1.27346459860231,0,1.48089579582002,0.693440804750184,0,1.66005601217558,0,0,0.504710782135141,0,0.907387557017152,1.25188561156887,3.53433411234278,2.09537431109885,0.839102129547049,4.07439398807298,0,0,5.95896454097192,1.40328577658806,1.63433773914893,1.20887926989381,2.98208131336037,1.6495797918745
"436","10","shrubRedDry1_bin.2.strict",0,0,1.33420301517448,0,2.23191849620806,0,0,0,1.96314016895758,0,1.45428559709235,0.815482630596526,1.78276929395892,0,0,0.621801178015971,0,0,2.0040530781438,0,0,0,0,0,0,0,0,0,1.00107251949197,1.07473681942739,0,0,1.22182012665969,0,1.24871421897809,1.25125237425069,0,0,0,0,1.66727935199678,0,0,0,0,0,0,1.11393602381386,0,1.19323890964879,0,1.14873100307677,0,0,1.88650144342117,1.91186058211279,0,0,0,0,0,0,0,1.19323890964879,0.724717900720622,0,0.632073926619516,1.18389383932025,0,0,0,0,1.29251981174564,0,0.221308526423529,0,0,0,0,0,0,0,0,0,0,0,0.509123153851794,0
"437","2","shrubRedDry1_bin.3.orig",0,4.07009340012526,0,2.97721309071136,1.69158939015221,0,0,0,0,0,0.688884386479647,1.54515248665458,0,0,0,1.76725585628964,0,4.01155782935626,0,1.63545710701608,0,0,2.51531701289062,0,0,0,0,0,2.5290703276465,2.03637969311831,0,0,0,0,1.18301347458715,2.37083617108023,0,3.30273760051473,2.56948109808541,1.9076301592023,1.5795559218724,3.11165263945109,3.32128736749869,0,0,0,0,0,0,2.26091396584146,0,2.17658169445363,0,3.34045904891129,3.57448741029274,0.658643119981711,0,0,0,0,0,0,0,2.26091396584146,2.74634829586112,0,2.39527014511946,0,0,1.34252613060747,0,0,1.63268566469091,0,3.35463105740007,4.04971671735367,0,1.6945782223138,0,0,0,0,0,0,0,2.93294683434536,0,0
"438","7","shrubRedDry1_bin.4.orig",0,0.554144568965166,0.688378423053746,0.810697103323925,0.460620915207054,0,0,0.951399315286278,0,0,0.937918381432837,0.946678610383575,0.91981497664626,0,0,1.28326651793579,0,1.09234986310586,1.03398574426713,0.890672114404599,0,0,0.684922494346749,0,0,2.01539017842622,0,3.30577302291925,0.516500648321654,1.10901508772033,0,0,0.945592165299526,0,0.966406066162861,0.64558026509654,0,0,0.699671410743967,0.816276937464962,0.430114127334484,0.847305081797321,0.678291568179503,0,0,0,0.822199291169317,1.14946453385951,0,0.923472563329861,1.41076218189036,1.18536928401039,0,0.909609219163255,0.973335297507969,0.538046877960447,0,0,0,0,4.88930530753056,0,0,0.923472563329861,0,0,0.652233652466797,0.610826811890951,0,1.09671227291303,0,1.07079685686074,0.444581391615194,0,0.685101199870339,0,0,0.461434776191098,1.47826916192733,0,4.23697340596998,3.12046980039573,0,1.23610345859875,0,0.532428914863407,0.5253614177192,0
"439","3","shrubRedDry1_bin.5.orig",0.463750222602202,0.54911749465102,0,0.80334264238915,0.684663399520542,0,0,0.942768435677907,1.00368825003943,0,0.371763919124084,0.938090555943384,0,0,1.21920206093907,0.635812507027147,0,1.08244031197711,0,0.441296069120298,0,0,0.678709032244358,0,0,1.99710701412873,0,0,0.682420094865998,1.09895435343958,0,0,0,0,0.63842603246766,0.639723706808066,1.15623226758679,0.891179055806703,0.693324149804712,0.735338052305173,0.852424458321339,0.839618521553841,0.448092173560644,0,0,0,0,0,1.09283538332662,0.305031676301619,0.69898203307731,0.587307940857014,0,0,0.964505419625577,0.62202681130524,0,0,0,0,0,1.17636402316289,0,0.305031676301619,0.370524149548003,0,0.646316736151511,0.605285529077005,0,0.362254382329414,0,1.06108282973449,0.881096499377749,0,0.565738430493185,0,0,0.457248744168127,0.732429319061342,0,0,0,0,1.22488980733451,0,0.527598840056364,0.780893186473897,0
"440","6","shrubRedDry1_bin.6.orig",1.98227990924292,1.17358927759936,0.728937520524019,0,0.487760592993365,0,0,1.0074555428924,1.07255530899389,1.69514109972105,2.18499669417555,1.89352931305863,0.974010262324904,1.5024939842442,1.30285638309019,2.71775256872793,0,1.15671086438886,1.09490794516727,0.943150309380455,1.52445133047862,2.44063268231793,1.45055593859386,0,1.43290827800277,0,2.51247738736358,0,0.911554578430951,4.11025300064079,4.95226603126328,0,1.00130623697157,1.10556736812959,1.0233464880597,0.683617704998823,1.23556598075303,0.952326409651691,0.740895888436975,3.14317013026366,0.455456352235303,1.79445620248477,1.67593148448504,0.872957797637803,2.17378685683363,0,0,3.04297679583293,1.16781918309524,0.977883353169931,2.24082594502513,0.627605484029241,1.03496096788889,0,0,0.759664634085634,0,1.49126229948659,0,0,0,0,1.98480208566836,0.977883353169931,1.58378916438463,0,1.38132621682812,0.646816586368537,0,1.93555051062145,0,0,0.941552048762555,3.82043890046492,0.725467204108641,1.16771377203651,3.29669945865819,1.95448962591341,1.56536843903704,3.80044784332423,0,0,5.55830732238372,1.30893438847921,1.52445133047862,1.12759900676178,2.5034201592282,1.53866856783423
"441","6","shrubRedDry1_bin.7.orig",2.89682314166304,2.28671410954999,1.42031948057017,0,0.950391292226136,0,0,1.9630060095546,2.08985153934436,0,1.93519102824914,1.73623631955499,1.89783858136541,0,0,2.64774195870655,0,2.25382687517253,0,1.83770860986255,0,0,1.41318892170658,0,0,4.15832024291246,4.89550952899118,0,1.06568699420303,4.57642389878462,6.4329243765755,0,1.95102421585428,2.1541748446538,1.32931278876447,1.33201476990031,2.40747441664376,0,1.44362010980708,2.60287047579737,0.887447156190004,0,0.933004963091956,0,0,0,0,3.55750590443268,0,1.27025681179925,2.91080159151665,1.2228761313296,0,0,0,1.11014296298988,0,2.9056933344274,0,0,0,0,3.8673452634521,1.27025681179925,2.31448499352284,0,0.67287129539336,0,0,1.50855184070477,0,0,1.37594582441049,0,1.17796470147577,2.27526581010845,6.42354979800096,1.90414103547689,3.05008759411332,0,0,0,3.61008177276163,0,0,0.549275757689088,2.70992317211358,0
"442","6","shrubRedDry1_bin.8.strict",2.02231464517228,0.598645724158297,0.743659367326329,0,0.4976115562434,0,0,1.0278024255058,1.09421696654536,0,1.82383000426223,1.36360349265674,0.993681673745072,1.5328388157759,0,2.77264113714,0,1.18007215347144,1.11702104344735,0.4810992318404,1.5552396193415,0,1.47985181334978,0,1.46184773516689,0,2.56322015495283,0,0.557978769367282,1.79711354438776,3.36818901478547,2.85971469754939,1.02152892630755,1.12789574740075,1.39201907879844,0.697424258840508,1.2605198520666,0.971559887300924,0.755859250122884,3.04631803470759,0.46465488908374,1.83069759295051,1.22127079515722,0.890588322339656,2.21768932609351,0,0.888226859253825,3.10443369296046,1.19140481920568,0.66508865781759,2.28608235636967,1.28056159558971,0,0,0,0.678131173249825,0,1.52138029245164,0,0,0,0,2.02488776025006,0.66508865781759,1.21183189382048,0,1.05691793009147,0.659879893477308,0,1.97464148521557,0,0,0.720425943074192,3.8975976618493,0.863472123886366,0,1.68164030843712,1.49547232553735,1.59698310243386,3.87720285915792,0,0,0,1.33537003076528,1.5552396193415,0.862779257847214,2.27020444821943,1.56974399240409
"443","9","shrubRedDry1_bin.9.orig",1.051818292264,1.24543730078498,0,0,0,0,0,1.06913273318872,1.1382179562073,0,1.47557699186118,1.41843713627387,1.03363990724949,0,0,1.62232618302032,0,1.22752557835222,0,1.00089068464573,1.61777939390607,0,0.769680035120724,0,0,2.26478995231793,0,0,0.386944255660386,1.24625308514668,0,0,1.06260696210856,0,1.4479953787171,0.725469297933724,1.31120826458003,1.01062855271565,0.786254095082691,2.25152823344808,0,0.952157084193486,0.508152365002424,0,0,2.10538456094676,0,0.645854027348615,0,1.03775011164535,0.792670334721586,1.33205593286626,1.09832206110643,1.02217121138567,1.09378324139389,0.201542969383793,0,0,0,0,0,0,0,1.03775011164535,1.26056245116173,1.31990802603063,1.46589205254927,0.68641518698741,0,1.64323710142437,0,0,0.499597288652002,0,1.53976171006145,0,0,1.55560871927599,1.66120147879693,4.03311413465354,0,0,0,1.38906834171733,1.61777939390607,0.598315735391645,0.590373652170452,0
"444","11","shrubRedDry2_bin.1.orig",1.05439256399942,1.24848544518904,1.55091376889197,1.82649725476324,0.518888518080748,0,0,2.14349876227408,2.28200737344538,3.60664336482791,0.422625254698748,0.71095434448501,0,0,0,0.361399276395768,0,2.46105976945456,0,1.00334031365359,0,0,0,0,0,0,0,0,1.93945641015814,0,0,0,2.13041527712861,2.35224502154481,0.725769636853596,1.45448969423172,0,0,1.57635682392411,0.501564163156073,0.969045367980574,0,0,1.85733650676234,0,0,0,0,0,2.08057990444947,0,0,0,2.04934584679919,0,1.21221741325998,0,0,0,0,0,0,0,2.08057990444947,1.68486348480199,0,0.734739874368837,1.37619030644152,0,0,0,2.41250093462315,1.00164005517547,0,0.771765099238418,2.484469952753,3.50708835693912,0,0,0,0,0,0,0,0,1.1995601654025,0.591818561635609,0
"445","4","shrubRedDry2_bin.10.orig",0.911907875748632,0,0,1.57967467575272,1.34630651551227,0,0,0,0,0,0.365514051795109,1.22975993604209,0,2.76476816640999,0,0.625123616549595,0,0,0,0,0,0,0,0,0,0,0,0,0.33547383308279,0,0,0,0,0,0.627693205001004,0,0,1.75239419861036,1.36333681762127,1.01216639903796,1.67618804075653,0,0.440559122363786,1.60634648447025,0,0,1.60208713384664,1.11988806137886,2.1489266082944,0,0,0,0,0,1.89658149040558,1.22313935500279,0,0,0,0,0,0,0,0,0,0,1.27090251001405,0,0,0.712328767018214,0,0,1.7325680892801,0,1.33494619793967,0,0,0,1.4402323318218,0,0,0,0,0,0,1.03745834294928,1.02368705128698,0
"446","4","shrubRedDry2_bin.11.orig",0.936001477803768,1.10830089438499,0,1.62141140599306,0.460625801358796,0,0,1.90281881498568,2.02577516840792,0,0.375171332254806,1.0518762805712,0,2.8378163610223,0,0.641640065253417,0,0,0,0.890681562432163,0,0,1.36985951966736,0,2.70638724534131,0,0,0,1.03301225446333,0,0,0,0,0,0.644277545038194,0,2.333659496858,0,1.39935766536745,0.593662251874221,0.860237379755665,0,1.35659752665445,1.64878791302762,0,0,0,0,0,0.615654906197603,0,0,0,1.81923773614181,0,0.896754309045811,0,0,0,0,0,0,0,0.615654906197603,0,2.34914314005796,0.652240571198648,1.22166658277874,0,0.731149271042124,0,0,0.889172215247345,0,1.59858642359018,0,0,0.922879341952152,0,0,0,0,0,0,0,1.59730368820948,0,0
"447","3","shrubRedDry2_bin.12.orig",0.542878830995822,0,0,0.940415105662196,1.06864787074879,0,0,1.10363079372493,0,0,0.435197121174491,0.732103158924854,0,1.64592734646899,1.42723163748872,0.74429969782139,0,0,1.19943171002012,0.516593378182761,0,0,0.794515556119052,0,0,0,0,0,0.599144871462458,1.28646634683085,0,0,0,0,0.747359162953205,0.74887825641041,1.3535174565848,0,0.811624416771475,0.688645642013381,0.748403727197808,0.982880652662408,0.262274542959781,0.956293420481255,0,0,0,1.33338802696144,0,0.357078512907506,0.818247691343084,0.687518911749424,0,1.05515394892059,1.129076708055,1.04023111614642,0,0,0,0,0,0,0,0.357078512907506,0.433745812635187,0,0.756596238824752,0.70856397351183,0,0.424064994510629,0,1.24213289421991,0.773576940124198,0,0.529815237301138,0,0,1.07053604121385,0.857402008969299,0,0,0,2.02964096538289,0,0,1.23524357537717,0.30471171731684,0
"448","10","shrubRedDry2_bin.13.orig",0,0,0,0,1.21752152393761,0,0,0,0,0,0.991649123512244,0.417046334031981,1.21563578111036,0,0,0.423994155213558,2.28909284992723,0,1.36652489881402,1.17712031114693,0,0,0,0,0,0,0,0,0.22753730732377,0.732842178401789,0,0,0.833135430973232,0,0.851473990557761,0.853204709376979,0,0,0,0.3922905357635,1.42110678893071,0,0.29881208766241,0,0,0,1.08662600949732,0.759571355084785,0,1.22046968070755,0,0.783297376134354,0,0,1.28636872056871,1.06663142050846,0,0,0,0,0,0,0,1.22046968070755,0.98834214198382,0,0.430998943110196,0.807274231719507,0,0.483141615210825,3.0978687363322,0,0.881344174075854,0,0.150905988955993,0,0,0,0,0,0,4.12404107298438,0,0,0,0,0.347161197419779,0
"449","1","shrubRedDry2_bin.14.strict",0,0.771861640656741,0.958834442793871,0,0.962390417350301,0,0,0,0,2.22976541341922,0.783849480340614,0.586052365961597,1.28119977481807,0,0,0.670292728247449,2.41255258313111,0,0,1.24060701487225,0,0,0,0,0,0,0,0,0.719427853562312,0,0,0,0.878069684310284,0,0.89739731416067,0.899221377417042,0,1.25267713164201,0,0.620172448721906,1.79730316556566,0,0.314928192617292,0,0,0,1.14523200148633,0.800538009998352,0,0.857529590355064,0,0.825543668188399,0,0,1.35574761843573,0.999252467632733,0,0,0,0,0,0,0,0.857529590355064,1.04164730047373,0,0.454244402344947,0.850813689401896,0,0,3.26494891733071,0,0.928878513539483,0,0.636179757369494,0,0,1.2854544584712,1.02953211540833,0,0,0,0,0,0,0,0.365884959024098,0
"450","2","shrubRedDry2_bin.15.orig",1.34643610817663,0.797144223760106,0,1.16619840620389,0.993913833494986,0,0,1.36860038182103,1.45703660649766,2.30280211636746,0.809524729094237,0.756560881088964,1.32316589681797,2.04109635906786,0,1.38449677612228,0,1.5713595918229,1.48740204209174,0.640621753803073,2.07092480425555,0,0.985269983086663,0,0,0,0,0,0.49532863376168,0.797666367902847,0,0,1.36024672047036,1.50188257221453,1.39018778959986,0.928675670784342,0,0,1.00648649258836,0.426990934811579,1.23744961645147,0,0.650487539270598,1.18588892938211,0,0,1.18274445413986,0.826759897055682,0,1.32842738318998,1.01469994237532,0.852584623842927,1.405965737958,1.30848478094623,0,1.16098122646752,0,2.02583842718569,0,0,0,1.7077069939275,0,1.32842738318998,1.07576680201576,0,0.46912332784998,0.878682372951815,0,0.525878325164632,0,1.54035530991674,1.27907231493434,0,0.49276352666202,1.58630673635345,0,0,1.06325478006005,0,0,0,0,1.77815102263291,2.07092480425555,0.382952985390447,0.377869641764553,0
"451","8","shrubRedDry2_bin.16.orig",0.527728051603256,0,0.776239068262697,0.914169798256878,0.519411907852196,0,0,1.07283042772816,1.14215458838655,1.8051406475487,1.05762886535599,0.711671466215217,1.03721484656445,1.59999245142657,1.38740014941611,0.542645716107128,0,1.23177108921088,0,0,1.62337463371604,2.59900798895909,0.772342044780175,0,0,0,0,0,0.582423807288589,2.5011267336428,0,0,0,0,0.726501702395849,0.727978400665526,1.31574319975646,1.01412390513054,0,0.920461810193399,0.970022819621915,0.95545020762112,1.01981971400439,0.929604977644578,0,2.11266622837006,0.927140058911593,0.648087773296212,1.24360023878793,0.69422617765516,0.795411858460679,0.66833148581678,0,1.02570648515419,1.09756619199813,0.910080109811334,0,1.58803193044117,0,0,0,1.33865228233525,0,0.69422617765516,0,1.32447305013747,0.367740493981805,0.688789217460823,0,0,0,0,0.751987788192263,0,1.03005807899257,0,0,1.04065929070127,0,0,0,0,0,1.39387256317893,1.62337463371604,0.900577598633025,1.48103878526012,1.63851444305149
"452","2","shrubRedDry2_bin.17.orig",0,1.13692798607323,1.41233305893495,1.66329199385406,0.945047265278677,0,0,0,2.0781003553491,3.28437451398345,0.384861899303583,1.07904594079718,0,0,0,1.97464032791547,0,0,0,0.913687609690583,2.95365919595488,0,1.40524259502912,0,0,0,0,0,0.706463108232401,0,0,0,1.94005365449713,2.14206197228898,0,1.32452488348933,0,0,0,0.608996376210266,1.76491412515414,0,1.39163804857076,1.69137562815068,4.21176157701057,0,0,0,0,0.631557094436667,0,0,0,0,0,1.28788409903105,0,0,0,0,0,0,0,0.631557094436667,0.767156900373077,0,0.669087756587644,0,0,0.750034645335291,0,2.19693376448259,1.3682089147565,0,0.468536413929858,2.26247204621214,0,0,3.03293702631206,0,0,0,0,2.53609020907173,2.95365919595488,0.546187193563253,1.07787413620869,0
"453","10","shrubRedDry2_bin.18.strict",0,0,0,0,1.07400638759329,0,0,0,0,1.8662766069307,0.437379328399462,0.613145117446086,0,0,0,0.561023877666891,0,0,0,1.03836746068269,0,0,0,0,0,0,0,0,0.802865548335163,0,0,0,0.734929737998948,0,0.751106643085066,0.752633353726663,0,1.04846994789267,0,0.173024678791628,0.501437630056055,0,0,0,0,0,0,0.670037014668631,0,0.717738020600299,1.64470125509197,0.690966335143392,0,0,1.13473823298241,0.836357714375454,0,0,0,0,0,0,0,0.717738020600299,0.435920742569419,0,0,0.712116923076798,0,0,0,0,1.03660784527164,0,0.399353915832191,0,0,0,0.86170127651415,0,0,0,0,0,0,0.310359363103183,0,0
"454","8","shrubRedDry2_bin.19.orig",0.500507486983371,0,0.736200139776839,0.867016310790371,0.492620295469504,0,0,1.01749311924999,1.08324149349872,0,1.00307566359646,1.01244446651361,0.983714613499639,1.51746377442509,1.31583712504004,0.514655688409866,0,1.16823551548326,1.1058168355711,0.952547193753052,1.5396398881684,0,0,0,0,0,0,0,0.920636665228394,0.593029237445013,0,0,0,0,0.689028260390175,0.690428789578917,1.24787628860149,0.961814718214452,0.748277652432098,0.793621615052484,1.14998549511087,0.906167449127195,0.725412550102856,0.881655333338074,0,0,0,1.22931794802903,1.17945450964128,0.32920876436324,0,0.633858502351318,1.04527258889847,0.972799861040975,0,0.959041745778365,0,0,0,0,0,1.26960370543251,0,0.32920876436324,0,1.25615584748161,1.0463165826358,0,0,0.39096699410953,0,0,0.475466504596894,0,0.732695247576703,0,0,0.986981390912242,0.790482332966525,0,0,0,0,1.32197568738726,1.5396398881684,0.854125205881996,0.28092916352786,1.553998776048
"455","11","shrubRedDry2_bin.2.orig",0,2.07787395598662,0,1.51993404928279,1.29539147845319,0,0,1.78372934581727,1.89899037546795,0,1.40676371240799,1.18325249364623,1.72451350364118,2.66020930701905,0,1.50370624469209,0,2.04799023440028,0,0.834937529614761,0,0,1.28412574315238,0,0,0,0,0,0.968360339073568,1.03961750084171,0,0,1.77284182079965,1.95743918649652,1.20790981767162,0,0,0,1.31177772331889,0.556507415121382,1.61279744193688,0,0.423897920933489,1.54559717527195,3.84875286601122,0,0,1.07753578759116,0,1.73137092365146,1.32248250727921,1.11119376666963,1.83242850091303,1.70537925703596,0,1.00875625010791,0,0,0,0,0,0,0,1.73137092365146,0.70103619708855,0,0,1.14520758221699,0,1.37077939387577,0,2.0075816182574,1.25028396923381,0,0.856307192594264,0,0,0,2.77153035826292,0,0,0,0,0,0,0.99822342180027,0.984972937114134,0
"456","9","shrubRedDry2_bin.20.orig",0.831449325682311,0.984502752550879,0,0,0.204586756011478,0,0,0.845136176669127,0.899747189346774,0,0.999793136920634,1.02781889710012,0,0,0,1.13993666086402,0,0.970343757933592,0.918498410288804,0.39559584148282,1.27883456302197,0,0.608422529726874,0,0,0,2.10767169638856,0,0.764686597513366,0.985147619979426,0,0,0.839977635498984,0.92744040681801,1.14462240301412,0.573474489849258,1.03649388438332,0.798889347001214,0.62152411873759,2.10939871660052,0.191037035273387,1.50533675145023,0.401688147403973,0.732308458367287,0,1.66428040506236,0.73036668645259,0.510539605060822,0,1.09377147098547,0.626596076660752,1.05297370781491,0.868209978667821,0.808013675640817,0.864622097931056,0.318634439470473,0,0,0,0,0,0,0,1.09377147098547,1.32861199531955,1.04337093800075,1.15876950189913,0.542602699112911,0,1.29895856533794,0,0.951198037518346,0.592388198347891,0,1.21716255075426,0.979573897533477,0,0.409896471719632,1.31315918303263,3.1881267442493,0,0,0,1.09804131050198,1.27883456302197,0.236480587186649,0.466683056006903,0
"457","3","shrubRedDry2_bin.21.orig",0.463481475843213,0.548799276912679,0.681738307964783,0.802877099256279,0.456177754603921,0,3.21809563551068,0.942222094244054,1.00310660511273,0,0.743096958246369,1.04171880597354,0,0,0,0.476583036655422,0,0,1.024011892513,0.441040334712959,0,0,0,0,0,1.99594967552005,0,0,0.682024627263338,0,0,0,0.936470960167966,1.03398111040836,0.638056059756665,0.639352982084984,0,0.890662610808395,0.692922363219805,0.587929534676984,0,1.67826391254965,0.447832500759415,0,0,1.8554663874969,0,0,0,0.609709816279589,0.698576967706285,0.586967591466456,0,0,0.96394648144524,0.799285296943098,0,0,0,0,0,0,0,0.609709816279589,0.74061885600589,0,0.645942190718094,0.604934761538199,0,1.44817781270784,0,1.06046792421507,0.660439422972818,0,1.1308211615938,1.09210349134321,0,0.913967530130056,0,0,0,0,0,0,0,0.527293092540995,0.260146884323466,0
"458","3","shrubRedDry2_bin.22.orig",0.408148274293109,0.483280323982113,0,0.70702481028985,0.602574772725588,0,0,0.829733963082144,0.88334971546366,0,0.490786186096648,0.917352159939633,0,0,0,0.139895230702511,0,0.95265969443581,0,0,1.25552839813892,0,0,0,0,0,0,0,0.150150108014834,0,0,0,0.824669433924614,0,0.561881096149871,0.563023184103293,0,0.784329960366774,0.610197130862113,0.388304232463334,0,0.738951344786059,0.39436756781873,0,0,0,0.717056093423789,0,0,0.53691899742346,0.615176654712053,0.516891875963687,0.852387255775405,0,0,0.547448081369556,0,0,0,0,0,0,1.63467034559876,0.53691899742346,0.652199329946895,0,0.568825733445031,0.532714017388803,0,0.956464237407126,0,0.933862895866834,0.387728132709925,0,1.09539863546617,0.961721619036173,0,0.804852598485962,0,0,0,0,0,1.07803001852495,1.25552839813892,0.464341677034116,0.229088987226903,0
"459","4","shrubRedDry2_bin.23.orig",0.719398451727174,0,0,1.24619552719203,0.708061891313765,0,0,0,0,0,1.44175881105347,1.13184162614554,1.41393043720153,0,3.7826055157908,0.2465780666247,2.66248995331165,0,0,0.684566159552552,0,3.54296558161622,0,0,0,0,0,0,0.52930644099682,0.852383483448398,0,0,0,0,0.990366531195227,0.992379565078199,1.7936200622645,1.38245288457568,1.07552793638745,2.39547533162953,1.32233432059561,1.30246894774089,1.39021740661073,1.26723675120866,0,0,1.26387657599198,1.76694545334922,1.69527483641172,0,1.08430480002651,0.911068939156137,0,0,1.49620134232538,0.964927030061239,0,0,0,0,0,1.82484970504662,0,0,0,0,1.5039106289926,0.938956902333124,0,1.12390346819395,0,0,1.36681219023005,0,1.22865254527297,0,0,2.12793885098084,1.1361903293021,0,0,0,2.6895883292781,0,0,1.63688886892536,2.42274104435526,2.23362155921556
"460","10","shrubRedDry2_bin.24.orig",0,0,0.910270298012064,0,1.21819488732981,0,0,1.25807333473975,0,0,0.74414817430546,0.695461643331398,1.21630810157218,1.8762590870835,0,0.212114324873876,0,0,0,0.588885665106623,0,0,0,0,0,0,0,0,0.682989447846868,0,0,0,0.833596205496666,0,0.851944907419089,0.853676583430991,0,0,0.925203466928982,0.196253748134746,1.99064984628501,0,0.896932046717594,1.09011750970985,0,0,1.08722697971544,0.759991444203722,0,1.2211446746096,0,0.783730587184774,0,0,0,1.66012207278368,0,0,0,0,0,0,0,1.2211446746096,0.49444437762522,0,0.431237311717782,0.807720703428153,0,0.483408821884821,0,0,1.17577548128519,0,0.301978898277054,0,0,0,0,0,0,0,0,1.63454900088375,0,0.704052031225727,0.347353198659132,0
"461","4","shrubRedDry2_bin.25.orig",0.812337045589705,0.96187227853702,1.19487252850808,1.40719067486984,0.799535922691443,0,0,0,0,0,0.651207458238045,0.91290247969484,0,0,4.27127773482355,0.83529995512874,3.00645520906083,0,0,0.773004793416634,0,0,0,0,0,0,0,0,0.298843589014299,0,0,0,0,0,1.11831130588415,1.12058440223742,2.02533661115375,1.56105102704484,1.21447465475713,1.03045529564162,0.746582893454628,0,1.17736398177762,1.43095020022358,0,3.25204816582597,1.42715592626925,0,1.91428623284768,0,0,1.02876931217433,0,0,0,1.08958529300097,0,0,0,0,0,0,0,0,0,0,1.13213320958524,1.06026010223694,0,0.634549894212821,0,0,0.771694861047978,0,1.38738132711721,0,0,1.60189721032546,0,0,0,0,0,0,0,0.924178711080808,0.911911100853487,0
"462","9","shrubRedDry2_bin.26.orig",1.26459064088461,1.49737684347666,0,0,0.311165682513178,0,0,0,1.3684680950056,0,1.26719392743603,0.994800811671797,1.24273494991134,0,0,2.16722954123949,0,0,0,1.20336088624887,0,0,2.77613588596471,0,0,0,3.2056576618462,0,0.930438437610606,0,0,0,1.27756175102157,1.41058802047594,1.30568280004076,0.872224500337789,1.57645261718102,1.21506862789394,0.945305455620661,2.40621327648377,0,1.14476896454358,0.916419779421587,1.11380260237982,0,0,0,0.776503854676918,0,1.24767660765713,0,0.800758780402862,0,0,1.31504468062243,0.605782754239421,0,0,0,0,0,0,0,1.24767660765713,1.515561660901,1.58691225359282,1.32182054436237,0.82527013231242,0,1.48173568179448,0,0,0.600660836655304,0,1.23416009657269,1.48988031454488,0,1.8702928459635,2.99586895116908,0,0,0,2.3639390805413,0,0,0.71934904045228,0.709800353017849,0
"463","7","shrubRedDry2_bin.27.orig",0,0.517366858648825,0.642691821309425,0.756892401644682,0.430050223849798,0,0,0.888256427360649,0,0,1.05080424246056,0.982054475862022,0.858768291989762,0,0,1.19809812163906,0,1.01985230727053,0.965361723923672,0.831559596038519,0,0,0.639465257197839,0,0,1.88163187723962,0,3.08637402594714,0.642961741701625,1.0354114869329,0,0,0.882834688856632,0,0.902267203599132,0.602734110310605,0,0,0.653235311029012,0.76210191090094,0.401568123883409,0.791070765712444,0.633274415252951,0,0,0,0.767631207231592,1.07317636645197,0,1.14957750713696,1.31713209733011,1.10669817436361,0,0.849239874705127,0.908736552672725,0.418614621896773,0,0,0,3.33228628706065,4.56480974388314,0,0,1.14957750713696,0.698199992433337,0,0.608945922743505,0.570287189562556,0,1.02392519074619,0,0.999729740417077,0.415075218409537,0,0.426421401543128,1.02955338391518,0,1.29243021045101,1.38015874444462,0,3.9557720926849,2.91336908914242,0,1.1540652009537,0,0.497092438623175,0.490494000235813,0
"464","1","shrubRedDry2_bin.3.orig",0,1.54589690786473,1.92036904309439,0,1.28499400408482,0,0,0,0,0,0.523302115328559,0.880316328081793,0,0,0,0,0,0,0,2.48470768224017,0,0,0,0,0,0,0,0,2.40146945962028,0,0,0,0,0,1.79732177376598,1.80097503699251,0,0,0,0,1.79983384313502,0,0.630743249207548,0,0,0,2.29368907150134,0,0,1.71747405533,0,1.65341213598061,0,0,0,1.25082432080646,0,0,0,0,0,0,0,1.71747405533,1.04311398317312,0,0.909767994691945,0,0,1.01983261316304,6.5390922022545,0,1.2402485507989,0,0,0,0,0,0,0,0,0,0,0,0,0,0,0
"465","6","shrubRedDry2_bin.4.strict",2.48988567989433,0.737056134894744,0.91559778486763,0,0.612662273399511,0,0,1.26543638851487,1.34720636187977,0,1.99600908725052,1.53897025011973,1.22342671835842,1.88724016121709,0,2.77362480509973,0,1.45291177274756,1.37528287542182,1.18466440504418,1.91482016225662,0,1.82200225233072,0,1.79983552542978,0,3.15585172340474,0,1.14497790180609,1.475077840466,4.14693411587162,3.52089754727806,1.25771241942142,1.38867187485931,1.71386207320111,0.858672847493506,1.55195945219285,1.1961902448391,0.930618352287269,2.56623056572906,0.572085831047292,1.12698281936147,1.50363578258915,1.09649757804415,2.7304321356108,0,1.09359013081034,3.82219701307917,1.46686461742189,0.818861065419959,1.87642535770327,1.57663496463965,0,0,0,0.596370776495933,0,1.87313235993803,0,0,0,0,2.49305371430489,0.818861065419959,1.98935273569876,0,1.30128356892462,0.812448004142984,0,2.43119020509525,0,0,0.886992656344034,4.79874515441759,1.21498509154068,1.46673221357498,4.1408908675079,0.613744772921905,1.96621498404099,4.77363495344725,0,0,2.32721082795023,1.64411543223496,1.91482016225662,1.06225889435748,1.39754453134874,0
"466","2","shrubRedDry2_bin.5.orig",1.97971851684767,1.17207283048371,0,1.71470786104113,1.46139100724634,0,0,0,2.14233882476207,0,1.98379396579053,1.77984244637377,1.94550340033534,0,0,1.35712041963234,0,2.31043245324934,0,1.88386324549313,0,0,1.44868161048678,0,0,0,0,0,0.364150687220809,0,0,0,1.33334987262202,2.20827763032176,1.36269890181592,1.36546874406648,0,0,1.4798770875453,1.09868804491981,0.454867836742842,1.79213750548884,1.43465651877455,0,0,0,1.73903617285673,3.6468537955464,0,1.3021597152254,0,1.25358905391153,2.06724729720612,1.92391717224567,0,0.758683037486881,0,0,0,0,0,0,0,1.3021597152254,1.58174267967658,0,1.37954134353619,1.2919616115436,0,0,0,0,0.940335427312584,0,1.93207945476359,0,0,1.9519641425843,0,0,0,0,0,0,0,1.68921297859337,0,0
"467","11","shrubRedDry2_bin.6.orig",2.56093162203891,2.02156575922241,0,1.47874543662943,1.68038364411508,0,0,1.7353921583334,1.84752973541944,0,1.36864189674598,0.959322997262827,1.67778100314191,0,0,1.46295738845962,0,1.99249185503153,0,1.6246232030542,0,0,1.24932728735236,0,0,0,0,0,0.94211879330795,1.01144496100682,0,0,0,1.90439464520003,1.17517673321723,1.177565415092,0,0,1.27622992796646,0.406069987518293,1.9613654113785,0,0.824821467053633,1.50371311892066,0,0,1.49972590851947,1.04833570210313,0,1.12296839619262,0,1.08108158538139,0,0,1.77540430772349,1.3085600235724,0,0,0,0,0,0,0,1.12296839619262,0.682038854150223,0,1.189701472038,1.11417366233482,0,0.666816357682082,0,1.9531782698467,0.810935059920455,0,1.66620433827275,2.01144490937254,0,0,0,0,0,0,0,0,0,0.97117261793056,0,0
"468","8","shrubRedDry2_bin.8.orig",0.462673734449881,0.547842846255366,0.680550195214944,0.801477869512204,0.910765483826825,0,0,0,1.00135842148705,0,0.741801911510483,0.935912997162682,0.909354856216008,0,0,0.475752462261125,0,1.07992767885125,1.02222727578944,0.880543406113166,1.42325730442178,2.27862196914407,0.677133567271026,0,0,0,0,0,0.680836015524951,1.6446050802179,0,0,0,1.03217911963563,0.636944075097959,0.638238737189563,1.15354834361926,0.889110391149703,0.691714759239258,0.366815568124235,1.06305719179744,0,0.223526015961509,0.81501031689209,0,0,0.812849254671045,0,1.09029862046323,0,0.69735950905334,1.17188928446713,0.96625961609205,0.899265158435295,0.962266544889839,0.797892326882646,0,1.39227138191859,0,0,0,1.1736333680127,0,0,0.369664064015539,1.16120204416579,0.322408231175324,0.603880499668788,0,0.361413493135839,0,0,0.659288429270745,0,0.677310240558409,0,0,0.456187347684048,0.730729154951537,0,0,3.08498387035563,0,1.22204651087614,1.42325730442178,0.526374142206489,1.03877403304166,1.4365307927323
"469","4","shrubRedDry2_bin.9.orig",1.02698847946558,0,1.51060489961638,0,0.50540239792149,0,0,0,0,0,0.411641055263606,1.15412726110695,0,0,0,1.05601909388804,0,0,2.26901930553605,0.977263097529,0,0,1.50302107266498,0,2.96947022825194,0,0,0,0.37780983244096,0,0,0,0,0,1.41381318731487,1.41668692522969,0,1.97354217604239,1.53538667947008,1.30274215976449,0,1.85935985958839,0.496156635142157,1.80906358794922,0,0,1.80426671741353,0,2.42011603214152,0,0,1.30061067307818,0,0,2.13592556091827,1.18071139775816,0,0,0,0,0,2.60509265670448,0,0,0,2.57749907309537,1.43128738222247,1.34042256985077,0,0.80222296218141,0,0,0.975607029448893,0,1.00227548743335,0,0,3.03777229394611,1.62198622456304,0,0,0,0,0,0,2.33676623367173,2.30574784187873,0
"470","11","shrubRedWet1_bin.1.orig",0.971285360390917,0,0,0,1.43396920225354,0,0,0,0,0,1.5572557578113,0.654916935382518,1.9089976228998,0,0,1.66456895848933,0,0,0,0.924257047531967,0,0,1.42149828691188,0,0,0,0,0,0.714635395817894,0,0,0,1.30833065462155,0,2.00569345999064,1.33984684175704,0,0,0,0.616041179352736,0.892665228882136,0,0.469245454851811,1.71094127551042,4.26048277199976,0,1.70640458379463,1.19280785726395,0,2.55545150995132,0,1.23006648232937,0,0,0,1.67500568665479,0,0,0,0,0,2.46379429809733,0,2.55545150995132,0,0,1.35365538042681,0,0,1.51742192734569,0,2.22234765279525,1.84538160679522,0,0.710934587500881,0,0,0.957668567306742,1.53401085423434,0,0,0,0,0,0,0,1.09034286574235,0
"471","2","shrubRedWet1_bin.10.orig",0.71408600243935,0.84553515559433,0,1.23699290724612,1.05424973649994,0,0,1.45168176886615,1.54548654692678,2.44259456159802,0.858667224035663,0.802488186254051,1.40348916682332,2.1650018605251,0,1.46854315960106,0,1.66674955091497,0,0.679510931816028,2.19664105239422,0,1.04508115798919,0,0,0,0,0,0.7880966096244,0,0,0,0.961880663630665,1.59305490340477,0.983053098756359,0.985051267246735,0,0,1.06758562346479,0.566139469718979,1.31256944828758,0,0,1.25787875084001,0,0,0,0.876948659175762,0,1.40907005365109,1.07629767372695,0.904341085453702,1.49131540262201,0,0,1.23145901670453,0,0,0,0,0,0,0,1.40907005365109,0.570535809715247,0,0.497601631152175,0,0,1.11560392269888,0,1.63386314272906,1.35671886791451,0,1.21957947273097,1.68260406732445,0,0.704074978145101,2.25560010120589,0,0,0,0,1.88609433121176,2.19664105239422,0.812400573035752,0.801616713313643,0
"472","6","shrubRedWet1_bin.11.strict",1.52127783391599,0,0,0,0.499101648842934,0,0,0,1.09749358780481,0,2.23580065393723,1.82358238540068,0.996657243121955,1.53742888557434,1.33314945558691,3.12856175477237,0,1.18360586718999,1.12036595127652,0.965079756914499,1.55989676811188,2.4973805048277,1.48428321412377,0,1.4662252229171,0,2.57089569089236,0,0.74619950794,4.20582162489158,5.06741253233219,0,1.02458788399092,1.13127321941715,1.39618746536765,0.699512688487681,1.26429446557701,0.974469213219722,0.758122662740149,3.216252844415,0.466046293288232,0.918089798870611,1.22492787777731,0.89325517975424,2.22433017358071,0,0.890886645291903,3.11372988717781,1.19497246847322,1.00062038826866,2.29292800607056,1.28439622389143,0,0,0,0.582995854246308,0,0,0,0,0,0,2.03095126546528,1.00062038826866,1.62061428233235,0,1.41344381303527,0.661855896915161,0,1.98055452848585,0,0,0.963444334698902,3.90926897727399,0.742335241824301,1.19486460647293,3.37335192549737,1.99993400236222,1.60176525162766,0,0,0,1.8958483521274,1.33936878235277,1.55989676811188,0.865362841309093,1.99237723272915,1.57444457436787
"473","6","shrubRedWet1_bin.13.strict",1.97435269593895,1.16889604911462,0.726022471451724,0,0.485810019694456,0,0,1.00342668957782,1.06826611922051,0,1.7805753889216,1.33126377655701,0.970115157968698,1.49648545323629,1.29764621049799,2.70688417208058,0,1.15208513332521,1.09052936634544,0.939378615158409,1.51835499120187,2.43087249871359,1.4447551098204,0,1.42717802290015,0,2.50242989403119,0,0.907909236747499,3.50898509264183,4.93246172966853,2.79189266428019,0.997301974966966,1.10114616186693,1.35900544832875,0.680883891605148,1.23062490505786,0.948518019853096,0.737933017393237,3.05233546067653,0.453634964832855,1.78728010338019,1.66922937026877,0.869466805959495,2.16509379990904,0,0.867161348190596,3.0308078150411,1.16314902943949,0.64931517345003,2.23186479621841,1.25019133130643,1.03082211932593,0,0,0.567470029581722,0,0,0,0,0,0,1.97686478608423,0.64931517345003,1.18309164812751,0,1.0318516802733,0.644229942058223,0,1.9278101699729,0,0,0.703340059534466,3.80516081892983,0.842993705125423,1.16304403992362,3.28351583121686,1.46000516026289,1.5591084706755,3.78524970679256,0,0,1.84535981281553,1.30369990971059,1.51835499120187,0.842317271349108,1.93931802252078,1.53251537328059
"474","8","shrubRedWet1_bin.16.orig",0.487729477702866,0,0,0,0.720065470538574,0,0,0.991516411890452,1.05558622316424,0,0.586480221246255,1.09621850199382,0.958600274978097,1.4787227631581,1.28224366353813,0.334344316029906,0,1.13841033874388,1.07758521435674,0.46411428138331,1.50033271836315,0,0.713803219222835,0,0,0,0,0,0.179426542684614,0.577889138052385,0,0,0,0,1.00715594362462,0.672802069279606,1.21601787446911,0.937259486344606,0.729174044522453,0.696024333866765,1.12062624332917,0.883032897945099,0.942523587577624,0.859146579074474,0,1.95253898858132,0.85686848617688,0,1.14934291078996,0.32080402965765,0.735124481458017,1.23535205498175,0,0,1.01437735580147,0.841101577370295,0,0,0,0,0,1.23719058804168,1.95340018344091,0.32080402965765,0,1.224086055332,1.0196040091959,0,0,0.380985565241776,0,0,0.463327794255265,0,0.832987703470262,0,1.62227089889517,0.480891825608265,0.770301235082055,0,0,0,0,1.28822550773691,1.50033271836315,1.10975906492689,1.09502804862936,1.51432502231074
"475","4","shrubRedWet1_bin.17.orig",2.13458170265697,0,1.56988595448659,1.84884062781239,1.57570810089841,0,0,2.16971998562987,0,0,0.855590381194294,1.91907035637127,2.09769011375685,3.23586608749391,0,0.365820240528698,0,0,0,1.01561408349625,0,0,0,0,3.08600190876029,0,0,0,0.785272640869388,0,0,0,0,0,0.734647910117725,0,0,2.05099039698776,1.59564025207253,1.01539950293314,1.47134941635716,1.93232719465245,2.06250974806928,1.88005713354685,0,4.27271078465466,1.87507201819247,0,2.51508926526826,0,1.6086615009268,0,0,0,2.21974623461503,1.2270463574648,0,0,0,0,0,0,4.27459532400867,0,0,0,1.48745575944812,0,0,0,0,0,2.02778605182487,0,0.520804020511056,0,0,2.10465624660496,0,0,0,0,0,0,0,1.82135141198637,1.19811644741535,0
"476","4","shrubRedWet1_bin.18.orig",1.50957790439694,0.893730715849202,1.11022461513945,1.30750158545019,1.11434204178493,0,0,0,0,0,0.605074208711618,0.678584053108694,0,0,0,0.776125108815348,2.79347001272278,0,1.6676240662747,0,0,0,1.10465085368764,0,0,0,3.82668495158138,0,0.833018168928594,0,0,0,0,0,1.03908719094209,1.04119925516967,0,1.45046206550407,1.1284380751961,0.957455131595144,1.04053949577822,1.36654335295848,1.09395641992054,1.32957792352175,0,0,1.32605244591624,0,1.77867316004303,0,1.13764671290419,0.955888587632135,0,0,1.56980633019211,1.15702423358106,0,2.27130044194909,0,0,0,1.91462240915996,0,0,0,0,1.57789487193386,0.985148487281309,0,0.58959671034436,0,0,0.717025966930407,0,1.10493907200552,0,0,0,0,0,0,0,0,0,0,1.7174149197503,0.423654459714868,0
"477","2","shrubRedWet1_bin.19.orig",0.92612524437397,1.09660664111406,0,1.60430305957367,1.82306200562562,0,0,1.88274119413031,0,3.16789361160826,0.742425412792851,0.832621913957633,1.82023837907517,0,0,1.90460937185891,0,2.16167076497546,0,1.76256704551873,2.8489071687458,0,2.71081085339038,0,0,0,0,0,0.681408273593007,0,0,0,1.87124932071303,2.06609337905654,0,1.2775503825637,0,0,0,0.587398215847562,0.851160572326428,1.6767472457301,0.894855578531733,1.63139070298956,4.06239073425477,0,1.62706494570413,1.13734800641406,0,1.21831762870747,1.39589131098277,0,0,0,0,1.06475063123682,0,0,0,0,0,2.34923966680012,0,1.21831762870747,0,0,0.645358445169684,1.20877614977086,0,0.723434538700267,0,2.11901913378017,1.75958020294736,0,1.80767876035433,0,0,0.913141566932775,1.46268669866322,0,0,0,0,2.44614733720987,2.8489071687458,1.58044971473067,0.51982357305408,0
"478","7","shrubRedWet1_bin.2.orig",0,0.553512967069078,0.687593824337858,0.809773088443534,0.460095909532152,0,0,0.95031493109283,0,0,0.936849362513831,1.05066622971848,0.918766591593269,0,0,1.28180387874142,0,1.09110482655156,1.0328072298628,0.889656945750503,0,0,0.684141834623042,0,0,2.01309308064823,0,3.30200517491307,0.515911952145456,1.10775105650641,0,0,0.944514399969002,0,0.965304577601999,0.64484444678784,0,0,0.698873940526963,0.815346562811292,0.429623892631171,0.846339341941336,0.677518466240848,0,0,0,0.821262166346035,0.574077199624461,0,1.2298933459191,1.40915422591838,1.18401822594851,0,0.908572466410097,0.972225911160319,0.447861353217953,0,1.40668125693095,0,3.56509822583459,4.88373258395672,0,0,1.2298933459191,0.373490051555183,0,0.651490250772254,0.610130604810384,0,1.09546226417916,0,1.06957638595298,0.444074667439526,0,0.456213557641316,1.10148367403199,0,1.38272652868559,1.47658426297154,0,4.23214419607286,3.11691315696188,0,1.23469457483099,0,0.531822063996334,0.524762622231259,0
"479","6","shrubRedWet1_bin.20.strict",1.77080028951941,0.698923235768298,0.868227718575812,0,0.580965110098022,0,0,1.1999668050332,1.27750626460372,2.01905986210845,2.36592754580912,1.32668082714614,1.16013057925712,0,1.55181478970811,2.63012643380867,0,1.37774281960165,1.30413019019754,0.561686851294743,1.81575356388546,2.90700490232295,1.72773775223778,0,1.70671786004978,0,2.9925781683399,0,0.868592360475004,1.39876208671113,5.8985777478065,0,1.192642449104,1.3168264861342,0.812596198004204,0.814247893238476,1.47166609265483,1.13430323273384,0.88247117044737,2.99503027840592,0.271243980778933,2.1373527509567,1.42584253332928,1.03976834188913,0,0,0,2.89955912734566,0,0.388247921964399,1.77934518226477,0.747532486971799,0,0,0,0.678619779025185,0,1.77622255354696,0,0,0,0,2.36407118325524,0.388247921964399,1.88643006318324,1.48143047889834,1.23395936833875,0.770414573688069,0,2.30540829180674,0,0,0.841102526828869,4.55047361003507,0.864094271168833,1.39084823554697,3.92665457495353,1.74597481379508,1.86448938391686,4.52666252960022,0,0,2.20680847113263,1.55905422052875,1.81575356388546,1.00730105689169,1.98786015013641,0
"480","2","shrubRedWet1_bin.21.orig",2.41183321388391,0,0,0,1.78036995651294,0,0,0,2.60994878260853,0,1.93343857138421,1.62624752879512,2.37014993733772,0,0,0.826670073410539,0,0,0,1.14752776903108,0,0,1.76488646985953,0,0,0,0,0,1.33090242096074,0,0,0,2.43657177610146,2.69028010242965,1.66013624864006,1.66351066650819,0,0,1.80289100790491,1.33849953712316,0.554152192469651,2.18330874960321,1.16520007366338,0,0,0,2.11861694788811,0,0,0.793191563405445,0,1.52721090955869,0,2.34385206649088,0,0.92428137285639,0,0,0,0,0,0,0,0.793191563405445,1.92699088188366,0,1.68065490318522,1.5739590751242,0,0.941991085497033,0,0,1.71837475617148,0,2.35379593674835,2.84150673835252,0,1.18901043540562,0,0,0,0,0,0,0,2.05791880634751,0,0
"481","5","shrubRedWet1_bin.23.orig",0.798202809666549,0.945136208470294,0,1.38270629970135,0.392812209775783,0,5.54216967003277,0,0,0,1.59969198026689,1.07642214994394,1.56881523019363,0,4.19695975619007,0.820766176697124,2.95414447492901,0,0,0.759554917925667,0,0,0,0,2.30795138095929,0,0,0,0.587287736530312,0,0,0,0,0,1.09885327929443,0,1.99009682288942,1.53388956294059,0,0.885960177609952,0.733592745080169,0,0.385626156596477,1.40605242185184,0,3.19546424384579,1.40232416626207,0,1.88097866256461,0,1.20308173563364,1.01086926902387,0,0,1.66009825626355,1.2235738101448,0,0,0,0,0,0,0,0,0,2.00330095536053,1.6686520337474,1.04181213595707,0,0.623509060905377,0,0,0.758267777688974,0,1.55799042759569,0,2.65495781726624,0.787012522093325,0,0,0,0,2.98421126167548,0,0,1.3621477337954,2.24011082228488,0
"482","3","shrubRedWet1_bin.24.orig",1.03391593549148,0,0,0.895513057616838,0.508811543162153,0,0,1.05093567789172,0,0,0.414417742018922,0.464764928021222,0,0,0,0.531571186622405,0,0,0,0.491927567789655,1.5902441588736,0,0,0,0,2.22624234572141,0,0,0.380358313804402,0.612520686256118,0,0,0.696347318650409,1.15328184918659,1.06751245028585,0.713121528081609,1.28889098950672,0.993427261344051,0.772871744321582,0.573794237973463,0.950226208319384,0.935950999977147,0.499503413943118,0,0,0,0,0.634861340393459,0,1.02008720078324,0.779178777064193,0.654691911181705,0,0,0,0.990563147954231,0,0,0,0,0,1.31133253442152,0,1.02008720078324,0.826071458365029,1.29744267763091,0.720470999595714,0.674732133306079,0,0.807634283150046,0,1.18282471152573,0.736640922483584,0,0.756777183188865,1.21811039033585,0,0,0,0,0,0,0,1.36542585782278,1.5902441588736,0.588132168670686,0.290162631398755,1.60507498896182
"483","3","shrubRedWet1_bin.25.orig",0.494826425482187,0.292957106870193,0.363921912338309,0.428587576670363,0.487028758343534,1.818929039431,0,0.502971979685812,0.535473024981708,0,0.396676060210144,0.556084784380719,0.486274430005469,0.750119823204984,1.30090158096267,0.424011696915917,0,0.577487669297471,0.546632574151535,0.470867604627432,0,1.21848538188295,0.362094882115055,0,0,0,0,0,0.182037376890605,0.29314899916881,0,0,0,0.551954288948273,0.170301843634763,0.341296003438885,0.616856070479889,0.475448770865266,0.369892125143653,0.274614736065285,0.568466233474124,0,0.358589340322136,0.435824007081716,0,0,0,0.303841112183259,0.58303349520527,0.488208069840567,0,0.313331913245102,0,0.480878998284062,0.514568776348502,0.568893626521279,0,0,0,0,0,0.627596469260188,0,0.488208069840567,0.197676606435763,0.620948860929352,0.344813419694568,0.322923052272241,0,0.193264641596821,0,0,0.587587091664244,0,0.362189357557214,0,0,0.731833918148913,0.390754941136017,0,0,0,0.924994608898611,0,0,0.562953580159421,0.555480896559736,0.768179976877224
"484","4","shrubRedWet1_bin.26.orig",1.074342563671,1.27210784643874,1.58025836997934,1.86105612863698,1.05741265598422,0,0,0,0,0,0.861243364393478,1.4488124047648,0,0,0,0.736474513134157,0,2.50762510315354,2.37364300230234,1.02232436154174,0,0,4.71697456615691,0,0,0,0,0,0.790461026740927,0,0,0,0,0,0,1.48200987022023,0,2.06454152438551,1.60618282914582,1.02210836322039,1.97476105294371,1.94509430074292,2.59517123141627,0,0,0,0,0,2.53170674680324,0,1.6192901108759,0,0,0,0,2.05858932108496,0,0,0,0,0,2.72521257965892,0,0,0,0,1.49728354924392,0,0,1.67842637197686,0,0,0.510295966367119,0,1.04849006410869,0,3.57344543679536,1.05928097519494,1.69677544936326,0,0,0,0,0,0,2.44451371790374,2.41206507877472,3.33566844137233
"485","10","shrubRedWet1_bin.27.strict",0,0,1.44868404320932,0,1.93874226001656,0,0,0,0,0,0.789535143758202,1.10681869721402,0,0,0,0.675154706139449,0,0,0,1.87440866339981,0,0,0,0,0,0,0,0,1.08696935068289,1.16695440142622,0,0,1.32665816298759,0,1.35585989762254,0,0,0,0,0.312335439224732,1.35775494733886,0,0,0,0,0,1.73030843728523,0,0,1.29562454025681,0,1.24729764149088,0,0,0,1.50975083954955,0,0,0,0,0,0,0,1.29562454025681,0.786902178050331,0,0.686308905922088,0,0,0,0,0,1.87123229424765,0,0.480595722254467,0,0,0,0,0,0,0,0,0,0,0,0.552808366211825,0
"486","5","shrubRedWet1_bin.29.orig",1.49709677074591,0.886341383718641,0,1.29669121124598,1.10512870346302,0,5.19740360184785,0,0,0,1.20014295557098,1.1777037046925,1.47122271844737,0,0,0.513138756963305,2.77037370714134,0,1.65383621286864,0,0,0,0,0,2.16437885060575,0,3.79504606353065,0,0.826130805865152,1.77384390728672,0,0,0,0,1.03049605691221,0,0,0,1.11910819139719,0.949538928378669,1.03193635414628,1.35524482362884,0.723274419438487,1.31858502298008,0,0,1.31508869389155,0,1.76396715688324,0.49235764783458,1.12824069243313,0.947985336542554,0,0,1.55682723016932,1.14745800049382,0,2.25252141484817,0,0,0,0,0,0.49235764783458,0,0,1.04323259743365,0.977003316435832,0,1.16944389359166,0,0,0.711097623054643,0,0.913169564238371,0,0,1.47610844148083,1.18222861674714,0,0,0,0,0,0,1.27741154807252,1.68060680195132,2.32412762033454
"487","10","shrubRedWet1_bin.30.permissive",0,0.765258416679902,0.950631679177988,1.11955041417296,1.27220964348441,0,0,0,1.39875507254333,0,0.518095800805647,1.16207745545093,0,0,0,0.664558419426378,0,1.50850513298714,0,1.22999370601618,0,0,0.945859136634777,0,0,0,3.27660537480518,0,0.951030929436319,0,0,0,1.30583678658686,0,0.444860070506338,0.891528599531625,1.61134271449503,0,0.966226984741557,0.204955638497428,1.48493946575309,0,0.936702009877504,1.1384533154822,0,0,1.13543461940005,0,0,0.850193482879812,0,0,0,0,0,1.48605589583414,0,0,0,0,0,1.63939863248566,0,0.850193482879812,0.516368039238987,0,0.450358372296405,0.843535036003729,0,0.504843167003709,0,1.47874102384026,1.2279093611551,0,0.15768432067506,0,0,0.63722874138868,1.02072453799898,0,0,0,0,1.7070248966733,0,0.367634847657039,0,2.00662888540452
"488","10","shrubRedWet1_bin.31.strict",0,0,1.50171378901136,0,0.502427703068387,0,0,2.07550007782539,0,0,0,0.917867443813194,0,0,0,0.699869054731507,0,0,2.25566432329313,1.94302225475893,0,0,0,0,0,0,0,0,0.75117224251655,0,0,0,1.37522109531173,0,1.4054917728759,0,0,0,0,0.323768621653086,1.40745619175883,0,0,0,0,0,0,1.25379201516719,0,1.3430514725453,0,1.29295554541948,0,0,0,1.17376197264195,0,0,0,0,0,0,0,1.3430514725453,1.63141418851193,0,0.711431559128166,0,0,0,0,0,1.45479720986461,0,0.747282224615275,0,0,0,0,0,0,0,0,0,0,0,0.573044170751035,0
"489","3","shrubRedWet1_bin.32.orig",0.545172528060421,0,0,0.944388418387256,0.804872231203719,0,0,1.1082937029552,1.17990942966706,0,0.437035856270366,0.857729064065026,1.07150082002549,0,0,0.373722205332239,0,1.27248827621861,1.20449938412231,0.518776017562814,1.67703659178892,0,0.79787243410876,0,0,0,0,0,0.601676296072296,0,0,0,0,1.21622572919988,0.375258401114054,0.752042313950321,1.3592361526175,1.04764658889531,0.815053580769067,0.691555212984747,0.501043853214716,0.987033384983407,0.263382669331558,0.960333820080977,0,0,0,0,0,0.717174383980866,0,0.690423722214852,0,1.05961204044517,1.13384712786714,0.626775694660698,0,0,0,0,0,0,0,0.717174383980866,0.43557841586158,0,0.759792905323785,0,0,0.42585669567408,0,0,1.03579380153309,0,0.399040304898095,0,0,1.07505912304184,0.861024586161241,0,0,0,0,1.43994814517384,1.67703659178892,0.620231278426792,0,0
"490","11","shrubRedWet1_bin.4.orig",2.54525181914744,0,0,0,1.6700951678063,0,0,1.72476688167709,1.83621787459575,2.90208659746369,1.02019659002473,1.33482909738327,1.66750846200965,0,0,1.45400014676982,0,0,0,0.807338065455781,0,0,0,0,0,0,0,0,0.624233658273393,1.00525219213799,0,0,0,1.89273461788524,1.16798148466748,1.17035554137201,0,0,1.26841596154015,0.538111659854596,0.779742627778469,0,0.819771336892893,1.49450634232925,0,0,0,1.04191706248323,0,1.67413920503982,1.27876689112123,1.0744624527101,0,0,1.76453404888558,1.13797959610627,0,0,0,0,0,0,0,1.67413920503982,0.677862938360296,0,1.18241729294446,0,0,1.32546728918622,0,1.94121955528379,1.20895492799005,0,1.44900234283616,0,0,0.836523011149118,0,0,0,0,0,0,0,0,0,0
"491","14","shrubRedWet1_bin.5.permissive",0,0.677271303918792,0.841330905835296,0.990827872366818,0.281483700577564,4.20508126746705,0,1.16279305238826,1.23793041826902,0,0.22926335138452,0.514232641126958,0,0,0,0.196049829898345,0,0,0,0,0,0,0,0,0,0,0,0,0.631263188624152,0,0,0,0.770463731710247,0,0,0.789023320652013,0,1.09916367085501,0.85513311003695,0.725561820713561,0.262841117795048,0,0.829002828045277,1.0075573748963,0,0,1.00488575941697,0,0,0.752440791479884,0,0,0,0,0,0.438397885093669,0,0,0,0,0,0,0,0.752440791479884,0.456997594034517,0,0,0.746547912813612,5.96564167613095,0.446797816970779,0,0,0.815046024973802,0,0.41866275421503,0,0,1.1279241917972,0,0,5.17839687338147,0,0,0,0,0.650730595604328,0.321046377005703,0
"492","2","shrubRedWet1_bin.6.orig",0.720846123204611,0.853539681300709,0,1.2487032914438,0.709486749821387,0,0,1.46542457300562,0,0,1.44466011436194,0.648068155379213,1.41677574046859,0,0,0.741222793711735,0,1.68252836216619,1.59263107870813,0.685943736750867,2.21743624896913,0,0,0,0,0,0,0,0.79555737518703,0.854098765506433,0,0,1.45647991627424,0,1.48853922228294,0.99437656630569,0,0,1.0776922600845,1.0286982141965,0.993746476267694,1.30508995302852,1.04476124346765,0,0,0,0,0.885250570739229,0,1.42240946052486,1.08648678572314,0.912902316075462,0,1.40105598162345,0,0.828744675052605,0,0,0,0,0,0,0,1.42240946052486,1.72781090167457,0,1.50693700264823,0.940846399207612,0,1.12616513972019,0,1.64933062440638,1.02717200681068,0,1.58287500919139,1.69853297036467,0,0.710740326385789,0,0,0,0,2.69500068497749,1.90394963913001,2.21743624896913,1.23013712962067,0.404602735604833,2.23811635652142
"493","4","shrubRedWet1_bin.7.orig",0.787315283237949,0,0,1.363846116301,1.54981692599224,0,0,1.60055124889988,0,0,0.631148840512572,1.23869631402434,0,2.38702207746297,0,0.539713923205705,2.91384979586352,0,0,0.749194550682231,0,3.87744919897374,1.15225388132263,0,2.27647080816275,0,0,0,0.868915653444696,0,0,0,0,0,0.541932432677142,1.08606794535527,1.96295180223517,1.51296723223363,1.17706617220849,0.998715012883817,1.08537975476817,1.42543218717983,1.14109858933552,1.38687379617236,0,0,1.38319639417615,0.966879450970257,1.8553220190997,0,0,0,0,0,0,1.05602367666024,0,2.36917822599689,0,0,0,1.99712976716321,0,0,0,0,0.548630512055884,1.02760176607801,0,0.615004365987159,0,0,1.49584993420607,0,0.960462099927446,0,2.61874405924354,1.55255526349893,1.24345556871722,0,0,0,0,0,0,1.34356797026694,1.32573335887032,0
"494","5","shrubRedWet1_bin.8.orig",0.752032506799254,0.890466863201828,0,1.30272666562765,0.740181686262026,0,5.22159493751054,0,0,0,0.602864512856994,1.01415885536002,0,0,0,0.773290745011825,2.78326842254053,0,0,0.71562011817268,0,0,0,0,2.17445296054356,0,3.81271012047354,0,0.553317356650065,0,0,0,0,0,1.03529250489308,1.03739685598481,0,1.44516506231457,1.1243170849092,1.19244820135492,0.691159670664218,0,0,1.32472238219524,0,0,1.32120977942911,0,0,0.494649328457694,1.1334920932074,0.952397738048463,0,0,1.56407348868202,1.15279884830462,0,2.26300578470058,0,0,0,0,0,0.494649328457694,0,1.88742437521923,2.09617665538571,0.981550782244155,0,0.587443537414511,0,0,1.07161114463897,0,1.28438788183176,0,0,1.48297899407169,0,0,0,0,0,0,0,1.28335726518554,2.1105364912143,2.33494528155416
"495","2","shrubRedWet1_bin.9.orig",0.807570341525096,1.91245623648192,1.187861148479,1.39893343540747,0.794844334202175,0,0,0,1.7478134205972,0,0.971079367193987,0.726036535015915,0,0,0,1.3839975120785,0,0,1.78423880319702,0.768468886663709,2.48421360848719,0,1.18189762128891,0,0,0,0,0,0.891270023519616,0,0,0,1.08780496100059,1.8016091731473,1.6676237679804,1.11400893672851,0,1.55189095202908,1.20734825161619,0.768306523331899,1.11330304123876,1.46210391533042,1.95075889994501,0,0,0,1.41878153291674,0.991754110529137,1.90305341265749,1.06235867068542,0,2.04546521494671,0,1.56961551314921,1.67958080269854,0.773708376315248,0,0,0,0,0,0,0,1.06235867068542,1.2904546430825,2.02681125286179,1.12548997695032,1.05403861305789,0,0.630826425516714,0,1.84775980998317,0.767166640833516,0,1.57627465910812,1.90288163702821,0,1.59249745441749,0,0,0,0,0,2.13301176329191,2.48421360848719,1.37813359871325,1.35984016084514,0
"496","14","shrubRedWet2_bin.1.strict",0.545433733128582,1.29167465776349,0,0,1.07367715273264,4.00991218407979,0,1.10882471271325,0,0,0.43724525049834,0.490365727069194,1.07201420144206,0,0,0.560851896736123,0,0,1.20507648830041,1.03804915087543,0,0,0,0,0,0,0,0,0.4013097156225,0,0,0,0,0,0.375438196300341,0.752402635231687,0,0,0.815444092240504,0.778372372646633,0.751925872784653,0,0.263508862205473,0.96079393875538,0,0,0,0.669831615943159,0,0.717517999211291,1.6441970746748,0,0,0,1.13439038087619,0.522563331448653,0,0,0,0,0,0,0,0.717517999211291,0.435787111795342,0,0.760156940097014,0.711898624825829,0,0.426060733701485,0,0,1.03629007487154,0,0.532308659410203,0,0,0,0.861437123429979,0,0,0,0,0,0,0,0.306145754844186,0
"497","3","shrubRedWet2_bin.10.orig",0,0,1.5134174728483,1.78233820275064,0.506343399275387,0,0,0,0,0,1.23722245122308,1.61878655935164,2.02223662279913,0,0,2.11597056087591,0,2.40155895932082,0,1.95816529887575,0,0,0,0,0,0,0,0,0.757026542116001,0,0,0,0,0,1.41644554546927,1.4193246339548,0,0,1.53824539353649,1.14202175184348,0,1.86282177459404,1.9883216877807,0,0,0,1.80762605530124,0,2.42462201088677,2.03027792015832,0,1.30303226112226,0,1.99979900537656,2.13990240956978,0.788606498060096,0,0,0,0,0,0,0,2.03027792015832,1.64412869909921,0,2.15092841298829,0,0,1.60743321883014,0,2.3541741268633,0.977423497948763,0,0.753106207159661,0,0,1.01447609262577,0,0,0,0,0,0,0,1.17055851232139,2.31004088015848,0
"498","8","shrubRedWet2_bin.13.orig",0.481166917512332,0,0,0.83351313725658,0.473584502209355,0,0,0.978175233162481,1.0413829640985,1.64587415510406,0.96431489565386,0.973321670053174,0.945701993675036,1.45882606307747,1.2649906542254,0.659691207058379,0,1.12309265402095,0,0,1.48014524924306,2.36969905017961,0.70419876264496,0,0,0,0,0,0.177012299666757,2.28045380016931,0,0,0,0,0.662402886576279,0.663749296630393,1.19965595488296,0.924648352356446,0.719362768445617,0.686659098026209,0.663328709667959,0.871151400500491,0.929841623379745,0.847586479889526,0,1.92626693568577,0.845339039479517,0,1.13387812472218,0.632975012307723,0.725233140299338,0.609364993825757,0,0,0,0.737586026315968,0,0,0,0,0,1.22054378264573,0,0.632975012307723,0,1.20761557572444,0.335294967542703,0.628017751897938,0,0.375859279425713,0,0,0.685640350085865,0,0.939176663476174,0,0,0.948842536541425,0.759936579158698,0,0,0,0,1.2708920107473,1.48014524924306,0.821120169372171,0.27007352171439,1.49394928214889
"499","10","shrubRedWet2_bin.14.strict",0,1.04470657453647,1.29777228652854,0,1.73678034735395,0,0,0,1.9095361626888,0,0.707287992583813,0.594911763481787,0,0,0,1.20964549979584,0,0,1.9493319352206,1.67914848540773,0,0,0,0,0,0,0,0,1.29831733034729,1.04539087657682,0,0,1.18845803934446,0,1.21461778211614,1.21708663245917,0,0,0,0.419698428059522,1.21631542144265,0,0.426251980930462,0,0,0,0,1.08351973742344,0,0.580328619609368,1.3298267357204,1.11736463155437,0,0,0,1.69059707007443,0,0,0,0,0,0,0,0.580328619609368,0.704929307166471,0,0.614814998673052,1.15156733824408,0,0.689195916285096,0,0,1.6763030037606,0,0.430531289613919,0,0,0,0,0,0,0,0,0,0,0,0.495221425813115,0
"500","10","shrubRedWet2_bin.15.strict",0,1.65848613826565,1.03011572832682,0,0.689290706478221,0,0,1.42371022358329,0,0,1.12282947198113,0.787025544838987,1.37644621455531,0,0,0.720123361379115,0,0,0,1.3328357239324,0,0,0,0,0,0,0,0,1.28818545078461,0,0,0,0.943346788564874,0,0.964111265320787,0.966070932356086,0,0,0,0.444184706758414,1.28727837103698,0,0,0,0,0,1.23037037955873,0.860051285621201,0,0.921279711183996,0,0.886915904421998,0,0,0,0.805153870316656,0,0,0,0,0,0,0,0.921279711183996,1.11908502625394,0,0.976027314989852,0,0,0.547054025296664,0,0,1.66322137899316,0,0.683474377703742,0,0,0,0,0,0,0,0,0,0,0,0.393085431881971,2.17440678766092
"501","3","shrubRedWet2_bin.16.orig",0,0.855144466177693,1.06229138040608,1.25105104422185,0.710820693200329,0,0,1.46817979487127,1.56305064243904,0,0.289475259175209,0.973929933639382,0,0,0,1.23769400949512,0,1.68569177229211,0,0,0,0,1.05695826252529,0,0,0,0,0,0.265684381492884,0,0,0,1.45921832082,1.6111596022359,0.994225268811485,0.99624614602248,0,0,1.07971848602211,1.03063232384985,0.663743247546025,1.30754372133667,0.348908518022579,0,0,0,0,0,0,1.42508380741363,1.08852954671126,1.82923742353274,0,0,1.50203095007087,1.24545426230006,0,0,0,0,0,0,0,1.42508380741363,1.1540396332575,0,0,0,0,0.564141251034974,0,1.65243161771832,0.686068831307466,0,0.881028364335323,1.70172647159679,0,0.712076626680004,1.14061723613387,0,0,0,0,0,0,0,0.405363450502464,0
"502","7","shrubRedWet2_bin.17.orig",0,0.572480039383988,0,0.837521353869914,0.475861885953806,0,0,0.982879104097519,0,0,1.16274253762553,0.978002201065397,0.950249706569865,0,0,1.32572708977359,0,0,1.06819814314149,0.920142568724909,0,0,0.707585129401953,0,0,2.08207517196125,0,3.41515405246947,0.711454081486866,1.14571004869937,0,0,0.976879807814,0,0.998382396584703,0.66694114909069,0,0,0.722822056212799,0.843285812907712,0.444345693066846,0.875340612835774,0.700734799928425,0,0,0,0.84940412475591,0.593748940680997,0,1.2720377534028,1.45744131528393,1.22459064366919,0,0.939706262181833,1.00554090152279,0.463208091558191,0,1.45488360576753,0,3.68726243856698,5.05108206734295,0,0,1.2720377534028,0.772576659065532,0,0.673814682960876,0.631037777706902,0,1.13300015980057,0,1.10622725750547,0.459291648489031,0,0.471846498608614,1.13922790360205,0,0.953405351749023,0.763590979174143,0,4.37716588443382,3.22371953868123,0,1.27700350466808,0,0.55004586026961,0.542744514609908,0
"503","11","shrubRedWet2_bin.18.orig",0.723689237880997,0,0,0,1.78071265397915,0,0,0,1.56627069775923,0,0.580143219755045,0.650624223900002,1.42236369574948,0,0,1.73634131238068,0,0,0,0.688649191691044,0,0,1.05913571217666,0,0,0,0,0,0,0.857467446639793,0,0,1.46222447019846,1.61447876727636,0.996273481632859,0.998298522071992,0,0,1.08194282422384,0.229501230930558,1.33022126249813,0,0.349627307740079,1.27479506870663,0,0,0,0.888742118808821,0,0.952013090640116,0,0.916502926371322,1.51137104421169,0,0,1.24802003433231,0,0,0,0,0,0,0,0.952013090640116,1.15641708115323,0,0.504293522050159,0.944557224749575,0,0,0,1.65583580762581,1.03122331223319,0,0.353137351659923,1.70523221429609,2.40711304960985,0.713543582431703,1.14296703242312,0,0,0,0,0,0,0,0.406198543557007,0
"504","1","shrubRedWet2_bin.19.orig",0,0,0,0,0.885403039164717,0,0,0,0,2.05139311247646,0,0.539170524329105,0,0,0,0.411114663391527,0,1.39980601067632,0,0.57068171169099,1.84483106460225,0,0,0,0,0,0,0,0.441251004803638,0,0,3.39220429079122,0.807827626990746,0,0.825609123876904,0.827287269379712,0,1.15246797916138,0,0.285280568574455,0.551175370689145,0,0.289735198766539,0,0,0,1.05361802900788,0,0,0.788930658271178,0,0.759503481746683,0,0,0,0.804401738952708,0,0,0,0,0,0,0,0.788930658271178,0.958319689130341,1.50515412547066,0.417906669797381,0,0,0.468465425915582,3.00376608287647,0,0.854571953414729,0,0.146321981306936,0,0,0,0.947173670338427,0,0,0,0,1.58402093468898,1.84483106460225,0,0,0
"505","4","shrubRedWet2_bin.2.orig",0.900649448955052,1.06644125407407,1.3247718914396,1.56017199114213,0.88645666487987,0,0,0,0,0,0.361001410437798,0.809718202315876,0,0,0,0.926108748066198,0,0,0,0.857041230619864,0,0,0,0,2.60416915889385,0,0,0,0.331332068666265,0,0,0,0,0,0.619943696322257,0,0,1.73075911646749,1.34650504309187,0.714050127984987,0.827746900427338,0,0.435119973564567,1.58651450935359,0,0,0,0,2.12239593173412,0,0,0,1.88093925801854,1.75052657867477,1.87316627003558,1.2080384602163,0,0,0,0,0,2.28461692867158,0,0,0,2.26041787837146,0.627605965339456,1.1755252108877,0,0.703534346562253,0,0,0.427794445136847,0,1.53820909010933,0,0,1.77604585140509,1.42245120424874,0,0,0,0,0,0,1.53697480262028,2.02209719460343,2.79637803174553
"506","6","shrubRedWet2_bin.20.orig",3.19889084759881,1.26258119298148,1.56842401654313,0,1.04949382743278,0,0,2.16769945925685,2.30777187115781,3.64736337117143,0.85479362265349,1.91728324453546,0,0,2.80330094666575,2.92383659764858,0,2.48884581849985,0,1.01466830475332,0,0,1.56054991502863,0,0,0,0,0,1.56908272980452,1.26340820690819,3.55186041832518,0,2.15446825792649,2.37880252183245,1.46792755567863,1.47091128727119,2.65851503547739,2.04908043615624,1.59415433074051,3.04336177204758,0,1.93052773754096,1.03029452998836,1.87830635231873,0,0,0,1.30948888045627,0,1.40271348668939,1.607163453709,2.70078432334779,0,0,0,0.817269123258898,0,0,0,0,0,0,0,1.40271348668939,2.55582909298168,2.67615406906668,2.22910587549029,1.39172787762326,0,2.49878527633642,0,0,1.51942327482639,0,0.780478541782575,0,7.09336871912861,1.05134815503916,1.68406851437648,0,0,0,3.98652488509904,0,0,1.21310353318347,2.39400143095887,3.31068804574138
"507","1","shrubRedWet2_bin.21.strict",0,0.707008642668589,0.87827170341927,0,0.88152889954365,0,0,1.2138484724167,0,0,0.717989245689893,0.402608511000764,1.17355140619594,0,0,0.204657901980823,0,0,1.31921685880301,1.13636931215244,0,0,0,0,0,0,0,0,0.219660140908279,0,0,0,0.804292923721974,0,0.41099830824559,0,0,1.14742527921279,0,0.378709739410689,1.09752733272192,0,0,0,0,0,0,0,0,1.17821795991033,0,0.756180223975005,0,0,1.24183562574227,1.0297054618507,0,0,0,0,0,0,0,1.17821795991033,0.477063248939742,0,0.832156182987536,0.779327019277799,0,0.93283124885408,2.99062290549923,0,0.85083271725071,0,0.291363479579279,0,0,0,0,0,0,0,0,0,0,0,0,0
"508","8","shrubRedWet2_bin.22.orig",1.40403337175992,0,0,0,0.690954034088602,0,0,1.42714577915051,1.51936509053439,0,0.281384743029119,0.788924716417108,0,0,0,0.721861091278277,0,0,0,0,0,0,0,0,0,3.02318441927498,0,0,0.516517588592787,0,0,0,0,0,0.483218881252037,0.968402158412485,0,1.34905071047201,1.04954153801874,0.667884853511121,1.29038470285992,1.27099930776801,1.01747072234278,0,0,2.81040005265037,0,0.86212667563629,1.65431440595425,0.923502851531159,1.05810633922107,0.889056121456766,0,1.36445857900855,0,0.94161291858949,0,0,0,0,0,1.78075854777026,0,0.923502851531159,0.56089274533309,1.76189645096573,0.489191283398084,0,0,1.09674824305812,0,0,0.66689395960051,0,0.342561834964707,0,0,0.692174865604386,1.10873823482736,0,0,0,0,0,0,1.19800434949286,0.788067972910904,0
"509","10","shrubRedWet2_bin.23.orig",0,0,0,1.18695213776327,1.34880210564914,0,0,1.39295607017156,0,0,0.274643692033608,0.462014808310212,0,0,0,0.234855892931337,0,1.59932359432751,0,1.30404458817494,0,0,0,0,0,0,0,0,0.756215294427347,0.811861682855549,2.28241304807278,0,0.922969164399911,1.52861015782229,0.943285099104858,0.945202434561977,0,0,1.02439798206922,0.108647422296239,2.51894267700552,0,0.331031825810357,0,0,0,0,0,0,1.35206815062732,0,0.867757267126234,0,0,0,1.31293568089641,0,0,0,0,0,0,0,1.35206815062732,0.547455603864082,0,0,0.894319453226656,0,1.07047377004972,0,0,1.30183475683784,0,0.668710364973688,0,0,0,0,0,0,0,0,0,0,0.779536075943748,0,0
"510","3","shrubRedWet2_bin.24.orig",1.67788113303163,0.49668649155715,0,0.72663763666845,0.619290161246036,0,0,0,0,0,0.840667609737273,0.659959618181681,0.82444130867386,0,0,1.15020732895851,0,0.979086417958001,0,0.399160104065927,1.29035668157073,0,0.613904330671233,0,0,1.80641863676585,0,0,0.462945789364945,0.497011830353588,0,0,0.565030476798523,0,0.577467644491344,0.578641413896979,0,0.806087227031718,0.627123963145993,0.53210102517683,0.963791259715292,0.759449811341399,0.810614601603606,0,0,0,0,0.515139494697406,0,0.827719647936187,0.632241618692722,0.531230426000747,0.876032427785706,0.815293764581921,0,0.643010581412021,0,0,0,0,0,1.06404207687857,0,0.827719647936187,1.00543695112002,0,0.876907388420881,0.547491472692259,0,0.65533099915073,0,0.959768197309571,0.597725532234244,0,1.02344084432891,0.988399719810274,0,0,0.6624952807766,0,0,0,0,1.10793450741492,1.29035668157073,0.477222487664062,0.470887804339092,0
"511","10","shrubRedWet2_bin.25.orig",0,0,0,1.64546466557692,1.40237723267662,0,0,0,2.05582706998217,0,0.380736911360637,1.92146511521606,0,0,0,0.65115864578881,0,2.21713275503132,0,0.903894615423254,0,0,0,0,0,0,0,0,0.698891166689557,0,0,0,1.27950664489221,0,1.30767050394061,1.31032849464332,0,0,1.42011680956203,0.60246909275168,1.30949820060888,0,0.91781488945091,0,0,0,0,0,0,1.24957600593266,0,1.20296672117254,0,0,0,1.63810340966671,0,0,0,0,0,0,0,1.24957600593266,0.758934436756613,2.38399212998033,0,0,0,0,0,0,1.80472575485081,0,0,0,0,0,0,0,0,0,0,2.50890814310579,0,0.540333105143181,0,0
"512","1","shrubRedWet2_bin.26.strict",0,0.691629525026212,0.859167207330121,0,1.14980473560076,0,0,0,0,0,0.936495031793088,0.525134425861131,1.14802387506542,0,0,0.400412212800087,0,0,1.29052075801595,1.11165057990213,0,0,0,0,0,0,0,0,0.859528043958009,0.692082555098657,0,0,0.786797641845131,0,0.804116237237345,0.805750695976024,0,0,0,0.370471902864976,1.07365350580243,0,0.282192591008842,0,0,0,1.02618944058273,0.717325093587359,0,1.15258892015004,0,0.739731507620624,0,0,1.21482275061149,1.11922991305485,0,0,0,0,0,0,0,1.15258892015004,0.933371979800028,0,0.407027404512989,0.762374805134958,0,0.456269976516384,2.92556975238068,0,0.832325084298456,0,0.285025631696361,0,0,0,0.922516122673541,0,0,0,0,0,0,0,0.327852593126351,0
"513","1","shrubRedWet2_bin.27.orig",0,0.848144254393584,1.05359546417977,0,1.41000383136818,0,0,0,0,0,1.43552807489916,0.643971562754656,1.40781996475135,0,0,0.736537348508678,0,0,1.58256367965986,1.36321544717392,0,0,0,0,0,0,0,0,1.31754744699756,0.848699804495349,0,0,0.964848774025484,0,0.986086541709733,0.988090876021807,0,1.37647844619978,0,0.340731856210098,1.64577461488747,0,0,0,0,0,1.25841457956357,0.879654691773607,0,0.942278715150681,0,0.907131643864623,0,0,1.4897353261469,1.37250997210816,0,0,0,0,0,0,0,0.942278715150681,1.1445926659209,0,0.499137098731205,0.934899085814964,0,0,3.58762182140112,0,1.0206790087636,0,0.349526506794238,0,0,0,0,0,0,0,0,0,0,0,0.402045145683469,0
"514","4","shrubRedWet2_bin.28.orig",0.972319394171295,0,0,1.68432400307397,0.95699720724319,0,0,1.97665033793088,2.10437753698353,0,0.389728404429836,1.52976637854795,0,2.94792684664657,0,0.666536425761956,0,0,0,0,0,0,0,0,2.81139813257311,0,0,0,0.715396199151358,0,0,0,0,0,1.33855248549306,1.34127324737521,2.42420812572987,0,1.45365432607179,0.616697018939671,1.34042334509468,0,1.40923504559622,1.71276274955633,0,0,1.70822122806272,0,2.29128739148135,0.63954301313415,0,1.23137601539422,0,1.88982621866095,2.02222506767335,1.30416914720364,0,0,0,0,0,2.46641726209538,0,0.63954301313415,0,0,0.67754824333169,1.26906862843199,0,0.759518690009487,0,0,0.92367310324322,0,1.42338290188182,0,0,1.91737620920348,1.53564396753701,0,0,0,0,0,0,1.10618725237598,0.54575182427897,0
"515","3","shrubRedWet2_bin.29.orig",0,0,1.74929125200817,2.06012463984825,0,0,0,2.41767383122482,0,0,1.90673311631096,1.3364876031259,0,0,0,0,0,0,0,1.13167763976671,0,0,0,0,0,0,0,0,0,0,0,0,1.60194455775069,2.65312083837378,2.45580863782293,1.64053356755826,2.96508918879138,0,0,1.32001162662874,0,2.15315198404235,1.72365877080181,0,0,0,0,0,0,2.34670701811983,0,1.50611643935611,0,0,2.47341703949446,0.227878703841224,0,0,0,0,0,0,0,2.34670701811983,0.950187242485373,0,0,1.55221889987893,0,0.928979914112815,0,0,1.12975990111381,0,1.45080270717598,0,0,2.3451746607125,0,0,0,0,0,0,0,1.35299598577633,0,0
"516","6","shrubRedWet2_bin.3.orig",1.54654286663507,1.22082060975529,0.758273754937483,0,0.507390614347482,0,0,0,1.11572050913811,0,2.06630210679464,2.085601525481,1.0132094976121,1.56296215124831,0,2.82712905736949,0,1.20326292147315,1.13897273156694,0.981107579769317,1.58580317521655,2.53885642642451,1.50893384869765,0,1.49057595452224,0,2.61359253580763,0,0.379296108956168,3.05405067432785,5.15157095532116,0,1.04160400414693,0,1.06453126949108,0.711130034489865,1.28529157756222,0.990652974007427,0.770713389727805,2.94270086938603,0.473786283042913,1.8666744465984,1.74337967792473,0.908090156534838,2.26127133801541,0,0.905682285996372,3.16544199769703,1.21481829665877,0.678158974508513,2.33100842754541,0.652863590629957,0,0,0,0.691457801343961,0,1.55127844512038,0,0,0,0,2.06468083742701,0.678158974508513,1.64752907196202,1.29381938387744,1.07768847233458,0.672847847575374,0,1.61075769841564,0,0,0.734583747628002,3.97419321820917,0.880441070778368,1.21470864331116,1.71468788958761,1.52486133505891,1.62836700088637,0,0,0,5.7820024978417,1.36161271134105,1.58580317521655,1.17297945138888,2.60417079773796,1.60059258809617
"517","15","shrubRedWet2_bin.30.orig",0,0,5.70574659168367,0,0,0,0,0,0,0,0,1.74371410766706,0,0,0,0,0,0,0,0,0,0,0,0,0,0,0,0,2.85407145746982,0,0,0,0,0,2.67007599963692,0,0,0,0,0,0,0,0,0,0,0,0,0,0,0,0,0,8.10114015095902,0,0,0,0,0,0,0,0,0,0,0,0,0,0,5.06294631460824,0,0,0,0,1.8424958387578,0,0,0,0,0,0,0,0,0,0,0,0,0,0,0
"518","11","shrubRedWet2_bin.31.orig",1.09016773205592,0,0,1.8884696628349,0.536494222607454,0,0,2.21622691976259,2.35943507929104,3.72901550296893,1.31089434188596,0.73507677480449,2.14265312124052,0,0,0.747322852924151,0,0,0,0,0,0,1.59548535040248,0,0,0,0,0,0.802104593023133,1.29169164426458,0,0,0,2.43205586603393,1.50078948964245,1.50384001689543,0,0,0,0.345721372284317,1.00192473575835,0,0.526679670212944,1.92035527978448,0,0,1.91526331081168,0,0,1.43411549817928,1.64314240858353,1.38062287562875,0,0,0,0.835565015215757,0,0,0,0,0,0,0,1.43411549817928,0.871015154490145,0,0.75966933933363,1.42288395847557,0,2.55472462867234,0,2.49435624100472,1.55343802380175,0,1.32991802838803,0,0,1.07488428494572,0,0,0,0,0,0,0,0.620130409503818,0,0
"519","5","shrubRedWet2_bin.32.orig",0.782829810128997,0.926933342832917,1.15147011908254,1.3560760460259,0.770493673715805,0,5.43543016630936,0,0,0,0.627553074988726,0.703793853771141,0,0,0,0.804958617638203,0,0,1.72957729093139,0.744926258065532,0,0,1.14568928908189,0,0,0,0,0,1.15195371830669,0.927540501238192,0,0,0,0,1.07768989731951,1.07988042598774,0,1.50434759283453,1.17036021999937,0.744768868857834,1.079196156143,1.41731125026885,1.51279673433025,1.3789725331705,0,0,1.37531608197777,1.92274193867495,1.84475192449809,0,1.17991096406838,0.991400416475327,1.63488172221412,1.52152914854903,0,1.05000732475533,0,2.35568060255522,0,0,0,1.98575176897568,0,0,0,0,0.545504867906749,1.0217473387773,0,0.61150057836325,0,0,1.11549586128964,0,1.14598821488148,0,0,2.31556512622465,1.23637138448455,0,0,0,0,0,0,1.78121790419014,2.196967372753,2.43056617219948
"520","5","shrubRedWet2_bin.33.orig",0.545986264639346,0,0.803095207958548,0.945798033437906,0.537382400870782,0,3.79095197297384,0,0,0,0.218844092830068,0.859009329445821,0,0,4.30620329640499,0.561420047048426,0,0,1.20629724655613,0.51955035412607,0,0,0.799063356159179,0,0,0,0,0,0.803432495234225,0,0,0,0,0,0.7516370402145,0.753164828949267,1.36126497857598,1.04921032937615,0.816270147779175,1.21202802629709,0.752687583535633,0.988506652854844,0.79132740039575,0.961767235591034,0,0,0,1.34102032827488,1.2866260321346,0.359122427167991,0.822931333916052,0.69145426394028,1.14025162696824,1.06119364082376,1.13553953317989,0.836948311909066,0,0,0,0,0,1.38496666429367,0,0.359122427167991,0,1.37029686230077,0.760926989026917,0.712619787450717,0,0.426492338801372,0,0,0.778004887710929,0,1.06569579009899,0,0,1.61499567011659,0.862309770511241,0,0,0,0,0,0,1.55289262339353,1.53227942250471,0
"521","1","shrubRedWet2_bin.34.strict",0,1.42961545225345,0.887960006928589,0,0.891253133511072,0,0,0,0,2.0649472146408,0.725909457284539,0.407049725985631,1.18649696980997,0,0,0.620746511654818,2.23422325358959,0,1.33376927267782,1.14890471634678,0,0,0,0,0,0,0,0,0.666249702057421,0,0,0,0.813165159870627,0,0.831064143855657,0.832753377313988,0,1.16008264289193,0,0.382887324642073,1.38704283391736,0,0.291649556605025,0,0,0,1.06057956471768,0.741364416189993,0,1.19121500074781,0,0.764521724092898,0,0,1.2555344394511,0.925390441228986,0,0,0,0,0,0,0,1.19121500074781,0.964651563257035,0,0.420667890776013,0.787923854023107,0,0.471560702098728,3.02361276760864,1.38125303262583,0.57347889236227,0,0.589155078863898,0,0,0,0.95343189974217,0,0,0,0,0,0,0,0.338839737341339,0
"522","1","shrubRedWet2_bin.35.orig",0,0,0,0,0.565375882799759,0,0,0.778511801522336,0,1.30992117785125,0.306992244824343,0.430360521830482,0.752666943344008,0,0,0.525036182315767,0,0,0.846090691452304,0.728819898448411,1.17802056874562,0,0,0,0,0,0,0,0.704404280711777,0,0,2.16609883940823,0.515839948088274,0,0.790791537772104,0,0.954784262553291,0.735910734767198,0,0.36433295610903,0.703908272270764,0,0,0,0,0,0,0.470292384418907,0,0.755659876334944,0,0.969964936843045,0.799766633178898,0,0,0.880546869299388,0,0,0,0,0,0,0,0.755659876334944,0.611936955578556,0,0.533710280885193,0,0,0.299139535355619,1.91806084428215,0,0.727584841713924,0,0.280302582084413,0,0,0.377583222024386,0,0,0,0,0,1.01147973827597,1.17802056874562,0,0.214946582989621,1.18900694640215
"523","10","shrubRedWet2_bin.36.strict",0.659982728247481,0,0.97077344379913,0,0.974373695846969,0,0,0,1.42839157220023,2.25752950941345,0,0.593349642189972,0,0,0,0.22621297661435,0,1.5404669915954,0,0.628027264393857,0,3.25034907293459,0,0,0,0,0,0,0.728385864959841,0,0,0,0.889003036697084,0,1.36285698903151,0.910418101741682,0,0,0.986699179097723,0.732543669423949,1.81968242453128,0,0,0,0,0,1.15949194606776,0,0,0.868207186178025,0,1.6716459776698,0,0,0,0.885232894692231,0,0,0,0,0,0,0,0.868207186178025,0.527308726081262,0,0.919800923099881,0.861407661666241,0,0,0,0,0.626963010654379,0,0.483075899008182,0,0,0,1.04235141393602,0,0,0,0,0,0,0,0.370440803806717,0
"524","1","shrubRedWet2_bin.37.orig",0.457402364384896,1.08320224179789,0.672796498258187,0,0.67529166022013,0,0,0,0,0,0.733350356776921,0.411222169351765,0.898994324353949,0,0,0.470332082626029,0,0,1.01058075717387,0.870511131085876,0,0,0,0,0,0,2.31897239554346,0,0.50480929660365,0,0,2.58721414543067,0.616125352265459,0,0.629687194751093,0.630967106398732,0,0.878980510087952,0.683833861310834,0.290109069368648,1.47132368128856,0,0.220979322121873,0,0,0,0.803588237869405,0.561722801988723,0,0.902569119016869,0,0.579268812557433,0,0,0.951303175496719,0.701157083114589,0,0,0,0,0,0,0,0.902569119016869,0.730904757798189,0,0.318734944857173,0.59700032179881,0,0.357295809059688,0,0,0.869035964673459,0,0.334796728651429,0,0,0,0.722403755201748,0,0,3.0498357942616,0,0,0,0,0.256734748158889,1.42016399934334
"525","15","shrubRedWet2_bin.38.strict",0,0,4.52454321593814,0,4.54132313104889,0,0,0,0,0,0,0.691365249893843,0,0,0,0,0,0,0,0,0,0,0,0,0,0,0,0,3.3948325893546,0,0,0,0,0,2.11731699893661,0,0,0,0,0,1.41351754481012,0,0,0,0,0,0,0,0,0,0,0,0,0,0,2.35763379560254,0,0,0,0,0,0,0,0,0,0,0,4.01481542026564,0,0,0,0,1.46106244181902,0,0,0,0,0,0,0,0,0,0,0,0,0,0,0
"526","3","shrubRedWet2_bin.4.orig",0.503342423557578,0.595997839148417,0.740370068811804,0.871927198866607,0.247705279005655,0,0,1.02325632666004,1.0893771078671,0,0.807005766997514,1.01817907772747,0.989286495257492,0,0,0.345047174769532,0,1.17485254654925,1.11208031948106,0.478971269687081,0,0,0,0,0,2.16760798292417,0,0,0.92585126565234,0.596388228705943,0,0,1.01701057593441,1.12290692325697,0.692931002041085,0.694339464001112,0,0,0.752515989998888,0.718305107810149,0,1.82260018822785,1.21586896148331,0,0,0,0.884298120617468,0,0,0.99322033108664,0,0.637448755640072,1.05119314267508,0,1.0468490833808,0.482236938674417,0,1.51465103688672,0,0,0,0,0,0.99322033108664,0.402157269863091,0,0.701495366481749,0.656961162067814,0,0.786362959452194,0,1.15167169110348,0.717239408904792,0,0.245615108155635,1.1860280221735,0,0.992571776103127,0.794959723086097,0,0,0,0,0,0,0.286321025712943,0.282520381204236,0
"527","3","shrubRedWet2_bin.5.orig",0.471278790892718,0,0,0.816384188568845,1.15963049133067,0,0,0.958073434369481,0,0,0.944497931015678,0.741470810468474,0.92626752983819,0,0,0.807667939933399,0,1.10001275811719,0,0.896920228797904,1.44972781382251,0,0,0,0,0,0,0,0.693498572107884,0.558397445104357,3.13968165176592,0,0.634817031268506,1.05137614536294,0.973185458437657,0.650109046542766,0,0.905646547257318,0.704579644583732,0.523092923535987,0.649697102770434,0.8532489740462,1.13841636872536,0,0,0,0,0.578764045730536,0,0.619967183130461,0.710329378508948,0.596842357715067,0,0,0,0.99333906231695,0,0,0,0,0,0,0,0.619967183130461,1.12961782885432,1.18279870805134,0.656809107795271,0.615111795931061,0,0.736270513647765,0,1.07830855633517,0.671550232186204,0,0.689907222870898,1.11047633995204,0,0,0,0,0,0,0,1.24477479307345,1.44972781382251,0.536163933297877,0,0
"528","3","shrubRedWet2_bin.6.orig",0.747986621330294,1.77135241998446,0,1.29571808177146,0.368099778714407,0,0,0,0,0,1.49905285348327,1.3449369964809,1.47011860809442,0,0,0.769130491618201,0,1.74587705253131,1.65259505633822,0.711770128961798,0,0,0,0,0,3.22115064344573,0,0,1.37585136407731,0,0,0,1.51131768145773,1.66868381500392,0.514861349623987,1.03181572906912,0,1.43739016924412,1.1182683328736,0.948826326711906,0.343720638526792,1.35422775135162,1.08409743417096,0,0,0,1.31410175763523,0.918581042642299,0,1.47596444272508,0,0,0,1.45380698633744,1.55565887609143,0.573298433126775,0,2.2508309622857,0,0,0,0,0,1.47596444272508,1.19524301330384,0,1.04244968136193,0.976270103535425,0,2.33713251914143,0,1.71142939039728,0.710563964732403,0,0.54749055404027,1.76248424847331,0,1.47500066453322,0,0,0,0,0,0,0,0.850968591620611,0,0
"529","2","shrubRedWet2_bin.7.orig",0,0.996749060906979,1.2381977288143,1.45821437522548,2.07131627006709,0,0,0,0,2.87942354536163,0.674819762392613,0.946003653124788,0,2.55218669154379,0,1.73117463602662,0,0,0,0.801033379490382,2.58948417654456,0,1.23198149231902,0,0,0,0,0,1.23871775226178,1.99480389978593,0,0,1.70085236876615,1.87795382419769,1.15886045248864,1.16121596964619,0,0,1.25851061376431,0.400432067940301,1.54730688168278,0,0.406684778346196,1.4828354035183,3.69246728735112,0,1.4789035519771,0,0,1.1073769816558,1.26878071058989,0,0,1.63612924455152,0,1.45169081418369,0,2.53310817498226,0,0,0,0,0,1.1073769816558,0.672569353012587,0,0.586591764133192,1.09870435483305,0,0,0,1.92606013172924,1.19951392490419,6.48952569519106,0.821535288612783,1.98351779093685,0,0.829990413326981,1.32949367497223,0,0,0,0,2.22339986809403,2.58948417654456,0.478844376189476,0.472488163807384,0
"530","2","shrubRedWet2_bin.8.orig",2.08920179286585,1.64918843291924,0,1.2063569330831,1.02813966949828,0,0,1.41572870486442,1.50721026769868,2.38210006446591,1.11653473285496,1.09565871731967,1.36872966448423,0,0,1.19347708175933,0,1.625470012545,1.53862134968965,1.32536366037373,2.14223796072542,0,1.0191981645081,0,0,0,0,0,1.28096370290467,0.825134340852961,0,0,1.40708738171272,1.55360052288643,1.4380594840035,0.960655003536703,0,0,1.04114527333369,0.441694545142025,0.960046281279768,0,0.672887348077938,1.22672550761186,3.05471787136224,0,1.22347275105756,0.855229717775677,0,0.916114888217689,1.04964155667821,0.88194372976458,0,0,1.44837051908656,1.20096009759386,0,2.09559901551981,0,0,0,1.76651259411752,0,0.916114888217689,0.55640563950722,1.7478013928722,0.970555569296327,0.908940165712261,0,1.08797432777416,0,1.59339808530364,0.992338276334807,0,1.35928544942127,1.64093186821064,2.31634640747213,0.686637511274495,0,0,0,0,0,1.83938239223335,2.14223796072542,0.792280261254053,0,0
"531","2","shrubRedWet2_bin.9.orig",1.38419001307335,1.63899210190092,1.01800762986005,1.19889846783411,1.02178305663705,0,0,1.40697577025804,1.49789173593062,2.36737240794635,1.10963160553342,1.39999456130621,1.36026730781527,2.09832845300632,0,1.42331789752427,0,1.61542032387545,1.52910861464971,1.31716941990303,2.12899328417326,0,1.01289683371341,0,0,0,0,0,0.763826382713413,0.820032835951527,0,0,1.39838787325797,1.54399517707792,0.952778990885578,0.954715623769691,0,0,1.03470825156397,0.438963708749191,1.27214755336082,0,0.668727130844969,1.21914111089008,3.0358316640846,0,1.21590846494406,0.849942144127277,0,1.36567632562594,1.04315200548512,0.876490993116229,1.44538884644163,0,0,0.795689999341179,0,2.08264269056784,0,0,0,0,0,1.36567632562594,1.10593117245095,0,0.482277488969789,0.903320519939552,0,1.08124777902813,0,1.5835466856713,1.31493734725247,0,1.01316111216901,1.63078658452272,0,0.682392281793858,2.18613662983935,0,0,0,0,1.82801016128258,2.12899328417326,1.1810728217292,0.776930121225607,0
