id,Resource Acquisition:Substrate uptake:aromatic acid transport,Resource Acquisition:Substrate uptake:biopolymer transport,Resource Acquisition:Substrate uptake:carbohydrate transport:amino sugar transport,Resource Acquisition:Substrate uptake:carbohydrate transport:carbohydrate acid transport,Resource Acquisition:Substrate uptake:carbohydrate transport:carbohydrate derivative transport:glycoside transport,Resource Acquisition:Substrate uptake:carbohydrate transport:carbohydrate phosphate transport,Resource Acquisition:Substrate uptake:carbohydrate transport:monosaccharide transport,Resource Acquisition:Substrate uptake:carbohydrate transport:oligosaccharide transport,Resource Acquisition:Substrate uptake:carbohydrate transport:oligosaccharide transport:disaccharide transport,Resource Acquisition:Substrate uptake:carbohydrate transport:oligosaccharide transport:tetrasaccharide transport,Resource Acquisition:Substrate uptake:carbohydrate transport:oligosaccharide transport:trisaccharide transport,Resource Acquisition:Substrate uptake:carbohydrate transport:polysaccharide transport,Resource Acquisition:Substrate uptake:carbohydrate transport:sugar alcohol transport,Resource Acquisition:Substrate uptake:carboxylate transport:dicarboxylate transport,Resource Acquisition:Substrate uptake:carboxylate transport:monocarboxylate transport,Resource Acquisition:Substrate uptake:carboxylate transport:tricarboxylate transport,Resource Acquisition:Substrate uptake:free amino acids transport,Resource Acquisition:Substrate uptake:ion transport:inorganic ion transport,Resource Acquisition:Substrate uptake:ion transport:metal ion transport,Resource Acquisition:Substrate uptake:lipid transport,Resource Acquisition:Substrate uptake:lipid transport:cell membrane lipid transport,Resource Acquisition:Substrate uptake:lipid transport:lipid precursor transport,Resource Acquisition:Substrate uptake:N compound transport:amide transport,Resource Acquisition:Substrate uptake:N compound transport:ammonium transport,Resource Acquisition:Substrate uptake:N compound transport:nitrate transport,Resource Acquisition:Substrate uptake:N compound transport:nitrite transport,Resource Acquisition:Substrate uptake:N compound transport:nitrogen transport,Resource Acquisition:Substrate uptake:N compound transport:urea transport,Resource Acquisition:Substrate uptake:N compound transport:uric acid transport,Resource Acquisition:Substrate uptake:nucleic acid component transport:nucleobase transport,Resource Acquisition:Substrate uptake:nucleic acid component transport:nucleoside transport,Resource Acquisition:Substrate uptake:nucleic acid component transport:nucleotide transport,Resource Acquisition:Substrate uptake:nucleic acid component transport:ribonucleoside transport,Resource Acquisition:Substrate uptake:organophosphorus compound transport,Resource Acquisition:Substrate uptake:osmolyte transport,Resource Acquisition:Substrate uptake:other transport,Resource Acquisition:Substrate uptake:peptide transport,Resource Acquisition:Substrate uptake:S compound transport,Resource Acquisition:Substrate uptake:secondary metabolite transport:siderophore-based transport,Resource Acquisition:Substrate uptake:vitamin transport:vitamin B transport,Resource Acquisition:Substrate uptake:vitamin transport:vitamin C transport,Resource Acquisition:Substrate degradation:complex carbohydrate depolymerization:cellulose breakdown,Resource Acquisition:Substrate degradation:complex carbohydrate depolymerization:chitin breakdown,Resource Acquisition:Substrate degradation:complex carbohydrate depolymerization:heteromannan breakdown,Resource Acquisition:Substrate degradation:complex carbohydrate depolymerization:mixed linkage glucan breakdown,Resource Acquisition:Substrate degradation:complex carbohydrate depolymerization:xylan and heteroxylan breakdown,Resource Acquisition:Substrate degradation:complex carbohydrate depolymerization:xyloglucan breakdown,Resource Acquisition:Substrate degradation:simple compound degradation:protein degradation,Resource Acquisition:Substrate degradation:simple compound degradation:carbohydrate degradation:ED pathway,Resource Acquisition:Substrate degradation:simple compound degradation:carbohydrate degradation:EMP pathway,Resource Acquisition:Substrate degradation:simple compound degradation:carbohydrate degradation:fructose degradation,Resource Acquisition:Substrate degradation:simple compound degradation:carbohydrate degradation:fucose degradation,Resource Acquisition:Substrate degradation:simple compound degradation:carbohydrate degradation:maltose degradation,Resource Acquisition:Substrate degradation:simple compound degradation:carbohydrate degradation:galactose degradation,Resource Acquisition:Substrate degradation:simple compound degradation:carbohydrate degradation:mannose degradation,Resource Acquisition:Substrate degradation:simple compound degradation:carbohydrate degradation:trehalose degradation,Resource Acquisition:Substrate degradation:simple compound degradation:sugar acid degradation:galacturonate degradation,Resource Acquisition:Substrate degradation:simple compound degradation:sugar acid degradation:glucuronate degradation,Resource Acquisition:Substrate degradation:simple compound degradation:alcohol degradation:glycerol degradation,Resource Acquisition:Substrate degradation:simple compound degradation:phenol degradation:resorcinol degradation,Resource Acquisition:Substrate assimilation:C1 compounds:CO2 fixation:Calvin Cycle,Resource Acquisition:Substrate assimilation:C1 compounds:CO2 fixation:3-hydroxypropionate pathway,Resource Acquisition:Substrate assimilation:C1 compounds:CO2 fixation:3-hydroxypropionate/4-hydroxybutyrate pathway,Resource Acquisition:Substrate assimilation:C1 compounds:CO2 fixation:dicarboxylate-hydroxybutyrate pathway,Resource Acquisition:Substrate assimilation:C1 compounds:CO2 fixation:reductive acetyl-CoA pathway,Resource Acquisition:Substrate assimilation:C1 compounds:CO2 fixation:reductive citric acid pathway,Resource Acquisition:Substrate assimilation:C1 compounds:CO2 fixation:carboxysome,Resource Acquisition:Substrate assimilation:C1 compounds:methanotrophy:formaldehyde oxidation pathway,Resource Acquisition:Substrate assimilation:C1 compounds:methanotrophy:methane oxidation pathway,Resource Acquisition:Substrate assimilation:C1 compounds:methanotrophy:methanol oxidation pathway,Resource Acquisition:Substrate assimilation:C1 compounds:methanotrophy:formaldehyde assimilation with serine pathway,Resource Acquisition:Substrate assimilation:C1 compounds:methanotrophy:formaldehyde assimilation with RuMP pathway,Resource Acquisition:Substrate assimilation:C1 compounds:methanotrophy:PHB cycle,Resource Acquisition:Substrate assimilation:C1 compounds:methanotrophy:H4MPT pathway,Resource Acquisition:Substrate assimilation:C1 compounds:methanotrophy:H4F pathway,Resource Acquisition:Substrate assimilation:N compounds:assimilatory nitrate reduction,Resource Acquisition:Substrate assimilation:N compounds:nitrogen fixation,Resource Acquisition:Substrate assimilation:N compounds:ammonia assimilation to aspartate,Resource Acquisition:Substrate assimilation:N compounds:ammonia assimilation to glutamate,Resource Acquisition:Substrate assimilation:N compounds:ammonia assimilation to glutamine,Resource Acquisition:Substrate assimilation:S compounds:assimilatory sulfate reduction,Resource Acquisition:Substrate assimilation:P compounds:phytase,Resource Acquisition:Substrate assimilation:P compounds:phosphatase,Resource Use:Chemotrophy:chemoorganoheterotrophy:fermentation of pyruvate to acetone,Resource Use:Chemotrophy:chemoorganoheterotrophy:fermentation of pyruvate to lactate and ethanol,Resource Use:Chemotrophy:chemoorganoheterotrophy:fermentation of pyruvate to alcohols,Resource Use:Chemotrophy:chemoorganoheterotrophy:fermentation of pyruvate to SCFAs,Resource Use:Chemotrophy:chemoorganoheterotrophy:fermentation of pyruvate to butylene glycol,Resource Use:Chemotrophy:chemoorganoheterotrophy:fermentation of pyruvate to isobutanol,Resource Use:Chemotrophy:chemoorganoheterotrophy:fermentation of acetylene to acetate,Resource Use:Chemotrophy:chemoorganoheterotrophy:fermentation of acetylene to acetate and ethanol,Resource Use:Chemotrophy:chemoorganoheterotrophy:aerobic respiration:oxidative pentose phosphate pathway,Resource Use:Chemotrophy:chemoorganoheterotrophy:aerobic respiration:nonoxidative pentose phosphate pathway,Resource Use:Chemotrophy:chemoorganoheterotrophy:aerobic respiration:glyoxylate cycle,Resource Use:Chemotrophy:chemoorganoheterotrophy:aerobic respiration:TCA cycle,Resource Use:Chemotrophy:chemoorganoheterotrophy:aerobic respiration:electron transport chain: ETC complex I,Resource Use:Chemotrophy:chemoorganoheterotrophy:aerobic respiration:electron transport chain: ETC complex II,Resource Use:Chemotrophy:chemoorganoheterotrophy:aerobic respiration:electron transport chain: ETC complex III,Resource Use:Chemotrophy:chemoorganoheterotrophy:aerobic respiration:electron transport chain: ETC complex IV,Resource Use:Chemotrophy:chemolithoheterotrophy:anaerobic respiration:N (denitrification):denitrification to nitrite,Resource Use:Chemotrophy:chemolithoheterotrophy:anaerobic respiration:N (denitrification):denitrification to nitric oxide,Resource Use:Chemotrophy:chemolithoheterotrophy:anaerobic respiration:N (denitrification):denitrification to nitrous oxide,Resource Use:Chemotrophy:chemolithoheterotrophy:anaerobic respiration:N (denitrification):denitrification to nitrogen,Resource Use:Chemotrophy:chemolithoheterotrophy:anaerobic respiration:S as terminal electron acceptor:sulfur,Resource Use:Chemotrophy:chemolithoheterotrophy:anaerobic respiration:S as terminal electron acceptor:sulfate,Resource Use:Chemotrophy:chemolithoheterotrophy:anaerobic respiration:S as terminal electron acceptor:sulfite,Resource Use:Chemotrophy:chemolithoheterotrophy:anaerobic respiration:S as terminal electron acceptor:DMSO,Resource Use:Chemotrophy:chemolithoheterotrophy:anaerobic respiration:S as terminal electron acceptor:DMSP,Resource Use:Chemotrophy:chemolithoheterotrophy:anaerobic respiration:S as terminal electron acceptor:thiosulfate,Resource Use:Chemotrophy:chemolithoheterotrophy:anaerobic respiration:S as terminal electron acceptor:tetrathionate,Resource Use:Chemotrophy:chemolithoheterotrophy:anaerobic respiration:Fe as terminal electron acceptor:ferric ion,Resource Use:Chemotrophy:chemolithoheterotrophy:anaerobic respiration:As as terminal electron acceptor:arsenate,Resource Use:Chemotrophy:chemolithoheterotrophy:anaerobic respiration:Se as terminal electron acceptor:selenate,Resource Use:Chemotrophy:chemolithoheterotrophy:anaerobic respiration:hydrogenotrophic methanogenesis,Resource Use:Chemotrophy:chemolithoheterotrophy:anaerobic respiration:acetoclastic methanogenesis,Resource Use:Chemotrophy:chemolithoheterotrophy:anaerobic respiration:methylotrophic methanogenesis:from methanethiol,Resource Use:Chemotrophy:chemolithoheterotrophy:anaerobic respiration:methylotrophic methanogenesis:from methanol,Resource Use:Chemotrophy:chemolithoheterotrophy:anaerobic respiration:methylotrophic methanogenesis:from TMAO,Resource Use:Chemotrophy:chemolithoheterotrophy:anaerobic respiration:methylotrophic methanogenesis:from monomethylamine,Resource Use:Chemotrophy:chemolithoheterotrophy:anaerobic respiration:methylotrophic methanogenesis:from dimethylamine,Resource Use:Chemotrophy:chemolithoheterotrophy:anaerobic respiration:methylotrophic methanogenesis:from trimethylamine,Resource Use:Chemotrophy:chemolithoautotrophy:anaerobic ammonia oxidation,Resource Use:Chemotrophy:chemolithoautotrophy:aerobic ammonia oxidation,Resource Use:Chemotrophy:chemolithoautotrophy:nitrite oxidation,Resource Use:Chemotrophy:chemolithoautotrophy:sulfide oxidation,Resource Use:Chemotrophy:chemolithoautotrophy:sulfur oxidation,Resource Use:Chemotrophy:chemolithoautotrophy:sulfite oxidation,Resource Use:Chemotrophy:chemolithoautotrophy:thiosulfate oxidation,Resource Use:Chemotrophy:chemolithoautotrophy:iron oxidation,Resource Use:Chemotrophy:chemolithoautotrophy:hydrogenotrophy from H2/CO2,Resource Use:Phototrophy:photosystem:oxygenic:oxygenic photosystem I,Resource Use:Phototrophy:photosystem:oxygenic:oxygenic photosystem II,Resource Use:Phototrophy:photosystem:oxygenic:cytochrome b6f complex,Resource Use:Phototrophy:photosystem:oxygenic:photosynthetic electron transport,Resource Use:Phototrophy:photosystem:anoxygenic:anoxygenic photosystem I,Resource Use:Phototrophy:photosystem:anoxygenic:anoxygenic photosystem II,Resource Use:Phototrophy:pigments:core:chlorophyll a,Resource Use:Phototrophy:pigments:core:anoxygenic:bacteriochlorophyll a,Resource Use:Phototrophy:pigments:core:anoxygenic:bacteriochlorophyll b,Resource Use:Phototrophy:pigments:core:anoxygenic:bacteriochlorophyll c,Resource Use:Phototrophy:pigments:core:anoxygenic:bacteriochlorophyll d,Resource Use:Phototrophy:pigments:core:anoxygenic:bacteriochlorophyll e,Resource Use:Phototrophy:pigments:core:anoxygenic:bacteriochlorophyll g,Resource Use:Phototrophy:pigments:accessory:carotenoid:carotene:neurosporene,Resource Use:Phototrophy:pigments:accessory:carotenoid:carotene:lycopene,Resource Use:Phototrophy:pigments:accessory:carotenoid:carotene:gammacarotene,Resource Use:Phototrophy:pigments:accessory:carotenoid:carotene:chlorobactene,Resource Use:Phototrophy:pigments:accessory:carotenoid:carotene:betacarotene,Resource Use:Phototrophy:pigments:accessory:carotenoid:carotene:betaisorenieratene,Resource Use:Phototrophy:pigments:accessory:carotenoid:carotene:isorenieratene,Resource Use:Phototrophy:pigments:accessory:carotenoid:carotene:diaponeurosporene,Resource Use:Phototrophy:pigments:accessory:carotenoid:xanthophyll:okenone,Resource Use:Phototrophy:pigments:accessory:carotenoid:xanthophyll:spirilloxanthin,Resource Use:Phototrophy:pigments:accessory:carotenoid:xanthophyll:spheroidenone,Resource Use:Phototrophy:pigments:accessory:carotenoid:xanthophyll:OH-spheroidenone,Resource Use:Phototrophy:pigments:accessory:phycobiliprotein:allophycocyanin,Resource Use:Phototrophy:pigments:accessory:phycobiliprotein:phycocyanin,Resource Use:Phototrophy:pigments:accessory:phycobiliprotein:phycoerythrocyanin,Resource Use:Phototrophy:pigments:accessory:phycobiliprotein:phycoerythrin,Resource Use:Phototrophy:pigments:accessory:phycobiliprotein:chlorophyll a/b binding light-harvesting protein,Stress Tolerance:General:scavenging of reactive oxygen species:ROS scavenging enzymes,Stress Tolerance:General:biofilm formation:EPS biosynthesis/export,"Stress Tolerance:General:protection, repair, degradation of denatured/misfolded proteins:heat shock proteins","Stress Tolerance:General:protection, repair, degradation of denatured/misfolded proteins:ATP-dependent proteases","Stress Tolerance:Specific:temperature:high:protection, repair, degradation of denatured/misfolded proteins:heat shock proteins","Stress Tolerance:Specific:temperature:high:protection, repair, degradation of denatured/misfolded proteins:ATP-dependent proteases",Stress Tolerance:Specific:temperature:high:heat-induced transcriptional regulation:heat induced transcription factor,Stress Tolerance:Specific:temperature:low:membrane stabilization:fatty acid desaturase,Stress Tolerance:Specific:temperature:low:destabilization of secondary structures in mRNAs:mRNA chaperone,Stress Tolerance:Specific:temperature:low:destabilization of secondary structures in mRNAs:mRNA stabilization,Stress Tolerance:Specific:temperature:low:destabilization of secondary structures in mRNAs:RNA degradation,Stress Tolerance:Specific:temperature:low:cold-sensing machinery:cold sensing two-component system,Stress Tolerance:Specific:desiccation/osmotic/salt stress:accumulation of compatible solutes:transport of compatible solutes,Stress Tolerance:Specific:desiccation/osmotic/salt stress:accumulation of compatible solutes:synthesis of compatible solutes,Stress Tolerance:Specific:desiccation/osmotic/salt stress:enhancement of microenvironment:EPS biosynthesis/export,"Stress Tolerance:Specific:desiccation/osmotic/salt stress:osmotic sensing:two-component systems, osmotic sensors salt/potassium sensors","Stress Tolerance:Specific:pH stress:protection, repair, degradation of denatured/misfolded proteins:periplasmic acid resistance protein","Stress Tolerance:Specific:pH stress:protection, repair, degradation of denatured/misfolded proteins:ATP-dependent proteases",Stress Tolerance:Specific:pH stress:membrane stabilization:cyclopropane fatty acid (CFA) synthase,Stress Tolerance:Specific:pH stress:redox sensing:redox sensing two component systems,Stress Tolerance:Specific:pH stress:redox sensing:redox sensitive transcription factor,Stress Tolerance:Specific:pH stress:consumption of excessive cytoplasmic protons:urease system,Stress Tolerance:Specific:pH stress:consumption of excessive cytoplasmic protons:decarboxylase and antiporter systems,Stress Tolerance:Specific:oxidative stress:scavenging of reactive oxygen species:ROS scavenging enzymes,Stress Tolerance:Specific:oxidative stress:redox sensing:redox sensing two component systems,Stress Tolerance:Specific:oxygen limitation:redox sensing:redox sensing two component systems,Stress Tolerance:Specific:oxygen limitation:oxygen sensing:oxygen sensing two component systems,Stress Tolerance:Specific:envelope stress:misfolded protein/secretion stress sensing:misfolded proteins/secretion stress two component systems,Stress Tolerance:Specific:envelope stress:phage resistance:phage-shock system,mgt
grassAmbDry1_bin.1.orig,0,2,0,1,0,0,4,0,1,0,0,0,0,4,0,0,6,5,5,2,0,1,1,1,0,0,0,0,0,0,0,0,1,0,1,0,1,0,0,1,0,4,4,1,2,10,6,23,0,1,1,0,0,1,0,0,0,0,0,0,0,0,0,0,0,0,0,1,0,0,1,0,0,0,0,0,0,1,1,0,1,1,0,0,0,0,1,0,0,0,0,0,0,0,0,0,0,0,0,0,0,0,0,0,0,0,0,0,0,0,0,0,0,0,0,0,0,0,0,0,0,0,0,0,0,0,0,1,0,0,0,0,0,0,0,0,0,0,0,0,0,0,0,1,1,1,0,1,0,0,0,0,0,0,0,0,0,0,0,0,1,3,3,2,3,2,0,0,1,0,1,0,2,1,3,0,0,2,0,0,1,1,1,2,0,0,0,0,0,1.844625098
grassAmbDry1_bin.10.strict,1,3,0,2,0,0,3,1,1,0,1,2,1,3,2,1,16,9,10,4,0,1,0,1,0,0,1,1,0,1,2,1,0,2,0,0,0,1,3,2,0,2,2,0,0,3,3,28,1,0,1,0,1,0,0,1,0,0,1,0,1,0,0,0,0,0,0,0,0,0,1,0,1,0,0,0,0,1,1,1,1,0,1,0,0,0,1,0,0,0,0,0,1,1,0,0,1,1,1,0,0,0,0,0,0,0,0,0,0,0,0,0,0,0,0,0,0,0,0,0,0,0,0,0,0,0,0,0,0,0,0,0,0,0,0,0,0,0,0,0,0,0,0,1,1,1,0,1,0,0,0,0,0,0,0,0,0,0,0,0,2,3,5,2,5,2,0,0,1,1,2,0,2,2,3,0,0,2,0,0,1,1,2,4,0,0,0,1,1,2.287578797
grassAmbDry1_bin.11.orig,1,3,0,1,0,0,5,0,2,0,0,2,1,1,1,1,8,9,5,1,0,1,0,1,1,1,0,0,0,0,1,1,0,1,2,0,1,1,0,2,0,3,2,1,1,7,3,24,0,0,0,0,0,0,0,0,0,0,0,0,0,0,0,0,0,0,0,0,0,0,1,0,1,0,0,0,0,0,1,1,1,0,1,0,0,0,0,0,0,0,0,0,0,0,0,0,0,1,1,0,0,0,0,0,0,0,0,0,0,0,0,0,0,0,0,0,0,0,0,0,0,0,0,0,0,0,0,0,0,0,0,0,0,0,0,0,0,0,0,0,0,0,0,0,0,0,0,0,0,0,0,0,0,0,0,0,0,0,0,0,2,2,4,1,4,1,0,0,1,1,0,1,2,0,2,0,0,1,0,0,1,1,0,4,0,0,0,0,0,2.091405094
grassAmbDry1_bin.12.orig,0,0,0,1,0,0,2,0,3,1,1,4,1,2,1,1,10,6,4,0,1,1,0,1,0,0,0,0,0,1,1,1,0,2,2,0,1,1,2,4,1,3,3,1,1,5,1,22,0,0,1,0,0,0,1,0,0,0,0,0,0,0,0,0,0,0,0,0,0,0,1,1,0,0,0,0,0,1,1,1,0,0,0,0,0,0,1,0,0,0,0,1,1,0,0,0,1,1,1,0,0,0,0,0,0,0,0,0,0,0,0,0,0,0,0,0,0,0,0,0,0,0,0,0,0,0,0,0,0,0,0,0,0,0,0,0,0,0,0,0,0,0,0,0,0,0,0,0,0,0,0,0,0,0,0,0,0,0,0,0,1,0,3,1,3,1,1,0,1,1,0,1,2,3,0,0,0,1,0,0,0,0,1,2,0,0,0,0,1,3.331102284
grassAmbDry1_bin.14.orig,1,0,1,1,0,0,2,1,3,1,1,3,0,1,0,1,2,6,5,0,2,1,0,0,0,0,0,0,0,1,1,1,0,1,1,0,0,0,0,4,0,4,3,1,2,9,2,19,0,0,1,0,1,0,0,1,0,1,0,0,0,0,0,0,0,0,0,1,0,0,1,0,0,0,0,1,0,0,1,1,0,0,0,0,0,0,1,0,0,0,0,0,0,0,0,0,0,1,0,0,0,0,0,0,0,0,0,0,0,0,0,0,0,0,0,0,0,0,0,0,0,0,0,0,1,0,0,0,0,0,0,0,0,0,0,0,0,0,0,0,0,0,0,0,0,0,0,0,0,0,0,0,0,0,0,0,0,0,0,0,0,1,2,0,2,0,1,0,1,1,0,1,2,2,1,0,0,0,0,0,0,0,1,1,0,0,0,0,1,0.556229509
grassAmbDry1_bin.15.strict,1,3,1,5,2,1,14,1,7,1,1,3,2,11,5,2,40,6,14,4,1,2,1,1,1,1,1,1,0,4,3,1,0,5,5,0,5,2,4,6,1,3,3,1,2,6,1,49,1,1,1,0,1,0,1,0,0,0,1,0,0,0,0,0,0,0,0,1,0,0,1,0,0,0,0,0,0,1,1,1,1,1,1,0,0,1,1,0,0,0,0,1,1,1,1,0,1,0,1,1,0,1,0,0,0,0,0,0,0,0,0,0,0,0,0,0,0,0,0,0,0,0,0,1,0,0,0,0,0,0,0,0,0,0,0,0,0,0,0,0,0,0,0,1,1,1,0,1,0,0,0,0,0,0,0,0,0,0,0,0,1,1,5,2,5,2,0,0,1,1,2,0,4,2,1,1,0,2,1,1,1,0,3,2,1,1,0,3,1,0.461819411
grassAmbDry1_bin.16.orig,1,0,0,1,0,0,2,0,4,1,1,3,0,1,0,1,9,6,6,0,1,1,0,1,0,0,0,0,0,1,1,0,0,1,3,0,0,0,1,4,1,2,3,1,1,4,1,20,0,0,1,0,0,1,1,1,0,0,1,0,0,0,0,0,0,0,0,0,0,0,1,1,0,0,0,0,0,1,1,1,0,0,0,0,0,0,1,0,0,0,0,1,1,0,0,0,1,1,1,0,0,0,0,0,0,0,0,0,0,0,0,0,0,0,0,0,0,0,0,0,0,0,0,0,1,0,0,0,0,0,0,0,0,0,0,0,0,0,0,0,0,0,0,0,0,0,0,0,0,0,0,0,0,0,0,0,0,0,0,0,1,0,5,1,5,1,1,0,1,1,1,1,3,2,0,0,0,1,0,0,1,0,2,2,0,0,0,0,1,1.479828226
grassAmbDry1_bin.17.orig,1,0,0,0,0,1,3,0,3,1,1,3,0,3,1,1,8,6,6,0,0,1,1,1,0,0,0,0,0,2,1,0,0,2,0,0,0,1,2,4,1,3,3,1,1,7,2,18,0,0,1,0,0,1,1,1,0,0,0,0,0,0,0,0,0,0,0,1,0,0,1,0,0,0,0,0,0,1,1,1,0,0,0,0,0,0,0,0,0,0,0,1,0,0,0,0,1,1,0,0,0,0,0,0,0,0,0,0,0,0,0,0,0,0,0,0,0,0,0,0,0,0,0,0,0,0,0,0,0,0,0,0,0,0,0,0,0,0,0,0,0,0,0,0,0,0,0,0,0,0,0,0,0,0,0,0,0,0,0,0,1,1,3,1,3,1,1,0,1,1,1,0,1,2,1,0,0,1,0,0,1,0,0,1,0,0,0,0,1,2.408061406
grassAmbDry1_bin.18.strict,0,2,0,1,0,1,4,0,1,0,0,0,0,2,0,0,7,3,4,2,0,1,1,1,0,0,0,0,0,0,0,0,0,1,2,0,0,0,0,0,0,4,4,2,3,9,3,24,0,0,0,0,0,0,0,0,0,0,0,0,0,0,0,0,0,0,0,0,0,0,0,1,0,0,0,0,0,1,1,0,0,1,0,0,0,0,1,0,0,0,0,1,1,0,0,0,0,0,0,0,0,0,0,0,0,0,0,0,0,0,0,0,0,0,0,0,0,0,0,0,0,0,0,0,0,0,0,1,0,0,0,0,0,0,0,0,0,0,0,0,0,0,0,0,0,0,0,0,0,0,0,0,0,0,0,0,0,0,0,0,1,3,4,1,4,1,0,0,1,0,1,0,2,1,3,0,0,1,0,0,1,0,1,2,0,0,0,0,0,1.365581904
grassAmbDry1_bin.19.orig,0,3,0,1,0,0,8,0,2,0,0,2,1,6,2,1,11,4,9,2,0,2,1,1,0,0,1,1,0,0,2,0,0,3,3,0,1,2,0,3,0,2,2,1,2,5,2,28,1,0,0,0,0,0,0,1,0,0,0,0,0,0,0,0,0,0,0,0,0,1,1,0,1,1,1,0,0,0,1,0,1,0,1,0,0,0,1,0,0,0,0,1,1,0,0,0,1,1,0,0,0,0,0,0,0,0,0,0,0,0,0,0,0,1,0,0,0,0,0,0,0,0,0,0,0,0,0,0,0,1,0,0,0,0,0,1,1,0,0,0,0,0,1,1,1,0,0,0,0,0,0,0,1,0,1,0,0,0,0,0,2,4,5,1,5,1,1,0,1,1,1,0,2,2,4,0,0,1,0,1,1,1,3,3,1,1,0,0,0,4.899368158
grassAmbDry1_bin.2.orig,0,0,0,1,1,0,2,0,1,0,0,3,2,2,0,1,8,3,4,0,0,0,0,0,0,0,0,0,0,1,1,1,0,2,0,0,0,0,1,4,1,4,1,1,1,8,2,17,0,0,1,0,0,0,1,0,0,0,1,0,0,0,0,0,0,0,0,0,0,0,0,1,0,0,0,0,0,1,1,1,1,0,0,0,0,0,0,0,0,0,0,1,0,0,0,0,0,0,0,0,0,0,0,0,0,0,0,0,0,0,0,0,0,0,0,0,0,0,0,0,0,0,0,0,0,0,0,0,0,0,0,0,0,0,0,0,0,0,0,0,0,0,0,0,0,0,0,0,0,0,0,0,0,0,0,0,0,0,0,0,1,1,2,1,2,1,1,0,1,1,1,1,2,1,1,0,0,1,0,0,1,0,2,2,0,0,0,0,0,0.998110044
grassAmbDry1_bin.20.orig,0,0,1,0,0,0,3,0,3,1,1,3,0,4,0,1,5,6,6,0,0,1,1,1,0,0,0,0,0,0,1,1,0,2,1,0,1,0,2,1,1,3,1,1,3,4,4,17,0,0,0,0,0,0,1,1,0,0,1,0,0,0,0,0,0,0,0,0,0,0,0,1,0,0,0,0,0,1,1,1,0,0,0,0,0,0,1,0,0,0,0,1,0,0,0,0,1,1,1,0,0,0,0,0,0,0,0,0,0,0,0,0,0,0,0,0,0,0,0,0,0,0,0,0,0,0,0,0,0,0,0,0,0,0,0,0,0,0,0,0,0,0,0,0,0,0,0,0,0,0,0,0,0,0,0,0,0,0,0,0,1,0,3,1,3,1,1,0,1,0,1,1,2,2,0,0,0,1,0,0,1,0,1,2,0,0,0,0,1,0.791880271
grassAmbDry1_bin.21.orig,0,0,0,2,0,0,2,0,4,1,1,3,0,2,0,0,9,4,5,0,0,1,0,1,0,0,0,0,0,0,1,0,0,2,2,0,1,0,1,3,1,3,3,2,3,6,2,17,0,0,1,0,0,0,1,1,0,0,1,0,0,0,0,0,0,0,0,1,0,0,1,1,0,0,0,0,0,1,1,1,0,0,0,0,0,0,1,0,0,0,0,0,0,0,0,0,0,0,0,0,0,0,0,0,0,0,0,0,0,0,0,0,0,0,0,0,0,0,0,0,0,0,0,0,0,0,0,0,0,0,0,0,0,0,0,0,0,0,0,0,0,0,0,0,0,0,0,0,0,0,0,0,0,0,0,0,0,0,0,0,0,1,2,1,2,1,0,0,1,0,0,1,2,2,1,0,0,1,0,0,1,0,1,1,0,0,0,0,1,1.935170375
grassAmbDry1_bin.3.orig,0,0,1,2,0,0,2,0,2,1,1,2,0,2,0,0,7,8,7,0,0,1,0,1,0,0,0,0,0,0,1,1,0,1,1,0,2,0,1,3,0,4,3,3,4,8,3,16,0,1,1,0,0,0,1,1,0,0,0,0,0,0,0,0,0,0,0,1,0,0,1,1,0,0,0,0,0,1,1,1,0,0,0,0,0,0,1,0,0,0,0,1,1,0,0,0,1,1,0,0,0,0,0,0,0,0,0,0,0,0,0,0,0,0,0,0,0,0,0,0,0,0,0,0,0,0,0,0,0,0,0,0,0,0,0,0,0,0,0,0,0,0,0,0,0,0,0,0,0,0,0,0,0,0,0,0,0,0,0,0,1,0,3,1,3,1,1,0,1,1,1,0,2,2,0,0,0,1,0,1,1,0,0,2,1,1,0,0,1,0.493904977
grassAmbDry1_bin.4.orig,1,0,1,1,0,0,5,0,3,1,1,3,1,4,1,0,9,7,8,1,1,0,1,1,0,0,0,0,0,1,1,1,0,1,1,0,1,1,1,2,0,5,3,1,2,9,5,26,0,0,1,0,1,0,1,1,0,0,1,0,0,0,0,0,0,0,0,1,0,0,1,0,0,0,0,0,0,0,1,1,0,0,1,0,0,0,1,0,0,0,0,1,0,0,0,0,0,0,0,0,0,0,0,0,0,0,0,0,0,0,0,0,0,0,0,0,0,0,0,0,0,0,0,0,0,0,0,0,0,0,0,0,0,0,0,0,0,0,0,0,0,0,0,1,1,1,0,1,0,0,0,0,0,0,0,0,0,0,0,0,1,2,4,1,4,1,1,0,0,1,0,1,2,2,2,0,0,1,0,0,1,1,1,2,0,0,0,0,1,1.079050695
grassAmbDry1_bin.5.orig,0,3,1,1,0,0,5,0,2,0,0,1,1,1,1,0,4,6,4,2,0,1,0,1,0,0,1,0,0,0,0,0,0,1,0,0,1,0,1,3,0,5,4,1,3,8,3,20,1,0,0,0,1,0,0,0,0,0,0,0,0,0,0,0,0,0,0,1,0,0,1,0,1,0,0,0,0,0,1,1,1,1,1,0,0,0,1,0,0,0,0,0,0,0,0,0,1,1,0,0,0,0,0,0,0,0,0,0,0,0,0,0,0,0,0,0,0,0,0,0,0,0,0,0,0,0,0,0,0,0,0,0,0,0,0,1,0,0,0,0,0,0,0,1,1,1,0,1,0,0,0,0,0,0,0,0,0,0,0,0,1,2,3,1,3,1,1,0,0,0,1,0,1,1,2,0,0,1,1,0,1,0,1,1,0,0,0,0,1,2.349662351
grassAmbDry1_bin.6.orig,1,3,0,2,0,1,10,0,2,0,0,2,2,6,1,2,37,12,12,2,0,2,1,1,1,1,1,0,0,2,1,1,0,4,4,0,1,2,3,3,0,2,2,1,1,4,0,25,1,0,1,0,1,0,0,1,0,0,0,0,0,0,0,0,0,0,0,1,0,1,1,0,0,0,0,0,0,0,1,1,0,0,1,0,0,0,1,0,0,0,0,1,1,0,0,0,1,1,1,0,0,0,0,0,0,0,0,0,0,0,0,0,0,0,0,0,0,0,0,0,0,0,0,0,0,0,0,0,0,0,0,0,0,0,0,0,0,0,0,0,0,0,0,1,1,1,0,1,0,0,0,0,0,0,0,0,0,0,0,0,2,4,3,2,3,2,0,0,1,1,1,0,4,2,4,0,0,2,1,0,1,1,1,4,0,0,0,0,1,0.655992918
grassAmbDry1_bin.7.permissive,0,2,0,1,0,0,3,0,0,0,0,1,0,0,0,0,1,3,3,1,0,1,0,1,0,0,0,0,0,0,0,0,0,0,0,0,1,0,1,0,0,6,3,2,5,9,5,18,0,0,0,0,1,0,1,0,0,1,0,0,0,0,0,0,0,0,0,0,0,0,1,0,0,0,0,0,0,1,1,1,0,0,1,0,0,0,1,0,0,0,0,0,1,0,0,0,0,0,0,0,0,0,0,0,0,0,0,0,0,0,0,0,0,0,0,0,0,0,0,0,0,0,0,0,0,0,0,0,0,0,0,0,0,0,0,0,0,0,0,0,0,0,0,0,0,0,0,0,0,0,0,0,0,0,0,0,0,0,0,0,2,1,3,2,3,2,0,0,1,1,1,0,0,0,1,0,0,2,0,0,1,0,1,3,0,0,0,0,0,3.949982303
grassAmbDry1_bin.8.orig,1,0,1,1,1,0,4,0,5,1,1,4,0,2,1,1,12,5,2,0,2,1,0,1,0,0,0,0,0,0,0,1,0,1,4,0,1,0,1,1,1,6,2,2,3,10,3,13,0,0,0,0,0,0,1,0,0,0,0,0,0,0,0,0,0,0,0,1,0,1,0,1,0,0,0,0,0,0,1,1,0,0,0,0,0,0,0,0,0,0,0,1,0,0,0,0,0,1,0,0,0,0,0,0,0,0,0,0,0,0,0,0,0,0,0,0,0,0,0,0,0,0,0,0,0,0,0,0,0,0,0,0,0,0,0,0,0,0,0,0,0,0,0,0,0,0,0,0,0,0,0,0,0,0,0,0,0,0,0,0,1,0,3,1,3,1,1,0,1,1,0,0,3,1,0,0,0,1,0,0,1,0,2,2,0,0,0,0,0,3.822721151
grassAmbDry1_bin.9.strict,1,3,0,2,0,1,11,0,4,0,0,2,2,4,2,1,15,6,8,2,1,2,0,0,1,1,0,0,0,2,2,1,0,2,2,0,2,2,2,5,1,2,3,1,1,4,1,38,0,0,1,0,1,0,1,0,0,0,1,0,0,0,0,0,0,0,0,0,0,0,1,0,0,0,0,0,0,1,1,1,1,0,0,0,0,1,1,0,0,0,0,0,1,0,0,0,0,0,0,1,0,0,0,0,0,0,0,0,0,0,0,0,0,0,0,0,0,0,0,0,0,0,0,0,0,0,0,0,0,0,0,0,0,0,0,0,0,0,0,0,0,0,0,1,1,1,0,1,0,0,0,0,0,0,0,0,0,0,0,0,0,2,0,1,0,1,0,0,0,0,1,0,2,1,2,0,0,1,0,0,0,0,1,1,0,0,0,1,1,0.877059356
grassAmbDry2_bin.1.orig,0,2,0,1,0,0,3,0,1,0,0,0,0,0,0,0,3,4,4,1,0,0,0,1,0,0,1,0,0,0,1,0,0,1,2,0,1,0,1,1,0,4,4,2,4,7,3,21,0,0,0,0,0,0,1,0,0,0,0,0,0,0,0,0,0,0,0,0,0,0,1,0,1,0,0,0,0,0,1,1,0,0,1,0,0,0,1,0,0,0,0,1,0,0,0,0,0,0,0,0,0,0,0,0,0,0,0,0,0,0,0,0,0,0,0,0,0,0,0,0,0,0,0,0,0,0,0,0,0,0,0,0,0,0,0,0,0,0,0,0,0,0,0,0,0,0,0,0,0,0,0,0,0,0,0,0,0,0,0,0,1,3,3,2,3,2,1,0,1,1,1,0,2,2,3,0,0,2,1,1,1,0,2,2,1,1,0,0,1,2.621293916
grassAmbDry2_bin.10.orig,1,3,0,0,0,0,3,0,0,0,0,3,2,5,0,1,9,4,10,1,0,0,1,1,0,0,1,1,0,0,0,0,0,3,1,0,1,2,0,5,0,2,2,1,1,5,1,20,0,0,0,0,1,0,0,0,0,0,1,0,1,0,0,0,0,0,0,0,0,1,1,0,1,1,0,0,0,1,1,1,1,0,1,0,0,0,0,0,0,0,0,1,1,0,0,0,0,1,1,0,0,0,0,0,0,0,0,0,0,0,0,0,0,1,0,0,0,0,0,0,0,0,0,0,0,0,0,0,0,1,0,0,0,0,0,0,0,0,0,0,0,0,0,1,1,1,0,1,0,0,0,0,0,0,0,0,0,0,0,0,1,3,4,1,4,1,1,0,1,0,2,0,2,2,3,0,0,1,1,1,1,1,2,2,1,1,0,0,0,3.809733593
grassAmbDry2_bin.13.orig,0,2,0,0,0,0,3,0,1,0,0,2,0,4,1,0,6,1,4,2,0,0,1,1,0,0,0,0,0,0,0,0,0,1,0,0,1,2,1,2,0,2,1,1,1,5,1,16,0,0,0,0,0,0,0,0,1,0,0,0,0,0,0,0,0,0,0,0,0,1,1,0,1,0,0,0,0,0,1,1,0,0,1,0,0,0,1,0,0,0,0,0,0,0,0,0,0,1,1,0,0,0,0,0,0,0,0,0,0,0,0,0,0,0,0,0,0,0,0,0,0,0,0,0,0,0,0,0,0,0,0,0,0,0,0,0,0,0,0,0,0,0,0,0,0,0,0,0,0,0,0,0,0,0,0,0,0,0,0,0,1,3,4,2,4,2,1,0,1,0,0,0,0,0,3,0,0,2,1,0,0,0,0,1,0,0,0,0,0,3.993428895
grassAmbDry2_bin.14.orig,0,0,1,1,0,0,1,0,2,1,1,3,0,1,0,0,4,7,3,0,1,1,0,1,0,0,0,0,0,0,0,1,0,1,2,0,1,0,2,0,1,4,2,1,3,6,4,10,0,0,0,0,0,0,1,1,0,0,0,0,0,0,0,0,0,0,0,0,0,0,1,1,0,0,0,0,0,0,0,0,0,0,0,0,0,0,1,0,0,0,0,1,0,0,0,0,0,0,0,0,0,0,0,0,0,0,0,0,0,0,0,0,0,0,0,0,0,0,0,0,0,0,0,0,0,0,0,0,0,0,0,0,0,0,0,0,0,0,0,0,0,0,0,0,0,0,0,0,0,0,0,0,0,0,0,0,0,0,0,0,0,0,2,0,2,0,1,0,1,1,0,1,2,2,0,0,0,0,0,0,1,0,0,1,0,0,0,0,1,0.118491608
grassAmbDry2_bin.15.orig,0,3,0,0,0,0,6,0,1,0,0,0,1,3,0,0,4,4,4,1,0,1,1,1,0,0,1,0,0,0,2,0,0,2,0,0,1,1,1,2,0,2,2,0,0,3,1,24,0,0,0,0,1,0,1,1,0,0,0,0,0,0,0,0,0,0,0,0,0,0,1,0,1,0,0,0,0,1,1,1,1,1,1,0,0,0,0,0,0,0,0,0,0,0,0,0,1,1,0,0,0,0,0,0,0,0,0,0,0,0,0,0,0,0,0,0,0,0,0,0,0,0,0,0,0,0,0,0,0,0,0,0,0,0,0,1,0,0,0,0,0,0,1,1,1,1,0,1,0,0,0,0,1,0,1,0,0,0,0,0,1,1,5,2,5,2,1,0,0,1,2,0,0,2,1,0,0,2,1,0,1,0,1,2,0,0,0,0,1,1.807425893
grassAmbDry2_bin.16.orig,0,2,0,1,0,0,2,0,1,0,0,0,0,3,0,0,4,2,3,2,0,1,1,1,0,0,0,0,0,0,0,0,0,1,0,0,1,0,0,0,0,6,4,2,4,9,6,23,0,0,0,0,1,0,0,1,0,0,0,0,0,0,0,0,0,0,0,0,0,0,1,0,1,0,0,0,0,1,1,0,0,0,0,0,0,0,1,0,0,0,0,1,1,0,0,0,0,0,0,0,0,0,0,0,0,0,0,0,0,0,0,0,0,0,0,0,0,0,0,0,0,0,0,0,0,0,0,1,0,0,0,0,0,0,0,0,0,0,0,0,0,0,0,0,0,0,0,0,0,0,0,0,0,0,0,0,0,0,0,0,1,3,4,2,4,2,0,0,1,1,2,0,1,0,3,0,0,2,0,0,1,0,1,2,0,0,0,0,0,0.58176548
grassAmbDry2_bin.17.orig,0,0,0,2,0,0,2,0,1,1,1,3,0,2,1,0,7,7,5,0,0,0,0,1,0,0,0,0,0,1,1,1,0,0,1,0,1,0,1,3,1,3,3,2,3,5,3,15,0,1,1,0,0,1,1,1,0,0,0,0,0,0,0,0,0,0,0,1,0,0,1,1,0,0,0,0,0,1,1,1,0,0,0,0,0,0,1,0,0,0,0,1,0,0,0,0,0,1,0,0,0,0,0,0,0,0,0,0,0,0,0,0,0,0,0,0,0,0,0,0,0,0,0,0,0,0,0,0,0,0,0,0,0,0,0,0,0,0,0,0,0,0,0,0,0,0,0,0,0,0,0,0,0,0,0,0,0,0,0,0,1,0,1,0,1,0,1,0,1,0,1,0,2,1,0,0,0,0,0,1,1,0,0,2,1,1,0,0,1,0.598312564
grassAmbDry2_bin.19.orig,0,0,1,1,0,0,2,0,0,0,0,1,0,2,0,0,3,4,6,1,0,0,0,0,0,1,0,0,0,0,1,0,0,1,0,0,1,0,3,0,0,3,4,1,2,6,3,20,0,0,0,0,1,0,0,0,0,0,0,0,0,0,0,0,0,0,0,0,0,1,0,0,1,0,0,0,0,1,0,0,0,0,1,0,0,0,0,0,0,0,0,0,0,0,0,0,0,0,0,0,0,0,0,0,0,0,0,0,0,0,0,0,0,0,0,0,0,0,0,0,0,0,0,0,0,0,0,0,0,0,0,0,0,0,0,0,0,0,0,0,0,0,0,0,0,0,0,0,0,0,0,0,0,0,0,0,0,0,0,0,0,1,1,1,1,1,1,0,1,0,1,0,1,2,1,0,0,1,1,0,1,0,1,1,0,0,0,0,1,1.821413406
grassAmbDry2_bin.2.orig,0,3,0,1,0,0,5,0,2,0,0,1,1,5,1,2,9,2,11,1,0,2,1,1,1,1,1,1,0,0,0,0,0,2,1,0,0,2,1,5,0,2,3,2,1,5,0,27,0,0,0,0,1,0,0,1,0,0,0,0,0,0,0,0,0,0,0,0,0,1,1,0,0,0,0,0,0,1,1,1,1,0,1,0,0,0,1,0,0,0,0,1,0,0,0,0,0,0,1,0,0,0,0,0,0,0,0,0,0,0,0,0,0,0,0,0,0,0,0,0,0,0,0,0,0,0,0,0,0,0,0,0,0,0,0,0,0,0,0,0,0,0,0,0,0,0,0,0,0,0,0,0,0,0,0,0,0,0,0,0,1,3,4,1,4,1,1,0,1,1,1,0,2,1,3,0,0,1,1,1,1,1,1,2,1,1,0,0,0,4.821031026
grassAmbDry2_bin.20.orig,0,3,0,1,0,0,6,0,2,0,0,1,1,4,1,0,4,5,5,2,0,2,1,1,0,0,1,0,0,0,1,0,0,2,0,0,0,0,1,3,0,5,4,2,3,8,5,27,1,0,0,0,1,0,1,0,0,1,0,0,0,0,0,0,0,0,0,0,0,0,1,0,1,0,0,0,0,0,1,1,1,1,1,0,0,0,0,0,0,0,0,1,1,0,0,0,0,0,1,0,0,0,0,0,0,0,0,0,0,0,0,0,0,0,0,0,0,0,0,0,0,0,0,0,0,0,0,0,0,0,0,0,0,0,0,0,0,0,0,0,0,0,0,0,0,0,0,0,0,0,0,0,0,0,0,0,0,0,0,0,1,3,5,2,5,2,1,0,1,1,2,0,1,1,3,0,0,2,1,1,1,0,1,1,1,1,0,0,1,3.252219287
grassAmbDry2_bin.21.orig,0,0,0,1,0,0,2,0,2,0,0,3,1,4,0,0,8,5,5,0,0,1,1,1,0,0,0,0,0,1,0,0,0,1,1,0,0,0,0,3,0,4,2,2,3,6,0,17,0,0,0,0,0,1,1,1,0,0,1,0,0,0,0,0,0,0,0,1,0,0,1,1,0,0,0,0,0,1,0,1,0,0,0,0,0,0,1,0,0,0,0,1,0,0,0,0,1,0,0,0,0,0,0,0,0,0,0,0,0,0,0,0,0,0,0,0,0,0,0,0,0,0,0,0,0,0,0,0,0,0,0,0,0,0,0,0,0,0,0,0,0,0,0,0,0,0,0,0,0,0,0,0,0,0,0,0,0,0,0,0,1,0,2,1,2,1,1,0,1,0,0,1,1,2,0,0,0,1,0,0,1,0,1,1,0,0,0,0,1,0.507194242
grassAmbDry2_bin.22.orig,1,0,0,0,0,0,1,0,1,1,1,3,0,2,1,0,5,7,7,0,0,1,0,1,0,0,0,0,0,0,0,1,0,0,0,0,1,0,0,3,1,3,2,1,1,8,3,15,0,0,0,0,1,1,1,0,0,0,0,0,0,0,0,0,0,0,0,1,0,0,1,1,0,0,0,0,0,1,1,1,0,0,1,0,0,0,1,0,0,0,0,1,1,0,0,0,0,1,0,0,0,0,0,0,0,0,0,0,0,0,0,0,0,0,0,0,0,0,0,0,0,0,0,0,0,0,0,0,0,0,0,0,0,0,0,0,0,0,0,0,0,0,0,0,0,0,0,0,0,0,0,0,0,0,0,0,0,0,0,0,1,1,2,0,2,0,1,0,1,1,1,1,1,2,1,0,0,0,0,1,0,0,1,2,1,1,0,0,1,2.826824108
grassAmbDry2_bin.23.orig,0,2,0,1,0,0,2,0,0,0,0,0,0,3,1,0,4,1,2,2,0,0,1,1,0,0,0,0,0,0,0,0,0,1,0,0,1,0,0,0,0,4,3,2,4,7,5,14,0,0,0,0,0,0,0,1,0,0,0,0,0,0,0,0,0,0,0,0,0,0,1,0,0,0,0,0,0,1,1,1,0,0,0,0,0,0,0,0,0,0,0,1,1,0,0,0,0,0,0,0,0,0,0,0,0,0,0,0,0,0,0,0,0,0,0,0,0,0,0,0,0,0,0,0,0,0,0,0,0,0,0,0,0,0,0,0,0,0,0,0,0,0,0,0,0,0,0,0,0,0,0,0,0,0,0,0,0,0,0,0,1,2,4,1,4,1,0,0,1,1,0,0,1,0,2,0,0,1,0,0,1,0,0,2,0,0,0,0,0,1.623319764
grassAmbDry2_bin.24.orig,0,0,0,1,0,0,5,0,1,0,0,2,0,3,0,1,6,8,10,0,0,1,1,1,0,0,0,0,0,1,0,0,0,1,1,0,0,0,0,1,0,3,3,1,2,6,2,17,0,0,0,0,1,0,1,0,0,0,0,0,0,0,0,0,0,0,0,1,0,0,0,0,0,0,0,0,0,0,1,1,0,0,1,0,0,0,0,0,0,0,0,0,0,0,0,0,0,1,0,0,0,0,0,0,0,0,0,0,0,0,0,0,0,0,0,0,0,0,0,0,0,0,0,0,0,0,0,0,0,0,0,0,0,0,0,0,0,0,0,0,0,0,0,0,0,0,0,0,0,0,0,0,0,0,0,0,0,0,0,0,2,1,1,1,1,1,1,0,1,0,0,0,2,0,1,0,0,1,0,0,0,0,1,3,0,0,0,0,1,1.250853676
grassAmbDry2_bin.25.strict,0,0,0,1,0,0,3,0,0,0,0,1,0,3,0,0,4,2,3,1,0,0,1,0,0,0,0,0,0,0,1,1,0,0,2,0,1,0,0,0,0,2,2,2,3,7,2,18,0,0,0,0,1,0,0,1,0,0,0,0,0,0,0,0,0,0,0,0,0,0,1,0,0,0,0,0,0,0,1,1,0,0,1,0,0,0,1,0,0,0,0,0,0,0,0,0,0,0,0,0,0,0,0,0,0,0,0,0,0,0,0,0,0,0,0,0,0,0,0,0,0,0,0,0,0,0,0,0,0,0,0,0,0,0,0,0,0,0,0,0,0,0,0,0,0,0,0,0,0,0,0,0,0,0,0,0,0,0,0,0,0,3,2,2,2,2,0,0,1,0,0,0,2,0,3,0,0,2,0,0,0,0,0,0,0,0,0,0,1,13.65081537
grassAmbDry2_bin.26.orig,0,0,0,2,0,0,5,0,3,1,1,2,2,6,0,1,12,6,8,3,0,1,1,1,0,0,0,1,0,0,0,0,0,2,1,1,0,1,2,5,0,2,1,1,3,8,3,18,0,0,0,0,1,0,0,0,0,0,0,0,0,0,0,0,0,0,0,0,0,0,1,0,1,0,0,0,0,0,1,1,0,0,1,0,0,0,0,0,0,0,0,0,0,0,0,0,1,1,0,0,0,0,0,0,0,0,0,0,0,0,0,0,0,0,0,0,0,0,0,0,0,0,0,0,0,0,0,0,0,0,0,0,0,0,0,0,0,0,0,0,0,0,0,0,0,0,0,0,0,0,0,0,0,0,0,0,0,0,0,0,1,3,4,1,4,1,1,0,1,1,1,0,1,2,3,0,0,1,1,0,1,0,1,2,0,0,0,0,0,14.05146875
grassAmbDry2_bin.27.orig,0,2,0,1,0,0,3,0,0,0,0,0,0,3,0,0,5,5,4,2,0,0,1,1,0,0,0,0,0,0,0,0,1,1,0,0,1,0,0,1,0,5,4,1,3,11,4,26,0,0,1,0,0,1,0,0,0,0,0,0,0,0,0,0,0,0,0,1,0,0,0,0,0,0,0,0,0,0,1,0,0,1,0,0,0,0,1,0,0,0,0,1,0,0,0,0,0,0,0,0,0,0,0,0,0,0,0,0,0,0,0,0,0,0,0,0,0,0,0,0,0,0,0,0,0,0,0,0,0,0,0,0,0,0,0,0,0,0,0,0,0,0,0,1,1,1,0,1,0,0,0,0,0,0,0,0,0,0,0,0,1,2,3,1,3,1,0,0,0,0,0,0,1,1,2,0,0,1,0,0,1,0,0,2,0,0,0,0,0,1.561462275
grassAmbDry2_bin.28.orig,0,3,0,0,0,0,6,0,2,0,0,2,1,3,1,0,4,4,9,2,0,2,1,1,0,0,1,0,0,0,1,0,0,2,0,0,1,0,2,3,0,3,4,2,3,9,5,26,0,0,0,0,1,0,1,0,0,1,0,0,0,0,0,0,0,0,0,0,0,0,1,0,1,0,0,0,0,1,1,1,0,0,1,0,0,0,1,0,0,0,0,0,1,0,0,0,0,0,1,0,0,0,0,0,0,0,0,0,0,0,0,0,0,0,0,0,0,0,0,0,0,0,0,0,0,0,0,0,0,0,0,0,0,0,0,0,0,0,0,0,0,0,0,1,1,1,0,1,0,0,0,0,0,0,0,0,0,0,0,0,1,3,3,2,3,2,1,0,1,0,2,0,0,2,3,0,0,2,1,1,1,0,0,2,1,1,0,0,1,3.652825642
grassAmbDry2_bin.29.permissive,0,2,0,1,0,0,4,0,1,0,0,0,0,2,1,0,2,2,3,2,0,0,0,1,0,0,0,0,0,0,1,0,0,0,0,0,1,0,0,0,0,6,4,1,4,13,4,21,0,0,0,0,1,0,0,0,0,0,0,0,0,0,0,0,0,0,0,0,0,0,1,0,0,0,0,0,0,0,1,1,1,0,1,0,0,0,0,0,0,0,0,0,0,0,0,0,0,0,0,0,0,0,0,0,0,0,0,0,0,0,0,0,0,0,0,0,0,0,0,0,0,0,0,0,0,0,0,0,0,0,0,0,0,0,0,0,0,0,0,0,0,0,0,0,0,0,0,0,0,0,0,0,0,0,0,0,0,0,0,0,2,2,3,2,3,2,0,0,0,1,1,0,1,0,2,0,0,2,0,0,1,0,0,3,0,0,0,0,1,2.292291985
grassAmbDry2_bin.3.orig,0,3,0,1,0,0,3,0,0,0,0,2,0,2,2,0,4,3,4,1,0,0,0,1,0,0,1,0,0,0,1,0,0,1,0,0,0,0,1,2,0,5,3,2,5,7,4,24,1,0,0,0,0,0,1,0,0,1,0,0,0,0,0,0,0,0,0,0,0,0,1,0,1,0,0,0,0,1,1,1,1,0,0,0,0,1,1,0,0,0,0,0,0,0,0,1,1,1,1,0,0,0,0,0,0,0,0,0,0,0,0,0,0,0,0,0,0,0,0,0,0,0,0,0,0,0,0,0,0,0,0,0,0,0,0,0,0,0,0,0,0,0,0,1,1,1,0,1,0,0,0,0,0,0,0,0,0,0,0,0,1,3,3,1,3,1,1,0,1,1,1,0,0,1,3,0,0,1,1,1,1,0,2,2,1,1,0,0,1,3.700916206
grassAmbDry2_bin.30.strict,0,0,0,0,0,0,3,0,0,0,0,0,0,2,0,0,4,2,4,2,0,0,1,1,0,0,0,0,0,0,0,0,1,0,0,0,1,0,0,0,0,6,3,2,5,13,5,27,0,0,1,0,0,0,0,0,1,0,0,0,0,0,0,0,0,0,0,0,0,0,1,0,0,0,0,0,0,0,1,1,0,1,0,0,0,0,1,0,0,0,0,1,1,0,0,0,0,0,0,0,0,0,0,0,0,0,0,0,0,0,0,0,0,0,0,0,0,0,0,0,0,0,0,0,0,0,0,0,0,0,0,0,0,0,0,0,0,0,0,0,0,0,0,0,0,0,0,0,0,0,0,0,0,0,0,0,0,0,0,0,1,3,4,1,4,1,0,0,1,0,1,0,1,1,3,0,0,1,0,0,1,0,0,2,0,0,0,0,0,0.885541452
grassAmbDry2_bin.31.orig,1,3,0,2,0,1,10,0,2,0,0,2,2,6,4,2,28,11,14,4,0,2,1,1,1,1,1,1,0,2,1,1,0,4,5,0,1,2,3,2,0,2,2,1,1,4,0,29,1,0,1,0,1,0,1,1,0,0,0,0,0,0,0,0,0,0,0,1,0,1,1,0,0,0,0,0,0,0,1,1,1,0,1,0,0,0,1,0,0,0,0,1,1,0,0,0,1,1,1,0,0,0,0,0,0,0,0,0,0,0,0,0,0,0,0,0,0,0,0,0,0,0,0,0,0,0,0,0,0,0,0,0,0,0,0,0,0,0,0,0,0,0,0,1,1,1,0,1,0,0,0,0,0,0,0,0,0,0,0,0,2,4,5,2,5,2,0,0,1,1,2,0,4,2,4,0,0,2,1,1,1,1,3,4,1,1,0,0,1,0.799043973
grassAmbDry2_bin.32.orig,1,0,1,1,0,0,5,0,3,1,1,4,1,3,2,0,10,6,8,1,1,1,0,1,0,0,0,0,0,1,1,1,0,1,0,0,1,1,1,2,0,4,3,1,1,9,3,25,0,1,1,0,0,1,1,1,0,0,1,0,0,0,0,0,0,0,0,1,0,0,0,0,0,0,0,0,0,1,1,1,0,0,1,0,0,0,1,0,0,0,0,0,1,0,0,0,0,1,0,0,0,0,0,0,0,0,0,0,0,0,0,0,0,0,0,0,0,0,0,0,0,0,0,0,1,0,0,0,0,0,0,0,0,0,0,0,0,0,0,0,0,0,0,1,1,1,0,1,0,0,0,0,0,0,0,0,0,0,0,0,2,2,4,1,4,1,1,0,1,0,0,1,1,3,2,0,0,1,0,0,1,1,1,3,0,0,0,0,1,2.06176552
grassAmbDry2_bin.34.orig,1,0,0,0,0,0,2,0,1,0,0,3,0,3,1,0,7,3,7,1,1,1,1,1,0,0,0,0,0,2,1,0,0,0,0,0,0,0,1,3,0,3,1,1,1,5,0,16,0,0,1,0,0,0,0,0,0,0,0,0,0,0,0,0,0,0,0,0,0,0,0,0,1,0,0,0,0,1,1,1,0,0,1,0,0,0,1,0,0,0,0,1,0,0,0,0,0,1,0,0,0,0,0,0,0,0,0,0,0,0,0,0,0,0,0,0,0,0,0,0,0,0,0,0,0,0,0,0,0,0,0,0,0,0,0,0,0,0,0,0,0,0,0,0,0,0,0,0,0,0,0,0,0,0,0,0,0,0,0,0,1,0,2,0,2,0,0,0,0,0,0,0,1,0,0,0,0,0,1,0,1,1,1,1,0,0,0,0,1,2.138626861
grassAmbDry2_bin.35.orig,0,0,0,1,0,0,3,0,2,1,1,3,0,3,1,1,5,6,10,0,0,0,0,0,0,0,0,0,0,1,1,1,0,1,0,0,0,1,1,2,0,4,2,1,2,8,3,18,0,0,1,0,0,1,1,0,0,0,0,0,0,0,0,0,0,0,0,1,0,0,1,0,0,0,0,0,0,1,1,1,0,0,1,0,0,0,1,0,0,0,0,1,0,0,0,0,0,1,1,0,0,0,0,0,0,0,0,0,0,0,0,0,0,0,0,0,0,0,0,0,0,0,0,0,0,0,0,0,0,0,0,0,0,0,0,0,0,0,0,0,0,0,0,1,1,1,0,1,0,0,0,0,0,0,0,0,0,0,0,0,2,1,4,0,4,0,1,0,1,0,0,1,2,1,1,0,0,0,0,0,1,1,2,2,0,0,0,0,1,0.845472821
grassAmbDry2_bin.36.orig,0,3,0,1,0,0,2,0,0,0,0,0,0,1,1,0,4,3,4,3,0,0,0,1,0,0,1,0,0,0,1,0,0,1,1,0,0,1,0,3,0,3,3,1,1,7,4,19,1,0,0,0,0,0,0,0,1,0,0,0,0,0,0,0,0,0,0,0,0,0,1,0,1,0,0,0,0,1,1,1,1,0,1,0,0,0,0,0,0,0,0,1,1,0,0,0,0,0,0,0,0,0,0,0,0,0,0,0,0,0,0,0,0,0,0,0,0,0,0,0,0,0,0,0,0,0,0,0,0,0,0,0,0,0,0,0,0,0,0,0,0,0,0,1,1,1,0,1,0,0,0,0,0,0,0,0,0,0,0,0,1,2,1,1,1,1,0,1,1,0,2,0,2,1,2,0,0,1,1,0,1,0,1,3,0,0,0,0,1,4.310493932
grassAmbDry2_bin.37.orig,0,0,0,1,0,0,0,0,2,0,0,2,1,1,1,1,7,5,2,0,1,1,0,0,0,0,0,0,0,1,1,1,0,2,0,0,0,0,0,4,0,3,1,1,1,4,1,17,0,0,1,0,0,0,1,0,0,0,0,0,0,0,0,0,0,0,0,0,0,0,1,1,0,0,0,0,0,0,1,1,0,0,0,0,0,0,0,0,0,0,0,1,1,0,0,0,1,0,0,0,0,0,0,0,0,0,0,0,0,0,0,0,0,0,0,0,0,0,0,0,0,0,0,0,0,0,0,0,0,0,0,0,0,0,0,0,0,0,0,0,0,0,0,0,0,0,0,0,0,0,0,0,0,0,0,0,0,0,0,0,1,0,2,1,2,1,0,0,0,0,0,1,1,0,0,0,0,1,0,0,0,0,0,2,0,0,0,0,0,2.838856697
grassAmbDry2_bin.38.orig,0,3,0,0,0,0,3,1,3,0,0,3,1,2,1,0,6,8,5,1,0,1,0,1,0,0,1,0,0,1,0,0,0,3,1,0,1,1,1,3,0,7,5,3,3,8,5,35,0,1,1,0,1,0,1,1,0,0,0,0,0,0,0,0,0,0,0,0,0,1,1,0,0,0,0,0,0,1,1,1,1,0,0,0,0,0,1,0,0,0,0,1,1,0,0,0,0,0,1,0,0,0,0,0,0,0,0,0,0,0,0,0,0,0,0,0,0,0,0,0,0,0,0,0,1,0,0,0,0,0,0,0,0,0,0,0,0,0,0,0,0,0,0,1,1,1,1,1,1,1,0,1,0,0,1,0,0,0,0,0,1,2,3,2,3,2,1,0,1,1,1,0,0,0,2,0,0,2,1,1,1,1,1,2,1,1,0,0,1,4.213715694
grassAmbDry2_bin.39.orig,0,2,0,0,0,0,3,0,1,0,0,0,0,3,0,0,3,3,5,2,0,0,1,0,0,0,0,0,0,0,0,1,1,1,0,0,1,0,1,0,0,3,3,2,2,9,4,26,0,0,1,0,0,1,0,0,0,0,0,0,0,0,0,0,0,0,0,0,0,0,1,0,0,0,0,0,0,1,1,0,0,1,1,0,0,0,1,0,0,0,0,1,0,0,0,0,0,0,0,0,0,0,0,0,0,0,0,0,0,0,0,0,0,0,0,0,0,0,0,0,0,0,0,0,0,0,0,1,0,0,0,0,0,0,0,0,0,0,0,0,0,0,0,0,0,0,0,0,0,0,0,0,0,0,0,0,0,0,0,0,1,3,3,2,3,2,0,0,1,1,2,0,1,0,3,0,0,2,0,0,1,0,1,2,0,0,0,0,1,5.181360716
grassAmbDry2_bin.4.orig,0,3,0,1,0,0,8,0,2,0,0,1,1,4,2,1,11,4,9,2,0,2,0,1,0,0,1,1,0,0,2,0,0,3,3,0,2,2,0,3,0,2,2,1,2,5,2,28,1,0,0,0,0,0,0,1,0,0,0,0,0,0,0,0,0,0,0,0,0,1,1,0,1,1,1,0,0,1,1,1,1,0,1,0,0,0,1,0,0,0,0,1,1,0,0,0,0,1,0,0,0,0,0,0,0,0,0,0,0,0,0,0,0,1,0,0,0,0,0,0,0,0,0,0,0,0,0,0,0,1,0,0,0,0,0,1,1,0,0,0,0,0,1,1,1,0,0,0,0,0,0,0,1,0,1,0,0,0,0,0,2,4,4,2,4,2,1,0,1,1,1,0,2,2,4,0,0,2,0,1,1,1,3,3,1,1,0,0,0,5.130520687
grassAmbDry2_bin.40.orig,0,2,0,1,0,1,1,0,0,0,0,0,0,4,0,0,3,2,4,2,0,1,1,1,0,0,0,0,0,0,0,0,0,0,1,0,1,0,0,0,0,4,4,1,3,8,3,24,0,0,0,0,0,0,1,0,0,0,0,0,0,0,0,0,0,0,0,0,0,0,0,0,0,0,0,0,0,0,1,0,0,0,0,0,0,0,1,0,0,0,0,1,0,0,0,0,0,0,0,0,0,0,0,0,0,0,0,0,0,0,0,0,0,0,0,0,0,0,0,0,0,0,0,0,0,0,0,0,0,0,0,0,0,0,0,0,0,0,0,0,0,0,0,0,0,0,0,0,0,0,0,0,0,0,0,0,0,0,0,0,1,2,0,2,0,2,0,0,1,0,0,0,2,0,2,0,0,2,0,0,1,0,1,2,0,0,0,0,0,0.776954906
grassAmbDry2_bin.5.orig,0,2,0,0,0,0,3,0,0,0,0,0,0,4,1,0,2,2,2,2,0,0,1,1,0,0,0,0,0,0,0,0,1,1,0,0,0,0,0,0,0,4,4,2,3,9,4,20,0,0,1,0,0,0,0,1,0,0,0,0,0,0,0,0,0,0,0,0,0,0,1,0,0,0,0,0,0,0,1,1,0,1,1,0,0,0,1,0,0,0,0,1,0,0,0,0,0,0,0,0,0,0,0,0,0,0,0,0,0,0,0,0,0,0,0,0,0,0,0,0,0,0,0,0,0,0,0,0,0,0,0,0,0,0,0,0,0,0,0,0,0,0,0,0,0,0,0,0,0,0,0,0,0,0,0,0,0,0,0,0,0,3,3,2,3,2,0,0,1,1,1,0,1,1,3,0,0,2,0,0,0,0,0,1,0,0,0,0,0,2.667255778
grassAmbDry2_bin.6.orig,0,0,1,1,0,0,0,0,2,1,1,4,0,1,0,0,5,6,5,0,0,1,0,1,0,0,0,0,0,1,1,1,0,1,1,0,2,0,1,2,1,5,3,2,4,10,3,14,0,0,0,0,0,1,1,0,0,0,0,0,0,0,0,0,0,0,0,0,0,0,1,1,0,0,0,0,0,1,1,1,1,0,0,0,0,0,0,0,0,0,0,1,1,0,0,0,0,1,0,0,0,0,0,0,0,0,0,0,0,0,0,0,0,0,0,0,0,0,0,0,0,0,0,0,0,0,0,0,0,0,0,0,0,0,0,0,0,0,0,0,0,0,0,0,0,0,0,0,0,0,0,0,0,0,0,0,0,0,0,0,1,1,2,0,2,0,0,0,1,0,0,0,0,2,1,0,0,0,0,0,1,0,0,1,0,0,0,0,1,2.042391964
grassAmbDry2_bin.7.orig,1,0,0,1,0,0,2,0,1,0,0,2,1,5,2,1,7,3,6,0,0,0,1,0,0,0,0,0,0,0,2,1,0,1,1,0,1,1,1,4,0,3,2,1,2,6,1,27,1,0,1,0,1,0,1,0,0,0,0,0,0,0,0,0,0,0,0,0,0,0,0,0,0,0,0,0,0,0,1,1,1,0,1,0,0,0,1,0,0,0,0,1,0,0,0,0,0,1,0,0,0,0,0,0,0,0,0,0,0,0,0,0,0,0,0,0,0,0,0,0,1,0,0,0,0,0,0,0,0,0,0,0,0,0,0,0,0,0,0,0,0,0,0,0,0,0,0,0,0,0,0,0,0,0,0,0,0,0,0,0,1,0,3,1,3,1,1,0,1,0,1,1,1,4,0,0,0,1,1,0,1,0,0,1,0,0,0,0,1,1.815374077
grassAmbDry2_bin.8.orig,0,3,0,0,0,0,0,0,0,0,0,1,0,2,0,0,6,2,4,0,0,0,1,1,0,0,0,0,0,0,0,0,0,1,0,0,0,1,0,1,0,0,1,0,0,1,0,8,0,0,0,0,0,0,0,1,0,0,0,0,0,0,0,0,0,0,0,0,0,1,1,0,1,0,0,0,0,0,1,1,0,0,0,0,0,0,1,0,0,0,0,0,0,0,0,0,0,1,0,0,0,0,0,0,0,0,0,0,0,0,0,0,0,0,0,0,0,0,0,0,0,0,0,0,0,0,0,0,0,0,0,0,0,0,0,0,0,0,0,0,0,0,0,0,0,0,0,0,0,0,0,0,0,0,0,0,0,0,0,0,0,0,3,2,3,2,0,0,1,0,0,0,0,0,0,0,0,2,0,0,0,1,1,1,0,0,0,0,0,2.693288592
grassAmbDry2_bin.9.strict,0,2,0,1,0,0,3,0,0,0,0,1,0,1,0,0,1,3,4,1,0,0,0,1,0,0,0,0,0,0,0,0,0,0,0,0,1,0,1,0,0,2,3,2,3,8,3,17,0,0,1,0,0,0,0,1,0,0,0,0,0,0,0,0,0,0,0,0,0,0,1,0,0,0,0,1,0,0,1,1,0,0,0,0,0,0,1,0,0,0,0,1,1,0,0,0,0,0,0,0,0,0,0,0,0,0,0,0,0,0,0,0,0,0,0,0,0,0,0,0,0,0,0,0,0,0,0,0,0,0,0,0,0,0,0,0,0,0,0,0,0,0,0,0,0,0,0,0,0,0,0,0,0,0,0,0,0,0,0,0,1,2,3,1,3,1,0,0,1,0,2,0,1,0,2,0,0,1,0,0,1,0,0,1,0,0,0,0,0,0.521633856
grassAmbWet1_bin.1.strict,0,2,0,0,0,0,4,0,0,0,0,0,0,5,1,0,5,4,4,2,0,0,1,1,0,0,0,0,0,0,0,0,1,1,0,0,1,0,0,0,0,6,4,2,5,12,6,29,0,0,1,0,0,0,1,1,1,0,0,0,0,0,0,0,0,0,0,0,0,0,1,0,0,0,0,0,0,1,1,1,0,1,1,0,0,0,1,0,0,0,0,1,0,0,0,0,0,0,0,0,0,0,0,0,0,0,0,0,0,0,0,0,0,0,0,0,0,0,0,0,0,0,0,0,0,0,0,0,0,0,0,0,0,0,0,0,0,0,0,0,0,0,0,0,0,0,0,0,0,0,0,0,0,0,0,0,0,0,0,0,1,3,5,2,5,2,0,0,1,0,2,0,1,1,3,0,0,2,0,0,1,0,0,2,0,0,0,0,0,1.031759864
grassAmbWet1_bin.10.orig,0,3,1,2,1,0,7,1,4,0,0,1,1,2,2,1,11,6,4,1,0,2,0,1,1,1,1,0,0,0,1,0,0,3,2,0,3,2,2,2,1,1,1,1,1,4,1,22,0,0,0,0,1,0,0,0,0,0,1,0,0,0,0,0,0,0,0,0,0,0,1,0,0,0,0,0,0,0,0,0,1,1,1,0,0,0,1,0,0,0,0,0,0,0,0,0,0,0,0,0,0,0,0,0,0,0,0,0,0,0,0,0,0,0,0,0,0,0,0,0,0,0,0,1,0,0,0,0,0,0,0,0,0,0,0,0,0,0,0,0,0,0,0,0,0,0,0,0,0,0,0,0,0,0,0,0,0,0,0,0,0,1,1,1,1,1,0,0,1,1,1,0,1,1,1,0,0,1,0,0,1,0,1,1,0,0,0,1,0,0.583348398
grassAmbWet1_bin.11.orig,1,0,0,0,0,0,3,0,5,1,1,2,0,3,1,0,8,5,7,0,0,1,1,1,0,0,0,0,0,1,0,0,0,2,2,0,0,1,1,3,1,3,3,1,2,7,3,15,0,0,1,0,0,0,1,0,0,0,0,0,0,0,0,0,0,0,0,1,0,0,0,0,0,0,0,0,0,0,1,1,0,0,0,0,0,0,0,0,0,0,0,0,0,0,0,0,0,0,0,0,0,0,0,0,0,0,0,0,0,0,0,0,0,0,0,0,0,0,0,0,0,0,0,0,0,0,0,0,0,0,0,0,0,0,0,0,0,0,0,0,0,0,0,0,0,0,0,0,0,0,0,0,0,0,0,0,0,0,0,0,0,2,2,0,2,0,1,0,1,1,0,1,1,2,2,0,0,0,0,0,1,0,2,0,0,0,0,0,1,2.415751089
grassAmbWet1_bin.12.strict,0,2,0,1,0,0,4,0,1,0,0,0,0,4,0,0,5,5,6,2,0,1,1,1,0,0,0,0,0,0,0,0,1,1,3,0,1,0,0,0,0,3,4,2,3,10,5,27,0,1,1,0,0,1,0,1,1,0,0,0,0,0,0,0,0,0,0,0,0,0,1,1,0,0,0,1,0,1,0,0,0,1,1,0,0,0,1,0,0,0,0,1,1,0,0,0,0,0,0,0,0,0,0,0,0,0,0,0,0,0,0,0,0,0,0,0,0,0,0,0,0,0,0,0,0,0,0,0,0,0,0,0,0,0,0,0,0,0,0,0,0,0,0,0,0,0,0,0,0,0,0,0,0,0,0,0,0,0,0,0,2,3,4,2,4,2,0,0,1,0,1,0,3,1,3,0,0,2,1,0,1,0,0,3,0,0,0,0,0,0.891528484
grassAmbWet1_bin.13.orig,0,2,0,1,0,0,1,0,0,0,0,0,0,1,0,0,5,3,4,2,0,0,0,1,0,0,0,0,0,0,0,0,0,1,0,0,1,0,0,0,0,5,4,2,4,8,5,24,0,0,0,0,0,0,1,0,0,0,0,0,0,0,0,0,0,0,0,0,0,0,1,0,0,0,0,0,0,1,1,1,0,1,0,0,0,0,1,0,0,0,0,1,1,0,0,0,0,0,0,0,0,0,0,0,0,0,0,0,0,0,0,0,0,0,0,0,0,0,0,0,0,0,0,0,0,0,0,0,0,0,0,0,0,0,0,0,0,0,0,0,0,0,0,0,0,0,0,0,0,0,0,0,0,0,0,0,0,0,0,0,1,3,3,2,3,2,0,0,1,1,2,0,1,1,3,0,0,2,0,0,1,0,0,1,0,0,0,0,0,2.987770841
grassAmbWet1_bin.14.orig,0,0,0,1,0,0,3,0,1,0,0,3,0,4,3,1,6,8,8,0,0,1,1,1,0,0,0,0,0,2,1,1,0,1,0,0,1,1,0,2,0,3,2,1,3,7,2,19,0,0,1,0,1,1,1,0,0,0,0,0,0,0,0,0,0,0,0,1,0,0,1,0,0,0,0,0,0,0,0,1,0,0,1,0,0,0,0,0,0,0,0,1,0,0,0,0,0,0,0,0,0,0,0,0,0,0,0,0,0,0,0,0,0,0,0,0,0,0,0,0,0,0,0,0,1,0,0,0,0,0,0,0,0,0,0,0,0,0,0,0,0,0,0,0,0,0,0,0,0,0,0,0,0,0,0,0,0,0,0,0,2,0,3,0,3,0,1,0,1,1,0,1,1,1,0,0,0,0,0,0,1,0,2,2,0,0,0,0,1,0.843827721
grassAmbWet1_bin.15.orig,0,0,0,1,0,0,4,0,1,0,0,1,0,4,0,0,3,3,6,1,0,1,1,1,0,0,0,0,0,0,2,0,0,0,1,0,0,0,1,1,0,4,4,2,4,8,3,23,0,0,1,0,0,0,0,0,1,0,0,0,0,0,0,0,0,0,0,0,0,0,1,1,0,0,0,0,0,0,1,1,0,1,1,0,0,0,0,0,0,0,0,1,1,0,0,0,0,0,0,0,0,0,0,0,0,0,0,0,0,0,0,0,0,0,0,0,0,0,0,0,0,0,0,0,0,0,0,0,0,0,0,0,0,0,0,0,0,0,0,0,0,0,0,0,0,0,0,0,0,0,0,0,0,0,0,0,0,0,0,0,1,1,4,2,4,2,0,0,0,0,2,0,1,0,1,0,0,2,0,0,1,0,0,2,0,0,0,0,1,3.262324742
grassAmbWet1_bin.16.orig,0,3,0,1,0,0,2,0,1,0,0,0,0,3,1,0,2,7,5,1,0,0,0,1,0,0,1,0,0,0,2,0,0,1,0,0,1,1,0,1,0,2,1,1,1,6,0,19,0,0,0,0,0,0,1,0,0,0,0,0,0,0,0,0,0,0,0,1,0,0,1,0,1,0,0,0,0,0,1,1,0,1,0,0,0,0,0,0,0,0,0,1,1,0,0,0,0,1,0,0,0,0,0,0,0,0,0,0,0,0,0,0,0,0,0,0,0,0,0,0,0,0,0,0,0,0,0,0,0,0,0,0,0,0,0,0,0,0,0,0,0,0,0,0,0,0,0,0,0,0,0,0,0,0,0,0,0,0,0,0,2,2,2,2,2,2,1,1,0,0,1,0,1,1,2,0,0,2,1,0,1,0,0,3,0,0,0,0,1,3.125489702
grassAmbWet1_bin.17.orig,0,2,0,1,0,1,2,0,1,0,0,0,0,4,0,0,5,3,4,2,0,1,1,1,0,0,0,0,0,0,0,0,0,1,1,0,1,0,1,1,0,4,4,1,3,8,6,30,0,1,1,0,0,1,0,1,1,0,0,0,0,0,0,0,0,0,0,0,0,0,1,0,0,0,0,0,0,1,1,1,0,0,0,0,0,0,1,0,0,0,0,1,1,0,0,0,0,0,0,0,0,0,0,0,0,0,0,0,0,0,0,0,0,0,0,0,0,0,0,0,0,0,0,0,0,0,0,0,0,0,0,0,0,0,0,0,0,0,0,0,0,0,0,0,0,0,0,0,0,0,0,0,0,0,0,0,0,0,0,0,0,3,5,2,5,2,0,0,1,1,2,0,2,1,3,0,0,2,0,0,1,0,0,1,0,0,0,0,0,0.326217459
grassAmbWet1_bin.18.strict,0,2,0,0,0,0,1,0,1,0,0,0,0,4,0,0,3,2,4,2,0,0,1,1,0,0,0,0,0,0,0,0,1,1,0,0,1,0,1,0,0,4,2,1,2,10,7,23,0,0,1,0,0,1,1,0,0,0,0,0,0,0,0,0,0,0,0,0,0,0,1,0,0,0,0,0,0,1,1,0,0,0,1,0,0,0,0,0,0,0,0,0,1,0,0,0,0,0,1,0,0,0,0,0,0,0,0,0,0,0,0,0,0,0,0,0,0,0,0,0,0,0,0,0,0,0,0,0,0,0,0,0,0,0,0,0,0,0,0,0,0,0,0,0,0,0,0,0,0,0,0,0,0,0,0,0,0,0,0,0,1,3,5,2,5,2,0,0,1,1,2,0,1,0,3,0,0,2,0,0,1,0,0,2,0,0,0,0,0,0.819315208
grassAmbWet1_bin.19.orig,0,3,0,1,0,0,8,0,2,0,0,2,1,6,2,1,11,4,9,2,0,2,1,1,0,0,1,1,0,0,2,0,0,3,3,0,2,2,0,3,0,2,2,1,2,5,2,32,1,0,0,0,0,0,0,1,0,0,0,0,1,0,0,0,0,0,0,0,0,1,1,0,1,1,1,0,0,1,1,1,1,0,1,0,0,0,1,0,0,0,0,1,1,0,0,0,1,1,0,0,0,0,0,0,0,0,0,0,0,0,0,0,0,1,0,0,0,0,0,0,0,0,0,0,0,0,0,0,0,1,0,0,0,0,0,1,1,0,0,0,0,0,1,1,1,0,0,0,0,0,0,0,1,0,1,0,0,0,0,0,2,4,4,2,4,2,1,0,1,1,1,0,2,2,4,0,0,2,0,1,1,1,3,3,1,1,0,0,0,5.787704174
grassAmbWet1_bin.2.orig,0,0,0,1,0,0,1,0,1,1,1,3,0,2,0,0,8,6,4,0,0,0,0,0,0,0,0,0,0,1,1,1,0,1,2,0,1,0,1,2,1,3,1,2,4,4,2,10,0,0,0,0,0,0,1,0,0,0,1,0,0,0,0,0,0,0,0,0,0,0,0,0,0,0,0,0,0,0,1,1,1,0,0,0,0,0,1,0,0,0,0,0,0,0,0,0,0,1,0,0,0,0,0,0,0,0,0,0,0,0,0,0,0,0,0,0,0,0,0,0,0,0,0,0,0,0,0,0,0,0,0,0,0,0,0,0,0,0,0,0,0,0,0,0,0,0,0,0,0,0,0,0,0,0,0,0,0,0,0,0,1,1,4,0,4,0,0,0,1,0,1,0,1,1,1,0,0,0,0,0,1,0,0,1,0,0,0,0,1,2.693462256
grassAmbWet1_bin.20.orig,0,3,0,1,0,0,6,0,3,1,1,3,3,6,2,1,8,10,5,3,0,0,1,1,1,1,1,1,0,1,1,1,0,3,1,0,1,1,2,6,0,2,2,1,2,4,2,25,0,0,1,0,1,0,0,1,0,1,0,0,1,0,0,0,0,0,0,0,0,1,1,0,1,0,0,0,0,1,1,1,0,0,0,0,0,0,0,0,0,0,0,0,1,0,0,0,0,0,0,0,0,0,0,0,0,0,0,0,0,0,0,0,0,0,0,0,0,0,0,0,0,0,0,0,0,0,0,0,0,0,0,0,0,0,0,0,0,0,0,0,0,0,0,1,1,1,0,1,0,0,0,0,0,0,0,0,0,0,0,0,2,3,4,2,4,2,1,1,1,1,2,0,2,2,3,0,0,2,0,1,1,1,3,3,1,1,0,0,0,3.235856935
grassAmbWet1_bin.21.strict,0,3,0,1,0,0,7,0,3,1,1,2,3,6,0,1,4,6,8,2,0,1,1,1,0,0,1,0,0,1,0,0,0,1,0,0,1,1,0,1,0,2,2,2,1,8,0,18,0,0,1,0,1,0,0,0,0,0,0,0,0,0,0,0,0,0,0,0,0,1,0,0,0,1,0,0,0,1,1,0,1,1,1,0,0,0,0,0,0,0,0,0,0,0,0,0,0,0,0,0,0,0,0,0,0,0,0,0,0,0,0,0,0,1,0,0,0,0,0,0,0,0,0,0,0,0,0,0,0,1,0,0,0,0,0,0,1,0,0,0,0,0,1,1,1,1,0,1,0,0,0,0,1,0,1,0,0,0,0,0,1,3,1,0,1,0,1,0,1,0,1,0,1,1,3,0,0,0,0,1,1,1,3,2,1,1,0,0,1,9.444110958
grassAmbWet1_bin.22.orig,1,0,0,0,0,0,3,0,1,0,0,3,0,4,1,1,7,6,9,1,0,1,1,1,0,0,0,0,0,2,1,0,0,1,0,0,1,0,1,3,0,3,3,1,1,6,0,20,0,0,0,0,1,1,0,0,0,0,0,0,0,0,0,0,0,0,0,0,0,0,0,0,1,0,0,0,0,1,1,1,1,0,1,0,0,0,1,0,0,0,0,0,0,0,0,0,0,1,0,0,0,0,0,0,0,0,0,0,0,0,0,0,0,0,0,0,0,0,0,0,0,0,0,0,0,0,0,0,0,0,0,0,0,0,0,0,0,0,0,0,0,0,0,0,0,0,0,0,0,0,0,0,0,0,0,0,0,0,0,0,1,0,3,1,3,1,1,0,1,1,0,1,1,2,0,0,0,1,1,0,1,1,1,1,0,0,0,0,1,2.721055411
grassAmbWet1_bin.23.orig,0,2,0,0,0,0,4,0,1,0,0,1,0,4,0,0,6,4,5,2,0,0,1,1,0,0,0,0,0,0,0,0,0,1,3,0,1,0,0,0,0,4,5,1,2,8,4,25,0,1,1,0,0,1,0,0,1,0,0,0,0,0,0,0,0,0,0,0,0,0,1,0,0,0,0,0,0,1,1,0,0,0,1,0,0,0,1,0,0,0,0,0,1,0,0,0,0,0,0,0,0,0,0,0,0,0,0,0,0,0,0,0,0,0,0,0,0,0,0,0,0,0,0,0,0,0,0,0,0,0,0,0,0,0,0,0,0,0,0,0,0,0,0,0,0,0,0,0,0,0,0,0,0,0,0,0,0,0,0,0,2,2,5,2,5,2,0,0,1,1,2,0,3,0,2,0,0,2,0,0,1,0,0,3,0,0,0,0,0,0.474926266
grassAmbWet1_bin.24.orig,1,3,0,0,0,0,6,0,2,0,0,2,1,3,1,1,7,9,12,2,0,1,0,1,0,0,1,0,0,0,1,0,0,3,1,0,0,2,1,2,0,4,2,1,3,9,2,21,0,0,1,0,1,0,0,0,0,0,0,0,0,0,0,0,0,0,0,0,0,0,1,0,1,0,0,0,0,1,1,1,0,0,1,0,0,0,1,0,0,0,0,0,1,0,0,0,0,1,1,0,0,0,0,0,0,0,0,0,0,0,0,0,0,0,0,0,0,0,0,0,0,0,0,0,0,0,0,0,0,0,0,0,0,0,0,0,0,0,0,0,0,0,0,0,0,0,0,0,0,0,0,0,0,0,0,0,0,0,0,0,0,3,3,1,3,1,1,0,1,0,1,0,3,2,3,0,0,1,1,1,1,1,2,1,1,1,0,0,0,2.648931011
grassAmbWet1_bin.25.orig,0,2,0,1,0,0,11,0,2,0,0,2,1,4,1,0,11,6,8,4,0,1,0,1,0,0,0,1,0,1,1,1,0,2,1,0,1,2,2,4,0,4,3,2,2,10,4,34,0,0,0,0,0,0,0,0,1,0,0,0,0,0,0,0,0,0,0,0,0,0,1,0,1,0,0,0,0,0,1,1,0,0,1,0,0,0,1,0,0,0,0,0,0,0,0,0,0,0,1,0,0,0,0,0,0,0,0,0,0,0,0,0,0,0,0,0,0,0,0,0,0,0,0,0,0,0,0,0,0,0,0,0,0,0,0,0,0,0,0,0,0,0,0,1,1,1,0,1,0,0,0,0,0,0,0,0,0,0,0,0,1,3,2,1,2,1,1,0,1,1,0,1,3,0,3,0,0,1,1,1,1,0,0,1,1,1,0,1,0,0.175445194
grassAmbWet1_bin.26.orig,1,0,1,1,0,0,6,0,2,1,1,2,1,4,1,0,10,7,10,0,1,1,1,1,0,0,0,0,0,1,1,1,0,1,1,0,1,0,1,4,0,5,3,2,2,9,3,26,0,1,1,0,1,1,1,1,0,0,1,0,0,0,0,0,0,0,0,1,0,0,1,0,0,0,0,0,0,1,1,1,0,0,1,0,0,0,1,0,0,0,0,1,0,0,0,0,1,1,0,0,0,0,0,0,0,0,0,0,0,0,0,0,0,0,0,0,0,0,0,0,0,0,0,0,1,0,0,0,0,0,0,0,0,0,0,0,0,0,0,0,0,0,0,1,1,0,0,0,0,0,0,0,0,0,0,0,0,0,0,0,1,2,5,1,5,1,1,0,1,1,0,0,2,3,2,0,0,1,0,0,1,1,1,2,0,0,0,0,1,0.721999881
grassAmbWet1_bin.27.orig,1,3,0,0,0,0,4,0,0,0,0,3,2,5,0,1,10,3,9,1,0,0,1,1,0,0,1,1,0,0,0,0,0,3,2,0,1,1,0,5,0,2,2,1,1,4,1,26,0,0,0,0,1,0,0,0,0,0,1,0,1,0,0,0,0,0,0,0,0,1,1,0,1,1,0,0,0,1,1,1,1,0,0,0,0,0,0,0,0,0,0,1,1,1,0,0,1,1,1,0,0,0,0,0,0,0,0,0,0,0,0,0,0,1,0,0,0,0,0,0,0,0,0,0,0,0,0,0,0,1,0,0,0,0,0,0,0,0,0,0,0,0,0,1,1,1,0,1,0,0,0,0,0,0,0,0,0,0,0,0,1,3,4,2,4,2,1,0,1,1,2,0,3,2,3,0,0,2,1,1,1,1,2,2,1,1,0,0,0,3.945380469
grassAmbWet1_bin.28.orig,0,0,0,0,0,0,2,0,2,0,0,2,1,4,0,1,6,3,5,2,0,0,0,1,0,0,1,0,0,1,0,0,0,1,1,0,1,1,1,3,0,3,2,2,4,3,1,10,0,0,1,0,0,0,0,1,0,0,0,0,0,0,0,0,0,0,0,0,0,0,1,0,0,0,0,0,0,0,1,1,1,0,0,0,0,0,1,0,0,0,0,0,0,0,0,0,0,1,0,0,0,0,0,0,0,0,0,0,0,0,0,0,0,0,0,0,0,0,0,0,0,0,0,0,0,0,0,0,0,0,0,0,0,0,0,0,0,0,0,0,0,0,0,1,1,1,0,1,0,0,0,0,0,0,0,0,0,0,0,0,1,1,2,1,2,1,0,0,1,0,0,0,1,0,1,0,0,1,1,1,0,1,2,1,1,1,0,0,0,6.380119477
grassAmbWet1_bin.29.orig,0,0,0,2,0,0,4,0,1,1,1,4,0,2,0,0,9,8,5,0,0,1,0,1,0,0,0,0,0,1,1,1,0,1,3,0,1,0,1,0,1,4,2,3,4,9,2,14,0,0,1,0,0,1,1,1,0,0,0,0,0,0,0,0,0,0,0,1,0,0,0,1,0,0,0,0,0,1,1,1,0,0,0,0,0,0,1,0,0,0,0,1,0,0,0,0,0,1,0,0,0,0,0,0,0,0,0,0,0,0,0,0,0,0,0,0,0,0,0,0,0,0,0,0,0,0,0,0,0,0,0,0,0,0,0,0,0,0,0,0,0,0,0,0,0,0,0,0,0,0,0,0,0,0,0,0,0,0,0,0,1,0,2,0,2,0,1,0,1,1,1,0,3,1,0,0,0,0,0,1,1,0,0,2,1,1,0,0,1,0.489178711
grassAmbWet1_bin.3.orig,0,2,0,1,0,0,2,0,0,0,0,0,0,4,1,0,4,3,4,2,0,0,1,1,0,0,0,0,0,0,0,0,0,1,0,0,1,0,1,0,0,5,4,2,4,8,6,20,0,1,1,0,0,0,1,1,0,0,0,0,0,0,0,0,0,0,0,0,0,0,1,0,0,0,0,1,0,1,1,1,0,1,0,0,0,0,1,0,0,0,0,1,1,0,0,0,0,0,0,0,0,0,0,0,0,0,0,0,0,0,0,0,0,0,0,0,0,0,0,0,0,0,0,0,0,0,0,0,0,0,0,0,0,0,0,0,0,0,0,0,0,0,0,0,0,0,0,0,0,0,0,0,0,0,0,0,0,0,0,0,1,2,5,2,5,2,0,0,1,1,2,0,1,1,2,0,0,2,0,0,1,0,0,2,0,0,0,0,0,1.263694562
grassAmbWet1_bin.30.orig,0,2,0,1,0,0,2,0,1,0,0,0,0,3,0,0,3,2,3,2,0,1,1,1,0,0,0,0,0,0,0,0,0,1,0,0,1,0,0,0,0,5,3,2,3,9,4,22,0,0,1,0,1,0,0,0,0,0,0,0,0,0,0,0,0,0,0,0,0,0,1,0,0,0,0,0,0,1,1,0,0,0,0,0,0,0,1,0,0,0,0,1,0,0,0,0,0,0,0,0,0,0,0,0,0,0,0,0,0,0,0,0,0,0,0,0,0,0,0,0,0,0,0,0,0,0,0,0,0,0,0,0,0,0,0,0,0,0,0,0,0,0,0,0,0,0,0,0,0,0,0,0,0,0,0,0,0,0,0,0,1,2,2,2,2,2,0,0,1,0,2,0,1,0,2,0,0,2,0,0,1,0,1,2,0,0,0,0,0,0.376178462
grassAmbWet1_bin.31.strict,0,0,0,0,0,0,0,0,0,0,0,0,0,0,0,0,0,0,0,0,0,0,0,0,0,0,0,0,0,0,0,0,0,0,0,0,0,0,1,0,0,3,1,1,3,4,1,11,0,0,0,0,0,0,0,0,0,0,0,0,0,0,0,0,0,0,0,0,0,0,1,0,0,0,0,0,0,0,0,0,0,0,0,0,0,0,0,0,0,0,0,0,0,0,0,0,0,0,0,0,0,0,0,0,0,0,0,0,0,0,0,0,0,0,0,0,0,0,0,0,0,0,0,0,0,0,0,0,0,0,0,0,0,0,0,0,0,0,0,0,0,0,0,0,0,0,0,0,0,0,0,0,0,0,0,0,0,0,0,0,0,0,2,0,2,0,0,0,0,1,0,0,1,0,0,0,0,0,0,0,0,0,0,1,0,0,0,0,0,2.610387489
grassAmbWet1_bin.32.strict,1,3,0,1,0,0,6,0,3,1,1,3,1,6,0,1,8,8,6,2,0,0,1,1,0,0,1,0,0,0,0,0,0,3,3,1,2,0,0,4,0,2,2,1,1,3,0,24,0,0,1,0,1,0,1,1,0,0,0,0,0,0,0,0,0,0,0,0,0,0,1,0,1,0,0,0,0,1,1,1,0,0,1,0,0,0,0,0,0,0,0,1,0,0,0,0,0,1,1,0,0,0,0,0,0,0,0,0,0,0,0,0,0,0,0,0,0,0,0,0,0,0,0,0,0,0,0,0,0,0,0,0,0,0,0,0,0,0,0,0,0,0,0,1,1,1,0,1,0,0,0,0,0,0,0,0,0,0,0,0,0,3,4,2,4,2,1,0,1,1,1,0,3,0,3,0,0,2,1,1,1,0,1,1,1,1,0,0,0,1.995466967
grassAmbWet1_bin.33.orig,1,3,0,2,0,0,0,0,4,0,0,2,0,5,1,1,7,9,7,3,0,0,1,1,0,0,1,1,0,0,1,0,0,3,4,1,0,1,2,4,0,3,2,1,2,5,0,26,0,0,0,0,1,0,0,0,0,0,0,0,0,0,0,0,0,0,0,0,0,0,1,0,1,0,0,0,0,1,1,0,1,0,1,0,0,0,1,0,0,0,0,0,1,0,0,0,0,0,0,0,0,0,0,0,0,0,0,0,0,0,0,0,0,0,0,0,0,0,0,0,0,0,0,0,0,0,0,0,0,0,0,0,0,0,0,0,0,0,0,0,0,0,0,0,0,0,0,0,0,0,0,0,0,0,0,0,0,0,0,0,1,4,1,2,1,2,1,0,1,0,1,0,3,2,4,0,0,2,1,1,1,0,2,2,1,1,0,0,0,2.605644154
grassAmbWet1_bin.34.orig,0,0,0,1,0,1,2,0,4,1,1,4,0,2,0,1,7,3,6,0,0,1,0,1,0,0,0,0,0,0,1,1,0,2,2,0,1,0,2,3,1,5,3,2,4,8,2,17,0,1,0,0,0,1,1,1,0,0,0,0,0,0,0,0,0,0,0,0,0,0,0,0,0,0,0,0,0,0,1,1,0,0,1,0,0,0,0,0,0,0,0,1,0,0,0,0,0,1,1,0,0,0,0,0,0,0,0,0,0,0,0,0,0,0,0,0,0,0,0,0,0,0,0,0,0,0,0,0,0,0,0,0,0,0,0,0,0,0,0,0,0,0,0,0,0,0,0,0,0,0,0,0,0,0,0,0,0,0,0,0,1,0,3,0,3,0,1,0,1,0,0,1,3,2,0,0,0,0,0,0,1,0,2,2,0,0,0,0,0,0.765290842
grassAmbWet1_bin.35.orig,1,3,0,2,0,1,9,0,2,0,0,2,2,6,1,1,33,12,11,4,0,2,1,1,1,1,1,1,0,2,1,1,0,4,4,0,1,2,3,3,0,2,2,1,1,4,0,31,1,0,1,0,1,0,0,1,0,0,0,0,0,0,0,0,0,0,0,1,0,1,1,0,0,0,0,0,0,0,1,1,1,0,1,0,0,0,1,0,0,0,0,1,1,0,0,0,1,1,1,0,0,0,0,0,0,0,0,0,0,0,0,0,0,0,0,0,0,0,0,0,0,0,0,0,0,0,0,0,0,0,0,0,0,0,0,0,0,0,0,0,0,0,0,1,1,1,0,1,0,0,0,0,0,0,0,0,0,0,0,0,2,4,4,2,4,2,0,0,1,1,2,0,4,2,4,1,0,2,1,1,1,1,1,4,1,1,0,0,1,0.725277191
grassAmbWet1_bin.36.orig,0,3,0,1,0,0,2,0,1,0,0,2,0,4,1,0,5,6,6,1,0,1,1,1,0,0,1,0,0,0,1,0,0,2,0,0,0,0,1,3,0,5,4,2,3,8,4,27,1,0,0,0,1,0,1,0,0,1,0,0,0,0,0,0,0,0,0,1,0,0,1,0,1,0,0,0,0,1,1,1,1,1,1,0,0,0,1,0,0,0,0,1,0,0,0,0,0,0,1,0,0,0,0,0,0,0,0,0,0,0,0,0,0,0,0,0,0,0,0,0,0,0,0,0,0,0,0,0,0,0,0,0,0,0,0,0,0,0,0,0,0,0,0,1,1,1,0,1,0,0,0,0,0,0,0,0,0,0,0,0,1,3,2,1,2,1,1,0,1,0,1,0,1,2,3,0,0,1,1,1,1,0,0,2,1,1,0,0,1,2.681790305
grassAmbWet1_bin.37.orig,0,0,2,1,1,0,1,1,7,1,1,4,0,4,4,0,10,7,6,0,0,0,1,1,0,1,0,0,0,1,1,1,0,1,3,0,2,0,1,4,0,5,3,1,2,9,2,21,0,1,1,0,1,1,1,1,0,0,0,0,0,0,0,0,0,0,0,0,0,0,1,1,0,0,0,0,0,1,1,1,0,0,0,0,1,0,1,0,0,0,0,1,1,0,0,0,1,1,0,0,0,0,0,0,0,0,0,0,0,0,0,0,0,0,0,0,0,0,0,0,0,0,0,0,1,0,0,0,0,0,0,0,0,0,0,0,0,0,0,0,0,0,0,0,0,0,0,0,0,0,0,0,0,0,0,0,0,0,0,0,1,1,3,1,3,1,1,0,1,1,1,1,2,1,1,0,0,1,0,0,1,0,2,2,0,0,0,0,1,1.057106893
grassAmbWet1_bin.38.orig,1,3,0,0,0,0,2,0,1,0,0,1,0,4,0,0,2,7,3,0,0,0,1,1,0,0,1,0,0,0,0,0,0,2,2,0,0,0,0,2,0,2,2,1,1,3,2,20,0,0,0,0,0,0,0,0,0,0,0,0,0,0,0,0,0,0,0,0,0,0,1,0,1,0,0,0,0,1,1,0,1,0,1,0,0,0,0,0,0,0,0,0,1,0,0,0,0,1,1,0,0,0,0,0,0,0,0,0,0,0,0,0,0,0,0,0,0,0,0,0,0,0,0,0,0,0,0,0,0,0,0,0,0,0,0,0,0,0,0,0,0,0,0,1,1,0,0,0,0,0,0,0,0,0,0,0,0,0,0,0,1,2,2,0,2,0,1,0,1,0,1,0,2,0,2,0,0,0,0,0,0,0,0,2,0,0,0,0,1,7.15377433
grassAmbWet1_bin.39.orig,1,0,1,0,0,0,1,0,1,1,1,4,0,2,1,0,6,7,7,0,0,1,0,1,0,0,0,0,0,0,0,1,0,1,0,0,1,0,1,1,1,2,2,1,1,5,3,19,0,0,0,0,1,0,1,0,0,0,0,0,0,0,0,0,0,0,0,1,0,0,1,0,0,0,0,0,0,0,1,1,0,0,1,0,0,0,0,0,0,0,0,1,0,0,0,0,1,1,1,0,0,0,0,0,0,0,0,0,0,0,0,0,0,0,0,0,0,0,0,0,0,0,0,0,0,0,0,0,0,0,0,0,0,0,0,0,0,0,0,0,0,0,0,0,0,0,0,0,0,0,0,0,0,0,0,0,0,0,0,0,0,2,1,1,1,1,1,0,1,1,0,1,1,2,2,0,0,1,0,0,1,0,1,1,0,0,0,0,1,2.36837668
grassAmbWet1_bin.4.orig,0,2,0,0,0,0,2,0,0,0,0,0,0,1,1,0,6,5,3,2,0,0,0,1,0,0,0,0,0,0,0,0,0,1,0,0,1,0,0,0,0,4,4,2,4,10,5,20,0,0,1,0,0,0,0,0,1,0,0,0,0,0,0,0,0,0,0,0,0,0,0,0,0,0,0,0,0,1,1,1,0,1,0,0,1,0,0,0,0,0,0,0,0,0,0,0,0,0,0,0,0,0,0,0,0,0,0,0,0,0,0,0,0,0,0,0,0,0,0,0,0,0,0,0,0,0,0,0,0,0,0,0,0,0,0,0,0,0,0,0,0,0,0,0,0,0,0,0,0,0,0,0,0,0,0,0,0,0,0,0,0,2,0,1,0,1,0,0,1,1,0,0,1,2,2,0,0,1,0,0,1,0,0,1,0,0,0,0,0,0.301346634
grassAmbWet1_bin.41.strict,0,0,0,1,0,0,2,0,2,1,1,4,1,2,1,1,10,5,3,0,0,0,0,1,0,0,0,0,0,1,1,1,0,2,2,0,1,1,2,3,1,3,3,1,1,5,1,19,0,0,1,0,0,0,1,0,0,0,0,0,0,0,0,0,0,0,0,0,0,0,1,1,0,0,0,0,0,1,1,1,0,0,0,0,0,0,1,0,0,0,0,1,1,0,0,0,0,1,1,0,0,0,0,0,0,0,0,0,0,0,0,0,0,0,0,0,0,0,0,0,0,0,0,0,0,0,0,0,0,0,0,0,0,0,0,0,0,0,0,0,0,0,0,0,0,0,0,0,0,0,0,0,0,0,0,0,0,0,0,0,1,0,4,1,4,1,1,0,1,0,0,1,1,3,0,0,0,1,0,0,0,0,1,1,0,0,0,0,1,2.189450448
grassAmbWet1_bin.42.strict,0,0,0,1,0,0,3,0,2,0,0,2,1,2,1,1,3,7,3,0,2,1,0,1,0,0,0,0,0,0,0,1,0,1,0,0,0,1,0,3,1,3,2,1,1,6,1,11,0,0,1,0,0,0,1,0,0,0,0,0,0,0,0,0,0,0,0,1,0,0,1,0,0,0,0,0,0,0,1,1,0,0,0,0,0,1,0,0,0,0,0,0,0,0,0,0,0,0,0,0,0,0,0,0,0,0,0,0,0,0,0,0,0,0,0,0,0,0,0,0,0,0,0,0,0,0,0,0,0,0,0,0,0,0,0,0,0,0,0,0,0,0,0,0,0,0,0,0,0,0,0,0,0,0,0,0,0,0,0,0,0,1,3,0,3,0,1,0,1,0,0,1,1,2,1,0,0,0,0,1,0,0,0,0,1,1,0,0,1,0.571808171
grassAmbWet1_bin.43.orig,0,2,0,1,0,0,2,0,1,0,0,0,0,0,0,0,5,2,2,1,0,1,0,1,0,0,0,0,0,0,0,0,1,1,0,0,1,0,0,0,0,4,4,1,2,8,6,25,0,0,1,0,0,0,0,0,0,0,0,0,0,0,0,0,0,0,0,1,0,0,0,0,0,0,0,0,0,1,1,0,1,0,0,0,0,0,1,0,0,0,0,1,1,0,0,0,0,0,1,0,0,0,0,0,0,0,0,0,0,0,0,0,0,0,0,0,0,0,0,0,0,0,0,0,0,0,0,0,0,0,0,0,0,0,0,0,0,0,0,0,0,0,0,1,1,1,0,1,0,0,0,0,0,0,0,0,0,0,0,0,2,1,1,2,1,2,0,0,1,1,1,0,1,0,1,0,0,2,0,0,1,1,1,3,0,0,0,0,1,1.776642145
grassAmbWet1_bin.44.orig,1,3,0,0,0,0,8,0,1,1,1,2,1,4,0,1,6,6,11,0,0,1,0,0,1,1,1,0,0,0,0,0,0,1,2,0,1,1,0,3,0,2,2,1,3,4,1,16,0,0,0,0,0,0,0,0,0,0,0,0,0,0,0,0,0,0,0,0,0,0,0,0,1,0,0,0,0,1,1,1,0,0,1,0,0,0,0,0,0,0,0,1,0,0,0,0,0,1,0,0,0,0,0,0,0,0,0,0,0,0,0,0,0,0,0,0,0,0,0,0,1,0,0,0,0,0,0,0,0,0,0,0,0,0,0,0,0,0,0,0,0,0,0,0,0,0,0,0,0,0,0,0,0,0,0,0,0,0,0,0,1,3,2,2,2,2,0,1,1,0,1,0,2,2,3,0,0,2,1,1,1,1,0,2,1,1,0,0,0,1.539260013
grassAmbWet1_bin.45.orig,0,2,0,1,0,0,3,0,1,0,0,0,0,4,0,0,6,2,5,2,0,0,1,1,0,0,0,0,0,0,0,0,1,1,1,0,1,0,0,0,0,4,3,1,3,11,5,29,0,1,0,0,0,1,0,0,1,0,0,0,0,0,0,0,0,0,0,0,0,0,1,0,0,0,0,0,0,1,1,0,1,0,1,0,0,0,1,0,0,0,0,1,1,0,0,0,0,0,1,0,0,0,0,0,0,0,0,0,0,0,0,0,0,0,0,0,0,0,0,0,0,0,0,0,0,0,0,0,0,0,0,0,0,0,0,0,0,0,0,0,0,0,0,0,0,0,0,0,0,0,0,0,0,0,0,0,0,0,0,0,1,3,4,2,4,2,0,0,1,1,1,0,2,1,3,0,0,2,0,0,1,0,1,2,0,0,0,0,1,2.285970379
grassAmbWet1_bin.46.orig,0,0,1,1,0,0,2,0,2,0,0,3,0,4,0,1,10,4,7,0,0,0,1,1,0,0,0,0,0,0,1,0,0,2,2,0,1,0,1,2,1,4,2,2,3,7,3,18,0,0,1,0,0,1,1,0,0,0,1,0,0,0,0,0,0,0,0,1,0,0,0,0,0,0,0,0,0,1,0,1,0,0,0,0,0,0,0,0,0,0,0,1,1,0,0,0,0,0,0,0,0,0,0,0,0,0,0,0,0,0,0,0,0,0,0,0,0,0,0,0,0,0,0,0,0,0,0,0,0,0,0,0,0,0,0,0,0,0,0,0,0,0,0,0,0,0,0,0,0,0,0,0,0,0,0,0,0,0,0,0,0,1,2,0,2,0,1,0,1,0,0,0,2,1,1,0,0,0,0,0,1,0,1,1,0,0,0,0,1,1.011155857
grassAmbWet1_bin.47.orig,0,3,0,1,0,0,3,0,0,0,0,1,0,1,1,0,6,3,3,3,0,0,0,1,0,0,0,0,0,0,1,0,0,1,1,0,0,0,0,3,0,2,3,0,0,5,3,22,0,0,0,0,0,0,0,0,0,0,0,0,0,0,0,0,0,0,0,0,0,0,1,0,1,0,0,0,0,1,1,1,1,0,1,0,0,0,0,0,0,0,0,1,1,0,0,1,1,0,0,0,0,0,0,0,0,0,0,0,0,0,0,0,0,0,0,0,0,0,0,0,0,0,0,0,0,0,0,0,0,0,0,0,0,0,0,0,0,0,0,0,0,0,0,1,1,1,0,1,0,0,0,0,0,0,0,0,0,0,0,0,1,2,2,2,2,2,0,1,1,0,2,0,2,1,2,0,0,2,1,0,1,0,1,3,0,0,0,0,1,5.160503162
grassAmbWet1_bin.48.orig,0,3,0,1,0,0,9,0,1,0,0,4,1,5,0,0,11,12,8,4,0,1,1,1,1,1,0,0,0,1,1,0,0,2,4,0,1,2,3,4,0,6,3,1,4,11,5,36,0,0,1,0,0,1,0,0,0,0,0,0,0,0,0,0,0,0,0,1,0,1,1,0,1,0,0,0,0,0,1,1,1,0,1,0,0,0,1,0,0,0,0,0,0,0,0,0,0,1,0,0,0,0,0,0,0,0,0,0,0,0,0,0,0,0,0,0,0,0,0,0,0,0,0,0,0,0,0,0,0,0,0,0,0,0,0,0,0,0,0,0,0,0,0,0,0,0,0,0,0,0,0,0,0,0,0,0,0,0,0,0,1,3,4,1,4,1,1,0,1,1,2,1,5,0,3,0,0,1,1,1,1,1,0,2,1,1,0,0,0,1.030213068
grassAmbWet1_bin.49.orig,0,2,0,1,0,0,3,0,1,0,0,0,0,3,0,0,3,3,4,2,0,0,1,1,0,0,0,0,0,0,1,0,1,2,0,0,1,0,0,0,0,6,3,1,4,11,5,25,0,0,1,0,0,0,0,0,0,0,0,0,0,0,0,0,0,0,0,0,0,0,1,0,0,0,0,0,0,1,1,0,0,0,1,0,0,0,0,0,0,0,0,1,0,0,0,0,0,0,0,0,0,0,0,0,0,0,0,0,0,0,0,0,0,0,0,0,0,0,0,0,0,0,0,0,0,0,0,0,0,0,0,0,0,0,0,0,0,0,0,0,0,0,0,0,0,0,0,0,0,0,0,0,0,0,0,0,0,0,0,0,1,3,2,2,2,2,0,0,1,1,1,0,1,0,3,0,0,2,0,0,1,0,0,1,0,0,0,0,0,5.163154598
grassAmbWet1_bin.5.orig,0,0,0,1,0,0,6,0,2,0,0,1,1,5,1,1,5,8,10,2,0,1,1,1,1,1,0,1,0,1,1,0,0,3,0,0,0,2,0,2,0,2,1,1,2,4,0,18,0,0,0,0,0,0,0,1,0,0,0,0,0,0,0,0,0,0,0,0,0,1,1,0,1,1,0,0,0,0,1,1,1,0,1,0,0,0,1,0,0,0,0,1,0,0,0,0,0,0,0,0,0,0,0,0,0,0,0,0,0,0,0,0,0,0,0,0,0,0,0,0,0,0,0,0,0,0,0,0,0,0,0,0,0,0,0,1,1,0,0,0,0,0,1,1,1,0,0,0,0,0,0,0,0,0,0,0,0,0,0,0,1,2,2,0,2,0,1,0,1,0,1,0,1,1,2,0,0,0,0,0,1,0,1,2,0,0,0,0,0,3.715469794
grassAmbWet1_bin.50.orig,1,0,1,1,0,0,1,1,3,1,1,5,0,1,0,1,7,6,6,0,2,1,0,1,0,0,0,0,0,1,1,1,0,1,1,0,0,0,1,4,0,4,3,1,2,9,3,18,0,0,1,0,1,0,0,1,0,1,0,0,0,0,0,0,0,0,0,1,0,0,0,0,0,0,0,1,0,1,1,1,0,0,0,0,0,0,1,0,0,0,0,0,0,0,0,0,0,0,0,0,0,0,0,0,0,0,0,0,0,0,0,0,0,0,0,0,0,0,0,0,0,0,0,0,1,0,0,0,0,0,0,0,0,0,0,0,0,0,0,0,0,0,0,0,0,0,0,0,0,0,0,0,0,0,0,0,0,0,0,0,0,0,1,1,1,1,0,0,1,1,0,0,2,2,0,0,0,1,0,0,0,0,2,0,0,0,0,0,1,1.59878502
grassAmbWet1_bin.51.orig,0,3,1,1,0,0,6,0,2,0,0,2,1,1,0,0,3,4,6,3,0,1,0,0,0,0,0,0,0,0,1,0,0,2,0,0,1,0,2,2,0,5,4,1,3,9,4,21,0,0,0,0,0,0,1,0,0,0,0,0,0,0,0,0,0,0,0,1,0,0,1,0,1,0,0,0,0,1,1,0,0,1,1,0,0,0,1,0,0,0,0,0,0,0,0,0,1,1,0,0,0,0,0,0,0,0,0,0,0,0,0,0,0,0,0,0,0,0,0,0,0,0,0,0,0,0,0,0,0,0,0,0,0,0,0,0,0,0,0,0,0,0,0,0,0,0,0,0,0,0,0,0,0,0,0,0,0,0,0,0,1,1,3,1,3,1,1,0,0,1,1,0,0,2,1,0,0,1,1,1,1,0,1,2,1,1,0,0,1,2.26003076
grassAmbWet1_bin.52.orig,0,0,0,0,0,1,3,0,3,0,0,3,0,4,1,0,6,7,4,0,1,0,1,1,0,0,0,0,0,1,1,0,0,1,3,0,1,0,1,3,0,3,3,1,2,6,3,18,0,0,1,0,1,1,1,1,0,0,0,0,0,0,0,0,0,0,0,1,0,0,1,1,0,0,0,0,0,1,1,1,0,0,1,0,0,0,0,0,0,0,0,1,1,0,0,0,1,0,0,0,0,0,0,0,0,0,0,0,0,0,0,0,0,0,0,0,0,0,0,0,0,0,0,0,1,0,0,0,0,0,0,0,0,0,0,0,0,0,0,0,0,0,0,0,0,0,0,0,0,0,0,0,0,0,0,0,0,0,0,0,1,0,3,1,3,1,1,0,1,1,1,0,2,2,0,0,0,1,0,0,1,0,0,2,0,0,0,0,1,1.089855375
grassAmbWet1_bin.53.orig,0,0,0,0,0,0,3,0,0,0,0,0,0,3,0,0,2,4,4,1,0,1,1,1,0,0,0,0,0,0,1,0,0,0,0,0,1,0,1,0,0,4,4,2,4,7,4,21,0,0,1,0,0,0,0,1,0,0,0,0,0,0,0,0,0,0,0,0,0,0,1,0,0,0,0,0,0,0,1,1,0,0,0,0,0,0,1,0,0,0,0,0,1,0,0,0,0,0,0,0,0,0,0,0,0,0,0,0,0,0,0,0,0,0,0,0,0,0,0,0,0,0,0,0,0,0,0,0,0,0,0,0,0,0,0,0,0,0,0,0,0,0,0,0,0,0,0,0,0,0,0,0,0,0,0,0,0,0,0,0,0,2,2,1,2,1,0,0,1,1,1,0,0,1,2,0,0,1,0,0,1,0,0,1,0,0,0,0,0,0.156221793
grassAmbWet1_bin.54.orig,1,2,0,1,0,0,3,0,1,0,0,1,0,2,0,0,6,7,3,2,0,0,0,1,0,0,0,0,0,0,2,0,0,2,3,0,1,0,2,1,0,1,4,0,0,3,3,12,0,0,1,0,1,0,0,0,0,0,0,0,0,0,0,0,0,0,0,0,0,0,1,0,1,0,0,0,0,0,1,1,0,1,1,0,0,0,0,0,0,0,0,0,0,0,0,0,0,1,1,0,0,0,0,0,0,0,0,0,0,0,0,0,0,0,0,0,0,0,0,0,0,0,0,0,0,0,0,0,0,0,0,0,0,0,0,0,0,0,0,0,0,0,0,0,0,0,0,0,0,0,0,0,0,0,0,0,0,0,0,0,1,1,1,1,1,1,0,0,1,1,1,1,2,2,1,1,0,1,1,0,1,0,1,2,0,0,0,0,1,0.719856263
grassAmbWet1_bin.55.strict,0,0,0,1,0,0,2,0,1,0,0,0,0,3,0,0,2,2,4,1,0,0,1,1,0,0,0,0,0,0,1,1,0,0,0,0,1,0,0,0,0,4,2,2,3,9,2,22,0,0,1,0,0,0,1,1,0,0,0,0,0,0,0,0,0,0,0,0,0,0,1,0,0,0,0,0,0,0,1,1,0,0,0,0,0,0,0,0,0,0,0,0,0,0,0,0,0,0,0,0,0,0,0,0,0,0,0,0,0,0,0,0,0,0,0,0,0,0,0,0,0,0,0,0,0,0,0,0,0,0,0,0,0,0,0,0,0,0,0,0,0,0,0,0,0,0,0,0,0,0,0,0,0,0,0,0,0,0,0,0,2,3,1,2,1,2,0,0,1,1,0,0,1,0,3,0,0,2,0,0,1,0,0,2,0,0,0,0,0,5.856760185
grassAmbWet1_bin.6.permissive,0,0,0,0,0,0,3,0,0,0,0,0,0,2,0,0,4,2,5,1,0,0,1,1,0,0,0,0,0,0,0,0,1,1,0,0,0,0,0,0,0,2,3,2,2,7,3,18,0,0,0,0,0,1,1,0,0,0,0,0,0,0,0,0,0,0,0,0,0,0,1,0,0,0,0,0,0,1,1,0,0,0,0,0,0,0,1,0,0,0,0,0,0,0,0,0,0,0,0,0,0,0,0,0,0,0,0,0,0,0,0,0,0,0,0,0,0,0,0,0,0,0,0,0,0,0,0,0,0,0,0,0,0,0,0,0,0,0,0,0,0,0,0,0,0,0,0,0,0,0,0,0,0,0,0,0,0,0,0,0,1,2,5,2,5,2,0,0,1,0,2,0,1,1,2,0,0,2,0,0,1,0,0,2,0,0,0,0,0,2.201012302
grassAmbWet1_bin.7.strict,0,2,0,2,0,1,3,0,1,0,0,0,0,4,1,0,7,4,3,2,0,1,1,1,0,0,0,0,0,0,0,0,1,0,0,0,1,0,0,1,0,4,3,2,4,9,5,22,0,0,0,0,0,0,0,1,0,0,0,0,0,0,0,0,0,0,0,0,0,0,1,1,1,0,0,0,0,1,0,0,0,1,1,0,0,0,1,0,0,0,0,1,1,0,0,0,0,0,0,0,0,0,0,0,0,0,0,0,0,0,0,0,0,0,0,0,0,0,0,0,0,0,0,0,0,0,0,1,0,0,0,0,0,0,0,0,0,0,0,0,0,0,0,0,0,0,0,0,0,0,0,0,0,0,0,0,0,0,0,0,1,3,2,2,2,2,0,0,1,1,1,0,0,1,3,0,0,2,0,0,1,0,1,2,0,0,0,0,0,1.872982855
grassAmbWet1_bin.8.orig,1,2,0,0,0,0,2,0,1,1,1,2,1,6,2,1,10,8,8,2,0,0,1,1,1,1,0,0,0,2,0,1,0,3,2,0,0,2,0,4,0,2,2,1,1,4,0,23,1,0,1,0,0,0,0,1,0,0,0,0,0,0,0,0,0,0,0,0,0,0,1,0,1,0,0,0,0,1,1,1,0,0,1,0,0,0,0,0,0,0,0,0,0,0,0,0,0,1,0,0,0,0,0,0,0,0,0,0,0,0,0,0,0,0,0,0,0,0,0,0,0,0,0,0,0,0,0,0,0,0,0,0,0,0,0,0,0,0,0,0,0,0,0,1,1,0,0,0,0,0,0,0,0,0,0,0,0,0,0,0,1,3,3,1,3,1,1,1,0,0,0,0,2,1,3,0,0,1,0,1,1,1,2,2,1,1,0,0,0,4.057376596
grassAmbWet1_bin.9.orig,0,0,1,1,0,1,3,1,4,1,1,5,0,6,2,1,10,5,5,0,1,1,0,1,0,0,0,0,0,1,1,1,0,2,1,0,0,0,2,4,0,4,3,1,1,10,3,22,0,0,1,0,1,0,1,1,0,0,1,0,0,0,0,0,0,0,0,1,0,0,1,0,0,0,0,0,0,0,0,1,0,0,0,0,1,0,1,0,0,0,0,1,0,0,0,0,1,1,0,0,0,0,0,0,0,0,0,0,0,0,0,0,0,0,0,0,0,0,0,0,0,0,0,0,1,0,0,0,0,0,0,0,0,0,0,0,0,0,0,0,0,0,0,0,0,0,0,0,0,0,0,0,0,0,0,0,0,0,0,0,1,0,3,1,3,1,1,0,1,1,1,1,2,3,0,0,0,1,0,0,1,0,0,2,0,0,0,0,1,2.487218924
grassAmbWet2_bin.1.orig,0,0,0,0,0,0,2,0,1,1,1,2,0,1,0,0,3,4,5,0,0,1,0,1,0,0,0,0,0,0,0,1,0,1,0,0,0,0,0,3,1,3,2,1,1,5,1,13,0,0,0,0,0,1,0,1,0,0,0,0,0,0,0,0,0,0,0,1,0,0,1,0,0,0,0,0,0,0,0,1,0,0,0,0,0,0,0,0,0,0,0,1,0,0,0,0,0,1,0,0,0,0,0,0,0,0,0,0,0,0,0,0,0,0,0,0,0,0,0,0,0,0,0,0,0,0,0,0,0,0,0,0,0,0,0,0,0,0,0,0,0,0,0,0,0,0,0,0,0,0,0,0,0,0,0,0,0,0,0,0,1,0,3,1,3,1,1,0,1,0,0,1,0,1,0,0,0,1,0,0,1,0,1,2,0,0,0,0,1,3.622895064
grassAmbWet2_bin.10.orig,0,2,0,1,0,0,1,0,0,0,0,0,0,1,0,0,5,3,7,2,0,0,0,1,1,1,0,1,0,0,0,0,0,1,0,0,0,0,1,2,0,5,2,1,4,8,4,17,0,0,0,0,1,0,1,1,0,0,0,0,0,0,0,0,0,0,0,0,0,0,1,0,0,0,0,1,0,1,1,1,0,0,0,0,0,0,1,0,0,0,0,0,1,0,0,0,0,0,0,0,0,0,0,0,0,0,0,0,0,0,0,0,0,0,0,0,0,0,0,0,0,0,0,0,0,0,0,0,0,0,0,0,0,0,0,0,0,0,0,0,0,0,0,0,0,0,0,0,0,0,0,0,0,0,0,0,0,0,0,0,0,3,5,2,5,2,0,0,1,1,2,0,1,1,3,0,0,2,0,0,1,1,2,1,0,0,0,0,0,1.373496854
grassAmbWet2_bin.11.orig,0,2,0,2,0,0,3,0,1,0,0,0,0,4,1,0,4,2,3,2,0,0,1,0,0,0,0,0,0,0,0,0,1,1,0,0,1,0,1,0,0,3,4,2,4,10,4,18,0,0,1,0,1,0,1,1,0,0,0,0,0,0,0,0,0,0,0,0,0,0,1,0,0,0,0,0,0,0,1,0,0,1,0,0,0,0,1,0,0,0,0,1,1,0,0,0,0,0,0,0,0,0,0,0,0,0,0,0,0,0,0,0,0,0,0,0,0,0,0,0,0,0,0,0,0,0,0,0,0,0,0,0,0,0,0,0,0,0,0,0,0,0,0,0,0,0,0,0,0,0,0,0,0,0,0,0,0,0,0,0,1,3,3,1,3,1,0,0,1,1,2,0,1,0,3,0,0,1,0,0,1,0,1,2,0,0,0,0,0,0.553951247
grassAmbWet2_bin.12.orig,0,3,0,0,0,0,7,0,1,0,0,1,1,6,1,1,8,7,11,1,0,1,1,1,1,1,1,0,0,1,2,0,0,3,0,0,0,1,0,2,0,2,1,1,2,5,0,15,1,0,0,0,1,0,0,1,0,0,0,0,0,0,0,0,0,0,0,0,0,1,1,0,1,0,0,0,0,1,0,1,1,0,1,0,0,0,0,0,0,0,0,1,0,0,0,0,0,0,0,0,0,0,0,0,0,0,0,0,0,0,0,0,0,1,0,0,0,0,0,0,0,0,0,0,0,0,0,0,0,1,0,0,0,0,0,1,1,0,0,0,0,0,1,1,1,0,0,0,0,0,0,0,0,0,0,0,0,0,0,0,1,4,4,1,4,1,1,0,1,0,0,0,0,0,4,0,0,1,0,0,1,1,1,2,0,0,0,0,0,5.242754862
grassAmbWet2_bin.13.orig,1,3,0,0,0,0,1,0,0,0,0,2,0,2,0,1,6,3,7,2,0,0,0,1,0,0,1,0,0,0,0,0,0,2,0,0,0,0,1,2,0,3,3,1,1,4,0,16,1,0,1,0,0,0,0,0,0,0,0,0,0,0,0,0,0,0,0,1,0,0,0,0,1,0,0,0,0,0,0,1,0,0,1,0,0,0,0,0,0,0,0,1,1,1,0,0,1,1,0,0,0,0,0,0,0,0,0,0,0,0,0,0,0,0,0,0,0,0,0,0,0,0,0,0,0,0,0,0,0,0,0,0,0,0,0,0,0,0,0,0,0,0,0,1,1,0,0,0,0,0,0,0,0,0,0,0,0,0,0,0,1,2,2,1,2,1,0,0,0,0,1,0,0,1,2,0,0,1,1,1,1,0,1,2,1,1,0,1,0,2.352793193
grassAmbWet2_bin.14.orig,0,0,0,0,0,0,1,0,0,0,0,0,0,1,0,0,1,3,2,0,0,0,0,1,0,0,0,0,0,0,0,1,0,0,0,0,1,0,0,0,0,6,3,2,3,8,3,13,0,0,0,0,0,0,1,0,0,0,0,0,0,0,0,0,0,0,0,0,0,0,1,0,0,0,0,0,0,0,1,1,1,1,1,0,0,0,0,0,0,0,0,1,0,0,0,0,0,0,0,0,0,0,0,0,0,0,0,0,0,0,0,0,0,0,0,0,0,0,0,0,0,0,0,0,0,0,0,0,0,0,0,0,0,0,0,0,0,0,0,0,0,0,0,0,0,0,0,0,0,0,0,0,0,0,0,0,0,0,0,0,2,0,4,1,4,1,0,0,0,0,0,0,0,1,0,0,0,1,1,0,0,1,1,2,0,0,0,0,0,181.2982217
grassAmbWet2_bin.15.strict,0,2,0,0,0,0,3,0,0,0,0,0,0,2,0,0,2,1,4,2,0,0,1,1,0,0,0,0,0,0,0,0,0,1,0,0,1,0,1,0,0,3,3,0,1,5,2,26,0,0,0,0,0,0,0,1,1,0,0,0,0,0,0,0,0,0,0,1,0,0,1,0,1,0,0,0,0,1,1,0,0,1,0,0,0,0,0,0,0,0,0,0,1,0,0,0,0,0,1,0,0,0,0,0,0,0,0,0,0,0,0,0,0,0,0,0,0,0,0,0,0,0,0,0,0,0,0,1,0,0,0,0,0,0,0,0,0,0,0,0,0,0,0,0,0,0,0,0,0,0,0,0,0,0,0,0,0,0,0,0,1,3,5,2,5,2,0,0,1,1,2,0,1,0,3,0,0,2,1,0,1,0,1,2,0,0,0,0,0,1.023785693
grassAmbWet2_bin.16.strict,0,2,0,1,0,0,2,0,0,0,0,0,0,1,0,0,4,2,3,2,0,1,0,1,0,0,0,0,0,0,0,0,0,1,1,0,1,0,0,1,0,5,5,1,3,12,4,23,0,0,1,0,0,1,0,0,1,0,0,0,0,0,0,0,0,0,0,1,0,0,1,0,0,0,0,0,0,0,0,0,0,0,1,0,0,0,1,0,0,0,0,1,0,0,0,0,0,0,0,0,0,0,0,0,0,0,0,0,0,0,0,0,0,0,0,0,0,0,0,0,0,0,0,0,0,0,0,0,0,0,0,0,0,0,0,0,0,0,0,0,0,0,0,1,1,1,0,1,0,0,0,0,0,0,0,0,0,0,0,0,0,3,2,1,2,1,0,0,1,0,0,0,2,1,3,0,0,1,0,0,1,0,0,0,0,0,0,0,0,4.155053897
grassAmbWet2_bin.17.orig,0,2,0,2,0,0,3,0,0,0,0,0,0,3,0,0,5,3,4,2,0,0,1,1,0,0,0,0,0,0,0,0,1,1,1,0,1,0,0,0,0,5,4,2,4,9,7,26,0,1,1,0,0,0,0,1,0,0,0,0,0,0,0,0,0,0,0,0,0,0,1,0,0,0,0,1,0,1,1,0,0,1,0,0,0,0,1,0,0,0,0,1,1,0,0,0,0,0,0,0,0,0,0,0,0,0,0,0,0,0,0,0,0,0,0,0,0,0,0,0,0,0,0,0,0,0,0,0,0,0,0,0,0,0,0,0,0,0,0,0,0,0,0,0,0,0,0,0,0,0,0,0,0,0,0,0,0,0,0,0,0,3,3,2,3,2,0,0,1,1,2,0,2,1,3,0,0,2,1,0,1,0,0,1,0,0,0,0,0,2.337515295
grassAmbWet2_bin.18.orig,0,3,0,1,0,0,6,0,2,0,0,2,1,3,1,0,4,3,7,1,0,2,1,0,0,0,1,0,0,0,1,0,0,2,0,0,1,0,1,2,0,5,4,2,3,8,5,25,1,0,0,0,1,0,1,0,0,1,0,0,0,0,0,0,0,0,0,0,0,0,1,0,1,0,0,0,0,1,1,1,1,1,1,0,0,0,0,0,0,0,0,1,0,0,0,0,0,0,1,0,0,0,0,0,0,0,0,0,0,0,0,0,0,0,0,0,0,0,0,0,0,0,0,0,0,0,0,0,0,0,0,0,0,0,0,0,0,0,0,0,0,0,0,1,1,1,0,1,0,0,0,0,0,0,0,0,0,0,0,0,1,4,3,2,3,2,1,0,1,1,2,0,1,2,4,0,0,2,1,1,1,0,0,2,1,1,0,0,1,3.254599235
grassAmbWet2_bin.20.orig,0,3,0,0,0,0,2,0,0,0,0,2,0,4,1,0,4,5,4,3,0,0,1,1,0,0,0,0,0,0,0,0,0,2,1,0,0,0,1,1,0,5,4,2,1,9,4,27,0,0,1,0,1,0,1,1,0,0,0,0,0,0,0,0,0,0,0,1,0,1,1,0,1,0,0,0,0,0,1,1,0,0,1,0,0,0,0,0,0,0,0,1,1,0,0,0,0,0,1,0,0,0,0,0,0,0,0,0,0,0,0,0,0,0,0,0,0,0,0,0,0,0,0,0,0,0,0,0,0,0,0,0,0,0,0,0,0,0,0,0,0,0,0,1,1,0,0,0,0,0,0,1,0,0,0,0,0,0,0,0,1,2,5,2,5,2,1,0,1,1,1,0,2,1,2,0,0,2,1,1,1,1,1,2,1,1,0,0,1,2.861984168
grassAmbWet2_bin.21.orig,0,0,1,1,0,0,3,0,2,1,1,4,0,2,0,0,7,7,4,0,0,0,0,1,0,0,0,0,0,1,1,1,0,1,3,0,1,0,1,2,1,4,4,2,4,8,3,17,0,0,0,0,0,1,1,1,0,0,0,0,0,0,0,0,0,0,0,1,0,0,1,1,0,0,0,0,0,0,1,1,0,0,0,0,0,0,1,0,0,0,0,1,0,0,0,0,0,1,0,0,0,0,0,0,0,0,0,0,0,0,0,0,0,0,0,0,0,0,0,0,0,0,0,0,0,0,0,0,0,0,0,0,0,0,0,0,0,0,0,0,0,0,0,0,0,0,0,0,0,0,0,0,0,0,0,0,0,0,0,0,1,0,0,1,0,1,1,0,1,0,0,0,3,0,0,0,0,1,0,0,1,0,0,2,0,0,0,0,1,0.519776653
grassAmbWet2_bin.22.orig,0,2,0,0,0,0,3,0,0,0,0,0,0,3,1,0,6,3,5,2,0,0,0,1,0,0,0,0,0,0,0,0,0,0,0,0,0,0,1,0,0,5,2,2,4,8,5,17,0,0,0,0,0,0,1,0,0,0,0,0,0,0,0,0,0,0,0,0,0,0,1,0,0,0,0,0,0,0,1,1,0,0,0,0,0,0,0,0,0,0,0,0,1,0,0,0,0,0,0,0,0,0,0,0,0,0,0,0,0,0,0,0,0,0,0,0,0,0,0,0,0,0,0,0,0,0,0,1,0,0,0,0,0,0,0,0,0,0,0,0,0,0,0,0,0,0,0,0,0,0,0,0,0,0,0,0,0,0,0,0,1,2,0,0,0,0,0,0,1,0,2,0,1,0,2,0,0,0,0,0,0,0,0,2,0,0,0,0,0,2.490957786
grassAmbWet2_bin.23.strict,0,2,0,0,0,0,1,0,1,0,0,0,0,1,0,0,3,2,3,2,0,0,0,1,0,0,0,0,0,0,0,0,0,0,0,0,1,0,0,0,0,2,2,1,2,6,4,18,0,0,0,0,0,0,1,0,0,0,0,0,0,0,0,0,0,0,0,0,0,0,1,0,0,0,0,0,0,0,1,0,0,0,0,0,0,0,0,0,0,0,0,0,1,0,0,0,0,0,0,0,0,0,0,0,0,0,0,0,0,0,0,0,0,0,0,0,0,0,0,0,0,0,0,0,0,0,0,0,0,0,0,0,0,0,0,0,0,0,0,0,0,0,0,0,0,0,0,0,0,0,0,0,0,0,0,0,0,0,0,0,2,2,3,1,3,1,0,0,1,1,2,0,1,0,2,0,0,1,0,0,1,0,0,3,0,0,0,0,0,0.139408424
grassAmbWet2_bin.24.orig,0,2,0,1,0,0,3,0,1,0,0,1,0,4,0,0,6,3,4,2,0,1,1,1,0,0,0,1,0,0,0,0,1,2,1,0,1,0,0,0,0,6,4,3,5,11,5,27,0,0,1,0,0,1,1,0,1,0,0,0,0,0,0,0,0,0,0,0,0,0,1,0,0,0,0,1,0,1,1,1,0,1,0,0,0,0,1,0,0,0,0,1,1,0,0,0,0,0,0,0,0,0,0,0,0,0,0,0,0,0,0,0,0,0,0,0,0,0,0,0,0,0,0,0,0,0,0,0,0,0,0,0,0,0,0,0,0,0,0,0,0,0,0,0,0,0,0,0,0,0,0,0,0,0,0,0,0,0,0,0,2,2,5,2,5,2,0,0,1,1,2,0,2,1,2,0,0,2,0,0,1,1,1,3,0,0,0,0,0,0.901065673
grassAmbWet2_bin.25.orig,0,0,0,0,0,0,0,0,0,0,0,0,0,0,0,0,0,0,1,0,0,0,0,0,0,0,0,0,0,0,0,0,0,0,0,0,0,0,0,0,0,1,1,2,2,2,0,12,0,0,0,0,0,0,0,0,0,0,0,0,0,0,0,0,0,0,0,1,0,0,1,0,0,0,0,0,0,0,0,0,0,0,0,0,0,0,0,0,0,0,0,0,0,0,0,0,0,0,1,0,0,0,0,0,0,0,0,0,0,0,0,0,0,0,0,0,0,0,0,0,0,0,0,0,0,0,0,0,0,0,0,0,0,0,0,0,0,0,0,0,0,0,0,0,0,0,0,0,0,0,0,0,0,0,0,0,0,0,0,0,0,0,5,0,5,0,0,0,0,1,0,0,1,0,0,0,0,0,0,0,0,0,0,0,0,0,0,0,1,4.280887743
grassAmbWet2_bin.26.orig,1,3,0,0,0,0,5,0,4,0,0,2,0,3,0,1,4,3,6,0,0,0,0,1,0,0,1,1,0,0,0,0,0,1,2,0,0,1,0,3,0,3,2,1,1,6,1,18,0,0,0,0,1,0,0,0,0,0,0,0,0,0,0,0,0,0,0,0,0,0,0,0,0,0,0,0,0,0,1,1,0,0,0,0,0,0,0,0,0,0,0,0,0,0,0,0,0,0,0,0,0,0,0,0,0,0,0,0,0,0,0,0,0,0,0,0,0,0,0,0,0,0,0,0,0,0,0,0,0,0,0,0,0,0,0,0,0,0,0,0,0,0,0,1,1,1,0,1,0,0,0,0,0,0,0,0,0,0,0,0,1,3,1,2,1,2,0,0,1,0,1,0,2,2,3,0,0,2,1,0,1,1,1,2,0,0,0,0,0,1.904950332
grassAmbWet2_bin.27.strict,0,2,0,0,0,0,1,0,0,0,0,0,0,1,0,0,2,2,3,2,0,0,0,0,0,0,0,0,0,0,1,0,0,0,1,0,1,0,0,0,0,4,3,2,4,7,1,13,0,0,0,0,0,0,0,0,0,0,0,0,0,0,0,0,0,0,0,0,0,0,1,0,0,0,0,0,0,0,1,1,0,0,0,0,0,0,0,0,0,0,0,0,0,0,0,0,0,0,0,0,0,0,0,0,0,0,0,0,0,0,0,0,0,0,0,0,0,0,0,0,0,0,0,0,0,0,0,0,0,0,0,0,0,0,0,0,0,0,0,0,0,0,0,0,0,0,0,0,0,0,0,0,0,0,0,0,0,0,0,0,1,2,2,2,2,2,0,0,1,0,0,0,2,0,2,0,0,2,0,0,1,0,1,2,0,0,0,0,0,1.751033951
grassAmbWet2_bin.29.orig,0,0,0,1,0,0,4,0,1,0,0,1,0,1,1,0,2,3,4,2,0,0,0,1,0,0,0,0,0,0,2,0,0,1,1,0,0,0,0,0,0,4,3,2,4,9,4,22,0,0,1,0,1,0,0,1,0,0,0,0,0,0,0,0,0,0,0,0,0,0,1,0,0,0,0,0,0,1,1,1,0,0,1,0,0,0,1,0,0,0,0,1,0,0,0,0,0,0,0,0,0,0,0,0,0,0,0,0,0,0,0,0,0,0,0,0,0,0,0,0,0,0,0,0,0,0,0,0,0,0,0,0,0,0,0,0,0,0,0,0,0,0,0,0,0,0,0,0,0,0,0,0,0,0,0,0,0,0,0,0,2,3,3,2,3,2,0,0,1,1,1,0,1,2,3,0,0,2,0,0,1,0,0,3,0,0,0,0,0,5.101908355
grassAmbWet2_bin.3.strict,0,2,0,1,0,0,2,0,1,0,0,1,0,0,1,0,3,4,5,1,0,1,0,1,0,0,0,0,0,0,1,0,0,0,1,0,0,0,0,0,0,4,4,3,4,11,4,25,0,0,1,0,1,0,1,1,0,1,0,0,0,0,0,0,0,0,0,0,0,0,1,0,0,0,0,1,0,1,1,1,0,0,0,0,0,0,1,0,0,0,0,1,1,0,0,0,0,0,0,0,0,0,0,0,0,0,0,0,0,0,0,0,0,0,0,0,0,0,0,0,0,0,0,0,0,0,0,0,0,0,0,0,0,0,0,0,0,0,0,0,0,0,0,0,0,0,0,0,0,0,0,0,0,0,0,0,0,0,0,0,2,2,5,1,5,1,0,0,1,1,2,0,2,0,2,0,0,1,0,0,1,0,0,2,0,0,0,0,0,5.647391335
grassAmbWet2_bin.31.orig,0,3,1,1,0,0,3,0,0,0,0,1,0,4,2,0,4,3,6,1,0,0,1,1,0,0,1,0,0,0,1,0,0,1,0,0,1,0,1,2,0,5,4,2,5,9,4,26,1,0,0,0,0,0,1,0,0,1,0,0,0,0,0,0,0,0,0,0,0,0,1,0,1,0,0,0,0,1,1,1,0,0,0,0,0,1,1,0,0,0,0,1,1,0,0,0,1,1,1,0,0,0,0,0,0,0,0,0,0,0,0,0,0,0,0,0,0,0,0,0,0,0,0,0,0,0,0,0,0,0,0,0,0,0,0,0,0,0,0,0,0,0,0,1,1,1,0,1,0,0,0,0,0,0,0,0,0,0,0,0,1,2,5,2,5,2,1,0,1,1,1,0,0,0,2,0,0,2,1,1,1,0,1,3,1,1,0,0,1,2.733748643
grassAmbWet2_bin.32.orig,0,2,0,1,0,0,3,0,0,0,0,0,0,4,1,0,3,4,3,2,0,0,1,1,0,0,0,0,0,0,0,0,0,1,0,0,0,0,0,0,0,5,4,2,5,13,4,24,0,0,1,0,0,0,1,0,0,0,0,0,0,0,0,0,0,0,0,0,0,0,1,0,0,0,0,0,0,1,1,1,0,1,0,0,0,0,1,0,0,0,0,1,0,0,0,0,0,0,0,0,0,0,0,0,0,0,0,0,0,0,0,0,0,0,0,0,0,0,0,0,0,0,0,0,0,0,0,0,0,0,0,0,0,0,0,0,0,0,0,0,0,0,0,0,0,0,0,0,0,0,0,0,0,0,0,0,0,0,0,0,1,3,2,2,2,2,0,0,1,0,0,0,1,1,3,0,0,2,0,0,1,0,0,2,0,0,0,0,0,0.611369356
grassAmbWet2_bin.33.orig,0,2,0,1,0,0,2,0,1,0,0,0,0,3,0,0,6,3,4,1,0,1,1,1,0,0,0,0,0,0,0,0,1,1,1,0,1,0,1,0,0,6,4,2,5,9,6,28,0,1,1,0,0,0,1,0,1,0,0,0,0,0,0,0,0,0,0,0,0,0,1,0,0,0,0,0,0,1,1,1,1,0,1,0,0,0,0,0,0,0,0,1,0,0,0,0,0,0,1,0,0,0,0,0,0,0,0,0,0,0,0,0,0,0,0,0,0,0,0,0,0,0,0,0,0,0,0,0,0,0,0,0,0,0,0,0,0,0,0,0,0,0,0,0,0,0,0,0,0,0,0,0,0,0,0,0,0,0,0,0,1,2,5,2,5,2,0,0,0,1,2,0,2,1,2,0,0,2,0,0,1,0,1,2,0,0,0,0,0,2.092341779
grassAmbWet2_bin.34.orig,0,0,0,0,0,0,4,0,1,0,0,1,0,4,2,0,2,4,4,1,0,0,1,1,1,1,1,0,0,0,0,0,0,2,0,0,0,1,1,2,0,2,2,1,1,5,0,23,0,0,0,0,0,0,0,0,0,0,0,0,0,0,0,0,0,0,0,0,0,0,0,0,1,0,0,0,0,1,1,1,1,1,0,0,0,0,0,0,0,0,0,0,1,0,0,0,0,0,0,0,0,0,0,0,0,0,0,0,0,0,0,0,0,0,0,0,0,0,0,0,0,0,0,0,0,0,0,0,0,0,0,0,0,0,0,0,0,0,0,0,0,0,0,1,1,1,0,1,0,0,0,0,0,0,0,0,0,0,0,0,0,3,2,2,2,2,0,0,1,1,2,0,1,1,3,0,0,2,1,0,1,0,0,1,0,0,0,0,1,2.993499223
grassAmbWet2_bin.35.strict,0,2,0,1,0,0,3,0,1,0,0,0,0,2,0,0,6,3,5,2,0,0,1,1,0,0,0,0,0,0,0,0,1,1,1,0,1,0,0,0,0,4,4,2,3,11,3,24,0,0,1,0,0,1,0,0,1,0,0,0,0,0,0,0,0,0,0,0,0,0,1,0,0,0,0,0,0,0,1,0,1,1,1,0,0,0,1,0,0,0,0,1,1,0,0,0,0,0,1,0,0,0,0,0,0,0,0,0,0,0,0,0,0,0,0,0,0,0,0,0,0,0,0,0,0,0,0,0,0,0,0,0,0,0,0,0,0,0,0,0,0,0,0,1,1,1,0,1,0,0,0,0,0,0,0,0,0,0,0,0,2,3,4,1,4,1,0,0,1,1,1,0,2,0,3,0,0,1,0,0,1,1,1,3,0,0,0,0,0,3.142677612
grassAmbWet2_bin.36.orig,0,3,0,0,0,0,0,0,0,0,0,2,0,2,0,1,5,4,2,3,0,0,0,1,1,1,0,0,0,0,1,1,0,2,1,0,0,2,1,1,0,2,2,1,1,3,1,22,0,0,0,0,1,0,0,0,0,0,0,1,0,0,0,0,0,0,0,0,0,0,1,0,1,0,0,0,0,0,0,1,1,0,1,0,0,0,0,0,0,0,0,0,0,0,0,0,0,0,1,0,0,0,0,0,0,0,0,0,0,0,0,0,0,0,0,0,0,0,0,0,0,0,0,0,0,0,0,0,0,0,0,0,0,0,0,0,0,0,0,0,0,0,0,0,0,0,0,0,0,0,0,0,0,0,0,0,0,0,0,0,0,2,0,1,0,1,1,0,1,1,0,0,2,2,2,0,0,1,1,0,1,0,1,1,0,0,0,0,0,0.760092686
grassAmbWet2_bin.37.orig,0,2,0,0,0,0,4,0,1,0,0,2,0,4,1,0,6,4,7,1,0,0,1,1,0,0,0,0,0,0,1,0,0,2,0,0,0,1,0,2,0,4,3,2,3,11,8,27,0,1,1,0,0,0,1,0,0,0,0,0,0,0,0,0,0,0,0,1,0,0,1,0,0,0,0,1,0,1,1,1,1,0,1,0,0,0,0,0,0,0,0,1,1,0,0,0,0,0,0,0,0,0,0,0,0,0,0,0,0,0,0,0,0,0,0,0,0,0,0,0,0,0,0,0,0,0,0,0,0,0,0,0,0,0,0,0,0,0,0,0,0,0,0,0,0,0,0,0,0,0,0,0,0,0,0,0,0,0,0,0,0,3,5,2,5,2,1,0,1,1,0,0,0,1,3,0,0,2,1,0,1,1,0,1,0,0,0,1,1,4.42114244
grassAmbWet2_bin.39.orig,0,3,0,1,0,0,2,0,0,0,0,1,0,3,1,0,5,3,3,3,0,0,1,1,0,0,1,0,0,0,1,0,0,1,0,0,0,0,0,3,0,3,4,1,1,8,2,19,0,0,0,0,0,0,1,0,0,0,0,0,0,0,0,0,0,0,0,0,0,0,1,0,1,0,0,0,0,1,1,1,1,0,1,0,0,0,0,0,0,0,0,0,1,0,0,0,1,0,0,0,0,0,0,0,0,0,0,0,0,0,0,0,0,0,0,0,0,0,0,0,0,0,0,0,0,0,0,0,0,0,0,0,0,0,0,0,0,0,0,0,0,0,0,1,1,1,0,1,0,0,0,0,0,0,0,0,0,0,0,0,1,2,2,2,2,2,0,1,1,0,2,0,1,1,2,0,0,2,1,0,1,0,1,3,0,0,0,0,1,2.682813566
grassAmbWet2_bin.4.orig,0,2,0,2,0,1,1,0,0,0,0,1,0,2,1,0,4,2,5,2,0,0,1,1,0,0,0,1,0,0,1,0,0,1,0,0,0,0,1,1,0,5,3,1,4,9,4,23,0,1,1,0,1,0,1,1,1,0,0,0,0,0,0,0,0,0,0,0,0,0,1,0,0,0,0,0,0,1,0,0,0,0,1,0,0,0,1,0,0,0,0,0,1,0,0,0,0,0,1,0,0,0,0,0,0,0,0,0,0,0,0,0,0,0,0,0,0,0,0,0,0,0,0,0,0,0,0,0,0,0,0,0,0,0,0,0,0,0,0,0,0,0,0,0,0,0,0,0,0,0,0,0,0,0,0,0,0,0,0,0,0,2,5,2,5,2,0,1,1,1,2,0,1,1,2,0,0,2,1,0,1,1,2,1,0,0,0,0,1,3.974648269
grassAmbWet2_bin.40.orig,0,2,0,1,0,0,4,0,1,0,0,0,0,0,0,0,3,2,2,1,0,0,0,1,0,0,0,0,0,0,0,0,0,1,1,0,1,0,0,0,0,3,4,1,2,6,6,28,0,1,0,0,1,0,0,0,0,0,0,0,0,0,0,0,0,0,0,0,0,0,1,0,0,0,1,0,0,1,1,1,1,1,0,0,0,0,0,0,0,0,0,1,0,0,0,0,0,0,0,0,0,0,0,0,0,0,0,0,0,0,0,0,0,0,0,0,0,0,0,0,0,0,0,0,0,0,0,0,0,0,0,0,0,0,0,1,0,0,0,0,0,0,0,0,0,0,0,0,0,0,0,0,0,0,0,0,0,0,0,0,1,2,4,2,4,2,0,0,0,0,0,0,2,0,2,0,0,2,0,0,1,0,0,2,0,0,0,0,0,2.561236794
grassAmbWet2_bin.41.orig,0,2,0,1,0,0,4,0,2,0,0,3,1,4,1,0,5,6,8,2,0,2,1,1,0,0,1,0,0,0,1,0,0,2,0,0,1,0,2,3,0,3,4,2,3,7,5,26,1,0,0,0,1,0,1,0,0,1,0,0,0,0,0,0,0,0,0,0,0,0,1,0,1,0,0,0,0,1,0,1,1,0,1,0,0,0,1,0,0,0,0,0,1,0,0,0,0,1,1,0,0,0,0,0,0,0,0,0,0,0,0,0,0,0,0,0,0,0,0,0,0,0,0,0,0,0,0,0,0,0,0,0,0,0,0,0,0,0,0,0,0,0,0,0,0,0,0,0,0,0,0,0,0,0,0,0,0,0,0,0,1,3,4,2,4,2,1,0,1,0,2,0,0,1,3,0,0,2,1,1,1,0,1,2,1,1,0,0,1,3.078312418
grassAmbWet2_bin.42.orig,0,3,0,0,0,0,5,0,1,0,0,3,0,4,1,1,7,4,8,4,0,0,1,1,1,1,1,0,0,1,1,0,0,1,0,0,1,2,1,3,0,6,4,2,5,10,5,31,0,0,1,0,0,1,0,0,0,0,0,0,0,0,0,0,0,0,0,0,0,0,1,0,1,0,0,0,0,0,1,1,0,0,1,0,0,0,1,0,0,0,0,0,1,0,0,0,0,1,0,0,0,0,0,0,0,0,0,0,0,0,0,0,0,0,0,0,0,0,0,0,0,0,0,0,0,0,0,0,0,0,0,0,0,0,0,0,0,0,0,0,0,0,0,1,1,1,0,1,0,0,0,0,0,0,0,0,0,0,0,0,2,3,2,2,2,2,1,0,1,0,1,0,2,2,3,0,0,2,1,1,1,1,0,2,1,1,0,2,0,0.73077165
grassAmbWet2_bin.44.orig,0,0,0,0,0,0,0,0,0,0,0,0,0,0,0,0,0,2,0,0,0,0,0,0,0,0,0,0,0,0,0,0,0,0,0,0,0,0,0,0,0,1,0,1,2,2,1,9,0,0,0,0,0,0,0,0,0,0,0,0,0,0,0,0,0,0,0,0,0,0,1,0,0,0,0,0,0,0,0,0,0,0,0,0,0,0,0,0,0,0,0,0,0,0,0,0,0,0,1,0,0,0,0,0,0,0,0,0,0,0,0,0,0,0,0,0,0,0,0,0,0,0,0,0,0,0,0,0,0,0,0,0,0,0,0,0,0,0,0,0,0,0,0,0,0,0,0,0,0,0,0,0,0,0,0,0,0,0,0,0,0,0,4,0,4,0,0,0,0,1,0,0,0,0,0,0,0,0,0,0,0,0,0,0,0,0,0,0,0,1.572223139
grassAmbWet2_bin.45.orig,0,2,0,1,0,0,4,0,1,0,0,0,0,4,0,0,5,2,4,2,0,0,1,1,0,0,0,0,0,0,0,1,1,0,1,0,1,0,1,1,0,4,4,1,3,9,5,29,0,0,1,0,1,1,0,0,0,0,0,0,0,0,0,0,0,0,0,0,0,0,0,0,0,0,0,0,0,1,0,0,1,1,0,0,0,0,1,0,0,0,0,0,1,0,0,0,0,0,0,0,0,0,0,0,0,0,0,0,0,0,0,0,0,0,0,0,0,0,0,0,0,0,0,0,0,0,0,1,0,0,0,0,0,0,0,0,0,0,0,0,0,0,0,1,1,1,0,1,0,0,0,0,0,0,0,0,0,0,0,0,2,3,2,2,2,2,0,0,1,0,0,0,2,1,3,0,0,2,0,0,1,0,1,3,0,0,0,0,1,7.328601107
grassAmbWet2_bin.46.orig,1,0,0,0,0,0,4,0,1,0,0,3,0,3,0,0,7,5,9,1,0,1,1,1,0,0,0,0,0,1,1,1,0,1,0,0,1,0,1,3,0,3,1,1,1,4,1,14,0,0,1,0,1,1,0,1,0,0,0,0,0,0,0,0,0,0,0,0,0,0,0,0,1,0,0,0,0,0,1,1,1,0,1,0,0,0,0,0,0,0,0,0,0,0,0,0,0,0,0,0,0,0,0,0,0,0,0,0,0,0,0,0,0,0,0,0,0,0,0,0,0,0,0,0,0,0,0,0,0,0,0,0,0,0,0,0,0,0,0,0,0,0,0,1,1,0,0,0,0,0,0,0,0,0,0,0,0,0,0,0,2,0,3,1,3,1,1,0,1,0,0,1,1,1,0,0,0,1,1,0,1,0,1,2,0,0,0,0,1,3.591158859
grassAmbWet2_bin.47.orig,1,0,0,2,0,0,5,0,2,0,0,3,2,4,0,1,8,9,9,3,0,1,1,1,0,0,0,0,0,0,1,0,0,4,1,1,1,2,2,3,0,4,2,1,3,9,2,25,0,0,0,0,1,0,0,1,0,0,1,0,0,0,0,0,0,0,0,0,0,0,1,0,1,0,0,0,0,1,1,0,1,0,1,0,0,0,1,0,0,0,0,0,0,0,0,0,0,1,0,0,0,0,0,0,0,0,0,0,0,0,0,0,0,0,0,0,0,0,0,0,0,0,0,0,0,0,0,0,0,0,0,0,0,0,0,0,0,0,0,0,0,0,0,1,1,1,0,1,0,0,0,0,0,0,0,0,0,0,0,0,2,3,1,2,1,2,1,0,1,0,1,0,2,1,3,0,0,2,1,1,1,1,2,3,1,1,0,0,0,4.735328591
grassAmbWet2_bin.49.orig,0,0,0,0,0,0,5,0,1,1,1,2,2,5,0,1,8,3,7,1,0,1,1,1,0,0,1,1,0,0,0,0,0,2,1,0,0,1,0,5,0,1,1,1,1,4,0,19,0,0,1,0,1,0,0,0,0,1,1,0,1,0,0,0,0,0,0,0,0,1,0,0,1,1,0,0,0,1,1,1,1,0,1,0,0,0,0,0,0,0,0,0,0,0,0,0,0,1,1,0,0,0,0,0,0,0,0,0,0,0,0,0,0,1,0,0,0,0,0,0,0,0,0,0,0,0,0,0,0,1,0,0,0,0,0,0,0,0,0,0,0,0,0,1,1,1,0,1,0,0,0,0,0,0,0,0,0,0,0,0,1,3,2,1,2,1,1,0,0,1,2,0,2,3,3,0,0,1,1,1,1,1,2,2,1,1,0,0,0,2.757566321
grassAmbWet2_bin.5.orig,0,3,0,1,0,0,8,0,2,0,0,2,1,6,2,1,11,5,10,2,0,2,1,1,0,0,1,1,0,0,2,0,0,3,3,0,2,2,0,3,0,2,2,1,2,5,2,29,1,0,0,0,0,0,0,1,0,0,0,0,0,0,0,0,0,0,0,0,0,1,1,0,1,1,1,0,0,1,1,1,1,0,1,0,0,0,1,0,0,0,0,1,1,0,0,0,1,1,0,0,0,0,0,0,0,0,0,0,0,0,0,0,0,1,0,0,0,0,0,0,0,0,0,0,0,0,0,0,0,1,0,0,0,0,0,1,1,0,0,0,0,0,1,1,1,0,0,0,0,0,0,0,1,0,1,0,0,0,0,0,2,4,4,2,4,2,1,0,1,1,1,0,2,2,4,0,0,2,0,1,1,1,3,3,1,1,0,0,0,5.216341672
grassAmbWet2_bin.50.strict,0,2,0,1,0,0,4,0,0,0,0,0,0,4,1,0,6,4,4,2,0,0,1,1,0,0,0,0,0,0,0,0,1,1,0,0,1,0,1,0,0,5,4,2,4,9,4,24,0,0,1,0,0,0,1,1,0,0,0,0,0,0,0,0,0,0,0,0,0,0,1,0,0,0,0,0,0,1,1,1,0,1,0,0,0,0,1,0,0,0,0,1,1,0,0,0,0,0,0,0,0,0,0,0,0,0,0,0,0,0,0,0,0,0,0,0,0,0,0,0,0,0,0,0,0,0,0,0,0,0,0,0,0,0,0,0,0,0,0,0,0,0,0,0,0,0,0,0,0,0,0,0,0,0,0,0,0,0,0,0,1,3,5,2,5,2,0,0,1,1,2,0,1,1,3,0,0,2,0,0,1,0,0,2,0,0,0,0,0,2.783223433
grassAmbWet2_bin.51.orig,0,0,0,1,0,0,5,1,5,1,1,4,0,5,2,0,8,5,10,0,1,1,1,0,0,0,0,0,0,1,0,1,0,1,1,0,1,1,2,3,0,4,5,2,3,9,5,27,0,0,1,0,1,1,1,1,0,0,0,0,0,0,0,0,0,0,0,1,0,0,1,0,0,0,0,0,0,0,1,1,0,0,1,0,0,0,1,0,0,0,0,0,0,0,0,1,0,1,1,0,0,0,0,0,0,0,0,0,0,0,0,0,0,0,0,0,0,0,0,0,0,0,0,0,0,0,0,0,0,0,0,0,0,0,0,0,0,0,0,0,0,0,0,1,1,1,0,1,0,0,0,0,0,0,0,0,0,0,0,0,2,1,3,1,3,1,1,0,1,0,1,1,2,3,1,0,0,1,1,1,1,1,2,2,1,1,0,0,1,2.096891015
grassAmbWet2_bin.52.orig,0,2,0,1,0,0,11,0,2,0,0,2,1,6,1,0,11,10,8,4,0,1,1,1,1,1,1,1,0,1,1,1,0,2,1,0,1,2,2,4,0,5,3,2,4,10,4,33,0,0,1,0,0,1,0,0,0,0,0,0,0,0,0,0,0,0,0,0,0,0,1,0,1,0,0,0,0,0,1,1,0,0,0,0,0,0,1,0,0,0,0,0,1,0,0,0,0,0,1,0,0,0,0,0,0,0,0,0,0,0,0,0,0,0,0,0,0,0,0,0,0,0,0,0,0,0,0,0,0,0,0,0,0,0,0,0,0,0,0,0,0,0,0,1,1,1,0,1,0,0,0,0,0,0,0,0,0,0,0,0,1,3,3,2,3,2,1,0,1,1,0,1,3,1,3,0,0,2,0,1,1,1,0,2,1,1,0,1,0,1.165791874
grassAmbWet2_bin.53.orig,1,3,0,1,0,0,5,0,1,0,0,3,1,3,0,1,9,8,8,2,0,2,0,1,0,0,1,0,0,2,0,0,0,3,1,1,0,2,1,3,0,2,2,1,1,3,0,28,0,0,1,0,0,0,0,1,0,1,0,0,0,0,0,0,0,0,0,0,0,0,1,0,1,0,0,0,0,1,1,1,1,0,0,0,0,0,1,0,0,0,0,0,0,0,0,0,0,1,0,0,0,0,0,0,0,0,0,0,0,0,0,0,0,0,0,0,0,0,0,0,0,0,0,0,0,0,0,0,0,0,0,0,0,0,0,0,0,0,0,0,0,0,0,1,1,1,0,1,0,0,0,0,0,0,0,0,0,0,0,0,1,3,4,2,4,2,1,0,1,0,2,0,2,2,3,0,0,2,1,1,1,1,2,1,1,1,0,0,0,3.491958424
grassAmbWet2_bin.54.orig,0,3,1,1,0,0,2,0,0,0,0,0,0,2,1,1,4,3,5,2,0,0,0,1,0,0,1,0,0,0,1,0,0,2,1,0,1,2,1,2,0,5,4,1,3,8,3,25,1,0,0,0,0,0,1,0,0,0,0,0,0,0,0,0,0,0,0,0,0,0,1,0,1,0,0,0,0,1,0,1,0,0,1,0,0,0,0,0,0,0,0,1,0,0,0,0,1,0,1,0,0,0,0,0,0,0,0,0,0,0,0,0,0,0,0,0,0,0,0,0,0,0,0,0,0,0,0,0,0,0,0,0,0,0,0,0,0,0,0,0,0,0,0,1,1,1,0,1,0,0,0,0,0,0,0,0,0,0,0,0,1,1,1,2,1,2,0,0,1,1,1,1,2,1,1,0,0,2,1,1,1,0,2,2,1,1,0,0,1,3.365771364
grassAmbWet2_bin.55.orig,0,2,0,1,0,0,2,0,0,0,0,0,0,5,1,0,5,2,4,2,0,0,1,1,1,1,0,0,0,0,0,0,0,1,0,0,1,0,0,1,0,3,3,2,3,10,5,22,0,0,1,0,0,0,1,1,1,0,0,0,0,0,0,0,0,0,0,0,0,0,1,0,0,0,0,1,0,1,1,1,0,0,1,0,0,0,1,0,0,0,0,1,1,0,0,0,0,0,0,0,0,0,0,0,0,0,0,0,0,0,0,0,0,0,0,0,0,0,0,0,0,0,0,0,0,0,0,0,0,0,0,0,0,0,0,0,0,0,0,0,0,0,0,0,0,0,0,0,0,0,0,0,0,0,0,0,0,0,0,0,0,3,4,2,4,2,0,0,1,1,1,0,1,1,3,0,0,2,0,0,1,0,0,1,0,0,0,0,0,1.350826473
grassAmbWet2_bin.57.orig,0,2,0,0,0,0,2,0,0,0,0,0,0,1,0,0,2,3,4,1,0,0,0,0,0,0,0,0,0,0,0,0,0,0,0,0,1,0,1,0,0,2,3,1,2,5,1,24,0,0,0,0,0,0,0,0,0,0,0,0,0,0,0,0,0,0,0,1,0,0,1,0,1,0,0,0,0,1,0,0,0,0,0,0,0,0,0,0,0,0,0,0,0,0,0,0,0,0,0,0,0,0,0,0,0,0,0,0,0,0,0,0,0,0,0,0,0,0,0,0,0,0,0,0,0,0,0,0,0,0,0,0,0,0,0,0,0,0,0,0,0,0,0,1,1,0,0,0,0,0,0,0,0,0,0,0,0,0,0,0,1,3,3,2,3,2,0,0,1,0,1,0,1,0,3,0,0,2,0,0,1,0,1,2,0,0,0,0,0,0.847459918
grassAmbWet2_bin.59.orig,1,0,1,1,0,0,1,0,2,0,0,4,0,3,1,1,4,5,6,2,0,1,1,0,0,0,0,0,0,0,1,1,0,1,1,0,0,0,0,3,0,2,0,1,1,7,1,19,0,0,0,0,0,0,1,1,0,0,0,0,0,0,0,0,0,0,0,0,0,0,0,0,0,0,0,0,0,0,1,1,0,0,1,0,0,0,1,0,0,0,0,0,0,0,0,0,0,1,0,0,0,0,0,0,0,0,0,0,0,0,0,0,0,0,0,0,0,0,0,0,0,0,0,0,1,0,0,0,0,0,0,0,0,0,0,0,0,0,0,0,0,0,0,1,1,0,0,0,0,0,0,0,0,0,0,0,0,0,0,0,1,2,5,2,5,2,1,0,1,0,1,0,1,1,2,0,0,2,1,0,1,1,0,2,0,0,0,0,1,2.292901295
grassAmbWet2_bin.6.orig,0,2,0,1,0,0,4,0,1,0,0,1,0,4,1,0,4,2,3,1,0,0,1,1,0,0,0,0,0,0,1,0,0,1,0,0,1,0,0,1,0,5,4,2,5,12,5,27,0,1,1,0,0,0,0,1,1,0,0,0,0,0,0,0,0,0,0,0,0,0,1,0,0,0,0,0,0,1,1,1,1,0,1,0,0,0,1,0,0,0,0,1,1,0,0,0,0,0,1,0,0,0,0,0,0,0,0,0,0,0,0,0,0,0,0,0,0,0,0,0,0,0,0,0,0,0,0,0,0,0,0,0,0,0,0,0,0,0,0,0,0,0,0,0,0,0,0,0,0,0,0,0,0,0,0,0,0,0,0,0,2,2,5,2,5,2,0,0,0,1,2,0,1,1,2,0,0,2,0,0,1,0,0,3,0,0,0,0,1,2.882006675
grassAmbWet2_bin.60.orig,1,3,0,2,0,1,10,1,2,0,0,2,2,3,0,2,23,7,11,4,0,2,0,0,0,0,1,1,0,2,1,1,0,2,2,0,1,2,2,3,0,2,3,2,1,5,0,24,1,0,1,0,1,0,1,1,0,0,0,0,0,0,0,0,0,0,0,1,0,0,1,0,0,0,0,0,0,0,1,1,1,0,0,0,0,0,0,0,0,0,0,0,1,0,0,0,1,0,0,0,0,0,0,0,0,0,0,0,0,0,0,0,0,0,0,0,0,0,0,0,0,0,0,0,1,0,0,0,0,0,0,0,0,0,0,0,0,0,0,0,0,0,0,0,0,0,0,0,0,0,0,0,0,0,0,0,0,0,0,0,2,4,4,2,4,2,0,0,1,0,1,0,3,2,4,1,0,2,1,1,1,1,3,3,1,1,0,0,1,4.733609144
grassAmbWet2_bin.61.strict,0,2,0,0,0,0,2,0,0,0,0,0,0,3,0,0,0,2,4,2,0,1,1,0,0,0,0,0,0,0,0,0,0,0,0,0,1,0,0,0,0,2,2,1,2,5,1,15,0,0,0,0,1,0,0,0,0,0,0,0,0,0,0,0,0,0,0,0,0,0,0,0,0,0,0,0,0,1,1,0,0,0,0,0,0,0,1,0,0,0,0,0,0,0,0,0,0,0,0,0,0,0,0,0,0,0,0,0,0,0,0,0,0,0,0,0,0,0,0,0,0,0,0,0,0,0,0,0,0,0,0,0,0,0,0,0,0,0,0,0,0,0,0,0,0,0,0,0,0,0,0,0,0,0,0,0,0,0,0,0,2,1,0,1,0,1,0,1,0,0,0,0,0,0,1,0,0,1,0,0,0,0,0,3,0,0,0,0,0,1.104813616
grassAmbWet2_bin.7.orig,1,0,0,1,0,0,3,0,3,1,1,3,1,2,0,1,7,9,5,0,0,0,0,0,0,0,0,0,0,1,1,1,0,1,1,0,2,0,1,3,0,3,3,1,2,10,2,15,0,0,1,0,0,0,1,1,0,0,0,0,0,0,0,0,0,0,0,1,0,0,1,0,0,0,0,0,0,1,1,1,0,0,0,0,0,0,1,0,0,0,0,1,1,0,0,0,0,0,0,0,0,0,0,0,0,0,0,0,0,0,0,0,0,0,0,0,0,0,0,0,0,0,0,0,0,0,0,0,0,0,0,0,0,0,0,0,0,0,0,0,0,0,0,0,0,0,0,0,0,0,0,0,0,0,0,0,0,0,0,0,1,1,3,1,3,1,1,0,1,1,0,1,1,2,1,0,0,1,0,0,0,0,1,1,0,0,0,0,0,1.217190186
grassAmbWet2_bin.8.orig,0,3,0,1,0,0,2,0,1,0,0,1,0,4,1,2,9,3,9,1,0,1,1,1,1,1,1,1,0,0,0,0,0,2,1,0,0,2,1,5,0,2,3,1,1,5,0,30,0,0,0,0,1,0,0,1,0,0,0,0,0,0,0,0,0,0,0,0,0,1,1,0,1,0,0,0,0,1,1,1,1,0,1,0,0,0,1,0,0,0,0,1,0,1,0,0,1,0,1,0,0,0,0,0,0,0,0,0,0,0,0,0,0,0,0,0,0,0,0,0,0,0,0,0,0,0,0,0,0,0,0,0,0,0,0,0,0,0,0,0,0,0,0,0,0,0,0,0,0,0,0,0,0,0,0,0,0,0,0,0,1,3,5,2,5,2,1,0,1,1,1,0,2,1,3,0,0,2,1,1,1,1,2,2,1,1,0,0,0,3.371348439
grassAmbWet2_bin.9.orig,1,3,0,0,0,0,6,0,1,0,0,3,1,5,0,2,13,4,6,2,0,2,1,1,0,0,1,1,0,2,0,0,0,4,1,0,1,2,1,2,0,2,2,1,1,6,1,31,0,0,1,0,0,0,0,1,0,1,0,0,0,0,0,0,0,0,0,0,0,1,1,0,1,0,0,0,0,1,1,1,1,0,0,0,0,0,1,0,0,0,0,0,1,0,0,0,0,1,1,0,0,0,0,0,0,0,0,0,0,0,0,0,0,0,0,0,0,0,0,0,0,0,0,0,0,0,0,0,0,0,0,0,0,0,0,0,0,0,0,0,0,0,0,0,0,0,0,0,0,0,0,0,0,0,0,0,0,0,0,0,1,3,3,1,3,1,0,0,1,1,1,0,2,2,3,0,0,1,1,1,1,0,3,2,1,1,0,0,0,4.739474487
grassRedDry1_bin.1.orig,0,0,1,1,0,0,3,0,2,1,1,4,0,2,0,1,6,6,6,0,0,1,0,1,0,0,0,0,0,1,0,1,0,1,1,0,1,0,2,3,1,4,3,2,3,8,2,20,0,0,0,0,0,1,1,0,0,0,0,0,0,0,0,0,0,0,0,0,0,0,1,0,0,0,0,0,0,0,1,1,0,0,0,0,0,0,1,0,0,0,0,1,0,0,0,0,0,0,0,0,0,0,0,0,0,0,0,0,0,0,0,0,0,0,0,0,0,0,0,0,0,0,0,0,0,0,0,0,0,0,0,0,0,0,0,0,0,0,0,0,0,0,0,0,0,0,0,0,0,0,0,0,0,0,0,0,0,0,0,0,0,0,2,1,2,1,1,0,1,0,0,0,2,1,0,0,0,1,0,0,1,0,1,1,0,0,0,0,1,0.450233321
grassRedDry1_bin.10.orig,0,2,0,0,0,0,4,0,1,0,0,2,0,6,1,0,8,3,4,1,0,0,1,1,0,0,0,0,0,0,2,0,0,2,3,0,0,0,0,0,0,5,4,2,5,10,4,21,0,0,1,0,1,0,0,1,1,0,0,0,0,0,0,0,0,0,0,0,0,0,1,0,0,0,0,0,0,0,1,0,0,1,0,0,1,0,1,0,0,0,0,0,0,0,0,0,0,0,0,0,0,0,0,0,0,0,0,0,0,0,0,0,0,0,0,0,0,0,0,0,0,0,0,0,0,0,0,0,0,0,0,0,0,0,0,0,0,0,0,0,0,0,0,0,0,0,0,0,0,0,0,0,0,0,0,0,0,0,0,0,1,2,1,1,1,1,0,0,1,0,0,0,3,1,2,0,0,1,0,0,1,0,0,2,0,0,0,0,0,0.660838187
grassRedDry1_bin.11.orig,1,2,0,2,1,0,5,0,3,1,1,2,0,3,0,0,17,8,10,1,1,0,0,1,0,1,0,0,0,1,1,0,0,2,3,0,1,1,0,3,0,5,3,2,3,12,6,25,0,0,1,0,0,0,0,0,0,0,0,0,0,0,0,0,0,0,0,0,0,0,1,1,0,0,0,0,0,0,1,1,1,0,1,0,1,0,1,0,0,0,0,1,0,0,0,0,0,0,0,1,0,0,0,0,0,0,0,0,0,0,0,0,0,0,0,0,0,0,0,0,0,0,0,1,0,0,0,0,0,0,0,0,0,0,0,0,0,0,0,0,0,0,0,0,0,0,0,0,0,0,0,0,0,0,0,0,0,0,0,0,1,2,2,2,2,2,0,0,1,1,2,0,4,1,2,0,0,2,0,0,1,0,0,2,0,0,1,0,1,2.332374684
grassRedDry1_bin.12.orig,1,0,1,1,0,0,3,0,2,1,1,3,0,3,1,1,9,8,6,0,1,0,0,1,0,0,0,0,0,2,1,1,0,1,0,0,1,1,1,1,0,2,1,2,2,4,2,12,0,0,1,0,1,1,1,0,0,0,0,0,0,0,0,0,0,0,0,1,0,0,0,0,0,0,0,0,0,0,1,1,0,0,1,0,0,0,0,0,0,0,0,1,0,0,0,0,0,1,0,0,0,0,0,0,0,0,0,0,0,0,0,0,0,0,0,0,0,0,0,0,0,0,0,0,0,0,0,0,0,0,0,0,0,0,0,0,0,0,0,0,0,0,0,1,1,0,0,0,0,0,0,0,0,0,0,0,0,0,0,0,0,1,1,0,1,0,1,0,1,1,0,0,1,2,1,0,0,0,0,0,0,1,2,1,0,0,0,0,1,1.723278991
grassRedDry1_bin.13.permissive,0,0,1,0,1,0,6,0,5,1,1,2,0,4,3,0,10,6,9,0,1,0,0,1,0,1,0,0,0,1,1,1,0,2,4,0,1,1,0,1,0,4,4,1,2,10,3,22,0,0,0,0,0,0,1,0,0,0,1,0,0,0,0,0,0,0,0,0,0,0,1,1,0,0,0,0,0,0,1,1,1,0,0,0,0,0,0,0,0,0,0,1,0,0,0,0,0,0,0,1,0,0,0,0,0,0,0,0,0,0,0,0,0,0,0,0,0,0,0,0,0,0,0,1,0,0,0,0,0,0,0,0,0,0,0,0,0,0,0,0,0,0,0,1,1,0,0,0,0,0,0,0,0,0,0,0,0,0,0,0,1,2,4,1,4,1,1,1,1,1,2,0,4,1,2,0,0,1,0,0,1,0,1,2,0,0,0,0,1,0.082990902
grassRedDry1_bin.14.orig,1,0,1,2,0,0,4,0,4,1,1,3,1,5,1,1,8,6,7,0,1,1,1,1,0,0,0,0,0,1,1,1,0,1,3,0,1,0,1,1,0,3,2,1,1,10,1,20,0,0,1,0,1,1,1,1,0,0,0,0,0,0,0,0,0,0,0,0,0,0,1,0,0,0,0,0,0,1,1,1,1,0,1,0,0,0,1,0,0,0,0,1,0,0,0,0,1,1,1,0,0,0,0,0,0,0,0,0,0,0,0,0,0,0,0,0,0,0,0,0,0,0,0,0,1,0,0,0,0,0,0,0,0,0,0,0,0,0,0,0,0,0,0,1,1,1,0,1,0,0,0,0,0,0,0,0,0,0,0,0,1,1,4,0,4,0,1,0,1,1,1,1,2,3,1,0,0,0,0,0,1,0,0,2,0,0,0,0,1,2.901075505
grassRedDry1_bin.15.orig,1,0,1,1,0,0,1,1,2,0,0,4,0,1,0,1,6,6,6,0,2,1,0,1,0,0,0,0,0,0,1,1,0,1,1,0,0,0,1,4,0,4,3,1,2,9,3,16,0,0,1,0,1,0,1,1,0,1,0,0,0,0,0,0,0,0,0,1,0,0,1,0,0,0,0,1,0,1,1,1,0,0,0,0,0,0,1,0,0,0,0,1,0,0,0,0,0,0,0,0,0,0,0,0,0,0,0,0,0,0,0,0,0,0,0,0,0,0,0,0,0,0,0,0,1,0,0,0,0,0,0,0,0,0,0,0,0,0,0,0,0,0,0,0,0,0,0,0,0,0,0,0,0,0,0,0,0,0,0,0,0,0,3,0,3,0,1,0,1,1,0,1,1,2,0,0,0,0,0,0,0,0,1,0,0,0,0,0,1,0.740363033
grassRedDry1_bin.16.orig,0,0,1,1,0,0,1,0,5,1,1,3,0,2,1,1,6,7,6,0,0,1,0,1,0,0,0,0,0,0,1,1,0,1,1,0,0,1,2,4,1,5,2,1,3,9,4,19,0,0,1,0,0,1,1,1,0,0,0,0,0,0,0,0,0,0,0,0,0,0,0,1,0,0,0,0,0,1,1,1,0,0,0,0,0,0,1,0,0,0,0,1,1,0,0,0,0,0,0,0,0,0,0,0,0,0,0,0,0,0,0,0,0,0,0,0,0,0,0,0,0,0,0,0,1,0,0,0,0,0,0,0,0,0,0,0,0,0,0,0,0,0,0,0,0,0,0,0,0,0,0,0,0,0,0,0,0,0,0,0,1,1,4,1,4,1,0,0,1,1,0,1,1,2,1,0,0,1,0,0,1,0,2,2,0,0,0,0,0,2.087968979
grassRedDry1_bin.17.orig,1,3,0,1,0,0,5,0,2,0,0,2,1,5,1,0,8,12,5,3,0,2,1,1,0,0,0,0,0,1,2,0,0,3,4,0,1,0,3,2,0,3,5,1,2,4,4,33,1,0,1,0,1,0,0,1,0,0,0,0,0,0,0,0,0,0,0,0,0,0,1,0,1,0,0,0,0,0,1,1,0,1,1,0,0,0,1,0,0,0,0,1,1,1,0,0,1,1,1,0,0,0,0,0,0,0,0,0,0,0,0,0,0,0,0,0,0,0,0,0,0,0,0,0,0,0,0,0,0,0,0,0,0,0,0,0,0,0,0,0,0,0,0,1,1,1,0,1,0,0,0,0,0,0,0,0,0,0,0,0,1,2,5,2,5,2,1,0,1,1,2,1,4,2,2,1,0,2,1,1,1,0,2,3,1,1,0,0,1,1.260179792
grassRedDry1_bin.18.strict,1,3,0,2,0,0,6,0,1,0,0,2,2,3,2,1,14,9,8,4,0,2,0,1,0,0,1,0,0,1,2,1,0,2,0,0,0,2,4,2,0,2,2,1,1,4,1,27,0,0,1,0,1,0,0,1,0,0,0,0,0,0,0,0,0,0,0,0,0,0,1,0,1,0,0,0,0,1,1,1,1,0,0,0,0,0,1,0,0,0,0,0,0,0,0,0,1,0,0,0,0,0,0,0,0,0,0,0,0,0,0,0,0,0,0,0,0,0,0,0,0,0,0,0,0,0,0,0,0,0,0,0,0,0,0,0,0,0,0,0,0,0,0,1,1,1,0,1,0,0,0,0,0,0,0,0,0,0,0,0,2,3,5,2,5,2,0,0,1,1,1,0,2,2,3,0,0,2,0,0,1,1,2,3,0,0,0,1,1,5.467565307
grassRedDry1_bin.19.strict,0,2,0,1,0,0,2,0,1,0,0,0,0,1,0,0,7,7,4,2,0,1,0,1,0,0,0,0,0,0,0,0,0,2,2,0,1,0,0,0,0,3,3,1,2,7,4,19,0,0,0,0,0,1,0,0,1,1,0,0,0,0,0,0,0,0,0,0,0,0,1,0,0,0,0,0,0,1,1,0,0,1,1,0,0,0,0,0,0,0,0,1,1,0,0,0,0,0,0,0,0,0,0,0,0,0,0,0,0,0,0,0,0,0,0,0,0,0,0,0,0,0,0,0,0,0,0,0,0,0,0,0,0,0,0,0,0,0,0,0,0,0,0,0,0,0,0,0,0,0,0,0,0,0,0,0,0,0,0,0,1,2,4,2,4,2,0,0,1,1,2,0,3,1,2,0,0,2,0,0,1,0,0,2,0,0,0,0,0,0.584771621
grassRedDry1_bin.20.orig,0,3,1,1,0,1,9,1,3,0,0,1,1,7,1,1,19,9,13,4,0,2,1,1,0,0,1,1,0,4,1,1,0,3,5,0,2,2,2,5,0,3,4,1,2,4,2,23,1,0,1,0,1,0,0,1,0,0,0,0,0,0,0,0,0,0,0,1,0,1,1,0,1,0,0,0,0,0,1,1,0,0,1,0,0,0,1,0,0,0,0,1,0,0,0,0,0,1,0,0,0,0,0,0,0,0,0,0,0,0,0,0,0,0,0,0,0,0,0,0,0,0,0,0,1,0,0,0,0,0,0,0,0,0,0,0,0,0,0,0,0,0,0,0,0,0,0,0,0,0,0,0,0,0,0,0,0,0,0,0,2,4,3,0,3,0,0,0,1,0,1,0,3,1,4,1,0,0,1,0,1,1,2,3,0,0,0,0,0,0.5855186
grassRedDry1_bin.21.orig,0,0,0,0,0,0,1,0,1,0,0,1,0,0,0,0,1,0,2,0,0,0,0,1,0,0,0,0,0,0,1,1,0,1,0,0,1,0,0,0,0,6,3,2,3,10,3,11,0,0,0,0,0,0,1,0,0,0,0,0,0,0,0,0,0,0,0,0,0,0,1,0,0,0,0,0,0,0,1,1,1,1,1,0,0,0,0,0,0,0,0,0,1,0,0,0,0,0,0,0,0,0,0,0,0,0,0,0,0,0,0,0,0,0,0,0,0,0,0,0,0,0,0,0,1,0,0,0,0,0,0,0,0,0,0,0,0,0,0,0,0,0,0,0,0,0,0,0,0,0,0,0,0,0,0,0,0,0,0,0,1,0,2,0,2,0,0,0,0,0,0,0,0,0,0,0,0,0,1,0,0,1,3,2,0,0,0,0,0,41.378408
grassRedDry1_bin.22.orig,1,3,0,0,0,0,6,0,2,0,0,3,1,4,1,0,12,9,5,3,0,2,1,0,0,0,1,0,0,0,2,0,0,3,1,0,1,1,3,4,0,6,4,2,2,9,5,32,1,0,1,0,1,0,0,1,0,0,0,0,0,0,0,0,0,0,0,0,0,1,1,0,1,0,0,0,0,0,1,1,1,1,1,0,0,0,1,0,0,0,0,1,1,0,0,0,1,1,1,0,0,0,0,0,0,0,0,0,0,0,0,0,0,0,0,0,0,0,0,0,0,0,0,0,0,0,0,0,0,0,0,0,0,0,0,0,0,0,0,0,0,0,0,0,0,0,0,0,0,0,0,0,0,0,0,0,0,0,0,0,2,3,5,2,5,2,1,0,1,0,2,1,2,2,3,1,0,2,1,1,1,0,2,4,1,1,0,0,1,2.952250928
grassRedDry1_bin.23.orig,0,2,0,0,1,0,3,0,2,0,0,3,1,5,0,1,10,9,9,2,1,0,1,1,0,0,1,1,0,1,0,0,0,2,2,0,2,2,2,6,0,4,3,1,2,5,0,27,1,0,1,0,1,0,0,1,0,0,0,0,0,0,0,0,0,0,0,0,0,0,1,0,0,0,0,0,0,1,1,1,1,0,0,0,0,0,1,0,0,0,0,0,1,0,0,0,1,1,1,0,0,0,0,0,0,0,0,0,0,0,0,0,0,0,0,0,0,0,0,0,0,0,0,0,0,0,0,0,0,0,0,0,0,0,0,0,0,0,0,0,0,0,0,1,1,1,0,1,0,0,0,0,0,0,0,0,0,0,0,0,1,3,5,2,5,2,1,1,1,1,1,0,3,2,3,0,0,2,1,1,1,1,2,2,1,1,0,0,0,2.466119859
grassRedDry1_bin.24.orig,0,0,1,1,0,1,2,1,4,1,1,5,0,3,1,0,9,4,6,0,1,1,0,1,0,0,0,0,0,1,1,1,0,2,1,0,0,0,2,3,0,4,3,1,1,9,3,19,0,0,1,0,1,0,1,1,0,1,1,0,0,0,0,0,0,0,0,0,0,0,1,0,0,0,0,0,0,0,1,0,0,0,0,0,0,0,1,0,0,0,0,0,0,0,0,0,0,0,0,0,0,0,0,0,0,0,0,0,0,0,0,0,0,0,0,0,0,0,0,0,0,0,0,0,0,0,0,0,0,0,0,0,0,0,0,0,0,0,0,0,0,0,0,0,0,0,0,0,0,0,0,0,0,0,0,0,0,0,0,0,1,0,2,1,2,1,1,0,1,0,1,1,2,2,0,0,0,1,0,0,1,0,1,2,0,0,0,0,1,1.52924966
grassRedDry1_bin.25.strict,0,2,0,1,0,0,2,0,1,0,0,1,0,4,0,0,10,8,4,2,0,1,1,1,0,0,0,0,0,0,0,0,1,1,3,0,1,0,0,0,0,4,3,1,3,11,3,24,0,0,1,0,0,1,0,0,1,1,0,0,0,0,0,0,0,0,0,0,0,0,1,0,0,0,0,0,0,1,1,0,0,1,1,0,0,0,0,0,0,0,0,1,1,0,0,0,0,0,0,0,0,0,0,0,0,0,0,0,0,0,0,0,0,0,0,0,0,0,0,0,0,0,0,0,0,0,0,0,0,0,0,0,0,0,0,0,0,0,0,0,0,0,0,1,1,1,0,1,0,0,0,0,0,0,0,0,0,0,0,0,1,2,5,2,5,2,0,0,1,1,2,0,4,1,2,0,0,2,0,0,1,1,0,2,0,0,0,0,0,0.937161966
grassRedDry1_bin.26.strict,0,0,0,1,0,0,2,0,3,1,1,3,1,2,1,1,8,5,1,0,0,0,0,0,0,0,0,0,0,1,0,0,0,1,0,0,0,0,1,4,1,2,2,1,1,3,1,17,0,0,0,0,0,0,0,0,0,0,0,0,0,0,0,0,0,0,0,0,0,0,0,1,0,0,0,0,0,1,1,1,0,0,0,0,0,0,0,0,0,0,0,1,0,0,0,0,1,1,1,0,0,0,0,0,0,0,0,0,0,0,0,0,0,0,0,0,0,0,0,0,0,0,0,0,0,0,0,0,0,0,0,0,0,0,0,0,0,0,0,0,0,0,0,0,0,0,0,0,0,0,0,0,0,0,0,0,0,0,0,0,1,0,4,1,4,1,1,0,1,0,1,1,1,1,0,0,0,1,0,0,0,0,0,2,0,0,0,0,1,4.782577129
grassRedDry1_bin.27.orig,1,0,0,1,0,0,1,0,0,0,0,3,3,0,0,1,6,3,3,1,0,1,0,0,0,0,0,0,0,1,1,0,0,1,0,0,0,0,1,3,1,2,1,1,1,3,0,11,0,0,0,0,0,0,0,0,0,0,0,0,0,0,0,0,0,0,0,0,0,0,0,0,0,0,0,0,0,0,0,0,0,0,0,0,0,0,0,0,0,0,0,1,0,0,0,0,0,0,0,0,0,0,0,0,0,0,0,0,0,0,0,0,0,0,0,0,0,0,0,0,0,0,0,0,1,0,0,0,0,0,0,0,0,0,0,0,0,0,0,0,0,0,0,0,0,0,0,0,0,0,0,0,0,0,0,0,0,0,0,0,0,0,4,0,4,0,1,0,0,0,0,0,1,1,0,0,0,0,0,0,1,0,0,1,0,0,0,0,1,0.824381865
grassRedDry1_bin.28.orig,0,3,1,1,0,0,7,0,2,0,0,2,1,0,0,0,4,6,5,0,0,1,0,1,0,0,1,0,0,0,1,0,0,2,1,0,0,0,2,2,0,4,4,2,4,9,4,19,1,0,0,0,1,0,1,1,0,0,0,0,0,0,0,0,0,0,0,0,0,0,1,0,1,0,0,0,0,1,1,1,1,1,1,0,0,0,1,0,0,0,0,0,0,0,0,0,0,1,1,0,0,0,0,0,0,0,0,0,0,0,0,0,0,0,0,0,0,0,0,0,0,0,0,0,0,0,0,0,0,0,0,0,0,0,0,0,0,0,0,0,0,0,0,0,0,0,0,0,0,0,0,0,0,0,0,0,0,0,0,0,1,1,1,1,1,1,1,0,0,1,2,1,1,1,1,0,0,1,1,0,0,0,0,1,0,0,0,0,0,2.226778285
grassRedDry1_bin.29.orig,0,0,0,1,1,0,3,1,4,1,1,4,0,2,2,1,9,4,3,0,0,0,0,1,0,0,0,0,0,0,1,0,0,0,3,0,1,1,1,4,0,2,0,2,1,6,1,17,0,0,1,0,0,0,1,0,0,0,0,0,0,0,0,0,0,0,0,0,0,0,1,0,0,0,0,0,0,1,1,1,0,0,0,0,0,0,1,0,0,0,0,1,1,0,0,0,1,1,1,0,0,0,0,0,0,0,0,0,0,0,0,0,0,0,0,0,0,0,0,0,0,0,0,0,0,0,0,0,0,0,0,0,0,0,0,0,0,0,0,0,0,0,0,0,0,0,0,0,0,0,0,0,0,0,0,0,0,0,0,0,1,1,3,1,3,1,1,0,1,1,1,1,2,2,1,0,0,1,0,0,1,0,2,2,0,0,0,0,1,1.034743227
grassRedDry1_bin.3.orig,0,2,0,0,0,0,0,0,0,0,0,0,0,2,0,0,2,2,3,1,0,0,1,1,0,0,0,0,0,0,0,0,1,0,1,0,1,0,0,0,0,2,2,0,1,1,3,13,0,0,0,0,0,0,1,0,0,0,0,0,0,0,0,0,0,0,0,0,0,0,1,0,0,0,0,0,0,0,1,0,0,0,1,0,0,0,0,0,0,0,0,0,0,0,0,0,0,0,0,0,0,0,0,0,0,0,0,0,0,0,0,0,0,0,0,0,0,0,0,0,0,0,0,0,0,0,0,0,0,0,0,0,0,0,0,0,0,0,0,0,0,0,0,0,0,0,0,0,0,0,0,0,0,0,0,0,0,0,0,0,1,0,2,1,2,1,0,0,0,0,0,0,2,0,0,0,0,1,0,0,1,0,0,2,0,0,0,0,0,1.971171717
grassRedDry1_bin.30.strict,0,2,0,0,0,0,4,0,1,0,0,1,0,4,0,0,6,4,5,2,0,0,1,1,0,0,0,0,0,0,0,0,1,1,3,0,1,0,0,0,0,4,5,1,2,7,5,23,0,1,1,0,0,1,0,0,0,0,0,0,0,0,0,0,0,0,0,0,0,0,0,0,0,0,0,0,0,1,1,0,0,0,1,0,0,0,1,0,0,0,0,0,0,0,0,0,0,0,0,0,0,0,0,0,0,0,0,0,0,0,0,0,0,0,0,0,0,0,0,0,0,0,0,0,0,0,0,0,0,0,0,0,0,0,0,0,0,0,0,0,0,0,0,0,0,0,0,0,0,0,0,0,0,0,0,0,0,0,0,0,1,2,5,2,5,2,0,0,1,1,2,0,3,1,2,0,0,2,0,0,1,0,0,2,0,0,0,0,0,0.475269414
grassRedDry1_bin.31.orig,0,0,0,1,0,0,4,0,1,0,0,3,0,3,1,1,6,8,11,1,0,1,0,1,0,0,0,0,0,1,1,1,0,2,0,0,1,0,1,3,0,4,2,2,3,6,0,21,0,0,1,0,1,1,1,1,0,0,0,0,0,0,0,0,0,0,0,1,0,0,1,0,1,0,0,0,0,1,1,1,1,0,1,0,0,0,1,0,0,0,0,1,1,0,0,0,0,1,1,0,0,0,0,0,0,0,0,0,0,0,0,0,0,0,0,0,0,0,0,0,0,0,0,0,0,0,0,0,0,0,0,0,0,0,0,0,0,0,0,0,0,0,0,1,1,1,0,1,0,0,0,0,0,0,0,0,0,0,0,0,2,1,4,1,4,1,1,0,1,1,0,1,1,2,1,0,0,1,1,0,1,1,2,2,0,0,0,0,1,3.157132618
grassRedDry1_bin.32.orig,1,2,0,0,0,0,6,0,3,0,0,1,1,2,0,0,10,10,5,4,0,1,0,1,0,0,0,0,0,0,2,0,0,3,3,0,1,0,3,2,0,2,5,1,1,4,2,31,1,0,1,0,1,0,0,1,0,0,0,0,0,0,0,0,0,0,0,0,0,0,1,0,1,0,0,0,0,0,1,1,0,1,1,0,0,0,1,0,0,0,0,1,0,0,0,0,0,1,1,0,0,0,0,0,0,0,0,0,0,0,0,0,0,0,0,0,0,0,0,0,0,0,0,0,0,0,0,0,0,0,0,0,0,0,0,0,0,0,0,0,0,0,0,0,0,0,0,0,0,0,0,0,0,0,0,0,0,0,0,0,1,3,2,2,2,2,1,0,1,1,2,1,3,3,3,1,0,2,1,1,1,0,3,3,1,1,0,0,1,5.910585436
grassRedDry1_bin.33.permissive,0,0,0,3,0,0,1,0,2,1,1,2,2,1,1,0,15,6,2,1,1,1,0,0,0,0,0,0,0,0,2,0,0,3,1,1,0,0,0,1,1,0,1,0,0,1,2,32,0,0,1,0,0,0,0,0,0,0,0,0,0,0,0,0,0,0,0,0,0,0,1,0,0,0,0,0,0,1,1,1,0,0,0,0,0,0,0,0,0,0,0,0,1,0,0,0,0,1,0,0,0,0,0,0,0,0,0,0,0,0,0,0,0,0,0,0,0,0,0,0,0,0,0,0,0,0,0,0,0,0,0,0,0,0,0,0,0,0,0,0,0,0,0,0,0,0,0,0,0,0,0,0,0,0,0,0,0,0,0,0,1,1,2,0,2,0,1,1,1,1,2,1,2,0,1,0,0,0,0,0,1,0,3,2,0,0,1,0,1,0.410692987
grassRedDry1_bin.34.strict,0,0,1,0,1,0,4,1,5,1,1,3,0,4,1,0,11,4,5,0,1,1,0,1,0,0,0,0,0,1,1,0,0,3,3,0,1,0,0,4,1,3,2,1,1,7,4,25,0,1,1,0,0,0,1,0,0,0,1,0,0,0,0,0,0,0,0,0,0,0,1,0,0,0,1,0,0,0,1,1,0,0,0,0,1,0,1,0,0,0,0,1,0,0,0,0,0,0,0,0,0,0,0,0,0,0,0,0,0,0,0,0,0,0,0,0,0,0,0,0,0,0,0,0,0,0,0,0,0,0,0,0,0,0,0,0,0,0,0,0,0,0,0,1,1,0,0,0,0,0,0,0,0,0,0,0,0,0,0,0,1,0,3,1,3,1,1,0,1,1,1,0,3,1,0,0,0,1,0,0,1,0,0,2,0,0,1,0,1,1.053236611
grassRedDry1_bin.35.orig,1,3,0,1,0,1,2,0,1,0,0,2,1,7,2,1,30,11,9,4,0,1,1,1,1,1,1,1,0,3,1,0,0,3,2,0,1,2,3,3,0,2,2,1,1,3,0,27,1,0,1,0,1,0,0,1,0,0,1,0,0,0,0,0,0,0,0,1,0,0,1,0,0,0,0,0,0,0,1,1,1,0,0,0,0,0,1,0,0,0,0,0,0,0,0,0,1,1,1,1,0,0,0,0,0,0,0,0,0,0,0,0,0,0,0,0,0,0,0,0,0,0,0,0,0,0,0,0,0,0,0,0,0,0,0,0,0,0,0,0,0,0,0,1,1,1,0,1,0,0,0,0,0,0,0,0,0,0,0,0,1,3,5,2,5,2,0,0,1,1,1,1,3,1,3,1,0,2,0,1,1,0,3,3,1,1,0,0,0,0.560299562
grassRedDry1_bin.36.orig,0,3,0,1,0,0,4,0,2,0,0,0,1,1,0,0,1,5,4,1,0,1,0,1,0,0,1,0,0,0,0,0,0,1,0,0,0,0,1,1,0,4,3,1,3,8,1,9,0,0,0,0,0,0,1,0,0,0,0,0,0,0,0,0,0,0,0,0,0,0,0,0,1,0,0,0,0,1,1,0,0,0,1,0,0,0,0,0,0,0,0,0,0,0,0,0,0,1,0,0,0,0,0,0,0,0,0,0,0,0,0,0,0,0,0,0,0,0,0,0,0,0,0,0,0,0,0,0,0,0,0,0,0,0,0,1,0,0,0,0,0,0,1,0,0,0,0,0,0,0,0,0,0,0,0,0,0,0,0,0,0,2,1,0,1,0,1,0,0,1,0,0,1,0,2,0,0,0,1,0,0,0,1,1,0,0,0,0,1,1.878463512
grassRedDry1_bin.37.orig,0,0,0,1,0,0,0,0,2,0,0,2,0,1,0,1,9,4,3,1,0,1,0,0,0,0,0,0,0,1,0,1,0,0,2,0,0,0,1,4,0,2,0,1,1,3,1,14,0,0,1,0,0,0,1,1,0,0,0,0,0,0,0,0,0,0,0,0,0,0,0,0,0,0,0,0,0,0,1,1,0,0,0,0,0,0,1,0,0,0,0,0,1,0,0,0,0,0,0,0,0,0,0,0,0,0,0,0,0,0,0,0,0,0,0,0,0,0,0,0,0,0,0,0,1,0,0,0,0,0,0,0,0,0,0,0,0,0,0,0,0,0,0,1,1,1,0,1,0,0,0,0,0,0,0,0,0,0,0,0,1,0,3,0,3,0,1,0,1,0,1,1,3,0,0,0,0,0,0,0,1,0,1,1,0,0,0,0,0,0.900546429
grassRedDry1_bin.39.orig,0,3,0,1,0,0,1,0,0,0,0,2,0,6,0,1,19,8,7,3,0,0,1,1,1,1,1,0,0,1,0,0,0,3,3,0,0,2,2,6,0,2,2,1,1,3,1,32,0,0,0,0,0,0,0,0,0,0,0,0,0,0,0,0,0,0,0,1,0,0,1,0,1,0,0,0,0,0,1,1,1,0,0,0,0,0,0,0,0,0,0,0,1,0,0,0,0,1,0,0,0,0,0,0,0,0,0,0,0,0,0,0,0,0,0,0,0,0,0,0,0,0,0,0,1,0,0,0,0,0,0,0,0,0,0,0,0,0,0,0,0,0,0,1,1,1,0,1,0,0,0,0,0,0,0,0,0,0,0,0,1,2,5,2,5,2,1,0,0,0,1,0,4,2,2,0,0,2,1,1,1,1,2,3,1,1,0,0,0,0.625274499
grassRedDry1_bin.4.orig,0,2,0,1,0,0,3,0,2,0,0,2,1,6,0,1,9,7,7,2,0,1,1,1,0,0,1,0,0,0,0,0,0,2,4,0,0,2,1,6,0,4,3,1,2,5,0,17,0,0,1,0,0,0,0,0,0,0,1,0,0,0,0,0,0,0,0,0,0,0,0,0,0,0,0,0,0,1,1,1,0,0,0,0,0,0,0,0,0,0,0,0,0,0,0,0,0,0,0,0,0,0,0,0,0,0,0,0,0,0,0,0,0,0,0,0,0,0,0,0,0,0,0,0,0,0,0,0,0,0,0,0,0,0,0,0,0,0,0,0,0,0,0,0,0,0,0,0,0,0,0,0,0,0,0,0,0,0,0,0,1,2,2,1,2,1,1,0,0,0,0,0,2,1,2,0,0,1,0,1,1,0,1,1,1,1,0,0,0,3.22847549
grassRedDry1_bin.41.orig,0,3,0,0,0,0,2,0,0,0,0,0,0,0,0,1,8,7,7,3,0,0,0,1,1,1,0,0,0,0,1,0,0,1,0,0,0,2,2,3,0,3,2,1,2,5,0,15,0,0,0,0,1,0,0,1,0,0,0,0,0,0,0,0,0,0,0,1,0,0,1,0,1,0,0,0,0,0,0,1,0,0,1,0,0,0,0,0,0,0,0,0,1,0,0,0,1,1,1,0,0,0,0,0,0,0,0,0,0,0,0,0,0,0,0,0,0,0,0,0,0,0,0,0,0,0,0,0,0,0,0,0,0,0,0,0,0,0,0,0,0,0,0,0,0,0,0,0,0,0,0,0,0,0,0,0,0,0,0,0,1,2,2,1,2,1,1,0,1,0,1,0,1,1,2,0,0,1,0,1,1,0,0,2,1,1,0,2,1,5.897295669
grassRedDry1_bin.42.orig,1,0,0,1,1,0,2,0,2,1,1,3,3,3,0,0,8,2,4,0,1,1,1,1,0,0,0,0,0,0,1,1,0,2,1,0,0,0,1,5,1,5,2,1,2,8,3,12,0,0,1,0,0,0,0,0,0,0,1,0,0,0,0,0,0,0,0,0,0,0,0,0,0,0,0,0,0,0,1,1,1,0,0,0,0,0,1,0,0,0,0,1,0,0,0,0,0,1,0,0,0,0,0,0,0,0,0,0,0,0,0,0,0,0,0,0,0,0,0,0,0,0,0,0,0,0,0,0,0,0,0,0,0,0,0,0,0,0,0,0,0,0,0,0,0,0,0,0,0,0,0,0,0,0,0,0,0,0,0,0,0,0,0,1,0,1,0,0,1,1,1,1,3,1,0,0,0,1,0,0,1,0,1,1,0,0,0,0,0,1.521149542
grassRedDry1_bin.44.orig,0,0,1,1,1,0,1,0,4,1,1,2,0,5,3,1,8,6,5,0,1,1,1,1,0,0,0,0,0,1,1,0,0,1,2,0,0,0,1,3,0,4,2,1,2,7,2,14,0,0,1,0,1,1,1,1,0,0,0,0,0,0,0,0,0,0,0,0,0,0,1,1,0,0,0,0,0,1,1,1,0,0,0,0,0,0,1,0,0,0,0,1,1,0,0,0,0,1,1,0,0,0,0,0,0,0,0,0,0,0,0,0,0,0,0,0,0,0,0,0,0,0,0,0,1,0,0,0,0,0,0,0,0,0,0,0,0,0,0,0,0,0,0,0,0,0,0,0,0,0,0,0,0,0,0,0,0,0,0,0,0,1,4,1,4,1,1,0,1,1,0,1,3,1,1,0,0,1,0,0,1,0,2,1,0,0,0,0,1,0.681197882
grassRedDry1_bin.45.orig,0,0,1,1,0,0,2,0,1,1,1,4,0,2,0,1,4,5,4,0,0,0,0,1,0,0,0,0,0,0,1,0,0,2,0,0,0,0,2,3,1,5,2,2,4,7,4,17,0,0,1,0,0,0,0,1,0,0,0,0,0,0,0,0,0,0,0,0,0,0,1,1,0,0,0,0,0,0,1,1,0,0,0,0,0,0,1,0,0,0,0,1,0,0,0,0,0,0,0,0,0,0,0,0,0,0,0,0,0,0,0,0,0,0,0,0,0,0,0,0,0,0,0,0,0,0,0,0,0,0,0,0,0,0,0,0,0,0,0,0,0,0,0,0,0,0,0,0,0,0,0,0,0,0,0,0,0,0,0,0,1,0,3,1,3,1,0,0,1,0,0,1,2,2,0,0,0,1,0,0,1,0,1,2,0,0,0,0,1,1.205126919
grassRedDry1_bin.46.orig,0,0,0,1,0,0,2,1,3,1,1,5,1,4,1,1,8,7,4,0,2,1,0,1,0,0,0,0,0,1,1,0,0,2,2,0,1,1,1,4,1,2,2,0,0,5,1,19,0,0,1,0,0,0,1,0,0,0,0,0,0,0,0,0,0,0,0,1,0,0,1,0,0,0,0,0,0,1,1,1,0,0,0,0,1,1,1,0,0,0,0,1,1,0,0,0,1,1,0,0,0,0,0,0,0,0,0,0,0,0,0,0,0,0,0,0,0,0,0,0,0,0,0,0,0,0,0,0,0,0,0,0,0,0,0,0,0,0,0,0,0,0,0,0,0,0,0,0,0,0,0,0,0,0,0,0,0,0,0,0,1,1,4,1,4,1,1,0,1,1,1,1,3,3,1,0,0,1,0,1,0,0,1,1,1,1,0,0,0,2.622356013
grassRedDry1_bin.47.permissive,0,2,0,0,0,0,4,0,1,0,0,0,0,2,0,0,4,2,5,1,0,0,0,1,0,0,0,0,0,0,0,0,0,0,1,0,1,0,0,0,0,2,4,0,1,6,3,22,0,0,0,0,0,0,0,0,0,0,0,0,0,0,0,0,0,0,0,0,0,0,1,0,0,0,0,0,0,0,1,0,0,0,1,0,0,0,1,0,0,0,0,0,0,0,0,0,0,0,0,0,0,0,0,0,0,0,0,0,0,0,0,0,0,0,0,0,0,0,0,0,0,0,0,0,0,0,0,0,0,0,0,0,0,0,0,0,0,0,0,0,0,0,0,0,0,0,0,0,0,0,0,0,0,0,0,0,0,0,0,0,2,2,3,2,3,2,0,0,1,1,1,0,3,1,2,0,0,2,0,0,1,0,0,3,0,0,0,0,0,0.637177562
grassRedDry1_bin.48.orig,0,2,0,1,0,0,3,0,1,0,0,1,0,2,0,1,8,7,4,2,0,1,0,1,0,0,0,1,0,0,0,0,1,1,1,0,1,0,0,0,0,4,4,1,3,9,7,27,0,0,1,0,0,1,0,0,0,0,0,0,0,0,0,0,0,0,0,0,0,0,1,0,0,0,0,0,0,1,0,0,0,1,1,0,0,0,1,0,0,0,0,0,0,0,0,0,0,0,0,0,0,0,0,0,0,0,0,0,0,0,0,0,0,0,0,0,0,0,0,0,0,0,0,0,0,0,0,1,0,0,0,0,0,0,0,0,0,0,0,0,0,0,0,0,0,0,0,0,0,0,0,0,0,0,0,0,0,0,0,0,2,3,3,1,3,1,0,0,1,1,2,0,3,1,3,0,0,1,0,0,1,1,1,3,0,0,0,0,1,1.307164638
grassRedDry1_bin.49.orig,0,3,0,1,0,0,6,0,3,1,1,3,3,5,2,1,7,9,6,2,0,1,1,1,1,1,1,1,0,1,1,1,0,2,1,0,1,1,1,4,0,2,2,1,1,5,1,20,0,0,1,0,0,0,0,0,0,1,0,0,1,0,0,0,0,0,0,0,0,1,1,0,1,0,0,0,0,1,1,1,0,0,0,0,0,0,0,0,0,0,0,0,0,0,0,0,0,1,0,0,0,0,0,0,0,0,0,0,0,0,0,0,0,0,0,0,0,0,0,0,0,0,0,0,0,0,0,0,0,0,0,0,0,0,0,0,0,0,0,0,0,0,0,0,0,0,0,0,0,0,0,0,0,0,0,0,0,0,0,0,0,3,5,1,5,1,1,0,1,1,0,0,2,2,3,0,0,1,0,1,0,1,1,1,1,1,0,0,0,3.980190502
grassRedDry1_bin.5.orig,0,0,1,1,0,0,3,1,2,1,1,4,0,3,1,0,10,5,6,0,1,0,0,0,0,1,0,0,0,1,1,1,0,2,0,0,0,1,1,4,0,5,3,1,1,9,3,22,0,0,1,0,1,0,1,1,0,1,1,0,0,0,0,0,0,0,0,1,0,0,1,0,0,0,0,0,0,0,1,1,0,0,0,0,0,0,1,0,0,0,0,0,1,0,0,0,0,1,0,0,0,0,0,0,0,0,0,0,0,0,0,0,0,0,0,0,0,0,0,0,0,0,0,0,1,0,0,0,0,0,0,0,0,0,0,0,0,0,0,0,0,0,0,0,0,0,0,0,0,0,0,0,0,0,0,0,0,0,0,0,1,0,2,1,2,1,1,0,1,0,1,1,2,2,0,0,0,1,0,0,1,0,1,2,0,0,0,0,1,0.515765828
grassRedDry1_bin.50.orig,0,3,0,0,0,0,4,0,0,0,0,3,1,4,1,1,7,3,9,3,0,1,0,1,0,0,1,1,0,2,0,1,0,3,0,0,2,2,3,5,0,3,2,1,2,7,1,23,0,0,1,0,0,0,0,1,0,0,1,0,0,0,0,0,0,0,0,1,0,1,1,0,1,0,0,0,0,1,1,1,0,0,0,0,0,0,0,0,0,0,0,0,1,0,0,0,0,1,0,0,0,0,0,0,0,0,0,0,0,0,0,0,0,0,0,0,0,0,0,0,0,0,0,0,0,0,0,0,0,0,0,0,0,0,0,0,0,0,0,0,0,0,0,1,1,1,0,1,0,0,0,0,0,0,0,0,0,0,0,0,1,3,3,2,3,2,0,0,1,0,1,0,2,2,3,0,0,2,1,1,0,1,2,2,1,1,0,0,0,1.903129021
grassRedDry1_bin.51.orig,0,0,0,1,0,0,4,0,1,0,0,4,1,3,1,1,7,5,3,1,1,0,0,1,0,0,0,0,0,1,1,0,0,2,1,0,0,1,1,3,1,3,3,1,1,6,1,15,0,0,1,0,0,0,1,0,0,0,0,0,0,0,0,0,0,0,0,0,0,0,1,0,0,0,0,0,0,1,1,1,0,0,0,0,0,0,1,0,0,0,0,1,0,0,0,0,0,1,0,0,0,0,0,0,0,0,0,0,0,0,0,0,0,0,0,0,0,0,0,0,0,0,0,0,0,0,0,0,0,0,0,0,0,0,0,0,0,0,0,0,0,0,0,0,0,0,0,0,0,0,0,0,0,0,0,0,0,0,0,0,1,0,4,1,4,1,1,0,1,0,0,1,2,1,0,0,0,1,0,1,0,0,1,2,1,1,0,0,0,3.073839446
grassRedDry1_bin.52.orig,0,3,0,0,1,0,6,0,2,0,0,1,1,1,0,0,4,5,4,0,0,1,0,1,0,0,1,0,0,0,1,0,0,1,1,0,1,0,3,2,0,3,3,2,3,9,6,26,0,0,0,0,0,0,1,0,0,0,0,0,0,0,0,0,0,0,0,0,0,0,1,0,1,0,0,0,0,1,1,1,1,1,1,0,0,0,1,0,0,0,0,0,0,0,0,0,1,1,0,0,0,0,0,0,0,0,0,0,0,0,0,0,0,0,0,0,0,0,0,0,0,0,0,0,0,0,0,0,0,0,0,0,0,0,0,0,0,0,0,0,0,0,0,0,0,0,0,0,0,0,0,0,0,0,0,0,0,0,0,0,1,4,4,2,4,2,1,0,1,0,1,0,2,2,4,0,0,2,1,0,1,0,2,1,0,0,0,0,1,1.259776614
grassRedDry1_bin.53.orig,1,0,0,1,0,0,2,1,5,1,1,5,2,2,2,1,12,6,4,1,2,1,0,0,0,0,0,0,0,3,1,1,0,1,3,0,2,1,0,3,1,3,2,1,1,9,3,21,0,1,1,0,1,0,1,1,0,0,0,0,0,0,0,0,0,0,0,1,0,0,1,0,0,0,0,0,0,1,1,1,0,0,1,0,0,0,1,0,0,0,0,0,1,0,0,0,0,1,1,0,0,0,0,0,0,0,0,0,0,0,0,0,0,0,0,0,0,0,0,0,0,0,0,0,0,0,0,0,0,0,0,0,0,0,0,0,0,0,0,0,0,0,0,1,1,1,0,1,0,0,0,0,0,0,0,0,0,0,0,0,1,1,4,1,4,1,1,0,1,1,1,1,2,3,1,0,0,1,0,0,0,0,1,2,0,0,0,0,0,2.480739745
grassRedDry1_bin.54.permissive,1,3,0,1,0,0,3,0,3,1,1,3,2,5,0,1,4,7,9,1,0,1,1,1,0,0,0,1,0,0,0,0,0,3,3,0,1,0,0,5,0,3,1,1,2,2,3,18,0,0,0,0,0,0,0,1,0,0,0,0,0,0,0,0,0,0,0,1,0,0,1,0,1,0,0,0,0,0,1,1,0,0,1,0,0,0,0,0,0,0,0,1,0,0,0,0,0,0,0,0,0,0,0,0,0,0,0,0,0,0,0,0,0,0,0,0,0,0,0,0,0,0,0,0,0,0,0,0,0,0,0,0,0,0,0,0,0,0,0,0,0,0,0,1,1,1,0,1,0,0,0,0,0,0,0,0,0,0,0,0,2,2,4,1,4,1,1,0,1,1,1,0,3,2,2,0,0,1,1,1,1,1,2,3,1,1,0,0,0,3.352483462
grassRedDry1_bin.6.orig,1,0,0,0,0,0,4,0,0,0,0,2,1,0,0,0,3,3,5,1,0,0,0,0,0,0,1,0,0,0,1,0,0,1,2,0,0,0,3,1,0,5,1,1,2,8,4,14,0,0,0,0,0,0,1,0,0,0,0,0,0,0,0,0,0,0,0,0,0,0,0,0,0,0,0,0,0,0,0,0,0,1,1,0,0,0,0,0,0,0,0,0,0,0,0,0,0,1,0,0,0,0,0,0,0,0,0,0,0,0,0,0,0,0,0,0,0,0,0,0,0,0,0,0,0,0,0,0,0,0,0,0,0,0,0,0,0,0,0,0,0,0,0,0,0,0,0,0,0,0,0,0,0,0,0,0,0,0,0,0,0,2,2,0,2,0,1,1,0,0,1,1,1,1,2,0,0,0,1,0,1,0,1,1,0,0,0,0,1,4.038416467
grassRedDry1_bin.7.orig,0,3,0,0,0,0,3,0,1,0,0,1,0,3,0,0,8,9,3,3,0,0,0,1,0,0,1,0,0,0,0,0,0,3,3,0,1,1,2,0,0,1,2,0,0,3,2,21,0,0,1,0,1,0,0,0,0,0,0,0,0,0,0,0,0,0,0,0,0,0,1,0,1,0,0,0,0,0,1,1,0,1,1,0,0,0,0,0,0,0,0,0,0,0,0,0,0,1,0,0,0,0,0,0,0,0,0,0,0,0,0,0,0,0,0,0,0,0,0,0,0,0,0,0,0,0,0,0,0,0,0,0,0,0,0,0,0,0,0,0,0,0,0,1,1,1,0,1,0,0,0,0,0,0,0,0,0,0,0,0,1,2,5,1,5,1,1,0,1,0,1,1,3,2,2,0,0,1,1,1,1,0,3,2,1,1,0,0,1,3.059607001
grassRedDry1_bin.8.orig,0,3,0,1,1,0,3,0,2,0,0,3,2,6,2,1,7,10,7,4,0,0,1,1,1,1,1,0,0,0,0,1,0,3,1,0,2,1,2,6,0,2,2,1,2,3,1,30,0,0,1,0,1,0,0,0,0,0,0,0,0,0,0,0,0,0,0,0,0,1,1,0,0,0,0,0,0,1,1,1,1,0,0,0,0,0,0,0,0,0,0,1,1,0,0,0,0,0,0,0,0,0,0,0,0,0,0,0,0,0,0,0,0,0,0,0,0,0,0,0,0,0,0,0,0,0,0,0,0,0,0,0,0,0,0,0,0,0,0,0,0,0,0,1,1,1,0,1,0,0,0,0,0,0,0,0,0,0,0,0,1,4,2,2,2,2,1,1,1,1,2,0,2,2,4,0,0,2,0,1,1,1,3,2,1,1,0,0,0,3.842988555
grassRedDry1_bin.9.orig,1,0,0,0,0,0,1,0,4,1,1,3,0,2,1,1,4,6,5,0,0,0,0,0,0,1,0,0,0,0,1,0,0,1,1,0,0,1,0,3,1,3,1,1,1,8,3,17,0,0,1,0,0,0,0,0,0,0,0,0,0,0,0,0,0,0,0,0,0,0,1,0,0,0,0,0,0,0,1,1,0,0,0,0,0,0,0,0,0,0,0,1,0,0,0,0,0,0,0,0,0,0,0,0,0,0,0,0,0,0,0,0,0,0,0,0,0,0,0,0,0,0,0,0,0,0,0,0,0,0,0,0,0,0,0,0,0,0,0,0,0,0,0,0,0,0,0,0,0,0,0,0,0,0,0,0,0,0,0,0,0,0,3,0,3,0,1,0,1,1,1,0,2,1,0,0,0,0,0,0,1,0,1,0,0,0,0,0,0,7.74289036
grassRedDry2_bin.1.orig,1,3,0,0,0,0,1,0,0,0,0,2,0,5,1,1,6,9,5,2,0,0,1,1,1,1,0,0,0,0,0,0,0,3,3,0,0,2,1,2,0,3,3,1,2,5,0,16,0,0,1,0,1,0,0,0,0,0,0,0,0,0,0,0,0,0,0,0,0,0,1,0,0,0,0,0,0,1,1,0,0,0,0,0,0,0,0,0,0,0,0,0,1,0,0,0,0,0,0,0,0,0,0,0,0,0,0,0,0,0,0,0,0,0,0,0,0,0,0,0,0,0,0,0,0,0,0,0,0,0,0,0,0,0,0,0,0,0,0,0,0,0,0,0,0,0,0,0,0,0,0,0,0,0,0,0,0,0,0,0,0,3,3,1,3,1,1,0,0,0,0,0,2,2,3,0,0,1,0,0,1,0,3,1,0,0,0,0,0,2.229727142
grassRedDry2_bin.10.orig,0,3,0,0,0,0,4,0,2,0,0,1,1,6,1,0,7,6,11,3,0,1,1,0,0,0,1,1,0,0,2,0,0,3,1,0,0,2,1,2,0,3,2,1,2,6,0,20,0,0,1,0,0,0,0,0,0,0,0,0,0,0,0,0,0,0,0,0,0,1,1,0,1,1,0,0,0,0,0,1,1,0,1,0,0,0,0,0,0,0,0,1,0,0,0,0,0,1,0,0,0,0,0,0,0,0,0,0,0,0,0,0,0,1,0,0,0,0,0,0,0,0,0,0,0,0,0,0,0,1,0,0,0,0,0,1,1,0,0,0,0,0,1,1,1,0,0,0,0,0,0,0,1,0,1,0,0,0,0,0,0,3,2,0,2,0,1,0,1,0,2,0,2,1,3,0,0,0,0,0,1,1,3,1,0,0,0,0,0,1.865359082
grassRedDry2_bin.11.strict,0,2,0,1,0,0,3,0,0,0,0,1,0,2,0,0,4,4,5,2,0,1,0,1,0,0,0,0,0,0,2,0,0,1,2,0,1,0,1,0,0,4,4,2,4,9,3,29,0,0,1,0,0,0,0,1,0,0,0,0,0,0,0,0,0,0,0,0,0,0,1,0,0,0,0,1,0,1,1,1,0,1,0,0,0,0,1,0,0,0,0,1,0,0,0,0,0,0,0,0,0,0,0,0,0,0,0,0,0,0,0,0,0,0,0,0,0,0,0,0,0,0,0,0,0,0,0,0,0,0,0,0,0,0,0,0,0,0,0,0,0,0,0,0,0,0,0,0,0,0,0,0,0,0,0,0,0,0,0,0,1,2,4,1,4,1,0,0,1,1,2,0,2,1,2,0,0,1,0,0,1,0,0,2,0,0,0,0,0,1.393945295
grassRedDry2_bin.12.orig,0,3,0,0,0,0,4,0,2,0,0,2,0,2,0,1,8,1,7,1,0,0,0,1,0,0,0,0,0,0,0,0,0,2,1,1,0,1,0,3,0,3,2,1,2,6,0,10,0,0,0,0,1,0,0,1,0,0,0,0,0,0,0,0,0,0,0,0,0,0,1,0,1,0,0,0,0,0,1,1,0,0,0,0,0,0,0,0,0,0,0,0,0,0,0,0,0,1,0,0,0,0,0,0,0,0,0,0,0,0,0,0,0,0,0,0,0,0,0,0,0,0,0,0,0,0,0,0,0,0,0,0,0,0,0,0,0,0,0,0,0,0,0,0,0,0,0,0,0,0,0,0,0,0,0,0,0,0,0,0,2,2,1,0,1,0,0,0,0,1,1,0,1,1,2,0,0,0,1,0,1,1,0,2,0,0,0,0,0,1.140799405
grassRedDry2_bin.13.orig,0,0,1,1,0,0,2,0,2,0,0,2,0,2,0,1,8,5,4,0,0,0,0,1,0,0,0,0,0,1,1,1,0,1,0,0,1,1,2,4,1,4,3,1,2,8,4,22,0,0,1,0,1,0,1,0,0,0,0,0,0,0,0,0,0,0,0,0,0,0,0,0,0,0,0,0,0,0,1,1,0,0,1,0,0,0,1,0,0,0,0,1,0,0,0,0,0,0,0,0,0,0,0,0,0,0,0,0,0,0,0,0,0,0,0,0,0,0,0,0,0,0,0,0,1,0,0,0,0,0,0,0,0,0,0,0,0,0,0,0,0,0,0,0,0,0,0,0,0,0,0,0,0,0,0,0,0,0,0,0,0,2,2,1,2,1,1,0,1,0,1,1,1,2,2,0,0,1,0,0,1,0,2,0,0,0,0,0,0,1.114399158
grassRedDry2_bin.14.strict,0,2,0,1,0,0,3,0,1,0,0,0,0,4,0,0,5,3,4,2,0,1,1,1,0,0,0,0,0,0,0,0,1,2,1,0,1,0,0,0,0,4,4,1,3,10,3,24,0,1,1,0,0,1,0,1,1,0,0,0,0,0,0,0,0,0,0,0,0,0,1,0,0,0,0,0,0,0,1,0,0,0,0,0,0,0,1,0,0,0,0,1,0,0,0,0,0,0,0,0,0,0,0,0,0,0,0,0,0,0,0,0,0,0,0,0,0,0,0,0,0,0,0,0,0,0,0,0,0,0,0,0,0,0,0,0,0,0,0,0,0,0,0,0,0,0,0,0,0,0,0,0,0,0,0,0,0,0,0,0,1,3,4,2,4,2,0,0,1,0,1,0,2,0,3,0,0,2,1,0,0,0,0,2,0,0,0,0,0,1.461285726
grassRedDry2_bin.15.orig,0,2,0,1,0,0,4,0,0,0,0,0,0,3,0,0,7,7,4,2,0,0,1,1,0,0,0,0,0,0,0,0,1,2,1,0,1,0,0,0,0,5,4,2,4,9,7,29,0,1,1,0,0,0,0,1,1,1,0,0,0,0,0,0,0,0,0,0,0,0,1,1,0,0,0,0,0,1,1,0,0,1,1,0,0,0,1,0,0,0,0,1,1,0,0,0,0,0,1,0,0,0,0,0,0,0,0,0,0,0,0,0,0,0,0,0,0,0,0,0,0,0,0,0,0,0,0,0,0,0,0,0,0,0,0,0,0,0,0,0,0,0,0,0,0,0,0,0,0,0,0,0,0,0,0,0,0,0,0,0,2,3,5,2,5,2,0,0,1,1,1,0,2,1,3,0,0,2,0,0,1,0,0,3,0,0,0,0,0,2.471582995
grassRedDry2_bin.16.orig,0,3,0,0,0,0,1,0,0,0,0,0,0,2,1,1,4,2,9,2,0,0,0,0,0,0,0,0,0,0,0,0,0,3,0,0,0,1,0,3,0,2,1,1,2,4,1,15,0,0,0,0,1,0,0,1,0,0,0,0,0,0,0,0,0,0,0,0,0,0,1,0,1,0,0,0,0,1,0,1,0,0,1,0,0,0,0,0,0,0,0,0,0,0,0,0,0,0,0,0,0,0,0,0,0,0,0,0,0,0,0,0,0,0,0,0,0,0,0,0,0,0,0,0,0,0,0,0,0,0,0,0,0,0,0,0,0,0,0,0,0,0,1,0,0,0,0,0,0,0,0,0,0,0,0,0,0,0,0,0,0,2,2,1,2,1,1,0,1,0,0,0,0,2,2,0,0,1,0,0,1,0,0,1,0,0,0,0,0,1.578801742
grassRedDry2_bin.17.strict,1,0,1,1,0,0,2,1,2,0,0,4,0,3,1,1,7,6,4,0,0,0,1,1,0,0,0,0,0,0,1,1,0,1,1,0,1,1,0,1,0,1,1,2,2,6,0,14,0,0,1,0,1,0,1,1,0,0,0,0,0,0,0,0,0,0,0,0,0,0,0,0,0,0,0,0,0,0,1,1,0,0,0,0,0,0,1,0,0,0,0,0,0,0,0,0,0,0,0,0,0,0,0,0,0,0,0,0,0,0,0,0,0,0,0,0,0,0,0,0,0,0,0,0,0,0,0,0,0,0,0,0,0,0,0,0,0,0,0,0,0,0,0,0,0,0,0,0,0,0,0,0,0,0,0,0,0,0,0,0,1,0,2,0,2,0,0,0,1,0,0,1,0,1,0,0,0,0,1,0,1,0,1,1,0,0,0,0,1,0.585189038
grassRedDry2_bin.18.orig,0,2,0,0,0,0,2,0,1,0,0,2,0,0,0,0,3,7,3,2,0,0,0,1,0,0,0,0,0,0,0,0,0,2,0,0,0,0,2,1,0,2,2,2,1,6,2,20,0,0,0,0,1,0,0,0,0,0,0,0,0,0,0,0,0,0,0,0,0,0,1,0,0,0,0,0,0,1,1,1,0,1,1,0,0,0,0,0,0,0,0,0,0,0,0,0,0,1,1,0,0,0,0,0,0,0,0,0,0,0,0,0,0,0,0,0,0,0,0,0,0,0,0,0,0,0,0,0,0,0,0,0,0,0,0,0,0,0,0,0,0,0,0,0,0,0,0,0,0,0,0,0,0,0,0,0,0,0,0,0,0,3,0,1,0,1,0,0,1,0,1,0,1,0,3,0,0,1,0,1,1,0,0,0,1,1,0,0,0,3.331600158
grassRedDry2_bin.19.orig,0,0,0,1,0,0,2,0,3,1,1,3,0,2,0,0,9,7,4,0,1,1,0,1,0,0,0,0,0,0,1,1,0,2,1,0,1,0,2,1,0,5,2,2,4,10,4,20,0,0,0,0,0,0,1,0,0,0,0,0,0,0,0,0,0,0,0,1,0,0,1,0,0,0,0,0,0,0,1,1,1,0,0,0,0,0,1,0,0,0,0,1,0,0,0,0,0,0,0,0,0,0,0,0,0,0,0,0,0,0,0,0,0,0,0,0,0,0,0,0,0,0,0,0,0,0,0,0,0,0,0,0,0,0,0,0,0,0,0,0,0,0,0,0,0,0,0,0,0,0,0,0,0,0,0,0,0,0,0,0,0,1,1,0,1,0,1,0,1,1,0,1,3,1,1,0,0,0,0,0,0,0,0,0,0,0,0,0,1,0.944496976
grassRedDry2_bin.2.orig,0,2,0,2,0,1,2,0,1,0,0,0,0,1,0,0,5,4,1,2,0,1,0,1,0,0,0,0,0,0,0,0,0,0,0,0,1,0,0,0,0,3,3,2,3,9,6,22,0,0,0,0,0,0,1,1,0,0,0,0,0,0,0,0,0,0,0,0,0,0,1,1,1,0,0,0,0,1,1,0,0,1,0,0,0,0,1,0,0,0,0,1,1,0,0,0,0,0,0,0,0,0,0,0,0,0,0,0,0,0,0,0,0,0,0,0,0,0,0,0,0,0,0,0,0,0,0,1,0,0,0,0,0,0,0,0,0,0,0,0,0,0,0,0,0,0,0,0,0,0,0,0,0,0,0,0,0,0,0,0,1,3,2,2,2,2,0,0,1,0,1,0,0,0,3,0,0,2,0,0,1,0,0,1,0,0,0,0,0,0.014374243
grassRedDry2_bin.20.orig,0,0,0,1,0,1,2,0,3,1,1,3,1,4,0,1,5,6,7,0,0,1,1,1,0,0,0,0,0,2,1,1,0,1,3,0,0,0,2,4,1,4,2,1,3,4,3,19,0,0,1,0,0,0,1,1,0,0,1,0,0,0,0,0,0,0,0,1,0,0,0,0,0,0,0,0,0,1,1,1,0,0,0,0,0,0,1,0,0,0,0,1,1,0,0,0,1,1,1,0,0,0,0,0,0,0,0,0,0,0,0,0,0,0,0,0,0,0,0,0,0,0,0,0,0,0,0,0,0,0,0,0,0,0,0,0,0,0,0,0,0,0,0,0,0,0,0,0,0,0,0,0,0,0,0,0,0,0,0,0,1,0,2,1,2,1,1,0,1,1,0,0,3,2,0,0,0,1,0,0,1,0,2,2,0,0,0,0,1,0.989592273
grassRedDry2_bin.21.orig,0,3,0,0,1,0,2,0,2,0,0,2,1,5,0,1,10,8,9,2,1,0,1,1,0,0,1,0,0,0,0,0,0,2,2,0,1,2,2,6,0,3,3,1,2,4,0,27,1,0,1,0,1,0,0,1,0,0,0,0,0,0,0,0,0,0,0,0,0,0,1,0,0,0,0,0,0,0,1,1,1,0,0,0,0,0,0,0,0,0,0,0,1,0,0,0,0,0,1,0,0,0,0,0,0,0,0,0,0,0,0,0,0,0,0,0,0,0,0,0,0,0,0,0,0,0,0,0,0,0,0,0,0,0,0,0,0,0,0,0,0,0,0,1,1,1,0,1,0,0,0,0,0,0,0,0,0,0,0,0,1,3,5,2,5,2,1,1,1,0,1,0,3,1,3,0,0,2,1,1,1,1,2,2,1,1,0,0,0,2.602477075
grassRedDry2_bin.22.orig,0,2,0,1,0,0,3,0,1,0,0,1,0,4,0,1,6,3,4,2,0,0,1,1,0,0,0,0,0,0,0,0,1,1,1,0,1,0,1,0,0,6,5,3,5,10,5,27,0,0,1,0,0,1,1,0,0,0,0,0,0,0,0,0,0,0,0,0,0,0,0,0,0,0,0,0,0,1,1,0,0,1,0,0,0,0,1,0,0,0,0,0,1,0,0,0,0,0,0,0,0,0,0,0,0,0,0,0,0,0,0,0,0,0,0,0,0,0,0,0,0,0,0,0,0,0,0,0,0,0,0,0,0,0,0,0,0,0,0,0,0,0,0,0,0,0,0,0,0,0,0,0,0,0,0,0,0,0,0,0,2,2,5,2,5,2,0,0,1,1,1,0,2,1,2,0,0,2,0,0,1,0,1,3,0,0,0,0,0,0.795058316
grassRedDry2_bin.23.orig,0,0,1,1,1,0,1,1,4,1,1,4,0,5,4,1,9,6,5,0,1,1,1,1,0,0,0,0,0,1,1,1,0,1,4,0,1,0,1,3,0,5,3,1,2,8,2,18,0,1,1,0,1,1,1,1,0,0,1,0,0,0,0,0,0,0,0,0,0,0,1,1,0,0,0,0,0,1,1,1,0,0,0,0,0,0,1,0,0,0,0,1,1,0,0,0,0,1,1,0,0,0,0,0,0,0,0,0,0,0,0,0,0,0,0,0,0,0,0,0,0,0,0,0,1,0,0,0,0,0,0,0,0,0,0,0,0,0,0,0,0,0,0,0,0,0,0,0,0,0,0,0,0,0,0,0,0,0,0,0,1,1,5,1,5,1,1,0,1,1,1,1,4,1,1,0,0,1,0,0,1,0,2,2,0,0,0,0,1,0.835541405
grassRedDry2_bin.24.orig,0,3,1,0,0,0,3,0,1,0,0,1,0,3,1,0,3,6,7,1,0,0,1,1,0,0,1,0,0,0,1,0,0,1,0,0,1,0,1,2,0,3,3,2,4,4,3,23,1,0,0,0,1,0,0,0,0,1,0,0,0,0,0,0,0,0,0,0,0,0,1,0,1,0,0,0,0,1,1,1,0,0,0,0,0,0,1,0,0,0,0,1,1,0,0,0,1,0,1,0,0,0,0,0,0,0,0,0,0,0,0,0,0,0,0,0,0,0,0,0,0,0,0,0,0,0,0,0,0,0,0,0,0,0,0,0,0,0,0,0,0,0,0,1,1,1,0,1,0,0,0,0,0,0,0,0,0,0,0,0,1,3,4,1,4,1,1,0,1,0,1,0,0,1,3,0,0,1,1,1,1,0,1,2,1,1,0,0,1,1.480481902
grassRedDry2_bin.25.orig,1,3,0,0,1,0,4,0,1,0,0,2,0,4,0,0,3,8,4,1,0,0,1,1,0,0,1,0,0,0,1,0,0,1,1,0,1,0,2,2,0,3,2,1,1,8,2,29,0,0,0,0,0,0,1,0,0,0,0,0,0,0,0,0,0,0,0,0,0,0,1,0,1,0,0,0,0,1,1,1,1,1,1,0,0,0,0,0,0,0,0,0,1,0,0,0,1,1,0,0,0,0,0,0,0,0,0,0,0,0,0,0,0,0,0,0,0,0,0,0,0,0,0,0,0,0,0,0,0,0,0,0,0,0,0,0,0,0,0,0,0,0,0,1,1,1,0,1,0,0,0,0,0,0,0,0,0,0,0,0,1,2,5,2,5,2,1,0,1,1,2,0,1,2,2,0,0,2,1,1,1,0,2,3,1,1,0,0,1,2.433824144
grassRedDry2_bin.26.orig,0,0,0,1,0,0,3,0,1,0,0,1,0,1,1,0,1,3,3,1,0,0,0,0,0,0,1,0,0,0,0,0,0,0,1,0,1,0,1,1,0,4,3,1,3,9,3,13,0,0,0,0,0,0,1,0,0,0,0,0,0,0,0,0,0,0,0,0,0,0,1,0,1,0,0,0,0,0,1,1,1,0,0,0,0,0,0,0,0,0,0,0,0,0,0,0,0,1,0,0,0,0,0,0,0,0,0,0,0,0,0,0,0,0,0,0,0,0,0,0,0,0,0,0,0,0,0,0,0,0,0,0,0,0,0,0,0,0,0,0,0,0,0,0,0,0,0,0,0,0,0,0,0,0,0,0,0,0,0,0,1,1,0,2,0,2,0,0,0,1,1,0,0,0,1,0,0,2,1,0,0,0,1,1,0,0,0,0,0,3.698483723
grassRedDry2_bin.27.orig,0,0,0,1,0,0,1,0,4,1,1,4,0,4,0,0,11,6,4,0,1,1,1,1,0,0,0,0,0,1,0,0,0,1,2,0,2,1,1,2,0,4,4,1,2,8,3,13,0,0,0,0,0,0,1,1,0,0,0,0,0,0,0,0,0,0,0,0,0,0,0,0,0,0,0,0,0,1,1,1,0,0,0,0,0,0,1,0,0,0,0,1,0,0,0,0,0,1,0,0,0,0,0,0,0,0,0,0,0,0,0,0,0,0,0,0,0,0,0,0,0,0,0,0,0,0,0,0,0,0,0,0,0,0,0,0,0,0,0,0,0,0,0,0,0,0,0,0,0,0,0,0,0,0,0,0,0,0,0,0,1,0,2,0,2,0,0,0,1,1,1,0,2,2,0,0,0,0,0,0,0,0,1,2,0,0,0,0,1,0.702391453
grassRedDry2_bin.28.orig,0,2,0,1,0,0,1,0,1,0,0,0,0,1,0,0,5,3,3,1,0,1,0,1,0,0,0,0,0,0,1,0,1,3,0,0,1,0,0,0,0,6,2,1,3,10,3,20,0,0,1,0,0,0,0,0,0,0,0,0,0,0,0,0,0,0,0,1,0,0,1,0,0,0,0,0,0,0,0,0,0,0,1,0,0,0,0,0,0,0,0,1,0,0,0,0,0,0,0,0,0,0,0,0,0,0,0,0,0,0,0,0,0,0,0,0,0,0,0,0,0,0,0,0,0,0,0,0,0,0,0,0,0,0,0,0,0,0,0,0,0,0,0,0,0,0,0,0,0,0,0,0,0,0,0,0,0,0,0,0,1,3,2,0,2,0,0,0,1,1,1,0,1,0,3,0,0,0,0,0,0,0,0,2,0,0,0,0,0,1.61759952
grassRedDry2_bin.29.orig,1,3,0,0,0,0,3,0,0,0,0,2,1,6,2,1,9,9,8,3,0,0,1,1,1,1,1,1,0,1,0,0,0,3,2,0,0,2,1,4,0,2,2,1,1,4,0,25,0,0,1,0,0,0,0,1,0,0,0,0,0,0,0,0,0,0,0,0,0,0,1,0,1,0,0,0,0,1,1,1,1,0,1,0,0,0,1,0,0,0,0,0,1,0,0,1,1,1,1,0,0,0,0,0,0,0,0,0,0,0,0,0,0,0,0,0,0,0,0,0,0,0,0,0,0,0,0,0,0,0,0,0,0,0,0,0,0,0,0,0,0,0,0,1,1,0,0,0,0,0,0,0,0,0,0,0,0,0,0,0,1,3,2,1,2,1,1,1,0,1,1,0,2,2,3,0,0,1,0,1,1,1,2,3,1,1,0,0,0,2.225772089
grassRedDry2_bin.3.orig,0,3,0,2,0,0,2,1,1,0,0,2,1,7,2,1,29,11,9,4,0,1,1,1,1,1,1,0,0,2,1,0,0,4,1,0,1,2,3,3,0,2,2,1,1,3,0,29,0,0,1,0,1,0,0,1,0,0,1,0,0,0,0,0,0,0,0,1,0,0,1,0,0,0,0,0,0,0,1,1,1,0,0,0,0,0,1,0,0,0,0,0,0,0,0,0,1,1,1,1,0,0,0,0,0,0,0,0,0,0,0,0,0,0,0,0,0,0,0,0,0,0,0,0,0,0,0,0,0,0,0,0,0,0,0,0,0,0,0,0,0,0,0,0,0,0,0,0,0,0,0,0,0,0,0,0,0,0,0,0,1,4,3,2,3,2,0,0,1,1,2,1,3,1,4,1,0,2,0,1,1,0,3,3,1,1,0,0,0,1.275872414
grassRedDry2_bin.30.orig,1,0,0,1,0,0,3,0,2,0,0,2,3,2,0,0,4,6,6,1,0,1,1,1,0,0,0,0,0,0,1,0,0,0,1,0,0,1,2,3,1,2,1,1,1,3,0,17,0,0,1,0,0,1,1,0,0,0,0,0,0,0,0,0,0,0,0,0,0,0,1,0,0,0,0,0,0,0,1,1,0,0,0,0,0,0,1,0,0,0,0,1,1,0,0,0,0,0,0,0,0,0,0,0,0,0,0,0,0,0,0,0,0,0,0,0,0,0,0,0,0,0,0,0,1,0,0,0,0,0,0,0,0,0,0,0,0,0,0,0,0,0,0,0,0,0,0,0,0,0,0,0,0,0,0,0,0,0,0,0,1,0,2,1,2,1,1,0,1,1,1,0,2,1,0,0,0,1,0,0,0,0,0,1,0,0,0,0,1,1.460369668
grassRedDry2_bin.31.orig,0,2,0,0,0,1,1,0,0,0,0,0,0,1,0,0,6,3,4,2,0,1,0,1,0,0,0,0,0,0,0,0,0,3,1,0,1,0,0,0,0,3,4,1,2,7,5,22,0,0,0,0,0,0,0,1,0,0,0,0,0,0,0,0,0,0,0,0,0,0,1,0,0,0,0,0,0,0,1,0,0,0,1,0,0,0,1,0,0,0,0,0,0,0,0,0,0,0,0,0,0,0,0,0,0,0,0,0,0,0,0,0,0,0,0,0,0,0,0,0,0,0,0,0,0,0,0,0,0,0,0,0,0,0,0,0,0,0,0,0,0,0,0,0,0,0,0,0,0,0,0,0,0,0,0,0,0,0,0,0,0,3,5,2,5,2,0,0,1,0,1,0,1,1,3,0,0,2,0,0,1,0,0,1,0,0,0,0,0,1.381926116
grassRedDry2_bin.32.orig,1,3,0,0,0,0,1,0,0,0,0,3,1,6,1,1,9,9,10,3,0,1,1,1,1,1,1,1,0,1,1,0,0,2,2,0,0,2,3,3,1,2,3,1,1,4,0,29,0,0,1,0,1,0,0,1,0,0,0,0,0,0,0,0,0,0,0,1,0,1,1,0,1,0,0,0,0,0,1,1,1,0,1,0,0,0,1,0,0,0,0,0,1,0,0,0,1,1,1,0,0,0,0,0,0,0,0,0,0,0,0,0,0,0,0,0,0,0,0,0,0,0,0,0,0,0,1,0,0,0,0,0,0,0,0,0,0,0,0,0,0,0,0,0,0,0,0,0,0,0,0,0,0,0,0,0,0,0,0,0,0,2,4,1,4,1,1,1,0,1,1,0,3,1,2,0,0,1,1,0,1,1,3,1,0,0,0,0,0,2.038225255
grassRedDry2_bin.33.orig,0,2,0,1,0,0,2,0,1,0,0,0,0,3,0,0,7,4,5,2,0,1,1,1,0,0,0,0,0,0,0,0,1,1,3,0,1,0,1,0,0,4,3,2,4,10,3,27,0,0,1,0,0,1,0,0,1,0,0,0,0,0,0,0,0,0,0,1,0,0,1,1,0,0,0,0,0,1,1,0,1,1,1,0,0,0,1,0,0,0,0,1,0,0,0,0,0,0,1,0,0,0,0,0,0,0,0,0,0,0,0,0,0,0,0,0,0,0,0,0,0,0,0,0,0,0,0,0,0,0,0,0,0,0,0,0,0,0,0,0,0,0,0,0,0,0,0,0,0,0,0,0,0,0,0,0,0,0,0,0,1,3,5,2,5,2,0,0,1,1,2,0,3,2,3,0,0,2,0,0,1,1,1,2,0,0,0,0,1,3.020781389
grassRedDry2_bin.34.orig,0,0,0,0,0,0,3,0,6,1,1,3,0,3,1,0,8,7,7,0,1,1,1,1,0,0,0,0,0,1,1,0,0,1,1,0,2,0,1,4,0,4,3,1,1,8,0,19,0,0,0,0,0,0,1,0,0,0,0,0,0,0,0,0,0,0,0,0,0,0,1,0,0,0,0,0,0,0,1,1,0,0,0,0,0,0,1,0,0,0,0,1,1,0,0,0,0,1,0,0,0,0,0,0,0,0,0,0,0,0,0,0,0,0,0,0,0,0,0,0,0,0,0,0,1,0,0,0,0,0,0,0,0,0,0,0,0,0,0,0,0,0,0,0,0,0,0,0,0,0,0,0,0,0,0,0,0,0,0,0,1,1,4,0,4,0,1,0,1,1,1,1,2,1,1,0,0,0,0,0,0,0,3,2,0,0,0,0,1,2.080320163
grassRedDry2_bin.35.orig,0,0,0,1,0,0,2,0,4,1,1,4,1,5,3,1,10,8,10,0,0,1,1,1,0,0,0,0,0,2,1,1,0,1,1,0,1,1,1,2,0,4,3,1,3,10,4,26,0,1,1,0,1,1,1,0,0,0,0,0,0,0,0,0,0,0,0,1,0,0,1,0,0,0,0,0,0,0,1,1,0,0,1,0,0,0,1,0,0,0,0,1,1,0,0,0,0,1,0,0,0,0,0,0,0,0,0,0,0,0,0,0,0,0,0,0,0,0,0,0,0,0,0,0,1,0,0,0,0,0,0,0,0,0,0,0,0,0,0,0,0,0,0,1,1,1,0,1,0,0,0,0,0,0,0,0,0,0,0,0,2,3,5,1,5,1,1,0,1,1,0,1,1,2,3,0,0,1,0,0,1,1,3,3,0,0,0,0,1,2.878708938
grassRedDry2_bin.36.orig,0,2,0,0,0,0,1,0,0,0,0,2,0,2,1,0,3,3,3,0,0,0,0,0,0,0,0,0,0,0,0,0,0,2,0,0,0,0,0,1,0,2,1,2,3,9,3,18,0,0,1,0,0,0,1,0,0,0,0,0,0,0,0,0,0,0,0,0,0,0,1,0,0,0,0,0,0,1,1,0,1,0,1,0,0,0,0,0,0,0,0,0,1,0,0,0,0,0,0,0,0,0,0,0,0,0,0,0,0,0,0,0,0,0,0,0,0,0,0,0,0,0,0,0,0,0,0,0,0,0,0,0,0,0,0,0,0,0,0,0,0,0,0,0,0,0,0,0,0,0,0,0,0,0,0,0,0,0,0,0,1,2,1,2,1,2,0,0,1,1,0,0,0,1,2,0,0,2,0,0,1,1,0,2,0,0,0,0,1,4.793461394
grassRedDry2_bin.37.orig,0,0,0,1,0,0,3,0,1,0,0,3,0,5,2,1,6,7,12,1,0,1,1,1,0,0,0,0,0,0,1,1,0,2,0,0,1,0,1,3,0,3,2,2,2,5,0,23,0,0,1,0,1,1,1,1,0,0,0,0,0,0,0,0,0,0,0,1,0,0,1,0,1,0,0,0,0,1,1,1,1,0,1,0,0,0,1,0,0,0,0,1,1,0,0,0,0,1,1,0,0,0,0,0,0,0,0,0,0,0,0,0,0,0,0,0,0,0,0,0,0,0,0,0,1,0,0,0,0,0,0,0,0,0,0,0,0,0,0,0,0,0,0,1,1,1,0,1,0,0,0,0,0,0,0,0,0,0,0,0,2,0,1,1,1,1,1,0,1,0,0,1,1,2,0,0,0,1,1,0,1,1,1,2,0,0,0,0,1,3.389758663
grassRedDry2_bin.38.orig,0,0,1,2,0,0,4,0,4,1,1,3,1,1,1,1,7,5,5,0,1,1,0,1,0,0,0,0,0,1,1,1,0,1,3,0,1,0,0,2,0,4,2,1,2,8,1,19,0,0,1,0,1,0,1,1,0,0,0,0,0,0,0,0,0,0,0,0,0,0,0,0,0,0,0,0,0,1,1,1,1,0,1,0,0,0,1,0,0,0,0,1,0,0,0,0,0,0,0,0,0,0,0,0,0,0,0,0,0,0,0,0,0,0,0,0,0,0,0,0,0,0,0,0,1,0,0,0,0,0,0,0,0,0,0,0,0,0,0,0,0,0,0,1,1,0,0,0,0,0,0,0,0,0,0,0,0,0,0,0,1,1,3,1,3,1,1,0,0,0,1,0,2,2,1,0,0,1,0,0,1,0,0,2,0,0,0,0,1,4.276589095
grassRedDry2_bin.39.orig,1,2,0,0,0,0,4,0,4,1,1,3,1,4,0,1,7,7,9,2,0,1,1,1,0,0,1,1,0,0,0,0,0,3,3,0,0,2,2,5,0,1,2,0,0,3,1,26,0,0,1,0,1,0,0,1,0,0,0,0,0,0,0,0,0,0,0,0,0,1,1,0,1,1,0,0,0,0,1,1,0,0,0,0,0,0,0,0,0,0,0,0,1,0,0,0,0,0,0,0,0,0,0,0,0,0,0,0,0,0,0,0,0,1,0,0,0,0,0,0,0,0,0,0,0,0,0,0,0,1,0,0,0,0,0,0,0,0,0,0,0,0,0,0,0,0,0,0,0,0,0,0,0,0,0,0,0,0,0,0,0,4,1,2,1,2,0,0,0,1,1,0,3,3,4,0,0,2,1,1,1,1,2,1,1,1,0,0,0,1.757102191
grassRedDry2_bin.4.orig,0,2,0,2,0,0,5,0,1,0,0,0,0,3,0,0,6,3,5,2,0,1,1,1,0,0,0,0,0,0,1,0,1,1,1,0,1,0,0,0,0,5,3,1,3,10,4,31,0,0,1,0,0,0,0,0,1,0,0,0,0,0,0,0,0,0,0,0,0,0,1,0,0,0,0,0,0,1,1,0,1,0,1,0,0,0,1,0,0,0,0,1,1,0,0,0,0,0,1,0,0,0,0,0,0,0,0,0,0,0,0,0,0,0,0,0,0,0,0,0,0,0,0,0,0,0,0,0,0,0,0,0,0,0,0,0,0,0,0,0,0,0,0,1,1,1,0,1,0,0,0,0,0,0,0,0,0,0,0,0,1,3,4,2,4,2,0,0,1,1,2,0,2,1,3,0,0,2,0,0,1,0,1,2,0,0,0,0,1,2.989532677
grassRedDry2_bin.41.orig,1,0,0,0,0,0,2,0,2,1,1,4,0,2,0,1,6,6,4,0,0,1,0,1,0,0,0,0,0,0,1,0,0,1,3,0,0,1,1,3,1,3,3,2,4,6,3,14,0,0,1,0,0,0,1,0,0,0,0,0,0,0,0,0,0,0,0,0,0,0,1,0,0,0,0,0,0,0,1,1,0,0,0,0,0,0,1,0,0,0,0,1,1,0,0,0,0,1,0,0,0,0,0,0,0,0,0,0,0,0,0,0,0,0,0,0,0,0,0,0,0,0,0,0,1,0,0,0,0,0,0,0,0,0,0,0,0,0,0,0,0,0,0,0,0,0,0,0,0,0,0,0,0,0,0,0,0,0,0,0,1,1,4,1,4,1,1,0,1,1,1,0,4,2,1,0,0,1,0,0,1,0,2,1,0,0,0,0,0,1.767694048
grassRedDry2_bin.42.orig,0,3,0,1,1,0,4,0,2,0,0,3,2,6,2,1,8,9,6,4,0,0,1,1,1,1,1,1,0,1,1,1,0,3,1,0,3,1,2,6,0,2,2,1,2,5,1,30,0,0,1,0,1,0,0,0,0,1,0,0,0,0,0,0,0,0,0,0,0,1,1,0,1,0,0,0,0,1,1,1,1,0,0,0,0,0,0,0,0,0,0,1,1,0,0,0,1,1,0,0,0,0,0,0,0,0,0,0,0,0,0,0,0,0,0,0,0,0,0,0,0,0,0,0,0,0,0,0,0,0,0,0,0,0,0,0,0,0,0,0,0,0,0,1,1,1,0,1,0,0,0,0,0,0,0,0,0,0,0,0,2,4,4,2,4,2,1,1,1,1,2,0,2,2,4,0,0,2,0,1,1,1,3,3,1,1,0,0,0,4.708972788
grassRedDry2_bin.43.orig,0,0,0,1,0,0,3,0,1,0,0,0,0,1,0,0,3,4,5,1,0,1,0,1,0,0,0,0,0,0,1,0,0,0,0,0,1,0,0,1,0,4,4,2,4,8,4,25,0,0,0,0,1,0,0,1,0,0,0,0,0,0,0,0,0,0,0,0,0,0,0,0,0,0,0,1,0,1,1,1,0,0,1,0,0,0,0,0,0,0,0,0,1,0,0,0,0,0,0,0,0,0,0,0,0,0,0,0,0,0,0,0,0,0,0,0,0,0,0,0,0,0,0,0,0,0,0,1,0,0,0,0,0,0,0,0,0,0,0,0,0,0,0,0,0,0,0,0,0,0,0,0,0,0,0,0,0,0,0,0,1,1,2,2,2,2,0,0,1,1,1,0,1,1,1,0,0,2,1,0,1,0,1,1,0,0,0,0,1,3.001323038
grassRedDry2_bin.44.strict,0,2,0,0,0,0,4,0,0,0,0,0,0,4,1,0,3,4,4,2,0,0,1,1,0,0,0,0,0,0,0,0,1,1,0,0,1,0,0,0,0,3,4,2,2,10,4,25,0,0,1,0,0,0,1,1,1,0,0,0,0,0,0,0,0,0,0,0,0,0,1,0,0,0,0,0,0,1,1,1,0,1,0,0,0,0,1,0,0,0,0,1,1,0,0,0,0,0,0,0,0,0,0,0,0,0,0,0,0,0,0,0,0,0,0,0,0,0,0,0,0,0,0,0,0,0,0,0,0,0,0,0,0,0,0,0,0,0,0,0,0,0,0,0,0,0,0,0,0,0,0,0,0,0,0,0,0,0,0,0,1,3,5,2,5,2,0,0,1,1,2,0,1,1,3,0,0,2,0,0,1,0,0,1,0,0,0,0,0,1.748599217
grassRedDry2_bin.45.orig,0,2,0,1,0,0,2,0,1,0,0,0,0,3,1,0,3,6,4,2,0,1,0,1,0,0,0,0,0,0,1,0,0,1,0,0,1,0,0,0,0,3,4,1,2,9,3,24,0,0,1,0,0,0,0,1,1,0,0,0,0,0,0,0,0,0,0,0,0,0,1,1,0,0,0,1,0,1,1,0,0,1,0,0,0,0,0,0,0,0,0,1,0,0,0,0,0,0,0,0,0,0,0,0,0,0,0,0,0,0,0,0,0,0,0,0,0,0,0,0,0,0,0,0,0,0,0,0,0,0,0,0,0,0,0,0,0,0,0,0,0,0,0,0,0,0,0,0,0,0,0,0,0,0,0,0,0,0,0,0,1,2,4,2,4,2,0,0,1,1,1,0,1,1,2,0,0,2,1,0,1,0,0,2,0,0,0,0,0,2.578155211
grassRedDry2_bin.46.strict,0,0,0,0,0,0,2,0,1,0,0,0,0,1,0,0,4,3,4,2,0,0,0,1,0,0,0,0,0,0,0,0,0,1,0,0,1,0,0,0,0,4,3,2,2,8,3,20,0,0,0,0,0,0,0,0,0,0,0,0,0,0,0,0,0,0,0,0,0,0,1,0,0,0,0,0,0,1,0,0,0,0,1,0,0,0,0,0,0,0,0,0,0,0,0,0,0,0,0,0,0,0,0,0,0,0,0,0,0,0,0,0,0,0,0,0,0,0,0,0,0,0,0,0,0,0,0,0,0,0,0,0,0,0,0,0,0,0,0,0,0,0,0,0,0,0,0,0,0,0,0,0,0,0,0,0,0,0,0,0,0,2,3,2,3,2,0,0,1,1,1,0,1,0,2,0,0,2,0,0,1,0,0,1,0,0,0,0,0,2.405650958
grassRedDry2_bin.47.orig,0,2,0,0,0,0,4,0,1,0,0,1,0,4,0,0,6,4,5,2,0,0,1,1,0,0,0,0,0,0,0,0,1,1,3,0,1,0,0,0,0,4,5,1,2,8,4,24,0,1,1,0,0,1,0,0,1,0,0,0,0,0,0,0,0,0,0,0,0,0,1,0,0,0,0,0,0,1,1,0,0,0,1,0,0,0,1,0,0,0,0,0,1,0,0,0,0,0,0,0,0,0,0,0,0,0,0,0,0,0,0,0,0,0,0,0,0,0,0,0,0,0,0,0,0,0,0,0,0,0,0,0,0,0,0,0,0,0,0,0,0,0,0,0,0,0,0,0,0,0,0,0,0,0,0,0,0,0,0,0,1,2,5,2,5,2,0,0,1,1,2,0,3,1,2,0,0,2,0,0,1,0,0,2,0,0,0,0,0,0.536630772
grassRedDry2_bin.48.orig,1,0,1,1,0,0,4,0,3,1,1,4,1,5,2,1,11,8,9,0,1,1,1,1,0,0,0,0,0,2,1,1,0,1,0,0,2,0,1,4,0,5,3,1,1,9,4,25,0,1,1,0,1,1,1,0,0,0,0,0,0,0,0,0,0,0,0,1,0,0,1,0,0,0,0,0,0,1,1,1,0,0,1,0,0,0,1,0,0,0,0,1,1,0,0,0,1,1,1,0,0,0,0,0,0,0,0,0,0,0,0,0,0,0,0,0,0,0,0,0,0,0,0,0,0,0,0,0,0,0,0,0,0,0,0,0,0,0,0,0,0,0,0,1,1,1,0,1,0,0,0,0,0,0,0,0,0,0,0,0,2,2,5,1,5,1,1,0,1,1,0,1,1,3,2,0,0,1,0,1,1,1,2,3,1,1,0,0,1,1.686275756
grassRedDry2_bin.49.strict,0,2,0,1,0,0,4,0,1,0,0,2,0,6,1,0,9,4,5,2,0,0,1,1,0,0,0,0,0,0,2,0,0,2,1,0,1,0,0,0,0,5,4,2,5,11,4,25,0,0,1,0,0,0,1,1,1,0,0,0,0,0,0,0,0,0,0,0,0,0,1,0,0,0,0,1,0,1,1,1,0,1,1,0,1,0,1,0,0,0,0,1,1,0,0,0,0,0,0,0,0,0,0,0,0,0,0,0,0,0,0,0,0,0,0,0,0,0,0,0,0,0,0,0,0,0,0,0,0,0,0,0,0,0,0,0,0,0,0,0,0,0,0,0,0,0,0,0,0,0,0,0,0,0,0,0,0,0,0,0,1,2,3,2,3,2,0,0,1,1,2,0,2,1,2,0,0,2,0,0,1,0,0,2,0,0,0,0,0,1.363047762
grassRedDry2_bin.5.orig,0,0,0,1,0,0,2,0,3,0,0,4,0,4,1,1,7,7,5,0,1,1,1,1,0,0,0,0,0,1,1,0,0,0,3,0,1,0,1,4,0,4,3,2,3,5,3,24,0,0,1,0,1,1,1,1,0,0,0,0,0,0,0,0,0,0,0,0,0,0,1,1,0,0,0,0,0,1,1,1,0,0,1,0,0,0,0,0,0,0,0,1,0,0,0,0,0,0,0,0,0,0,0,0,0,0,0,0,0,0,0,0,0,0,0,0,0,0,0,0,0,0,0,0,1,0,0,0,0,0,0,0,0,0,0,0,0,0,0,0,0,0,0,0,0,0,0,0,0,0,0,0,0,0,0,0,0,0,0,0,1,0,3,1,3,1,1,0,1,1,1,1,2,2,0,0,0,1,0,0,1,0,0,2,0,0,0,0,1,1.13625071
grassRedDry2_bin.50.orig,0,0,1,1,0,0,3,0,5,1,1,4,0,4,1,1,8,7,7,0,0,0,1,1,0,0,0,0,0,1,1,1,0,1,1,0,0,1,2,2,1,5,4,1,3,10,4,20,0,0,1,0,0,1,1,1,0,0,0,0,0,0,0,0,0,0,0,0,0,0,1,1,0,0,0,1,0,1,1,1,0,0,0,0,0,0,1,0,0,0,0,1,1,0,0,0,1,1,0,0,0,0,0,0,0,0,0,0,0,0,0,0,0,0,0,0,0,0,0,0,0,0,0,0,1,0,0,0,0,0,0,0,0,0,0,0,0,0,0,0,0,0,0,0,0,0,0,0,0,0,0,0,0,0,0,0,0,0,0,0,1,1,3,1,3,1,1,0,1,1,0,1,2,2,1,0,0,1,0,0,0,0,2,2,0,0,0,0,1,1.384856228
grassRedDry2_bin.51.strict,0,0,0,1,0,0,2,0,0,0,0,0,0,2,0,0,3,3,4,1,0,0,0,1,0,0,0,0,0,0,2,0,0,0,1,0,1,0,1,0,0,3,4,2,4,8,4,21,0,0,1,0,0,0,0,1,0,0,0,0,0,0,0,0,0,0,0,0,0,0,1,0,1,0,0,0,0,0,1,0,0,1,0,0,0,0,1,0,0,0,0,1,0,0,0,0,0,0,0,0,0,0,0,0,0,0,0,0,0,0,0,0,0,0,0,0,0,0,0,0,0,0,0,0,0,0,0,0,0,0,0,0,0,0,0,0,0,0,0,0,0,0,0,0,0,0,0,0,0,0,0,0,0,0,0,0,0,0,0,0,1,2,4,1,4,1,0,0,1,1,2,0,2,1,2,0,0,1,0,0,1,0,0,2,0,0,0,0,0,0.542553413
grassRedDry2_bin.52.orig,0,0,0,1,0,0,3,0,5,1,1,2,0,4,1,0,8,2,3,0,0,0,1,1,0,0,0,0,0,0,1,0,0,1,2,0,1,1,1,4,0,1,1,2,1,3,1,13,0,0,1,0,0,0,1,0,0,0,0,0,0,0,0,0,0,0,0,0,0,0,1,0,0,0,0,0,0,1,0,0,0,0,0,0,0,0,1,0,0,0,0,1,1,0,0,0,1,0,0,0,0,0,0,0,0,0,0,0,0,0,0,0,0,0,0,0,0,0,0,0,0,0,0,0,0,0,0,0,0,0,0,0,0,0,0,0,0,0,0,0,0,0,0,0,0,0,0,0,0,0,0,0,0,0,0,0,0,0,0,0,1,0,1,1,1,1,1,0,0,1,1,1,2,2,0,0,0,1,0,0,0,0,0,2,0,0,0,0,0,1.032635542
grassRedDry2_bin.53.strict,1,0,0,0,0,0,3,0,0,0,0,2,0,3,0,0,5,2,4,0,0,0,1,0,0,0,0,0,0,0,0,0,0,0,0,0,1,0,1,1,0,2,2,1,1,6,1,14,0,0,0,0,0,0,1,0,0,0,0,0,0,0,0,0,0,0,0,0,0,0,0,0,0,0,0,0,0,0,1,1,0,0,0,0,0,0,0,0,0,0,0,1,0,0,0,0,0,1,0,0,0,0,0,0,0,0,0,0,0,0,0,0,0,0,0,0,0,0,0,0,0,0,0,0,0,0,0,0,0,0,0,0,0,0,0,0,0,0,0,0,0,0,0,0,0,0,0,0,0,0,0,0,0,0,0,0,0,0,0,0,0,0,2,1,2,1,1,0,1,0,0,0,1,1,0,0,0,1,0,0,1,0,0,0,0,0,0,0,0,0.670523654
grassRedDry2_bin.55.orig,0,2,0,0,0,0,0,0,0,0,0,1,0,4,0,1,7,8,6,3,0,0,0,0,1,1,1,0,0,0,0,0,0,2,0,0,0,2,5,2,0,2,1,1,2,3,0,22,0,0,0,0,1,0,0,1,0,0,0,1,0,0,0,0,0,0,0,0,0,0,1,0,1,0,0,0,0,0,1,1,1,0,0,0,0,0,1,0,0,0,0,1,0,0,0,0,0,1,0,0,0,0,0,0,0,0,0,0,0,0,0,0,0,0,0,0,0,0,0,0,0,0,0,0,0,0,0,0,0,0,0,0,0,0,0,0,0,0,0,0,0,0,0,0,0,0,0,0,0,0,0,0,0,0,0,0,0,0,0,0,2,3,3,2,3,2,0,0,1,1,1,0,1,1,3,0,0,2,0,0,1,0,1,3,0,0,0,0,0,1.985211531
grassRedDry2_bin.6.orig,0,2,0,0,0,0,2,0,1,0,0,0,0,3,0,0,4,8,3,2,0,0,1,1,0,0,0,0,0,0,0,0,0,0,0,0,1,0,1,0,0,4,2,1,2,10,4,22,0,0,0,0,1,0,0,1,0,0,0,0,0,0,0,0,0,0,0,0,0,0,1,1,0,0,0,0,0,1,0,0,0,1,0,0,0,0,0,0,0,0,0,0,0,0,0,0,0,0,0,0,0,0,0,0,0,0,0,0,0,0,0,0,0,0,0,0,0,0,0,0,0,0,0,0,0,0,0,0,0,0,0,0,0,0,0,0,0,0,0,0,0,0,0,0,0,0,0,0,0,0,0,0,0,0,0,0,0,0,0,0,2,2,2,2,2,2,0,0,0,1,1,0,1,1,2,0,0,2,0,0,0,0,0,2,0,0,0,0,0,1.42733897
grassRedDry2_bin.7.orig,1,3,0,1,0,0,1,0,0,0,0,2,0,6,0,1,13,9,7,3,0,1,1,1,1,1,1,1,0,0,0,0,0,3,4,0,0,2,2,3,0,2,2,0,1,3,0,28,0,0,1,0,1,0,0,1,0,0,0,0,0,0,0,0,0,0,0,0,0,1,1,0,1,0,0,0,0,1,1,1,1,0,0,0,0,0,0,0,0,0,0,0,0,0,0,0,0,1,1,0,0,0,0,0,0,0,0,0,0,0,0,0,0,0,0,0,0,0,0,0,0,0,0,0,0,0,0,0,0,0,0,0,0,0,0,0,0,0,0,0,0,0,0,1,1,1,0,1,0,0,0,0,0,0,0,0,0,0,0,0,1,3,4,2,4,2,1,0,1,1,0,1,4,1,3,0,0,2,1,1,0,0,3,3,1,1,0,1,0,1.835488102
grassRedDry2_bin.8.strict,0,0,0,1,0,0,2,0,3,1,1,3,0,1,1,1,10,5,2,0,1,0,0,0,0,0,0,0,0,1,1,1,0,2,2,0,1,1,1,4,1,2,3,1,1,3,1,17,0,0,1,0,0,0,1,0,0,0,0,0,0,0,0,0,0,0,0,0,0,0,0,1,0,0,0,0,0,1,1,1,0,0,0,0,0,0,0,0,0,0,0,1,0,0,0,0,0,1,0,0,0,0,0,0,0,0,0,0,0,0,0,0,0,0,0,0,0,0,0,0,0,0,0,0,0,0,0,0,0,0,0,0,0,0,0,0,0,0,0,0,0,0,0,0,0,0,0,0,0,0,0,0,0,0,0,0,0,0,0,0,1,0,4,1,4,1,1,0,1,1,0,1,2,3,0,0,0,1,0,0,0,0,1,2,0,0,0,0,1,4.09039238
grassRedDry2_bin.9.permissive,0,0,0,1,0,0,3,0,3,1,1,3,2,1,1,2,11,8,4,1,1,0,0,1,0,0,0,0,0,0,2,0,0,2,1,1,2,0,0,6,0,0,1,0,1,1,2,29,0,0,1,0,0,0,1,0,0,0,0,0,0,0,0,0,0,0,0,0,0,0,1,0,0,0,0,0,0,1,1,1,0,0,0,0,0,0,0,0,0,0,0,0,0,0,0,0,1,0,0,0,0,0,0,0,0,0,0,0,0,0,0,0,0,0,0,0,0,0,0,0,0,0,0,0,0,0,0,0,0,0,0,0,0,0,0,0,0,0,0,0,0,0,0,0,0,0,0,0,0,0,0,0,0,0,0,0,0,0,0,0,1,1,4,2,4,2,1,1,1,1,2,1,2,1,1,0,0,2,0,0,1,0,1,1,0,0,0,0,1,0.237439558
grassRedWet1_bin.1.orig,0,0,0,1,0,0,4,0,1,0,0,3,0,5,1,1,6,8,11,1,0,1,1,1,0,0,0,0,0,1,1,1,0,2,0,0,1,0,1,3,0,3,2,1,1,5,1,22,0,0,1,0,1,1,1,1,0,0,0,0,0,0,0,0,0,0,0,1,0,0,1,0,1,0,0,0,0,1,1,1,1,0,1,0,0,0,1,0,0,0,0,1,1,0,0,0,0,1,1,0,0,0,0,0,0,0,0,0,0,0,0,0,0,0,0,0,0,0,0,0,0,0,0,0,0,0,0,0,0,0,0,0,0,0,0,0,0,0,0,0,0,0,0,1,1,1,0,1,0,0,0,0,0,0,0,0,0,0,0,0,2,1,4,1,4,1,1,0,1,1,0,1,1,2,1,0,0,1,1,0,1,1,1,2,0,0,0,0,1,2.710955225
grassRedWet1_bin.10.orig,0,3,0,1,0,0,3,0,3,1,1,3,3,5,2,1,7,9,5,3,0,1,1,1,1,1,1,0,0,1,1,1,0,3,1,0,1,0,0,4,0,2,2,1,2,4,2,21,0,0,0,0,0,0,0,0,0,1,0,0,1,0,0,0,0,0,0,0,0,1,0,0,0,0,0,0,0,0,1,1,0,0,0,0,0,0,0,0,0,0,0,0,0,0,0,0,0,1,1,0,0,0,0,0,0,0,0,0,0,0,0,0,0,0,0,0,0,0,0,0,0,0,0,0,0,0,0,0,0,0,0,0,0,0,0,0,0,0,0,0,0,0,0,0,0,0,0,0,0,0,0,0,0,0,0,0,0,0,0,0,1,2,4,2,4,2,1,1,1,1,1,0,2,2,2,0,0,2,0,1,1,0,1,2,1,1,0,0,0,2.283323268
grassRedWet1_bin.11.orig,0,2,0,1,0,0,3,0,0,0,0,0,0,2,0,0,1,1,4,1,0,0,0,1,0,0,1,0,0,0,1,0,0,1,0,0,0,0,2,1,0,3,3,1,1,7,2,25,0,0,0,0,1,0,1,0,0,0,0,0,0,0,0,0,0,0,0,0,0,0,1,0,1,0,0,0,0,1,1,0,0,0,1,0,0,0,0,0,0,0,0,0,0,0,0,0,0,1,0,0,0,0,0,0,0,0,0,0,0,0,0,0,0,0,0,0,0,0,0,0,0,0,0,0,0,0,0,0,0,0,0,0,0,0,0,0,0,0,0,0,0,0,0,0,0,0,0,0,0,0,0,0,0,0,0,0,0,0,0,0,0,2,5,2,5,2,1,0,0,0,0,0,1,1,2,0,0,2,1,0,1,0,2,1,0,0,0,0,1,4.239620216
grassRedWet1_bin.12.orig,0,2,0,0,1,0,3,0,2,0,0,3,1,6,0,1,8,8,6,2,1,0,1,1,0,0,1,1,0,1,0,0,0,1,1,0,1,2,2,4,0,3,3,1,1,4,0,28,0,0,1,0,1,0,0,1,0,0,0,0,0,0,0,0,0,0,0,0,0,0,1,0,0,0,0,0,0,1,1,1,1,0,0,0,0,0,1,0,0,0,0,0,0,0,0,0,0,1,1,0,0,0,0,0,0,0,0,0,0,0,0,0,0,0,0,0,0,0,0,0,0,0,0,0,0,0,0,0,0,0,0,0,0,0,0,0,0,0,0,0,0,0,0,1,1,1,0,1,0,0,0,0,0,0,0,0,0,0,0,0,1,3,2,2,2,2,1,1,1,1,1,0,2,2,3,0,0,2,1,1,1,1,1,2,1,1,0,0,0,2.453453838
grassRedWet1_bin.13.orig,0,3,1,0,0,0,3,0,0,0,0,1,0,1,1,1,3,6,3,2,0,0,0,1,0,0,1,0,0,0,1,0,0,1,2,0,1,0,2,3,0,4,2,1,2,4,2,15,0,0,0,0,0,0,1,0,0,0,0,0,0,0,0,0,0,0,0,0,0,0,1,0,1,0,0,0,0,0,1,0,1,0,1,0,0,0,0,0,0,0,0,0,0,1,0,0,1,0,1,0,0,0,0,0,0,0,0,0,0,0,0,0,0,0,0,0,0,0,0,0,0,0,0,0,0,0,0,0,0,0,0,0,0,0,0,0,0,0,0,0,0,0,0,0,0,0,0,0,0,0,0,0,0,0,0,0,0,0,0,0,1,3,2,1,2,1,1,0,1,0,0,0,2,1,3,0,0,1,1,1,0,0,2,2,1,1,0,0,1,2.787435092
grassRedWet1_bin.14.orig,0,0,0,1,0,0,2,1,3,0,0,3,3,0,1,1,5,5,4,1,0,0,0,1,0,0,0,0,0,1,1,0,0,1,2,0,0,0,2,3,1,1,0,2,1,3,1,17,0,0,1,0,0,0,0,0,0,0,0,0,0,0,0,0,0,0,0,0,0,0,1,0,0,0,0,0,0,0,1,1,0,0,0,0,0,0,1,0,0,0,0,1,0,0,0,0,0,0,0,0,0,0,0,0,0,0,0,0,0,0,0,0,0,0,0,0,0,0,0,0,0,0,0,0,1,0,0,0,0,0,0,0,0,0,0,0,0,0,0,0,0,0,0,0,0,0,0,0,0,0,0,0,0,0,0,0,0,0,0,0,1,0,2,0,2,0,1,0,1,0,1,0,3,0,0,0,0,0,0,0,1,0,0,1,0,0,0,0,1,1.045288434
grassRedWet1_bin.15.orig,0,3,1,1,0,0,3,0,1,0,0,3,0,3,1,0,3,6,9,2,0,1,1,0,0,0,1,0,0,0,1,0,0,2,0,0,1,0,1,3,0,3,4,2,3,8,4,25,1,0,0,0,1,0,1,0,0,1,0,0,0,0,0,0,0,0,0,0,0,0,1,0,1,0,0,0,0,1,1,1,1,0,1,0,0,0,1,0,0,0,0,1,1,0,0,0,1,1,1,0,0,0,0,0,0,0,0,0,0,0,0,0,0,0,0,0,0,0,0,0,0,0,0,0,0,0,0,0,0,0,0,0,0,0,0,0,0,0,0,0,0,0,0,0,0,0,0,0,0,0,0,0,0,0,0,0,0,0,0,0,1,3,3,2,3,2,1,0,1,1,2,0,0,2,3,0,0,2,1,1,1,0,0,2,1,1,0,0,1,4.446275204
grassRedWet1_bin.16.orig,0,3,0,1,0,0,5,0,2,0,0,1,1,6,2,1,7,8,11,3,0,1,1,1,1,1,1,1,0,0,1,0,0,3,1,0,1,2,2,1,0,3,2,1,2,7,0,23,0,0,1,0,1,0,0,1,0,0,0,0,0,0,0,0,0,0,0,0,0,1,1,0,1,1,0,0,0,0,1,1,1,0,0,0,0,0,1,0,0,0,0,1,0,0,0,0,0,1,0,0,0,0,0,0,0,0,0,0,0,0,0,0,0,1,0,0,0,0,0,0,0,0,0,0,0,0,0,0,0,1,0,0,0,0,0,1,0,0,0,0,0,0,1,1,1,0,0,0,0,0,0,0,1,0,1,0,0,0,0,0,2,3,2,0,2,0,1,0,1,0,1,0,2,2,3,0,0,0,0,0,1,1,2,3,0,0,0,0,0,2.194104694
grassRedWet1_bin.17.orig,1,0,0,1,0,0,4,0,0,0,0,3,1,4,1,0,3,8,5,1,0,0,1,1,0,0,1,0,0,0,0,0,0,2,3,0,1,0,3,2,0,5,3,1,3,7,5,20,0,0,0,0,1,0,0,0,0,0,0,0,0,0,0,0,0,0,0,0,0,0,1,0,1,0,0,0,0,0,1,0,0,1,1,0,0,0,0,0,0,0,0,0,0,0,0,0,0,0,0,0,0,0,0,0,0,0,0,0,0,0,0,0,0,0,0,0,0,0,0,0,0,0,0,0,0,0,0,0,0,0,0,0,0,0,0,0,0,0,0,0,0,0,0,0,0,0,0,0,0,0,0,0,0,0,0,0,0,0,0,0,0,2,2,0,2,0,1,1,0,0,1,0,1,1,2,0,0,0,1,1,1,0,2,1,1,1,0,0,1,2.66120746
grassRedWet1_bin.18.orig,1,3,0,0,0,0,6,0,2,0,0,3,1,5,1,0,12,9,5,3,0,2,1,1,0,0,1,0,0,0,2,0,0,3,2,0,1,1,3,4,0,7,4,2,3,9,5,33,1,0,1,0,1,0,0,1,0,0,0,0,0,0,0,0,0,0,0,0,0,1,1,0,1,0,0,0,0,0,1,1,1,1,1,0,0,0,1,0,0,0,0,1,1,1,0,0,1,1,1,0,0,0,0,0,0,0,0,0,0,0,0,0,0,0,0,0,0,0,0,0,0,0,0,0,0,0,0,0,0,0,0,0,0,0,0,0,0,0,0,0,0,0,0,0,0,0,0,0,0,0,0,0,0,0,0,0,0,0,0,0,2,3,5,2,5,2,1,0,1,1,2,1,2,2,3,1,0,2,1,1,1,0,2,4,1,1,0,0,1,3.390219219
grassRedWet1_bin.19.orig,0,0,0,0,0,1,3,0,0,0,0,0,0,1,0,0,8,3,5,1,0,1,0,1,0,0,0,0,0,0,0,0,1,0,1,0,0,0,0,0,0,3,3,2,3,8,5,17,0,0,1,0,0,0,0,1,0,0,0,0,0,0,0,0,0,0,0,0,0,0,1,0,0,0,0,0,0,1,1,0,0,0,0,0,0,0,1,0,0,0,0,0,1,0,0,0,0,0,0,0,0,0,0,0,0,0,0,0,0,0,0,0,0,0,0,0,0,0,0,0,0,0,0,0,0,0,0,0,0,0,0,0,0,0,0,0,0,0,0,0,0,0,0,0,0,0,0,0,0,0,0,0,0,0,0,0,0,0,0,0,1,2,2,2,2,2,0,0,1,1,2,0,1,0,2,0,0,2,0,0,1,0,1,2,0,0,0,0,0,2.262682509
grassRedWet1_bin.2.permissive,0,0,1,0,1,0,4,1,5,1,1,3,0,4,1,0,10,4,5,0,1,1,0,1,0,0,0,0,0,0,1,0,0,2,1,0,1,0,0,4,1,3,3,1,1,7,4,21,0,1,1,0,0,0,1,0,0,0,1,0,0,0,0,0,0,0,0,0,0,0,1,0,0,0,1,0,0,0,1,1,0,0,0,0,1,0,1,0,0,0,0,1,0,0,0,0,0,0,0,0,0,0,0,0,0,0,0,0,0,0,0,0,0,0,0,0,0,0,0,0,0,0,0,0,0,0,0,0,0,0,0,0,0,0,0,0,0,0,0,0,0,0,0,1,1,0,0,0,0,0,0,0,0,0,0,0,0,0,0,0,1,0,4,1,4,1,1,0,1,1,2,0,2,1,0,0,0,1,0,0,1,0,0,1,0,0,0,0,1,1.307207406
grassRedWet1_bin.20.orig,0,3,0,0,0,0,1,0,0,0,0,2,0,3,0,1,8,9,6,0,0,0,0,0,0,0,1,0,0,0,0,0,0,3,2,0,0,1,0,5,0,3,2,2,2,5,1,15,1,0,1,0,0,0,0,1,0,1,0,0,0,0,0,0,0,0,0,0,0,0,1,0,0,0,0,0,0,1,1,1,0,0,0,0,0,0,0,0,0,0,0,1,0,0,0,0,0,0,1,0,0,0,0,0,0,0,0,0,0,0,0,0,0,0,0,0,0,0,0,0,0,0,0,0,0,0,0,0,0,0,0,0,0,0,0,0,0,0,0,0,0,0,0,0,0,0,0,0,0,0,0,0,0,0,0,0,0,0,0,0,1,3,2,1,2,1,0,0,1,0,1,0,3,2,3,0,0,1,1,1,1,1,0,1,1,1,0,0,1,2.919903845
grassRedWet1_bin.22.orig,0,3,0,1,0,0,1,0,0,0,0,2,0,4,0,1,18,7,7,2,0,0,0,1,1,1,1,0,0,1,0,0,0,3,3,0,0,2,3,6,1,1,1,1,1,3,1,27,0,0,0,0,0,0,0,0,0,0,0,0,0,0,0,0,0,0,0,0,0,0,1,0,1,0,0,0,0,0,1,1,1,0,0,0,0,0,0,0,0,0,0,0,0,0,0,0,0,1,0,0,0,0,0,0,0,0,0,0,0,0,0,0,0,0,0,0,0,0,0,0,0,0,0,0,0,0,0,0,0,0,0,0,0,0,0,0,0,0,0,0,0,0,0,0,0,0,0,0,0,0,0,0,0,0,0,0,0,0,0,0,1,2,2,1,2,1,1,0,0,1,1,0,4,2,2,0,0,1,1,1,1,0,0,2,1,1,0,0,0,0.355073141
grassRedWet1_bin.23.orig,0,3,0,0,0,0,1,0,0,0,0,1,0,4,1,1,8,7,4,2,0,1,0,1,0,0,1,0,0,1,0,0,0,3,2,0,0,1,1,2,0,2,2,1,1,3,0,18,0,0,0,0,0,0,0,0,0,0,0,0,0,0,0,0,0,0,0,0,0,0,0,0,0,0,0,0,0,0,1,0,1,0,1,0,0,0,0,0,0,0,0,0,0,0,0,0,0,1,0,0,0,0,0,0,0,0,0,0,0,0,0,0,0,0,0,0,0,0,0,0,0,0,0,0,0,0,0,0,0,0,0,0,0,0,0,0,0,0,0,0,0,0,0,0,0,0,0,0,0,0,0,0,0,0,0,0,0,0,0,0,0,2,0,1,0,1,1,0,0,0,0,0,3,0,2,0,0,1,1,1,0,0,1,2,1,1,0,0,0,2.672456072
grassRedWet1_bin.24.orig,0,3,0,0,0,0,6,0,1,0,0,1,1,4,1,0,7,5,8,2,0,1,1,1,0,0,1,1,0,1,1,0,0,1,0,0,0,2,0,1,0,3,2,1,2,6,2,22,0,0,0,0,0,0,0,1,0,0,0,0,0,0,0,0,0,0,0,0,0,1,1,0,1,1,1,0,0,1,1,1,1,0,1,0,0,0,1,0,0,0,0,1,0,0,0,0,0,0,0,0,0,0,0,0,0,0,0,0,0,0,0,0,0,1,0,0,0,0,0,0,0,0,0,0,0,0,0,0,0,1,0,0,0,0,0,1,1,0,0,0,0,0,1,1,1,0,0,0,0,0,0,0,0,0,0,0,0,0,0,0,1,3,4,0,4,0,1,0,1,0,0,0,1,1,3,0,0,0,0,1,1,1,3,2,1,1,0,0,0,4.012913326
grassRedWet1_bin.25.orig,0,0,0,1,0,0,2,0,3,1,1,3,0,1,1,1,7,6,2,0,1,1,0,0,0,0,0,0,0,1,1,0,0,1,0,0,0,0,1,1,1,2,3,1,1,3,1,16,0,0,0,0,0,0,1,0,0,0,0,0,0,0,0,0,0,0,0,0,0,0,1,1,0,0,0,0,0,1,1,1,0,0,0,0,0,0,0,0,0,0,0,0,0,0,0,0,0,1,0,0,0,0,0,0,0,0,0,0,0,0,0,0,0,0,0,0,0,0,0,0,0,0,0,0,0,0,0,0,0,0,0,0,0,0,0,0,0,0,0,0,0,0,0,0,0,0,0,0,0,0,0,0,0,0,0,0,0,0,0,0,1,0,3,1,3,1,1,0,1,1,0,1,1,2,0,0,0,1,0,0,0,0,1,2,0,0,0,0,1,2.059291026
grassRedWet1_bin.26.orig,1,0,1,2,0,0,4,0,4,1,1,3,1,3,1,1,6,6,8,0,1,1,1,1,0,0,0,0,0,1,1,1,0,1,1,0,0,0,1,2,0,3,2,1,1,9,1,22,0,0,1,0,1,1,1,1,0,0,0,0,0,0,0,0,0,0,0,1,0,0,1,0,0,0,0,0,0,1,1,1,1,0,1,0,0,0,1,0,0,0,0,1,1,0,0,0,1,1,1,0,0,0,0,0,0,0,0,0,0,0,0,0,0,0,0,0,0,0,0,0,0,0,0,0,1,0,0,0,0,0,0,0,0,0,0,0,0,0,0,0,0,0,0,1,1,1,0,1,0,0,0,0,0,0,0,0,0,0,0,0,0,1,3,1,3,1,1,0,1,1,1,1,0,3,1,0,0,1,0,0,0,0,0,1,0,0,0,0,1,2.555614963
grassRedWet1_bin.27.orig,0,0,0,1,0,1,3,0,1,1,1,4,1,1,0,1,7,5,7,0,0,1,0,1,0,0,0,0,0,0,1,1,0,1,0,0,0,0,2,4,1,3,1,1,3,3,3,21,0,0,0,0,0,1,1,1,0,0,1,0,0,0,0,0,0,0,0,1,0,0,0,1,0,0,0,0,0,1,1,1,0,0,0,0,0,0,1,0,0,0,0,1,0,0,0,0,0,1,1,0,0,0,0,0,0,0,0,0,0,0,0,0,0,0,0,0,0,0,0,0,0,0,0,0,0,0,0,0,0,0,0,0,0,0,0,0,0,0,0,0,0,0,0,0,0,0,0,0,0,0,0,0,0,0,0,0,0,0,0,0,0,0,2,1,2,1,1,0,1,0,0,0,2,2,0,0,0,1,0,0,0,0,2,1,0,0,0,0,1,0.325539292
grassRedWet1_bin.28.strict,0,2,0,1,0,0,3,0,0,0,0,1,0,0,0,0,3,3,3,1,0,0,0,0,0,0,0,0,0,0,1,0,1,1,1,0,0,0,0,0,0,5,3,2,4,7,4,14,0,0,1,0,0,0,0,0,0,0,0,0,0,0,0,0,0,0,0,0,0,0,1,0,0,0,0,0,0,1,1,1,0,0,0,0,0,0,1,0,0,0,0,1,1,0,0,0,0,0,0,0,0,0,0,0,0,0,0,0,0,0,0,0,0,0,0,0,0,0,0,0,0,0,0,0,0,0,0,0,0,0,0,0,0,0,0,0,0,0,0,0,0,0,0,0,0,0,0,0,0,0,0,0,0,0,0,0,0,0,0,0,0,2,4,1,4,1,0,0,1,1,0,0,0,1,2,0,0,1,0,0,0,0,0,1,0,0,0,0,0,1.745222785
grassRedWet1_bin.29.orig,0,2,0,1,0,0,4,0,0,0,0,2,0,4,1,0,9,4,4,1,0,0,0,1,0,0,0,0,0,0,1,0,0,2,3,0,0,0,0,0,0,4,4,2,4,11,3,23,0,0,0,0,0,0,1,0,1,0,0,0,0,0,0,0,0,0,0,0,0,0,1,0,0,0,0,0,0,1,1,1,0,1,1,0,0,0,1,0,0,0,0,1,0,0,0,0,0,0,0,0,0,0,0,0,0,0,0,0,0,0,0,0,0,0,0,0,0,0,0,0,0,0,0,0,0,0,0,0,0,0,0,0,0,0,0,0,0,0,0,0,0,0,0,0,0,0,0,0,0,0,0,0,0,0,0,0,0,0,0,0,1,2,5,1,5,1,0,0,1,0,2,0,2,1,2,0,0,1,0,0,1,0,0,2,0,0,0,0,0,1.565723197
grassRedWet1_bin.3.orig,0,2,0,0,0,0,3,0,1,0,0,0,0,1,0,0,4,3,4,2,0,0,0,1,0,0,0,0,0,0,0,0,1,1,0,0,1,0,0,0,0,2,3,2,3,8,5,22,0,0,1,0,0,1,1,0,0,0,0,0,0,0,0,0,0,0,0,0,0,0,1,0,0,0,0,0,0,1,0,0,0,0,1,0,0,0,1,0,0,0,0,0,0,0,0,0,0,0,1,0,0,0,0,0,0,0,0,0,0,0,0,0,0,0,0,0,0,0,0,0,0,0,0,0,0,0,0,0,0,0,0,0,0,0,0,0,0,0,0,0,0,0,0,0,0,0,0,0,0,0,0,0,0,0,0,0,0,0,0,0,0,1,4,2,4,2,0,0,1,1,2,0,1,0,1,0,0,2,0,0,1,0,0,1,0,0,0,0,0,3.39673932
grassRedWet1_bin.30.orig,0,3,0,2,0,1,2,0,1,0,0,2,1,7,2,1,25,11,9,4,0,1,1,1,1,1,1,0,0,2,1,0,0,4,2,0,1,2,2,2,0,2,2,1,1,3,0,26,0,0,1,0,1,0,0,1,0,0,1,0,0,0,0,0,0,0,0,1,0,0,1,0,0,0,0,0,0,0,1,1,0,0,0,0,0,0,1,0,0,0,0,0,0,0,0,0,1,1,1,1,0,0,0,0,0,0,0,0,0,0,0,0,0,0,0,0,0,0,0,0,0,0,0,0,0,0,0,0,0,0,0,0,0,0,0,0,0,0,0,0,0,0,0,0,0,0,0,0,0,0,0,0,0,0,0,0,0,0,0,0,1,3,5,2,5,2,0,0,1,1,2,1,3,2,3,1,0,2,0,1,1,0,3,3,1,1,0,0,0,1.131735829
grassRedWet1_bin.31.strict,0,3,0,1,0,0,1,0,2,0,0,2,0,2,1,0,4,5,3,3,0,0,0,1,1,1,1,1,0,0,0,0,0,1,0,0,2,1,3,3,0,5,5,2,4,5,3,27,1,0,0,0,1,0,0,1,0,1,0,0,0,0,0,0,0,0,0,0,0,0,1,0,0,0,0,0,0,1,1,1,1,0,0,0,0,0,0,0,0,0,0,1,1,0,0,0,1,0,1,0,0,0,0,0,0,0,0,0,0,0,0,0,0,0,0,0,0,0,0,0,0,0,0,0,0,0,0,0,0,0,0,0,0,0,0,0,0,0,0,0,0,0,0,0,0,0,0,0,0,0,0,0,0,0,0,0,0,0,0,0,0,3,5,2,5,2,0,0,1,1,2,1,1,1,3,1,0,2,1,1,1,0,1,2,1,1,0,2,1,0.860460795
grassRedWet1_bin.32.orig,1,2,0,2,0,0,1,0,1,0,0,2,0,2,1,1,10,7,10,4,0,0,0,1,1,1,1,1,0,1,1,0,0,3,1,0,2,1,4,3,0,3,2,1,2,4,1,24,1,0,0,0,1,0,0,1,0,0,0,0,0,0,0,0,0,0,0,0,0,0,1,0,1,0,0,0,0,1,1,1,0,0,0,0,0,0,0,0,0,0,0,0,0,0,0,0,0,1,0,0,0,0,0,0,0,0,0,0,0,0,0,0,0,0,0,0,0,0,0,0,0,0,0,0,0,0,0,0,0,0,0,0,0,0,0,0,0,0,0,0,0,0,0,1,1,1,0,1,0,0,0,0,0,0,0,0,0,0,0,0,1,2,4,1,4,1,1,0,1,1,1,0,2,0,2,0,0,1,1,1,1,0,2,3,1,1,0,0,0,1.860902517
grassRedWet1_bin.33.orig,0,2,0,0,0,0,2,0,0,0,0,0,0,1,0,0,2,2,5,2,0,0,0,1,0,0,0,0,0,0,0,0,0,0,0,0,1,0,0,0,0,2,3,1,2,9,1,21,0,0,0,0,0,1,0,0,0,0,0,0,0,0,0,0,0,0,0,1,0,0,1,0,0,0,1,0,0,0,1,0,0,0,1,0,0,0,1,0,0,0,0,0,1,0,0,0,0,0,0,0,0,0,0,0,0,0,0,0,0,0,0,0,0,0,0,0,0,0,0,0,0,0,0,0,0,0,0,0,0,0,0,0,0,0,0,0,0,0,0,0,0,0,0,1,1,1,0,1,0,0,0,0,0,0,0,0,0,0,0,0,1,2,4,2,4,2,0,0,1,1,0,0,1,0,2,0,0,2,0,0,1,0,0,2,0,0,0,0,1,0.656987869
grassRedWet1_bin.34.orig,0,3,0,0,0,0,7,0,1,0,0,2,0,3,1,1,6,9,5,3,0,0,0,1,0,0,0,0,0,0,1,1,0,2,1,0,1,2,2,5,0,4,3,1,3,9,3,27,0,0,0,0,0,0,0,0,0,0,0,0,0,0,0,0,0,0,0,0,0,0,1,0,1,0,0,0,0,0,1,1,0,0,1,0,0,0,0,0,0,0,0,0,0,0,0,0,0,1,0,0,0,0,0,0,0,0,0,0,0,0,0,0,0,0,0,0,0,0,0,0,0,0,0,0,0,0,0,0,0,0,0,0,0,0,0,0,0,0,0,0,0,0,0,0,0,0,0,0,0,0,0,0,0,0,0,0,0,0,0,0,1,3,2,1,2,1,1,0,1,1,1,1,2,1,3,0,0,1,0,1,0,0,0,2,1,1,0,1,0,0.642630208
grassRedWet1_bin.35.orig,0,0,0,1,1,0,3,1,4,1,1,3,0,4,2,1,8,3,4,0,0,0,1,1,0,0,0,0,0,0,0,0,0,1,4,0,1,1,1,2,0,4,2,2,2,9,2,17,0,0,1,0,0,1,0,0,0,0,0,0,0,0,0,0,0,0,0,0,0,0,1,0,0,0,0,0,0,0,1,1,0,0,0,0,1,0,1,0,0,0,0,1,1,0,0,0,0,1,1,0,0,0,0,0,0,0,0,0,0,0,0,0,0,0,0,0,0,0,0,0,0,0,0,0,0,0,0,0,0,0,0,0,0,0,0,0,0,0,0,0,0,0,0,0,0,0,0,0,0,0,0,0,0,0,0,0,0,0,0,0,0,1,2,1,2,1,1,0,1,1,0,0,4,1,1,0,0,1,0,0,1,0,3,1,0,0,0,0,1,1.091796716
grassRedWet1_bin.37.orig,1,3,0,0,0,0,0,0,0,0,0,2,1,4,1,1,8,8,8,2,0,1,0,1,1,1,1,0,0,1,1,0,0,3,1,0,0,2,3,3,1,2,3,1,1,5,0,29,0,0,1,0,1,0,0,1,0,0,0,0,0,0,0,0,0,0,0,0,0,0,1,0,1,0,0,0,0,0,1,1,1,0,1,0,0,0,1,0,0,0,0,0,1,0,0,0,0,0,1,0,0,0,0,0,0,0,0,0,0,0,0,0,0,0,0,0,0,0,0,0,0,0,0,0,0,0,0,0,0,0,0,0,0,0,0,0,0,0,0,0,0,0,0,0,0,0,0,0,0,0,0,0,0,0,0,0,0,0,0,0,0,2,3,2,3,2,1,1,0,1,1,0,1,2,2,0,0,2,1,0,0,0,2,2,0,0,0,0,0,1.947276083
grassRedWet1_bin.38.orig,1,0,1,1,0,0,4,0,3,1,1,3,1,5,3,1,12,8,10,0,1,1,1,1,0,0,0,0,0,2,1,1,0,1,2,0,2,1,1,4,0,5,3,1,1,9,4,26,0,1,1,0,1,1,1,0,0,0,0,0,0,0,0,0,0,0,0,1,0,0,1,0,0,0,0,0,0,1,1,1,0,0,1,0,0,0,1,0,0,0,0,1,1,0,0,0,1,1,1,0,0,0,0,0,0,0,0,0,0,0,0,0,0,0,0,0,0,0,0,0,0,0,0,0,1,0,0,0,0,0,0,0,0,0,0,0,0,0,0,0,0,0,0,1,1,1,0,1,0,0,0,0,0,0,0,0,0,0,0,0,2,2,5,1,5,1,1,0,1,1,0,1,2,4,2,0,0,1,0,1,1,1,2,3,1,1,0,0,1,2.455774619
grassRedWet1_bin.39.orig,1,3,0,0,0,0,3,0,0,0,0,2,1,6,1,1,9,9,8,3,0,0,1,1,1,1,1,0,0,2,0,1,0,3,2,0,0,2,2,4,0,2,2,1,1,4,0,28,0,0,1,0,0,0,0,1,0,0,0,0,0,0,0,0,0,0,0,0,0,0,1,0,1,0,0,0,0,1,1,1,1,0,1,0,0,0,1,0,0,0,0,0,1,1,0,1,1,1,0,0,0,0,0,0,0,0,0,0,0,0,0,0,0,0,0,0,0,0,0,0,0,0,0,0,0,0,0,0,0,0,0,0,0,0,0,0,0,0,0,0,0,0,0,1,1,0,0,0,0,0,0,0,0,0,0,0,0,0,0,0,1,3,3,2,3,2,1,1,0,1,1,0,2,2,3,0,0,2,0,1,1,1,3,3,1,1,0,0,0,2.198052512
grassRedWet1_bin.4.orig,0,2,0,0,0,0,4,0,1,0,0,0,0,3,0,0,5,3,5,2,0,0,1,1,0,0,0,0,0,0,0,0,0,1,3,0,1,0,0,0,0,4,4,1,2,8,4,22,0,0,1,0,0,1,0,0,0,0,0,0,0,0,0,0,0,0,0,0,0,0,1,0,0,0,0,0,0,1,1,0,0,0,1,0,0,0,0,0,0,0,0,0,0,0,0,0,0,0,0,0,0,0,0,0,0,0,0,0,0,0,0,0,0,0,0,0,0,0,0,0,0,0,0,0,0,0,0,0,0,0,0,0,0,0,0,0,0,0,0,0,0,0,0,0,0,0,0,0,0,0,0,0,0,0,0,0,0,0,0,0,1,2,5,2,5,2,0,0,1,1,2,0,3,1,2,0,0,2,0,0,1,0,0,2,0,0,0,0,0,0.409055642
grassRedWet1_bin.40.permissive,0,2,0,1,0,0,3,0,0,0,0,0,0,2,0,0,5,4,4,1,0,0,0,0,0,0,0,0,0,0,1,0,0,0,0,0,0,0,1,0,0,4,4,2,4,8,4,20,0,0,0,0,1,0,1,1,0,0,0,0,0,0,0,0,0,0,0,0,0,0,1,0,0,0,0,0,0,0,1,1,0,1,1,0,0,0,1,0,0,0,0,0,0,0,0,0,0,0,0,0,0,0,0,0,0,0,0,0,0,0,0,0,0,0,0,0,0,0,0,0,0,0,0,0,0,0,0,0,0,0,0,0,0,0,0,0,0,0,0,0,0,0,0,0,0,0,0,0,0,0,0,0,0,0,0,0,0,0,0,0,1,2,3,1,3,1,0,0,1,1,1,0,1,0,2,0,0,1,0,0,1,0,1,2,0,0,0,0,0,1.157705205
grassRedWet1_bin.41.strict,0,2,0,0,0,0,2,0,0,0,0,1,0,2,0,0,5,4,3,2,0,0,0,1,1,1,0,0,0,0,0,0,1,2,0,0,1,0,1,1,0,6,2,3,5,10,5,17,0,0,1,0,0,1,1,0,0,0,0,0,0,0,0,0,0,0,0,0,0,0,1,0,0,0,0,0,0,1,1,1,0,0,0,0,0,0,0,0,0,0,0,0,0,0,0,0,0,0,1,0,0,0,0,0,0,0,0,0,0,0,0,0,0,0,0,0,0,0,0,0,0,0,0,0,0,0,0,0,0,0,0,0,0,0,0,0,0,0,0,0,0,0,0,0,0,0,0,0,0,0,0,0,0,0,0,0,0,0,0,0,1,1,3,2,3,2,0,0,0,1,2,0,1,0,1,0,0,2,0,0,1,0,0,2,0,0,0,0,0,1.12092691
grassRedWet1_bin.42.orig,0,0,0,1,0,0,3,1,2,1,1,4,1,3,1,1,8,7,4,0,2,1,0,1,0,0,0,0,0,1,1,1,0,2,2,0,1,1,0,4,1,3,2,1,1,6,1,18,0,0,1,0,0,0,1,0,0,0,0,0,0,0,0,0,0,0,0,1,0,0,1,0,0,0,0,0,0,1,1,1,0,0,0,0,1,1,1,0,0,0,0,1,1,0,0,0,1,1,0,0,0,0,0,0,0,0,0,0,0,0,0,0,0,0,0,0,0,0,0,0,0,0,0,0,0,0,0,0,0,0,0,0,0,0,0,0,0,0,0,0,0,0,0,0,0,0,0,0,0,0,0,0,0,0,0,0,0,0,0,0,1,1,3,1,3,1,1,0,1,1,1,0,2,3,1,0,0,1,0,1,0,0,1,1,1,1,0,0,1,1.100896845
grassRedWet1_bin.43.orig,0,2,0,1,0,0,2,0,1,0,0,0,0,2,0,0,4,6,4,2,0,1,1,0,0,0,0,0,0,0,0,0,1,2,2,0,0,0,0,0,0,3,3,1,2,6,3,20,0,1,0,0,0,0,0,0,1,1,0,0,0,0,0,0,0,0,0,0,0,0,1,0,0,0,0,0,0,0,1,0,0,1,1,0,0,0,0,0,0,0,0,1,1,0,0,0,0,0,0,0,0,0,0,0,0,0,0,0,0,0,0,0,0,0,0,0,0,0,0,0,0,0,0,0,0,0,0,0,0,0,0,0,0,0,0,0,0,0,0,0,0,0,0,0,0,0,0,0,0,0,0,0,0,0,0,0,0,0,0,0,1,2,4,2,4,2,0,0,1,1,2,0,3,1,2,0,0,2,0,0,1,1,0,2,0,0,0,0,0,1.008371923
grassRedWet1_bin.44.orig,0,2,0,1,0,1,2,0,0,0,0,0,0,2,0,0,9,4,4,2,0,1,0,1,0,0,0,0,0,0,0,0,1,3,1,0,1,0,0,1,0,3,4,1,2,7,5,21,0,1,0,0,0,0,0,1,0,0,0,0,0,0,0,0,0,0,0,0,0,0,1,0,0,0,0,0,0,1,1,0,0,0,1,0,0,0,0,0,0,0,0,1,1,0,0,0,0,0,0,0,0,0,0,0,0,0,0,0,0,0,0,0,0,0,0,0,0,0,0,0,0,0,0,0,0,0,0,0,0,0,0,0,0,0,0,0,0,0,0,0,0,0,0,0,0,0,0,0,0,0,0,0,0,0,0,0,0,0,0,0,1,3,4,2,4,2,0,0,1,1,2,0,2,0,3,0,0,2,0,0,1,0,0,2,0,0,0,0,0,2.927948637
grassRedWet1_bin.45.orig,0,2,0,0,0,0,2,0,1,0,0,0,0,1,0,0,4,2,4,2,0,0,0,1,0,0,0,0,0,0,0,0,0,1,2,0,1,0,0,0,0,2,1,0,1,3,2,18,0,0,0,0,0,0,0,0,1,0,0,0,0,0,0,0,0,0,0,0,0,0,0,0,0,0,0,0,0,1,1,0,0,0,0,0,0,0,1,0,0,0,0,0,0,0,0,0,0,0,0,0,0,0,0,0,0,0,0,0,0,0,0,0,0,0,0,0,0,0,0,0,0,0,0,0,0,0,0,0,0,0,0,0,0,0,0,0,0,0,0,0,0,0,0,0,0,0,0,0,0,0,0,0,0,0,0,0,0,0,0,0,1,2,5,1,5,1,0,0,1,1,1,0,2,1,2,0,0,1,0,0,1,0,0,1,0,0,0,0,0,1.499013294
grassRedWet1_bin.47.orig,0,2,0,2,0,0,2,0,2,0,0,2,1,5,2,1,9,9,8,1,0,0,1,1,0,0,1,0,0,1,0,0,0,2,4,0,0,1,0,3,0,4,3,1,3,6,2,21,0,0,0,0,0,0,0,1,0,0,0,0,0,0,0,0,0,0,0,0,0,0,0,0,1,0,0,0,0,1,1,1,0,0,1,0,0,0,1,0,0,0,0,0,0,0,0,0,0,1,0,0,0,0,0,0,0,0,0,0,0,0,0,0,0,0,0,0,0,0,0,0,0,0,0,0,0,0,0,0,0,0,0,0,0,0,0,0,0,0,0,0,0,0,0,0,0,0,0,0,0,0,0,0,0,0,0,0,0,0,0,0,1,1,4,1,4,1,1,1,1,0,0,0,3,1,1,0,0,1,0,1,1,1,1,2,1,1,0,0,0,0.681931806
grassRedWet1_bin.48.orig,0,0,1,1,0,0,3,0,5,1,1,4,0,1,1,1,6,2,4,0,0,0,0,0,0,0,0,0,0,2,1,0,0,0,2,0,0,1,1,1,0,4,2,1,2,8,3,19,0,0,0,0,0,1,1,1,0,0,0,0,0,0,0,0,0,0,0,0,0,0,0,0,0,0,0,0,0,1,1,1,0,0,0,0,0,0,1,0,0,0,0,1,1,0,0,0,0,1,1,0,0,0,0,0,0,0,0,0,0,0,0,0,0,0,0,0,0,0,0,0,0,0,0,0,1,0,0,0,0,0,0,0,0,0,0,0,0,0,0,0,0,0,0,0,0,0,0,0,0,0,0,0,0,0,0,0,0,0,0,0,1,1,3,0,3,0,1,0,1,1,0,1,3,2,1,0,0,0,0,0,0,0,1,2,0,0,0,0,1,1.163853275
grassRedWet1_bin.49.strict,0,2,0,0,0,0,3,0,0,0,0,0,0,4,0,0,5,3,5,1,0,0,1,1,0,0,0,0,0,0,0,0,0,0,1,0,1,0,0,0,0,3,4,1,1,5,2,25,0,0,0,0,0,0,0,0,0,0,0,0,0,0,0,0,0,0,0,0,0,0,1,0,0,0,0,0,0,1,1,0,0,0,1,0,0,0,1,0,0,0,0,0,1,0,0,0,0,0,0,0,0,0,0,0,0,0,0,0,0,0,0,0,0,0,0,0,0,0,0,0,0,0,0,0,0,0,0,0,0,0,0,0,0,0,0,0,0,0,0,0,0,0,0,0,0,0,0,0,0,0,0,0,0,0,0,0,0,0,0,0,2,2,5,2,5,2,0,0,1,1,2,0,3,1,2,0,0,2,0,0,1,0,0,3,0,0,0,0,0,0.591693117
grassRedWet1_bin.5.orig,0,0,1,1,0,0,3,0,5,1,1,3,0,4,1,1,9,7,8,0,0,1,1,1,0,0,0,0,0,1,1,1,0,1,1,0,0,1,2,4,1,5,4,1,3,10,4,20,0,1,1,0,0,1,1,1,0,0,0,0,0,0,0,0,0,0,0,0,0,0,1,1,0,0,0,0,0,1,1,1,0,0,0,0,0,0,1,0,0,0,0,1,1,0,0,0,0,1,1,0,0,0,0,0,0,0,0,0,0,0,0,0,0,0,0,0,0,0,0,0,0,0,0,0,1,0,0,0,0,0,0,0,0,0,0,0,0,0,0,0,0,0,0,0,0,0,0,0,0,0,0,0,0,0,0,0,0,0,0,0,1,1,3,1,3,1,1,0,1,1,1,1,2,2,1,0,0,1,0,0,1,0,2,2,0,0,0,0,1,2.255734441
grassRedWet1_bin.50.orig,1,2,0,1,0,0,6,0,3,1,1,3,2,5,0,1,8,8,6,2,0,1,1,1,1,1,1,0,0,0,0,0,0,2,3,1,2,0,0,4,0,3,2,1,2,3,3,21,0,0,1,0,1,0,0,1,0,0,0,0,0,0,0,0,0,0,0,0,0,0,1,0,1,0,0,0,0,1,1,1,0,0,0,0,0,0,0,0,0,0,0,1,0,0,0,0,0,1,1,0,0,0,0,0,0,0,0,0,0,0,0,0,0,0,0,0,0,0,0,0,0,0,0,0,0,0,0,0,0,0,0,0,0,0,0,0,0,0,0,0,0,0,0,1,1,1,0,1,0,0,0,0,0,0,0,0,0,0,0,0,0,4,3,2,3,2,1,0,1,0,1,0,3,0,4,0,0,2,1,0,1,0,0,1,0,0,0,0,0,2.312456884
grassRedWet1_bin.51.orig,1,3,0,1,0,0,6,0,1,0,0,2,1,3,0,0,8,10,4,3,0,2,1,1,0,0,0,0,0,1,2,0,0,3,4,0,1,0,3,2,0,2,4,1,1,4,3,32,1,0,1,0,1,0,0,0,0,0,0,0,0,0,0,0,0,0,0,0,0,0,1,0,1,0,0,0,0,0,1,1,0,1,1,0,0,0,1,0,0,0,0,1,1,0,0,1,1,1,1,0,0,0,0,0,0,0,0,0,0,0,0,0,0,0,0,0,0,0,0,0,0,0,0,0,0,0,0,0,0,0,0,0,0,0,0,0,0,0,0,0,0,0,0,1,1,1,0,1,0,0,0,0,0,0,0,0,0,0,0,0,1,1,4,2,4,2,1,0,1,1,2,1,4,3,1,1,0,2,1,1,1,0,2,3,1,1,0,0,1,1.33818825
grassRedWet1_bin.52.orig,0,3,0,0,0,0,3,0,0,0,0,3,1,2,0,1,5,8,7,1,0,0,0,1,0,0,1,1,0,1,0,0,0,2,0,0,2,0,2,5,0,2,2,1,2,2,1,17,0,0,0,0,1,0,0,1,0,0,0,0,0,0,0,0,0,0,0,0,0,0,1,0,0,0,0,0,0,1,1,1,0,0,0,0,0,0,0,0,0,0,0,0,0,0,0,0,0,1,0,0,0,0,0,0,0,0,0,0,0,0,0,0,0,0,0,0,0,0,0,0,0,0,0,0,0,0,0,0,0,0,0,0,0,0,0,0,0,0,0,0,0,0,0,0,0,0,0,0,0,0,0,0,0,0,0,0,0,0,0,0,1,1,1,1,1,1,0,0,1,0,1,0,2,0,1,0,0,1,1,0,1,1,1,1,0,0,0,0,0,1.376079835
grassRedWet1_bin.53.orig,0,3,0,1,1,0,5,0,2,0,0,3,2,6,2,1,8,9,6,4,0,0,1,1,1,1,1,1,0,0,0,1,0,3,1,0,2,1,2,5,0,2,2,1,2,4,2,30,0,0,1,0,1,0,0,0,0,1,0,0,0,0,0,0,0,0,0,0,0,1,1,0,1,0,0,0,0,1,1,1,1,0,0,0,0,0,0,0,0,0,0,1,1,0,0,0,0,1,0,0,0,0,0,0,0,0,0,0,0,0,0,0,0,0,0,0,0,0,0,0,0,0,0,0,0,0,0,0,0,0,0,0,0,0,0,0,0,0,0,0,0,0,0,1,1,1,0,1,0,0,0,0,0,0,0,0,0,0,0,0,1,4,5,2,5,2,1,1,1,1,2,0,2,2,4,0,0,2,0,1,1,1,3,2,1,1,0,0,0,5.165136277
grassRedWet1_bin.54.orig,0,2,0,0,0,0,3,0,1,0,0,0,0,2,0,0,6,3,4,2,0,0,0,1,0,0,0,0,0,0,0,0,1,1,1,0,1,0,0,0,0,4,2,2,3,9,6,26,0,1,1,0,0,1,1,0,1,0,0,0,0,0,0,0,0,0,0,0,0,0,1,0,0,0,0,0,0,1,1,0,1,1,1,0,0,0,1,0,0,0,0,0,1,0,0,0,0,0,1,0,0,0,0,0,0,0,0,0,0,0,0,0,0,0,0,0,0,0,0,0,0,0,0,0,0,0,0,0,0,0,0,0,0,0,0,0,0,0,0,0,0,0,0,0,0,0,0,0,0,0,0,0,0,0,0,0,0,0,0,0,0,2,5,2,5,2,0,0,1,1,2,0,2,1,2,0,0,2,0,0,1,0,0,1,0,0,0,0,1,1.244092244
grassRedWet1_bin.55.orig,0,2,0,0,0,0,2,0,0,0,0,0,0,1,0,0,2,1,2,2,0,0,0,1,0,0,0,0,0,0,0,0,0,1,1,0,0,0,0,0,0,1,2,1,2,3,2,16,0,0,1,0,0,0,0,0,0,0,0,0,0,0,0,0,0,0,0,0,0,0,1,0,0,0,0,0,0,1,1,0,0,0,0,0,0,0,0,0,0,0,0,0,0,0,0,0,0,0,0,0,0,0,0,0,0,0,0,0,0,0,0,0,0,0,0,0,0,0,0,0,0,0,0,0,0,0,0,0,0,0,0,0,0,0,0,0,0,0,0,0,0,0,0,0,0,0,0,0,0,0,0,0,0,0,0,0,0,0,0,0,0,2,1,1,1,1,0,0,1,0,0,0,2,0,2,0,0,1,0,0,0,0,0,0,0,0,0,0,0,2.99962314
grassRedWet1_bin.56.orig,0,0,0,0,0,0,3,0,6,1,1,3,0,2,0,0,6,1,4,0,0,1,1,0,0,0,0,0,0,1,1,0,0,1,1,0,1,0,1,2,0,4,2,1,1,7,1,11,0,0,1,0,0,0,1,0,0,0,0,0,0,0,0,0,0,0,0,1,0,0,0,0,0,0,0,0,0,0,1,1,0,0,0,0,0,0,0,0,0,0,0,0,0,0,0,0,0,0,0,0,0,0,0,0,0,0,0,0,0,0,0,0,0,0,0,0,0,0,0,0,0,0,0,0,1,0,0,0,0,0,0,0,0,0,0,0,0,0,0,0,0,0,0,0,0,0,0,0,0,0,0,0,0,0,0,0,0,0,0,0,0,1,0,1,0,1,0,0,1,1,0,0,2,0,1,0,0,1,0,0,1,0,1,0,0,0,0,0,0,1.072216624
grassRedWet1_bin.57.orig,0,3,0,1,0,0,2,0,0,0,0,2,0,4,1,0,3,7,7,1,0,0,1,1,0,0,1,0,0,0,1,1,0,2,0,0,1,0,2,1,0,3,3,1,3,6,4,21,0,0,0,0,0,0,1,0,0,0,0,0,0,0,0,0,0,0,0,0,0,0,1,0,1,0,0,0,0,1,1,1,1,0,0,0,0,0,1,0,0,0,0,1,0,0,0,0,0,1,0,0,0,0,0,0,0,0,0,0,0,0,0,0,0,0,0,0,0,0,0,0,0,0,0,0,0,0,0,0,0,0,0,0,0,0,0,0,0,0,0,0,0,0,0,0,0,0,0,0,0,0,0,0,0,0,0,0,0,0,0,0,0,3,1,2,1,2,0,0,1,1,2,0,0,1,3,0,0,2,1,0,1,0,1,1,0,0,0,0,1,3.455362954
grassRedWet1_bin.58.permissive,0,0,0,0,0,0,0,0,1,0,0,0,0,2,0,0,2,1,3,2,0,0,1,0,0,0,0,0,0,0,0,0,0,1,0,0,1,0,0,0,0,3,2,1,2,5,5,19,0,0,0,0,0,0,0,0,0,0,0,0,0,0,0,0,0,0,0,0,0,0,0,0,0,0,0,0,0,0,1,0,0,0,0,0,0,0,0,0,0,0,0,0,0,0,0,0,0,0,0,0,0,0,0,0,0,0,0,0,0,0,0,0,0,0,0,0,0,0,0,0,0,0,0,0,0,0,0,0,0,0,0,0,0,0,0,0,0,0,0,0,0,0,0,0,0,0,0,0,0,0,0,0,0,0,0,0,0,0,0,0,1,2,3,2,3,2,0,0,1,1,2,0,1,0,2,0,0,2,0,0,0,0,0,1,0,0,0,0,0,11.5613733
grassRedWet1_bin.59.orig,0,2,0,0,0,0,2,0,0,0,0,0,0,0,0,0,3,3,4,2,0,0,0,0,0,0,0,0,0,0,0,0,0,1,3,0,1,0,0,0,0,4,2,1,2,5,1,21,0,0,0,0,0,0,0,1,0,0,0,0,0,0,0,0,0,0,0,0,0,0,0,0,1,0,0,0,0,1,1,0,0,0,0,0,0,0,0,0,0,0,0,0,0,0,0,0,0,0,0,0,0,0,0,0,0,0,0,0,0,0,0,0,0,0,0,0,0,0,0,0,0,0,0,0,0,0,0,0,0,0,0,0,0,0,0,0,0,0,0,0,0,0,0,0,0,0,0,0,0,0,0,0,0,0,0,0,0,0,0,0,1,1,2,2,2,2,0,0,1,0,1,0,2,0,1,0,0,2,0,0,1,0,0,1,0,0,0,0,0,2.40721803
grassRedWet1_bin.6.orig,0,3,0,0,0,0,0,0,0,0,0,0,0,3,1,1,6,5,4,2,0,0,0,1,0,0,1,0,0,0,0,0,0,1,1,0,0,1,1,2,0,3,1,1,2,3,0,15,0,0,0,0,0,0,0,0,0,0,0,0,0,0,0,0,0,0,0,0,0,0,1,0,0,0,0,0,0,0,0,0,0,0,0,0,0,0,0,0,0,0,0,0,0,0,0,0,1,0,0,0,0,0,0,0,0,0,0,0,0,0,0,0,0,0,0,0,0,0,0,0,0,0,0,0,0,0,0,0,0,0,0,0,0,0,0,0,0,0,0,0,0,0,0,0,0,0,0,0,0,0,0,0,0,0,0,0,0,0,0,0,1,2,1,0,1,0,1,0,0,1,1,0,1,1,2,0,0,0,1,0,1,0,0,1,0,0,0,0,0,0.657482724
grassRedWet1_bin.7.orig,0,0,1,1,0,1,2,1,3,1,1,4,0,6,1,1,10,3,2,0,1,1,0,1,0,1,0,0,0,1,1,1,0,2,1,0,0,0,2,4,0,4,3,1,1,10,3,17,0,0,1,0,1,1,1,1,0,0,1,0,0,0,0,0,0,0,0,1,0,0,1,0,0,0,0,0,0,0,1,0,0,0,0,0,1,0,1,0,0,0,0,1,0,0,0,0,1,0,0,0,0,0,0,0,0,0,0,0,0,0,0,0,0,0,0,0,0,0,0,0,0,0,0,0,1,0,0,0,0,0,0,0,0,0,0,0,0,0,0,0,0,0,0,0,0,0,0,0,0,0,0,0,0,0,0,0,0,0,0,0,1,0,5,1,5,1,1,0,1,1,1,0,2,2,0,0,0,1,0,0,1,0,0,2,0,0,0,0,1,1.923704105
grassRedWet1_bin.8.orig,1,0,1,1,1,0,2,1,3,1,1,4,1,2,0,1,5,6,5,0,2,1,0,1,0,0,0,0,0,1,1,1,0,1,1,0,0,0,0,3,0,4,2,1,2,8,3,16,0,1,1,0,1,0,0,0,0,1,0,0,0,0,0,0,0,0,0,1,0,0,1,0,0,0,0,1,0,1,1,1,0,0,0,0,0,0,1,0,0,0,0,1,0,0,0,0,0,1,0,0,0,0,0,0,0,0,0,0,0,0,0,0,0,0,0,0,0,0,0,0,0,0,0,0,1,0,0,0,0,0,0,0,0,0,0,0,0,0,0,0,0,0,0,0,0,0,0,0,0,0,0,0,0,0,0,0,0,0,0,0,0,0,3,0,3,0,1,0,1,0,1,1,2,3,0,0,0,0,0,0,0,0,1,0,0,0,0,0,0,0.40494893
grassRedWet1_bin.9.orig,0,0,0,1,0,0,3,0,2,1,1,3,1,5,1,1,10,7,9,0,0,1,1,1,0,0,0,0,0,2,1,1,0,2,0,0,1,1,1,2,0,4,3,2,4,10,4,27,0,1,1,0,1,1,1,0,0,0,0,0,0,0,0,0,0,0,0,1,0,0,1,0,0,0,0,0,0,1,1,1,0,0,1,0,0,0,1,0,0,0,0,1,1,0,0,0,1,1,0,0,0,0,0,0,0,0,0,0,0,0,0,0,0,0,0,0,0,0,0,0,0,0,0,0,1,0,0,0,0,0,0,0,0,0,0,0,0,0,0,0,0,0,0,1,1,1,0,1,0,0,0,0,0,0,0,0,0,0,0,0,2,3,5,1,5,1,1,0,1,1,0,1,2,3,3,0,0,1,0,0,1,1,2,3,0,0,0,0,1,1.142755388
grassRedWet2_bin.1.orig,0,3,0,0,0,0,3,0,1,0,0,3,0,4,1,0,4,5,7,1,0,1,1,0,0,0,1,0,0,0,1,0,0,1,0,0,1,0,2,1,0,4,3,2,4,7,3,22,0,0,0,0,1,0,1,0,0,1,0,0,0,0,0,0,0,0,0,0,0,0,1,0,1,0,0,0,0,1,1,1,1,0,1,0,0,0,1,0,0,0,0,0,0,0,0,0,0,1,1,0,0,0,0,0,0,0,0,0,0,0,0,0,0,0,0,0,0,0,0,0,0,0,0,0,0,0,0,0,0,0,0,0,0,0,0,0,0,0,0,0,0,0,0,1,1,1,0,1,0,0,0,0,0,0,0,0,0,0,0,0,1,3,3,2,3,2,1,0,1,0,2,0,0,1,3,0,0,2,1,1,1,0,0,2,1,1,0,0,1,2.095276071
grassRedWet2_bin.10.orig,0,2,0,1,0,0,2,0,0,0,0,0,0,0,1,0,5,1,3,2,0,0,0,1,0,0,0,0,0,0,1,0,0,0,0,0,1,0,0,0,0,4,4,3,3,7,1,16,0,0,0,0,0,0,0,0,0,0,0,0,0,0,0,0,0,0,0,0,0,0,1,0,0,0,0,0,0,1,0,0,0,0,0,0,0,0,0,0,0,0,0,0,1,0,0,0,0,0,0,0,0,0,0,0,0,0,0,0,0,0,0,0,0,0,0,0,0,0,0,0,0,0,0,0,0,0,0,0,0,0,0,0,0,0,0,0,0,0,0,0,0,0,0,0,0,0,0,0,0,0,0,0,0,0,0,0,0,0,0,0,1,1,1,2,1,2,0,0,0,1,1,0,1,1,1,0,0,2,0,0,0,0,1,2,0,0,0,0,0,1.380943643
grassRedWet2_bin.11.orig,1,3,0,0,0,0,2,0,0,0,0,2,1,6,2,1,9,9,7,3,0,0,1,1,1,1,1,1,0,1,0,0,0,3,2,0,0,2,2,4,0,3,2,1,1,5,0,26,0,0,1,0,1,0,0,1,0,0,0,0,0,0,0,0,0,0,0,0,0,0,1,0,1,0,0,0,0,1,1,1,1,0,1,0,0,0,0,0,0,0,0,0,1,0,0,1,0,1,0,0,0,0,0,0,0,0,0,0,0,0,0,0,0,0,0,0,0,0,0,0,0,0,0,0,0,0,0,0,0,0,0,0,0,0,0,0,0,0,0,0,0,0,0,0,0,0,0,0,0,0,0,0,0,0,0,0,0,0,0,0,2,3,1,2,1,2,0,1,0,1,1,0,2,2,3,0,0,2,0,1,1,1,3,4,1,1,0,0,0,3.276346943
grassRedWet2_bin.12.permissive,0,2,0,1,0,0,2,0,0,0,0,1,0,4,0,0,5,2,5,1,0,1,1,1,0,0,0,0,0,0,2,0,0,1,1,0,1,0,1,0,0,2,3,2,4,7,3,26,0,1,1,0,0,0,0,1,0,0,0,0,0,0,0,0,0,0,0,0,0,0,1,0,0,0,0,1,0,0,1,1,0,1,0,0,0,0,1,0,0,0,0,1,1,0,0,0,0,0,0,0,0,0,0,0,0,0,0,0,0,0,0,0,0,0,0,0,0,0,0,0,0,0,0,0,0,0,0,0,0,0,0,0,0,0,0,0,0,0,0,0,0,0,0,0,0,0,0,0,0,0,0,0,0,0,0,0,0,0,0,0,2,2,2,2,2,2,0,0,1,1,1,0,2,2,2,0,0,2,0,0,1,0,0,3,0,0,0,0,0,1.745605412
grassRedWet2_bin.13.orig,1,0,1,1,0,0,1,0,2,1,1,3,0,4,3,1,9,7,8,0,1,1,1,0,0,0,0,0,0,2,0,1,0,0,0,0,1,0,1,4,0,4,2,1,2,7,2,18,0,0,0,0,1,0,1,0,0,0,0,0,0,0,0,0,0,0,0,0,0,0,1,0,0,0,0,0,0,0,1,1,0,0,1,0,0,0,0,0,0,0,0,1,0,0,0,0,0,0,0,0,0,0,0,0,0,0,0,0,0,0,0,0,0,0,0,0,0,0,0,0,0,0,0,0,0,0,0,0,0,0,0,0,0,0,0,0,0,0,0,0,0,0,0,1,1,1,0,1,0,0,0,0,0,0,0,0,0,0,0,0,1,2,3,0,3,0,1,0,1,0,0,1,1,2,2,0,0,0,0,0,1,0,2,2,0,0,0,0,0,0.479843679
grassRedWet2_bin.14.orig,0,3,0,1,0,0,3,0,2,0,0,1,1,6,0,0,6,8,8,0,0,1,1,0,1,1,0,1,0,0,0,0,0,3,0,0,0,1,0,2,0,1,1,0,1,2,1,17,0,0,0,0,1,0,0,0,0,0,0,0,0,0,0,0,0,0,0,0,0,1,1,0,1,0,1,0,0,0,1,1,0,0,1,0,0,0,1,0,0,0,0,0,0,0,0,0,0,1,0,0,0,0,0,0,0,0,0,0,0,0,0,0,0,0,0,0,0,0,0,0,0,0,0,0,0,0,0,0,0,0,0,0,0,0,0,1,1,0,0,0,0,0,0,1,1,0,0,0,0,0,0,0,1,0,1,0,0,0,0,0,1,3,0,0,0,0,0,0,1,0,2,0,0,1,3,0,0,0,0,1,1,1,2,1,1,1,0,0,0,1.460914086
grassRedWet2_bin.15.permissive,0,0,0,0,0,0,0,0,0,0,0,0,0,0,0,0,0,0,2,0,0,0,0,0,0,0,0,0,0,0,0,0,0,0,0,0,0,0,0,0,0,3,1,2,2,3,0,9,0,0,0,0,0,0,0,0,0,0,0,0,0,0,0,0,0,0,0,1,0,0,1,0,0,0,0,0,0,0,0,0,0,0,0,0,0,0,0,0,0,0,0,0,0,0,0,0,0,0,1,0,0,0,0,0,0,0,0,0,0,0,0,0,0,0,0,0,0,0,0,0,0,0,0,0,0,0,0,0,0,0,0,0,0,0,0,0,0,0,0,0,0,0,0,0,0,0,0,0,0,0,0,0,0,0,0,0,0,0,0,0,0,0,5,0,5,0,0,0,0,1,0,0,1,0,0,0,0,0,0,0,0,0,1,0,0,0,0,0,0,4.921759141
grassRedWet2_bin.17.orig,0,0,0,1,1,0,1,1,4,1,1,3,0,4,3,1,7,6,6,0,0,1,1,1,0,0,0,0,0,1,0,1,0,1,4,0,0,0,1,3,0,4,1,1,2,7,2,14,0,0,1,0,1,1,1,1,0,0,0,0,0,0,0,0,0,0,0,0,0,0,1,1,0,0,0,0,0,1,1,1,0,0,0,0,0,0,1,0,0,0,0,1,1,0,0,0,0,0,0,0,0,0,0,0,0,0,0,0,0,0,0,0,0,0,0,0,0,0,0,0,0,0,0,0,1,0,0,0,0,0,0,0,0,0,0,0,0,0,0,0,0,0,0,0,0,0,0,0,0,0,0,0,0,0,0,0,0,0,0,0,1,1,1,1,1,1,1,0,1,1,1,1,4,0,1,0,0,1,0,0,1,0,1,1,0,0,0,0,1,0.701321741
grassRedWet2_bin.18.orig,0,3,0,1,0,0,5,0,2,0,0,1,1,6,2,1,6,6,11,3,0,1,1,0,1,1,1,1,0,0,1,0,0,3,0,0,1,2,1,2,0,3,2,2,2,7,0,22,1,0,1,0,0,0,0,1,0,0,0,0,0,0,0,0,0,0,0,0,0,1,1,0,1,1,0,0,0,1,1,1,1,0,1,0,0,0,1,0,0,0,0,1,0,0,0,0,0,1,0,0,0,0,0,0,0,0,0,0,0,0,0,0,0,1,0,0,0,0,0,0,0,0,0,0,0,0,0,0,0,1,0,0,0,0,0,1,1,0,0,0,0,0,1,1,1,0,0,0,0,0,0,0,1,0,1,0,0,0,0,0,1,3,3,1,3,1,1,0,1,0,1,0,1,2,3,0,0,1,0,0,1,1,3,1,0,0,0,0,0,2.150250974
grassRedWet2_bin.19.strict,0,0,0,0,0,0,0,0,0,0,0,0,0,0,0,0,0,0,2,0,0,0,0,0,0,0,0,0,0,0,0,0,0,0,0,0,0,0,0,0,0,2,1,2,2,3,0,10,0,0,0,0,0,0,0,0,0,0,0,0,0,0,0,0,0,0,0,1,0,0,1,0,0,0,0,0,0,0,0,0,0,0,0,0,0,0,0,0,0,0,0,0,0,0,0,0,0,0,1,0,0,0,0,0,0,0,0,0,0,0,0,0,0,0,0,0,0,0,0,0,0,0,0,0,0,0,0,0,0,0,0,0,0,0,0,0,0,0,0,0,0,0,0,0,0,0,0,0,0,0,0,0,0,0,0,0,0,0,0,0,0,0,5,0,5,0,0,0,0,1,0,0,1,0,0,0,0,0,0,0,0,0,0,0,0,0,0,0,1,4.382619062
grassRedWet2_bin.20.strict,0,2,0,1,0,1,4,0,0,0,0,0,0,4,1,0,4,3,5,2,0,1,1,1,0,0,0,0,0,0,0,0,1,1,0,0,1,0,0,0,0,6,4,2,5,11,6,28,0,1,1,0,0,0,1,1,1,0,0,0,0,0,0,0,0,0,0,0,0,0,1,0,0,0,0,1,0,1,1,1,0,1,0,0,0,0,1,0,0,0,0,1,1,0,0,0,0,0,0,0,0,0,0,0,0,0,0,0,0,0,0,0,0,0,0,0,0,0,0,0,0,0,0,0,0,0,0,0,0,0,0,0,0,0,0,0,0,0,0,0,0,0,0,0,0,0,0,0,0,0,0,0,0,0,0,0,0,0,0,0,1,3,5,2,5,2,0,0,1,1,2,0,1,1,3,0,0,2,0,0,1,0,0,2,0,0,0,0,0,1.282314197
grassRedWet2_bin.21.permissive,0,2,0,1,0,0,3,0,1,0,0,0,0,3,1,0,3,4,3,1,0,1,1,0,0,0,0,0,0,0,0,1,0,0,0,0,1,0,0,1,0,5,3,2,4,11,7,20,0,1,0,0,0,0,1,1,1,0,0,0,0,0,0,0,0,0,0,0,0,0,1,0,0,0,0,1,0,1,1,1,1,0,1,0,0,0,0,0,0,0,0,0,1,0,0,0,0,0,0,0,0,0,0,0,0,0,0,0,0,0,0,0,0,0,0,0,0,0,0,0,0,0,0,0,0,0,0,0,0,0,0,0,0,0,0,0,0,0,0,0,0,0,0,0,0,0,0,0,0,0,0,0,0,0,0,0,0,0,0,0,1,2,2,2,2,2,0,0,1,0,1,0,1,1,2,0,0,2,0,0,1,0,1,2,0,0,0,0,0,2.886276183
grassRedWet2_bin.22.orig,0,0,1,1,0,0,4,1,5,1,1,3,1,3,1,1,7,5,12,0,2,1,1,1,0,0,0,1,0,0,1,1,0,1,1,0,0,1,1,1,0,7,5,2,4,11,6,33,0,0,1,0,1,1,1,1,0,0,0,0,0,0,0,0,0,0,0,0,0,0,1,0,0,0,0,0,0,0,1,1,1,1,1,0,0,0,1,0,0,0,0,1,0,0,0,0,0,1,0,0,0,0,0,0,0,0,0,0,0,0,0,0,0,0,0,0,0,0,0,0,0,0,0,0,0,0,0,0,0,0,0,0,0,0,0,0,0,0,0,0,0,0,0,0,0,0,0,0,0,0,0,0,0,0,0,0,0,0,0,0,1,2,4,1,4,1,1,0,1,1,1,1,2,2,2,0,0,1,1,0,1,1,1,1,0,0,0,0,1,3.753856849
grassRedWet2_bin.23.orig,0,3,0,1,0,0,6,0,2,0,0,1,1,5,2,0,10,4,9,2,0,1,1,1,0,0,1,1,0,1,0,0,0,3,2,0,1,2,0,3,0,2,2,1,2,6,2,28,1,0,0,0,1,0,0,1,0,0,0,0,0,0,0,0,0,0,0,0,0,1,1,0,1,1,0,0,0,1,1,1,1,0,1,0,0,0,1,0,0,0,0,1,1,0,0,0,1,1,0,0,0,0,0,0,0,0,0,0,0,0,0,0,0,1,0,0,0,0,0,0,0,0,0,0,0,0,0,0,0,1,0,0,0,0,0,1,1,0,0,0,0,0,1,1,1,0,0,0,0,0,0,0,1,0,1,0,0,0,0,0,2,4,3,2,3,2,1,0,1,1,1,0,2,2,4,0,0,2,0,1,1,1,2,3,1,1,0,0,0,5.81998961
grassRedWet2_bin.25.orig,0,0,0,1,0,1,2,0,0,0,0,0,0,0,0,0,6,3,4,2,0,1,0,1,0,0,0,0,0,0,0,0,1,2,0,0,1,0,0,0,0,2,5,1,2,6,3,20,0,0,1,0,1,0,0,0,0,0,0,0,0,0,0,0,0,0,0,0,0,0,1,0,0,0,0,0,0,0,1,0,0,0,1,0,0,0,1,0,0,0,0,1,0,0,0,0,0,0,0,0,0,0,0,0,0,0,0,0,0,0,0,0,0,0,0,0,0,0,0,0,0,0,0,0,0,0,0,0,0,0,0,0,0,0,0,0,0,0,0,0,0,0,0,0,0,0,0,0,0,0,0,0,0,0,0,0,0,0,0,0,1,3,2,1,2,1,0,0,1,1,1,0,0,1,3,0,0,1,0,0,1,0,0,2,0,0,0,0,0,2.88968517
grassRedWet2_bin.26.permissive,0,2,0,1,0,1,4,0,0,0,0,1,0,0,0,0,4,2,3,1,0,1,0,1,0,0,0,0,0,0,0,0,1,0,0,0,1,0,0,1,0,5,4,2,4,11,5,27,0,0,1,0,1,0,1,1,1,0,0,0,0,0,0,0,0,0,0,0,0,0,0,0,0,0,0,0,0,0,1,0,1,0,0,0,0,0,1,0,0,0,0,1,1,0,0,0,0,0,1,0,0,0,0,0,0,0,0,0,0,0,0,0,0,0,0,0,0,0,0,0,0,0,0,0,0,0,0,0,0,0,0,0,0,0,0,0,0,0,0,0,0,0,0,0,0,0,0,0,0,0,0,0,0,0,0,0,0,0,0,0,1,3,3,2,3,2,0,0,1,1,1,0,1,2,3,0,0,2,0,0,1,1,1,2,0,0,0,0,0,1.854853049
grassRedWet2_bin.27.orig,0,0,0,1,0,0,1,0,2,1,1,2,0,2,0,0,6,5,7,0,0,1,0,1,0,0,0,0,0,0,1,0,0,1,1,0,1,0,1,2,0,4,4,2,4,7,3,16,0,0,0,0,0,0,1,0,0,0,0,0,0,0,0,0,0,0,0,0,0,0,0,1,0,0,0,0,0,0,1,1,1,0,0,0,0,0,0,0,0,0,0,1,0,0,0,0,0,1,0,0,0,0,0,0,0,0,0,0,0,0,0,0,0,0,0,0,0,0,0,0,0,0,0,0,0,0,0,0,0,0,0,0,0,0,0,0,0,0,0,0,0,0,0,0,0,0,0,0,0,0,0,0,0,0,0,0,0,0,0,0,1,1,1,1,1,1,1,0,1,0,0,0,0,0,1,0,0,1,0,0,0,0,0,2,0,0,0,0,1,1.182398374
grassRedWet2_bin.28.orig,0,2,0,1,0,0,2,0,1,0,0,0,0,4,1,0,5,2,4,2,0,1,1,1,0,0,0,0,0,0,0,0,1,1,0,0,1,0,0,0,0,6,4,1,3,10,5,26,0,0,1,0,0,0,0,1,0,0,0,0,0,0,0,0,0,0,0,0,0,0,1,0,0,0,0,0,0,1,1,0,0,0,0,0,0,0,1,0,0,0,0,1,1,0,0,0,0,0,0,0,0,0,0,0,0,0,0,0,0,0,0,0,0,0,0,0,0,0,0,0,0,0,0,0,0,0,0,0,0,0,0,0,0,0,0,0,0,0,0,0,0,0,0,0,0,0,0,0,0,0,0,0,0,0,0,0,0,0,0,0,1,2,4,2,4,2,0,0,1,1,1,0,1,1,2,0,0,2,0,0,1,0,1,2,0,0,0,0,0,1.883300146
grassRedWet2_bin.29.orig,0,3,0,0,0,0,2,0,0,0,0,0,0,4,1,1,2,4,4,2,0,0,1,1,0,0,1,0,0,0,2,0,0,1,0,0,1,1,1,0,0,2,2,1,1,4,1,24,0,0,0,0,0,0,1,0,0,0,0,0,0,0,0,0,0,0,0,1,0,0,1,0,1,0,0,0,0,1,1,1,0,1,1,0,0,0,1,0,0,0,0,0,1,0,0,0,0,1,0,0,0,0,0,0,0,0,0,0,0,0,0,0,0,0,0,0,0,0,0,0,0,0,0,0,0,0,0,0,0,0,0,0,0,0,0,0,0,0,0,0,0,0,0,1,1,1,0,1,0,0,0,0,0,0,0,0,0,0,0,0,2,2,2,2,2,2,1,0,1,0,2,0,1,2,2,0,0,2,1,0,1,0,1,3,0,0,0,0,1,4.266583622
grassRedWet2_bin.3.orig,0,2,0,1,0,0,3,0,1,0,0,0,0,0,0,0,7,4,4,1,0,0,0,1,0,0,0,0,0,0,2,0,0,0,0,0,1,0,0,1,0,6,5,2,4,9,7,29,0,1,1,0,0,0,0,1,0,0,0,0,0,0,0,0,0,0,0,0,0,0,1,0,1,0,0,0,0,1,1,1,0,1,1,0,0,0,1,0,0,0,0,1,0,0,0,0,0,0,1,0,0,0,0,0,0,0,0,0,0,0,0,0,0,0,0,0,0,0,0,0,0,0,0,0,0,0,0,1,0,0,0,0,0,0,0,0,0,0,0,0,0,0,0,0,0,0,0,0,0,0,0,0,0,0,0,0,0,0,0,0,2,2,4,1,4,1,0,0,1,1,1,0,1,1,2,0,0,1,0,0,1,0,0,3,0,0,0,0,1,1.975117931
grassRedWet2_bin.30.orig,0,3,1,1,0,0,3,0,1,0,0,0,0,4,2,0,4,7,7,2,0,0,1,1,0,0,1,0,0,0,1,0,0,2,0,0,1,0,3,2,0,3,4,2,4,6,4,27,1,0,0,0,1,0,1,0,0,0,0,0,0,0,0,0,0,0,0,0,0,0,1,0,1,0,0,0,0,1,1,0,1,1,0,0,0,0,1,0,0,0,0,1,0,0,0,0,1,0,0,0,0,0,0,0,0,0,0,0,0,0,0,0,0,0,0,0,0,0,0,0,0,0,0,0,0,0,0,0,0,0,0,0,0,0,0,0,0,0,0,0,0,0,0,1,1,1,0,1,0,0,0,0,0,0,0,0,0,0,0,0,2,4,3,2,3,2,1,0,1,0,2,0,0,1,4,0,0,2,1,0,1,0,1,3,0,0,0,0,1,3.53181166
grassRedWet2_bin.31.strict,0,2,0,1,0,0,4,0,0,0,0,0,0,3,0,0,7,5,4,2,0,0,1,1,0,0,0,0,0,0,0,0,1,1,1,0,1,0,0,0,0,5,4,2,4,12,7,27,0,1,1,0,0,0,0,1,0,0,0,0,0,0,0,0,0,0,0,0,0,0,1,1,0,0,0,0,0,1,0,0,0,0,1,0,0,0,1,0,0,0,0,1,1,0,0,0,0,0,0,0,0,0,0,0,0,0,0,0,0,0,0,0,0,0,0,0,0,0,0,0,0,0,0,0,0,0,0,0,0,0,0,0,0,0,0,0,0,0,0,0,0,0,0,0,0,0,0,0,0,0,0,0,0,0,0,0,0,0,0,0,2,3,4,2,4,2,0,0,1,0,2,0,2,1,3,0,0,2,0,0,1,0,0,3,0,0,0,0,0,2.312803704
grassRedWet2_bin.32.orig,1,0,0,0,0,0,1,0,1,1,1,2,0,1,0,0,6,4,7,0,0,0,0,1,0,0,0,0,0,0,0,1,0,1,0,0,0,0,1,3,1,3,2,1,2,7,4,15,0,0,0,0,1,0,1,0,0,0,0,0,0,0,0,0,0,0,0,0,0,0,1,0,0,0,0,0,0,0,1,1,0,0,1,0,0,0,0,0,0,0,0,1,0,0,0,0,0,0,0,0,0,0,0,0,0,0,0,0,0,0,0,0,0,0,0,0,0,0,0,0,0,0,0,0,0,0,0,0,0,0,0,0,0,0,0,0,0,0,0,0,0,0,0,0,0,0,0,0,0,0,0,0,0,0,0,0,0,0,0,0,0,1,3,0,3,0,1,0,1,0,1,1,0,2,1,0,0,0,0,0,1,0,1,1,0,0,0,0,1,2.787947048
grassRedWet2_bin.33.permissive,0,0,0,0,0,0,1,0,0,0,0,0,0,1,0,1,4,1,1,3,0,0,0,0,0,0,0,0,0,0,0,0,0,1,0,0,0,0,0,0,0,1,2,0,0,1,0,20,0,0,0,0,0,0,0,0,0,0,0,0,0,0,0,0,0,0,0,0,0,0,1,0,0,0,0,0,0,1,1,0,0,0,0,0,0,0,0,0,0,0,0,1,0,0,0,0,1,1,1,0,0,0,0,0,0,0,0,0,0,0,0,0,0,0,0,0,0,0,0,0,0,0,0,0,0,0,0,0,0,0,0,0,0,0,0,0,0,0,0,0,0,0,0,0,0,0,0,0,0,0,0,0,0,0,0,0,0,0,0,0,0,1,5,2,5,2,0,0,1,1,1,0,0,1,1,0,0,2,0,0,0,0,2,1,0,0,0,0,0,7.438561146
grassRedWet2_bin.34.orig,0,3,0,0,0,0,6,0,1,0,0,0,1,4,0,0,3,7,5,1,0,1,1,1,0,0,1,0,0,0,2,0,0,1,0,0,1,2,2,3,0,2,1,1,2,4,1,23,0,0,0,0,0,0,1,0,0,0,0,0,0,0,0,0,0,0,0,1,0,0,1,0,1,0,0,0,0,1,1,1,1,1,1,0,0,0,0,0,0,0,0,0,1,0,0,0,0,1,1,0,0,0,0,0,0,0,0,0,0,0,0,0,0,0,0,0,0,0,0,0,0,0,0,0,0,0,0,0,0,0,0,0,0,0,0,0,0,0,0,0,0,0,0,0,0,0,0,0,0,0,0,0,0,0,0,0,0,0,0,0,2,2,2,2,2,2,1,1,1,1,2,0,0,2,2,0,0,2,1,0,1,0,1,3,0,0,0,0,1,5.495006396
grassRedWet2_bin.35.orig,0,0,0,0,0,0,1,0,0,0,0,0,0,0,0,0,2,4,2,2,0,0,0,0,0,0,0,0,0,0,0,0,0,1,0,0,1,0,0,0,0,0,1,0,1,0,1,20,0,0,0,0,1,0,0,0,0,0,0,0,0,0,0,0,0,0,0,0,0,0,1,0,1,0,0,0,0,0,1,0,1,0,0,0,0,0,0,0,0,0,0,0,0,0,0,0,0,0,0,0,0,0,0,0,0,0,0,0,0,0,0,0,0,0,0,0,0,0,0,0,0,0,0,0,0,0,0,0,0,0,0,0,0,0,0,0,0,0,0,0,0,0,0,0,0,0,0,0,0,0,0,0,0,0,0,0,0,0,0,0,0,3,2,1,2,1,0,0,1,1,0,0,1,0,3,0,0,1,0,0,1,0,0,1,0,0,0,0,0,1.915907899
grassRedWet2_bin.36.orig,0,3,0,1,0,0,7,0,2,0,0,2,1,2,0,0,4,4,6,2,0,1,1,1,0,0,1,0,0,0,1,0,0,2,2,0,1,0,2,2,0,3,4,2,3,9,3,24,0,0,0,0,0,0,1,0,0,1,0,0,0,0,0,0,0,0,0,0,0,0,1,0,1,0,0,0,0,0,1,1,1,0,1,0,0,0,0,0,0,0,0,0,0,0,0,0,0,1,0,0,0,0,0,0,0,0,0,0,0,0,0,0,0,0,0,0,0,0,0,0,0,0,0,0,0,0,0,0,0,0,0,0,0,0,0,0,0,0,0,0,0,0,0,0,0,0,0,0,0,0,0,0,0,0,0,0,0,0,0,0,1,3,4,2,4,2,1,0,1,0,1,0,2,0,3,0,0,2,1,1,1,0,0,2,1,1,0,0,1,3.026922873
grassRedWet2_bin.37.strict,0,2,0,1,0,0,2,0,1,0,0,0,0,3,0,0,4,3,3,1,0,0,1,1,0,0,0,0,0,0,0,0,1,2,1,0,1,0,0,0,0,5,4,1,2,12,4,21,0,0,0,0,0,1,1,0,0,0,0,0,0,0,0,0,0,0,0,0,0,0,0,0,0,0,0,0,0,1,0,0,0,1,0,0,0,0,0,0,0,0,0,0,0,0,0,0,0,0,0,0,0,0,0,0,0,0,0,0,0,0,0,0,0,0,0,0,0,0,0,0,0,0,0,0,0,0,0,0,0,0,0,0,0,0,0,0,0,0,0,0,0,0,0,0,0,0,0,0,0,0,0,0,0,0,0,0,0,0,0,0,0,2,1,2,1,2,0,0,1,1,1,0,2,1,2,0,0,2,0,0,1,0,1,0,0,0,0,0,0,1.972579125
grassRedWet2_bin.4.orig,0,2,0,2,0,0,5,0,1,0,0,0,0,3,0,0,5,3,5,2,0,1,1,1,0,0,0,0,0,0,1,0,1,2,0,0,1,0,1,0,0,6,3,1,4,10,4,27,0,0,1,0,0,1,0,0,1,0,0,0,0,0,0,0,0,0,0,0,0,0,1,0,0,0,0,0,0,1,1,0,1,0,1,0,0,0,1,0,0,0,0,1,1,0,0,0,0,0,1,0,0,0,0,0,0,0,0,0,0,0,0,0,0,0,0,0,0,0,0,0,0,0,0,0,0,0,0,0,0,0,0,0,0,0,0,0,0,0,0,0,0,0,0,1,1,1,0,1,0,0,0,0,0,0,0,0,0,0,0,0,1,3,4,2,4,2,0,0,1,1,2,0,1,1,3,0,0,2,0,0,1,0,1,2,0,0,0,0,1,3.183947866
grassRedWet2_bin.40.orig,0,3,0,2,0,0,10,0,2,0,0,2,1,1,2,2,21,9,10,4,0,2,0,1,0,0,1,0,0,1,1,1,0,4,4,0,0,2,1,2,0,1,2,0,0,3,0,18,1,0,1,0,1,0,0,0,0,0,0,0,0,0,0,0,0,0,0,1,0,1,1,0,0,0,0,0,0,0,1,1,0,0,1,0,0,0,0,0,0,0,0,1,0,0,0,0,0,1,1,0,0,0,0,0,0,0,0,0,0,0,0,0,0,0,0,0,0,0,0,0,0,0,0,0,0,0,0,0,0,0,0,0,0,0,0,0,0,0,0,0,0,0,0,0,0,0,0,0,0,0,0,0,0,0,0,0,0,0,0,0,2,4,2,2,2,2,0,0,1,1,1,0,4,1,4,0,0,2,1,1,1,1,3,3,1,1,0,0,1,0.885328274
grassRedWet2_bin.5.orig,0,2,0,1,0,0,7,0,1,0,0,1,1,4,1,0,8,8,7,2,0,1,1,1,0,0,1,0,0,0,1,0,0,1,2,0,1,0,3,1,0,5,4,2,4,8,4,23,1,0,0,0,1,0,1,0,0,0,0,0,0,0,0,0,0,0,0,0,0,0,1,0,1,0,0,0,0,1,1,1,0,0,1,0,0,0,0,0,0,0,0,1,1,0,0,0,0,1,0,0,0,0,0,0,0,0,0,0,0,0,0,0,0,0,0,0,0,0,0,0,0,0,0,0,1,0,0,0,0,0,0,0,0,0,0,0,0,0,0,0,0,0,0,0,0,0,0,0,0,0,0,0,0,0,0,0,0,0,0,0,0,2,3,1,3,1,1,0,1,1,1,0,2,0,2,0,0,1,1,0,1,0,1,1,0,0,0,0,0,2.587987182
grassRedWet2_bin.6.orig,1,2,0,1,1,0,3,0,0,0,0,2,0,2,1,0,4,7,5,1,0,0,0,1,0,0,1,0,0,0,1,0,0,2,3,0,1,0,3,1,0,5,2,1,2,5,3,22,0,0,0,0,1,0,1,0,0,1,0,0,0,0,0,0,0,0,0,0,0,0,1,0,1,0,0,0,0,1,1,1,0,0,1,0,0,0,0,0,0,0,0,0,1,0,0,0,0,1,0,0,0,0,0,0,0,0,0,0,0,0,0,0,0,0,0,0,0,0,0,0,0,0,0,0,0,0,0,0,0,0,0,0,0,0,0,0,0,0,0,0,0,0,0,0,0,0,0,0,0,0,0,0,0,0,0,0,0,0,0,0,1,3,4,2,4,2,1,1,0,0,2,1,2,2,3,0,0,2,1,1,1,0,2,2,1,1,0,0,1,6.039779465
grassRedWet2_bin.7.strict,0,2,0,1,0,0,2,0,0,0,0,0,0,2,0,0,3,3,5,2,0,1,0,1,0,0,0,0,0,0,1,0,0,1,1,0,1,0,1,0,0,5,4,2,4,9,4,19,0,0,1,0,0,0,0,1,0,0,0,0,0,0,0,0,0,0,0,0,0,0,1,0,0,0,0,1,0,0,1,1,0,1,0,0,0,0,1,0,0,0,0,1,0,0,0,0,0,0,0,0,0,0,0,0,0,0,0,0,0,0,0,0,0,0,0,0,0,0,0,0,0,0,0,0,0,0,0,0,0,0,0,0,0,0,0,0,0,0,0,0,0,0,0,0,0,0,0,0,0,0,0,0,0,0,0,0,0,0,0,0,2,2,1,0,1,0,0,0,1,0,1,0,2,0,2,0,0,0,0,0,1,0,0,3,0,0,0,0,0,0.981973711
grassRedWet2_bin.8.orig,0,2,0,1,0,0,1,0,0,0,0,0,0,2,1,0,3,1,4,1,0,0,0,1,0,0,0,0,0,0,0,0,0,1,0,0,1,0,0,0,0,4,4,2,4,7,3,12,0,0,1,0,0,0,0,0,0,0,0,0,0,0,0,0,0,0,0,0,0,0,1,0,0,0,0,0,0,1,1,1,0,0,0,0,0,0,0,0,0,0,0,0,0,0,0,0,0,0,0,0,0,0,0,0,0,0,0,0,0,0,0,0,0,0,0,0,0,0,0,0,0,0,0,0,0,0,0,0,0,0,0,0,0,0,0,0,0,0,0,0,0,0,0,0,0,0,0,0,0,0,0,0,0,0,0,0,0,0,0,0,1,3,2,0,2,0,0,0,1,0,1,0,1,0,3,0,0,0,0,0,0,0,0,2,0,0,0,0,0,1.85183474
grassRedWet2_bin.9.orig,0,3,1,1,1,0,7,0,2,0,0,1,1,4,0,0,5,4,6,1,0,1,1,0,0,1,1,0,0,0,1,0,0,1,1,0,1,0,1,1,0,5,3,1,4,7,2,25,1,0,0,0,1,0,1,0,0,0,0,0,0,0,0,0,0,0,0,0,0,0,1,0,1,0,0,0,0,1,1,1,0,1,1,0,0,0,1,0,0,0,0,1,0,0,0,0,1,1,1,0,0,0,0,0,0,0,0,0,0,0,0,0,0,0,0,0,0,0,0,0,0,0,0,0,0,0,0,0,0,0,0,0,0,0,0,0,0,0,0,0,0,0,0,1,1,1,0,1,0,0,0,0,0,0,0,0,0,0,0,0,1,2,3,2,3,2,1,0,1,0,2,0,1,1,2,0,0,2,1,1,1,0,1,2,1,1,0,0,1,4.137066417
shrubAmbDry1_bin.1.orig,0,3,0,1,0,0,7,0,2,0,0,2,1,5,2,0,11,4,10,2,0,2,1,1,0,0,1,1,0,0,2,0,0,3,3,0,1,2,0,3,0,2,2,1,2,4,2,26,1,0,0,0,1,0,0,1,0,0,0,0,0,0,0,0,0,0,0,0,0,1,1,0,1,1,1,0,0,1,1,1,1,0,1,0,0,0,0,0,0,0,0,1,1,0,0,0,0,1,0,0,0,0,0,0,0,0,0,0,0,0,0,0,0,1,0,0,0,0,0,0,0,0,0,0,0,0,0,0,0,1,0,0,0,0,0,0,1,0,0,0,0,0,1,1,1,0,0,0,0,0,0,0,1,0,1,0,0,0,0,0,2,4,3,2,3,2,0,0,1,1,1,0,2,2,4,0,0,2,0,1,1,1,3,3,1,1,0,0,0,4.667472381
shrubAmbDry1_bin.10.orig,1,3,0,4,1,1,10,3,6,1,2,3,1,9,1,2,20,6,11,4,0,1,1,0,1,1,0,1,0,4,1,1,0,3,4,0,5,2,5,4,1,4,3,1,2,6,2,41,0,0,1,0,1,0,1,0,1,1,1,0,0,0,0,0,0,0,0,0,0,0,1,0,1,0,0,0,0,0,1,1,1,1,0,0,0,0,1,0,0,0,0,0,1,0,0,0,0,0,0,1,0,0,0,0,0,0,0,0,0,0,0,0,0,0,0,0,0,0,0,0,0,0,0,1,0,0,0,0,0,0,0,0,0,0,0,0,0,0,0,0,0,0,0,1,1,1,0,1,0,0,0,0,0,0,0,0,0,0,0,0,1,1,3,1,3,1,0,0,1,0,1,0,2,2,1,1,0,1,0,0,1,0,4,3,0,0,0,2,1,0.395755754
shrubAmbDry1_bin.11.orig,0,2,0,1,0,0,5,0,1,0,0,1,1,4,0,1,7,5,7,3,0,1,1,1,1,1,0,0,0,0,0,0,0,3,1,0,1,2,1,5,0,2,2,0,2,5,1,16,0,0,0,0,0,0,0,0,0,0,1,0,0,0,0,0,0,0,0,0,0,0,1,0,1,0,0,0,0,0,1,1,0,0,1,0,0,0,0,0,0,0,0,0,0,0,0,0,0,0,0,0,0,0,0,0,0,0,0,0,0,0,0,0,0,0,0,0,0,0,0,0,0,0,0,0,0,0,0,0,0,0,0,0,0,0,0,0,0,0,0,0,0,0,0,1,1,0,0,0,0,0,0,0,0,0,0,0,0,0,0,0,0,1,4,1,4,1,1,0,1,0,1,0,2,0,1,0,0,1,0,0,0,0,0,1,0,0,0,0,0,2.911917427
shrubAmbDry1_bin.12.orig,0,0,0,1,0,0,0,0,0,0,0,2,0,1,2,1,4,2,5,0,1,0,0,0,0,1,0,0,0,1,0,1,0,0,0,0,0,0,0,3,0,2,0,1,1,3,0,9,0,0,0,0,1,0,1,1,0,0,0,0,0,0,0,0,0,0,0,0,0,0,1,0,0,0,0,0,0,0,1,1,1,0,0,0,0,0,1,0,0,0,0,0,0,0,0,0,0,0,0,0,0,0,0,0,0,0,0,0,0,0,0,0,0,0,0,0,0,0,0,0,0,0,0,0,0,0,0,0,0,0,0,0,0,0,0,0,0,0,0,0,0,0,0,0,0,0,0,0,0,0,0,0,0,0,0,0,0,0,0,0,1,1,1,1,1,1,0,0,0,0,0,1,0,1,1,0,0,1,1,0,1,0,0,1,0,0,0,0,1,2.345800593
shrubAmbDry1_bin.15.orig,0,0,1,1,0,0,5,1,4,1,1,4,1,4,1,0,7,7,10,0,2,1,1,1,0,0,0,0,0,0,0,1,0,1,2,0,1,1,2,3,0,7,5,2,4,12,5,38,0,1,1,0,1,1,1,1,0,0,0,0,0,0,0,0,0,0,0,1,0,0,1,0,0,0,0,0,0,0,1,1,1,0,1,0,0,0,1,0,0,0,0,1,1,0,0,0,0,1,1,0,0,0,0,0,0,0,0,0,0,0,0,0,0,0,0,0,0,0,0,0,0,0,0,0,0,0,0,0,0,0,0,0,0,0,0,0,0,0,0,0,0,0,0,1,1,0,0,0,0,0,0,1,0,0,0,0,0,0,0,0,1,3,4,2,4,2,1,0,1,1,1,1,2,3,3,0,0,2,1,1,1,1,3,1,1,1,0,0,1,2.90347493
shrubAmbDry1_bin.16.orig,0,3,0,1,0,0,10,1,2,0,0,4,1,5,1,1,11,11,7,3,0,1,1,1,1,1,1,0,0,0,1,0,0,2,3,0,1,2,2,5,0,3,3,1,3,8,4,36,0,0,1,0,0,1,0,0,0,0,0,0,0,0,0,0,0,0,0,0,0,1,1,0,1,0,0,0,0,0,1,1,1,0,1,0,0,0,1,0,0,0,0,0,1,0,0,0,0,1,1,0,0,0,0,0,0,0,0,0,0,0,0,0,0,0,0,0,0,0,0,0,0,0,0,0,0,0,0,0,0,0,0,0,0,0,0,0,0,0,0,0,0,0,0,1,1,1,0,1,0,0,0,0,0,0,0,0,0,0,0,0,2,3,3,2,3,2,1,0,1,1,0,1,4,1,3,0,0,2,0,1,1,1,1,4,1,1,0,1,0,2.740411205
shrubAmbDry1_bin.17.orig,1,3,0,0,0,0,1,0,0,0,0,2,1,0,0,1,6,7,9,3,0,0,0,1,0,0,1,1,0,0,0,0,0,1,0,0,1,2,0,1,0,1,2,2,2,2,0,16,0,0,0,0,0,0,0,1,0,0,0,0,0,0,0,0,0,0,0,0,0,0,0,0,1,0,0,0,0,0,0,1,0,0,1,0,0,0,0,0,0,0,0,0,0,0,0,0,0,0,1,0,0,0,0,0,0,0,0,0,0,0,0,0,0,0,0,0,0,0,0,0,0,0,0,0,0,0,0,0,0,0,0,0,0,0,0,0,0,0,0,0,0,0,0,0,0,0,0,0,0,0,0,0,0,0,0,0,0,0,0,0,0,2,3,1,3,1,0,0,1,1,0,0,0,1,2,0,0,1,1,0,0,0,0,1,0,0,0,0,0,3.501434729
shrubAmbDry1_bin.2.orig,0,2,0,1,0,0,6,0,1,0,0,1,0,4,0,0,3,4,4,2,0,1,1,1,0,0,0,0,0,0,0,1,1,1,0,0,1,0,0,1,0,5,4,2,4,10,5,27,0,1,1,0,0,1,0,0,1,0,0,0,0,0,0,0,0,0,0,1,0,0,1,0,0,0,0,0,0,0,1,0,1,1,0,0,0,0,1,0,0,0,0,1,1,0,0,0,0,0,0,0,0,0,0,0,0,0,0,0,0,0,0,0,0,0,0,0,0,0,0,0,0,0,0,0,0,0,0,1,0,0,0,0,0,0,0,0,0,0,0,0,0,0,0,1,1,1,0,1,0,0,0,0,0,0,0,0,0,0,0,0,1,3,4,2,4,2,0,0,1,0,1,0,0,2,3,0,0,2,0,0,1,1,1,2,0,0,0,0,0,3.52998932
shrubAmbDry1_bin.3.orig,0,3,0,0,0,0,7,0,2,0,0,1,1,3,1,1,8,11,3,2,0,1,1,1,1,1,0,1,0,0,1,1,0,2,3,0,1,2,2,4,0,3,2,1,2,7,3,32,0,0,0,0,0,0,0,0,1,0,0,0,0,0,0,0,0,0,0,1,0,0,1,0,1,0,0,0,0,0,1,1,1,0,1,0,0,0,1,0,0,0,0,0,1,0,0,0,0,1,0,0,0,0,0,0,0,0,0,0,0,0,0,0,0,0,0,0,0,0,0,0,0,0,0,0,0,0,0,0,0,0,0,0,0,0,0,0,0,0,0,0,0,0,0,1,1,1,0,1,0,0,0,0,0,0,0,0,0,0,0,0,1,3,3,1,3,1,1,0,1,1,0,0,3,1,3,0,0,1,1,1,1,0,0,2,1,1,0,0,0,0.281444606
shrubAmbDry1_bin.4.orig,0,0,0,0,0,0,1,0,0,0,0,2,0,1,1,0,3,3,6,1,0,0,0,0,0,0,0,0,0,0,1,0,0,1,0,0,0,0,1,3,0,2,2,1,1,7,1,17,0,0,0,0,0,1,1,0,0,0,0,0,0,0,0,0,0,0,0,0,0,0,1,0,1,0,0,0,0,0,1,1,0,0,1,0,0,0,0,0,0,0,0,0,0,0,0,0,0,0,0,0,0,0,0,0,0,0,0,0,0,0,0,0,0,0,0,0,0,0,0,0,0,0,0,0,0,0,0,0,0,0,0,0,0,0,0,0,0,0,0,0,0,0,0,0,0,0,0,0,0,0,0,0,0,0,0,0,0,0,0,0,0,1,3,0,3,0,1,0,1,0,1,1,1,1,1,0,0,0,1,0,1,0,1,0,0,0,0,0,0,5.973497264
shrubAmbDry1_bin.5.orig,1,3,1,4,1,1,15,1,7,1,1,3,2,9,5,2,40,7,12,4,1,2,1,1,1,2,1,1,0,4,3,1,0,5,5,0,5,2,4,6,1,3,3,1,2,6,2,47,0,1,1,0,1,0,1,0,1,1,1,0,0,0,0,0,0,0,0,0,0,0,1,0,0,0,0,0,0,1,1,1,1,0,1,0,0,1,1,0,0,0,0,1,1,1,0,0,1,0,0,1,0,0,0,0,0,0,0,0,0,0,0,0,0,0,0,0,0,0,0,0,0,0,0,0,0,0,0,0,0,0,0,0,0,0,0,0,0,0,0,0,0,0,0,1,1,1,0,1,0,0,0,0,0,0,0,0,0,0,0,0,1,2,4,1,4,1,0,0,1,1,2,0,4,3,2,1,0,1,0,1,1,0,2,3,1,1,0,3,1,0.557830781
shrubAmbDry1_bin.6.orig,1,0,1,1,0,0,6,0,3,1,1,3,1,5,3,0,11,4,7,0,1,1,1,0,0,0,0,0,0,2,0,1,0,1,2,0,0,0,1,4,0,6,3,2,4,10,4,26,0,0,1,0,1,1,1,1,0,0,1,0,0,0,0,0,0,0,0,1,0,0,1,0,0,0,0,0,0,0,1,1,0,0,1,0,0,1,1,0,0,0,0,1,0,0,0,0,0,1,0,0,0,0,0,0,0,0,0,0,0,0,0,0,0,0,0,0,0,0,0,0,0,0,0,0,1,0,0,0,0,0,0,0,0,0,0,0,0,0,0,0,0,0,0,0,0,0,0,0,0,0,0,0,0,0,0,0,0,0,0,0,1,1,3,0,3,0,0,0,1,1,0,1,2,4,1,0,0,0,0,1,1,1,2,2,1,1,0,0,1,0.77079051
shrubAmbDry1_bin.7.orig,0,0,1,1,0,0,3,0,1,1,1,3,2,1,3,0,7,6,9,0,1,0,0,0,0,0,0,0,0,2,1,1,0,1,0,0,1,1,1,4,0,4,3,1,3,8,3,25,0,0,1,0,1,0,1,0,0,0,0,0,0,0,0,0,0,0,0,0,0,0,1,0,0,0,0,0,0,0,1,1,1,0,1,0,0,0,1,0,0,0,0,1,0,0,0,0,0,0,0,0,0,0,0,0,0,0,0,0,0,0,0,0,0,0,0,0,0,0,0,0,0,0,0,0,1,0,0,0,0,0,0,0,0,0,0,0,0,0,0,0,0,0,0,1,1,1,0,1,0,0,0,0,0,0,0,0,0,0,0,0,2,1,3,1,3,1,1,0,1,0,1,1,1,2,1,0,0,1,0,0,1,1,1,3,0,0,0,0,1,1.953135526
shrubAmbDry1_bin.8.orig,0,2,0,0,0,0,2,0,0,0,0,0,0,5,1,0,3,2,3,3,0,0,1,0,0,0,0,0,0,1,0,0,0,1,1,0,1,1,1,0,0,2,2,1,1,3,2,17,0,0,0,0,1,0,0,1,0,0,0,0,0,0,0,0,0,0,0,0,0,1,1,0,1,0,0,0,0,0,1,1,1,0,0,0,0,0,0,0,0,0,0,1,0,0,0,0,0,1,0,0,0,0,0,0,0,0,0,0,0,0,0,0,0,0,0,0,0,0,0,0,0,0,0,0,0,0,0,0,0,0,0,0,0,0,0,0,0,0,0,0,0,0,0,0,0,0,0,0,0,0,0,0,0,0,0,0,0,0,0,0,0,1,2,2,2,2,0,0,1,1,1,0,2,1,1,0,0,2,1,0,1,0,0,1,0,0,0,0,1,5.486779773
shrubAmbDry1_bin.9.strict,1,3,1,2,2,0,6,1,5,0,0,3,1,9,3,1,15,6,10,3,1,1,1,1,1,1,1,0,0,3,2,0,0,4,3,0,4,2,3,4,1,3,3,1,2,6,0,35,0,1,1,0,1,0,0,0,0,0,1,0,0,0,0,0,0,0,0,0,0,0,1,0,0,0,0,0,0,1,1,1,1,1,1,0,0,0,1,0,0,0,0,0,1,0,0,0,1,0,1,0,0,0,0,0,0,0,0,0,0,0,0,0,0,0,0,0,0,0,0,0,0,0,0,0,0,0,0,0,0,0,0,0,0,0,0,0,0,0,0,0,0,0,0,1,1,1,0,1,0,0,0,0,0,0,0,0,0,0,0,0,1,1,2,2,2,2,0,0,1,0,1,0,2,1,1,0,0,2,0,0,1,0,2,2,0,0,0,3,1,0.325957868
shrubAmbDry2_bin.1.orig,1,0,0,0,0,0,6,0,4,1,1,3,0,1,1,1,4,6,7,0,0,0,0,1,1,1,1,1,0,0,0,0,0,3,1,0,2,1,1,5,0,2,2,1,2,6,1,21,0,0,0,0,0,0,0,1,0,0,0,0,0,0,0,0,0,0,0,0,0,0,1,0,0,0,0,0,0,0,1,1,1,0,0,0,0,0,0,0,0,0,0,1,0,0,0,0,0,0,0,0,0,0,0,0,0,0,0,0,0,0,0,0,0,0,0,0,0,0,0,0,0,0,0,0,0,0,0,0,0,0,0,0,0,0,0,0,0,0,0,0,0,0,0,0,0,0,0,0,0,0,0,0,0,0,0,0,0,0,0,0,1,2,4,1,4,1,1,0,1,0,1,0,1,2,2,0,0,1,1,0,1,1,1,2,0,0,0,0,0,1.792049603
shrubAmbDry2_bin.10.orig,0,2,0,2,0,0,6,0,1,0,0,1,2,5,0,1,9,5,9,3,0,1,1,1,1,1,0,0,0,0,0,0,0,3,1,1,1,2,0,5,0,2,2,0,2,7,2,16,0,0,0,0,0,0,0,1,0,0,1,0,0,0,0,0,0,0,0,0,0,0,1,0,1,0,0,0,0,0,1,1,0,0,1,0,0,0,0,0,0,0,0,1,0,0,0,0,1,1,0,0,0,0,0,0,0,0,0,0,0,0,0,0,0,0,0,0,0,0,0,0,0,0,0,0,0,0,0,0,0,0,0,0,0,0,0,0,0,0,0,0,0,0,0,0,0,0,0,0,0,0,0,0,0,0,0,0,0,0,0,0,2,3,4,2,4,2,1,0,1,1,1,0,2,1,3,0,0,2,0,0,1,0,1,3,0,0,0,0,0,9.914713958
shrubAmbDry2_bin.11.orig,0,0,0,1,0,0,1,0,3,1,1,3,0,2,0,0,3,5,7,0,0,0,0,0,0,0,0,0,0,0,1,1,0,1,1,0,1,0,1,3,0,3,2,2,2,8,2,17,0,0,1,0,1,0,0,0,0,0,0,0,0,0,0,0,0,0,0,0,0,0,1,0,0,0,0,0,0,0,1,1,0,0,1,0,0,0,1,0,0,0,0,0,1,0,0,0,0,1,0,0,0,0,0,0,0,0,0,0,0,0,0,0,0,0,0,0,0,0,0,0,0,0,0,0,0,0,0,0,0,0,0,0,0,0,0,0,0,0,0,0,0,0,0,0,0,0,0,0,0,0,0,0,0,0,0,0,0,0,0,0,1,1,2,0,2,0,1,0,1,0,0,0,0,2,1,0,0,0,0,0,1,0,1,2,0,0,0,0,1,2.505956775
shrubAmbDry2_bin.12.strict,0,2,0,1,0,0,3,0,1,0,0,1,0,2,0,0,2,3,4,1,0,0,1,1,0,0,0,0,0,0,2,1,0,1,1,0,0,0,0,0,0,5,4,1,3,10,4,24,0,0,1,0,0,0,1,1,1,1,0,0,0,0,0,0,0,0,0,0,0,0,1,0,0,0,0,0,0,0,1,1,0,0,1,0,0,0,1,0,0,0,0,0,0,0,0,0,0,0,0,0,0,0,0,0,0,0,0,0,0,0,0,0,0,0,0,0,0,0,0,0,0,0,0,0,0,0,0,0,0,0,0,0,0,0,0,0,0,0,0,0,0,0,0,0,0,0,0,0,0,0,0,0,0,0,0,0,0,0,0,0,2,2,3,2,3,2,0,0,1,1,1,0,1,0,2,0,0,2,0,0,1,0,0,3,0,0,0,0,0,3.500992301
shrubAmbDry2_bin.13.orig,0,2,0,0,0,0,3,0,1,0,0,0,0,2,1,0,2,2,3,1,0,0,0,1,0,0,0,0,0,0,1,0,0,0,0,0,0,0,0,0,1,5,4,2,4,10,4,21,0,0,1,0,0,0,0,0,0,0,0,0,0,0,0,0,0,0,0,0,0,0,1,0,0,0,0,0,0,0,1,1,0,0,0,0,0,0,0,0,0,0,0,0,0,0,0,0,0,0,0,0,0,0,0,0,0,0,0,0,0,0,0,0,0,0,0,0,0,0,0,0,0,0,0,0,0,0,0,0,0,0,0,0,0,0,0,0,0,0,0,0,0,0,0,0,0,0,0,0,0,0,0,0,0,0,0,0,0,0,0,0,1,3,2,2,2,2,0,0,1,0,2,0,0,0,3,0,0,2,0,0,0,0,0,1,0,0,0,0,0,0.310459623
shrubAmbDry2_bin.14.orig,0,3,0,0,0,0,2,0,0,0,0,1,0,2,0,0,5,1,5,1,0,1,0,0,0,0,0,0,0,0,1,0,0,0,0,0,0,0,0,2,0,4,4,1,2,9,2,20,0,0,0,0,1,0,0,1,0,0,0,0,0,0,0,0,0,0,0,0,0,0,1,0,0,0,0,0,0,1,1,1,1,0,0,0,0,0,0,0,0,0,0,1,0,0,0,0,0,0,1,0,0,0,0,0,0,0,0,0,0,0,0,0,0,1,0,0,0,0,0,0,0,0,0,0,0,0,0,0,0,1,0,0,0,0,0,0,0,0,0,0,0,0,0,0,0,0,0,0,0,0,0,0,0,0,0,0,0,0,0,0,1,3,4,2,4,2,1,0,1,1,0,1,1,1,3,0,0,2,0,0,0,0,0,1,0,0,0,0,1,3.592952642
shrubAmbDry2_bin.15.orig,0,3,0,1,1,0,2,0,0,0,0,1,0,3,0,0,5,4,5,3,0,0,0,1,0,0,1,0,0,0,2,1,0,1,1,0,0,0,1,2,0,1,2,1,1,5,1,18,0,0,0,0,0,0,1,0,0,0,0,0,0,0,0,0,0,0,0,0,0,0,1,0,1,0,0,0,0,1,1,1,0,0,1,0,0,0,0,0,0,0,0,1,1,0,0,0,0,1,0,0,0,0,0,0,0,0,0,0,0,0,0,0,0,0,0,0,0,0,0,0,0,0,0,0,0,0,0,0,0,0,0,0,0,0,0,0,0,0,0,0,0,0,0,0,0,0,0,0,0,0,0,0,0,0,0,0,0,0,0,0,1,2,3,1,3,1,0,1,1,0,0,0,2,0,2,0,0,1,1,0,1,0,1,3,0,0,0,0,1,3.459529381
shrubAmbDry2_bin.16.orig,0,3,0,1,0,0,4,0,1,0,0,1,1,1,0,0,2,2,4,2,0,1,0,1,0,0,1,0,0,0,0,0,0,0,0,0,1,0,0,1,0,5,1,1,3,9,2,15,0,0,0,0,0,0,1,0,0,0,0,0,0,0,0,0,0,0,0,0,0,0,1,0,0,0,0,0,0,0,1,1,1,0,0,0,0,0,1,0,0,0,0,0,0,0,0,0,1,1,0,0,0,0,0,0,0,0,0,0,0,0,0,0,0,0,0,0,0,0,0,0,0,0,0,0,0,0,0,0,0,0,0,0,0,0,0,0,0,0,0,0,0,0,0,1,1,1,0,1,0,0,0,0,0,0,0,0,0,0,0,0,0,1,2,2,2,2,1,0,0,1,1,0,1,0,1,0,0,2,1,0,1,0,0,1,0,0,0,0,1,1.360614876
shrubAmbDry2_bin.17.orig,0,2,0,1,0,0,2,0,1,0,0,0,0,3,1,0,4,3,3,0,0,1,1,0,0,0,1,0,0,0,0,0,0,1,0,0,0,0,0,2,0,4,3,2,2,8,4,20,1,0,0,0,0,0,1,0,0,0,0,0,0,0,0,0,0,0,0,0,0,0,1,0,1,0,0,0,0,1,1,0,0,1,1,0,0,0,0,0,0,0,0,0,0,0,0,0,0,0,0,0,0,0,0,0,0,0,0,0,0,0,0,0,0,0,0,0,0,0,0,0,0,0,0,0,0,0,0,0,0,0,0,0,0,0,0,0,0,0,0,0,0,0,0,0,0,0,0,0,0,0,0,0,0,0,0,0,0,0,0,0,0,2,1,0,1,0,1,0,1,0,2,0,0,1,2,0,0,0,1,0,1,0,0,1,0,0,0,0,1,1.376298788
shrubAmbDry2_bin.2.orig,0,0,2,0,1,0,3,0,5,1,1,3,0,1,0,0,2,7,2,0,0,0,0,0,0,0,0,0,0,1,0,0,0,1,2,0,0,0,1,3,1,4,2,1,2,6,1,9,0,0,0,0,0,0,1,1,0,0,0,0,0,0,0,0,0,0,0,0,0,0,1,0,0,0,0,0,0,0,1,1,0,0,0,0,0,0,0,0,0,0,0,1,0,0,0,0,0,0,0,0,0,0,0,0,0,0,0,0,0,0,0,0,0,0,0,0,0,0,0,0,0,0,0,0,0,0,0,0,0,0,0,0,0,0,0,0,0,0,0,0,0,0,0,0,0,0,0,0,0,0,0,0,0,0,0,0,0,0,0,0,1,0,2,0,2,0,1,0,0,0,0,0,2,1,0,0,0,0,0,0,0,0,2,1,0,0,0,0,0,0.895127469
shrubAmbDry2_bin.3.orig,0,0,0,1,0,0,5,0,5,1,1,2,1,2,0,0,8,5,8,0,1,1,0,1,0,0,0,0,0,1,0,1,0,1,1,0,0,1,1,3,0,4,4,1,3,8,4,29,0,0,1,0,1,0,1,0,0,0,0,0,0,0,0,0,0,0,0,1,0,0,1,0,0,0,0,0,0,1,1,1,1,0,1,0,0,0,1,0,0,0,0,1,1,0,0,0,0,1,1,0,0,0,0,0,0,0,0,0,0,0,0,0,0,0,0,0,0,0,0,0,0,0,0,0,0,0,0,0,0,0,0,0,0,0,0,0,0,0,0,0,0,0,0,1,1,1,0,1,0,0,0,0,0,0,0,0,0,0,0,0,2,1,3,2,3,2,1,0,1,1,0,1,1,3,1,0,0,2,1,0,1,1,2,2,0,0,0,0,0,1.859635369
shrubAmbDry2_bin.4.orig,0,3,0,1,0,0,7,0,2,0,0,2,1,3,2,0,11,4,10,2,0,2,0,1,0,0,1,0,0,0,2,0,0,3,2,0,2,2,0,3,0,2,2,1,2,5,1,29,1,0,0,0,0,0,0,0,0,0,0,0,0,0,0,0,0,0,0,0,0,1,1,0,1,0,0,0,0,1,1,1,1,0,1,0,0,0,1,0,0,0,0,1,1,0,0,0,1,1,0,0,0,0,0,0,0,0,0,0,0,0,0,0,0,1,0,0,0,0,0,0,0,0,0,0,0,0,0,0,0,1,0,0,0,0,0,1,1,0,0,0,0,0,1,1,1,0,0,0,0,0,0,0,1,0,1,0,0,0,0,0,2,4,4,2,4,2,1,0,1,1,1,0,2,2,4,0,0,2,0,1,1,1,3,3,1,1,0,0,0,4.584233598
shrubAmbDry2_bin.5.orig,1,3,0,1,0,0,2,0,0,0,0,2,0,3,0,1,7,6,7,3,0,0,0,1,1,1,1,0,0,1,0,1,0,2,1,0,0,2,1,1,0,0,2,1,1,1,0,18,0,0,0,0,0,0,0,0,0,0,0,0,0,0,0,0,0,0,0,1,0,0,1,0,1,0,0,0,0,0,1,1,1,0,1,0,0,0,0,0,0,0,0,1,0,0,0,0,0,0,0,0,0,0,0,0,0,0,0,0,0,0,0,0,0,0,0,0,0,0,0,0,0,0,0,0,0,0,0,0,0,0,0,0,0,0,0,0,0,0,0,0,0,0,0,1,1,1,0,1,0,0,0,0,0,0,0,0,0,0,0,0,1,3,2,1,2,1,0,0,0,0,1,0,1,1,3,0,0,1,1,1,1,0,0,2,1,1,0,0,0,1.430791444
shrubAmbDry2_bin.6.orig,0,0,1,1,0,0,5,1,4,1,1,4,1,4,2,0,7,7,10,0,2,1,1,1,0,0,0,0,0,0,0,1,0,1,2,0,1,1,2,3,0,7,5,2,4,12,6,37,0,1,1,0,1,1,1,1,0,0,0,0,0,0,0,0,0,0,0,1,0,0,1,0,0,0,0,0,0,0,1,1,0,0,1,0,0,0,1,0,0,0,0,1,0,0,0,0,0,1,1,0,0,0,0,0,0,0,0,0,0,0,0,0,0,0,0,0,0,0,0,0,0,0,0,0,0,0,0,0,0,0,0,0,0,0,0,0,0,0,0,0,0,0,0,0,0,0,0,0,0,0,0,0,0,0,0,0,0,0,0,0,1,3,3,2,3,2,1,0,1,1,1,1,2,2,3,0,0,2,1,1,1,1,3,1,1,1,0,0,1,2.945075827
shrubAmbDry2_bin.7.orig,1,0,0,0,0,0,3,0,2,1,1,4,1,2,0,0,4,6,7,0,0,1,0,1,0,0,0,0,0,0,0,0,0,1,0,0,1,0,1,3,1,4,1,1,3,7,3,19,0,0,0,0,0,1,1,1,0,0,0,0,0,0,0,0,0,0,0,1,0,0,1,0,0,0,0,0,0,1,1,1,0,0,0,0,0,0,1,0,0,0,0,1,1,0,0,0,0,0,0,0,0,0,0,0,0,0,0,0,0,0,0,0,0,0,0,0,0,0,0,0,0,0,0,0,0,0,0,0,0,0,0,0,0,0,0,0,0,0,0,0,0,0,0,0,0,0,0,0,0,0,0,0,0,0,0,0,0,0,0,0,1,1,3,1,3,1,1,0,1,1,0,1,1,2,1,0,0,1,0,0,1,0,1,2,0,0,0,0,1,1.153341172
shrubAmbDry2_bin.8.orig,0,2,0,2,0,0,4,0,1,0,0,0,0,3,0,0,3,2,3,0,0,0,1,1,0,0,0,1,0,0,0,0,0,0,0,0,1,0,1,0,0,4,4,2,5,9,5,15,0,0,1,0,0,0,0,1,1,0,0,0,0,0,0,0,0,0,0,0,0,0,1,0,0,0,0,1,0,1,1,0,0,0,0,0,0,0,1,0,0,0,0,1,0,0,0,0,0,0,0,0,0,0,0,0,0,0,0,0,0,0,0,0,0,0,0,0,0,0,0,0,0,0,0,0,0,0,0,0,0,0,0,0,0,0,0,0,0,0,0,0,0,0,0,0,0,0,0,0,0,0,0,0,0,0,0,0,0,0,0,0,1,2,0,1,0,1,0,0,0,1,0,0,1,0,2,0,0,1,0,0,1,0,0,2,0,0,0,0,0,0.639839321
shrubAmbDry2_bin.9.orig,0,3,0,2,0,1,11,1,2,0,0,3,2,6,3,2,32,9,13,3,0,3,1,1,1,1,1,1,0,4,1,1,0,3,5,0,1,2,3,3,0,2,2,2,1,5,1,35,1,0,1,0,1,0,1,1,0,0,0,0,0,0,0,0,0,0,0,1,0,0,1,0,0,0,0,0,0,0,1,1,1,0,0,0,0,0,1,0,0,0,0,1,1,0,0,0,1,0,1,0,0,0,0,0,0,0,0,0,0,0,0,0,0,0,0,0,0,0,0,0,0,0,0,0,1,0,0,0,0,0,0,0,0,0,0,0,0,0,0,0,0,0,0,1,1,1,0,1,0,0,0,0,0,0,0,0,0,0,0,0,2,4,4,2,4,2,0,0,1,0,2,0,4,1,4,1,0,2,1,1,1,1,3,4,1,1,0,1,1,0.858178332
shrubAmbWet1_bin.1.strict,0,2,0,0,0,0,1,0,0,0,0,0,0,0,0,0,6,2,4,1,0,1,0,0,0,0,0,0,0,0,1,0,0,0,1,0,1,0,0,0,0,1,2,0,0,1,1,15,0,0,0,0,0,0,1,0,0,0,0,0,0,0,0,0,0,0,0,0,0,0,1,0,0,0,0,0,0,1,1,0,0,0,0,0,0,0,1,0,0,0,0,0,0,0,0,0,0,0,0,0,0,0,0,0,0,0,0,0,0,0,0,0,0,0,0,0,0,0,0,0,0,0,0,0,0,0,0,0,0,0,0,0,0,0,0,0,0,0,0,0,0,0,0,0,0,0,0,0,0,0,0,0,0,0,0,0,0,0,0,0,0,1,5,2,5,2,0,1,0,1,2,0,2,0,1,0,0,2,0,0,0,0,0,1,0,0,0,0,0,7.338203446
shrubAmbWet1_bin.10.orig,0,3,0,1,0,0,8,0,2,0,0,2,1,6,2,1,11,4,10,2,0,2,1,1,0,0,1,1,0,0,2,0,0,3,3,0,2,2,0,3,0,2,2,1,2,5,2,28,1,0,0,0,1,0,0,1,0,0,0,0,0,0,0,0,0,0,0,0,0,1,1,0,1,1,0,0,0,1,1,1,1,0,1,0,0,0,1,0,0,0,0,1,1,0,0,0,1,1,0,0,0,0,0,0,0,0,0,0,0,0,0,0,0,1,0,0,0,0,0,0,0,0,0,0,0,0,0,0,0,1,0,0,0,0,0,1,1,0,0,0,0,0,1,1,1,0,0,0,0,0,0,0,1,0,1,0,0,0,0,0,2,4,4,2,4,2,1,0,1,1,1,0,2,2,4,0,0,2,0,1,1,1,3,3,1,1,0,0,0,4.334611074
shrubAmbWet1_bin.11.orig,1,3,0,1,0,0,5,0,1,0,0,2,1,5,1,1,8,6,6,4,0,2,1,1,1,1,1,0,0,0,0,0,0,2,1,0,0,2,2,4,1,3,2,1,2,5,0,21,0,0,0,0,0,0,0,0,0,0,0,0,0,0,0,0,0,0,0,1,0,0,1,0,1,0,0,0,0,1,1,1,0,0,1,0,0,0,0,0,0,0,0,0,0,0,0,0,0,1,0,0,0,0,0,0,0,0,0,0,0,0,0,0,0,0,0,0,0,0,0,0,0,0,0,0,0,0,0,0,0,0,0,0,0,0,0,0,0,0,0,0,0,0,0,0,0,0,0,0,0,0,0,0,0,0,0,0,0,0,0,0,2,3,1,1,1,1,1,0,0,1,1,0,1,2,3,0,0,1,0,1,1,1,2,3,1,1,0,0,0,2.307452663
shrubAmbWet1_bin.12.strict,0,2,0,1,0,0,4,0,1,0,0,0,0,2,1,0,3,3,4,2,0,0,0,1,0,0,0,1,0,0,1,0,0,1,0,0,1,0,0,0,0,6,4,2,5,11,6,27,0,0,1,0,1,0,1,1,0,0,0,0,0,0,0,0,0,0,0,0,0,0,1,0,0,0,0,0,0,1,1,1,0,0,0,0,0,0,1,0,0,0,0,1,0,0,0,0,0,0,0,0,0,0,0,0,0,0,0,0,0,0,0,0,0,0,0,0,0,0,0,0,0,0,0,0,0,0,0,0,0,0,0,0,0,0,0,0,0,0,0,0,0,0,0,0,0,0,0,0,0,0,0,0,0,0,0,0,0,0,0,0,1,2,3,2,3,2,0,0,1,1,1,0,1,0,2,0,0,2,0,0,1,0,0,2,0,0,0,0,0,2.959420696
shrubAmbWet1_bin.13.orig,1,0,0,0,0,0,1,0,0,0,0,3,1,1,0,0,3,4,9,0,0,1,0,0,0,0,0,0,0,0,0,1,0,1,0,0,0,0,0,3,1,3,2,1,2,5,2,14,0,0,0,0,1,1,0,0,0,0,0,0,0,0,0,0,0,0,0,0,0,0,1,0,0,0,0,0,0,1,1,1,0,0,1,0,0,0,0,0,0,0,0,1,1,0,0,0,0,0,0,0,0,0,0,0,0,0,0,0,0,0,0,0,0,0,0,0,0,0,0,0,0,0,0,0,0,0,0,0,0,0,0,0,0,0,0,0,0,0,0,0,0,0,0,0,0,0,0,0,0,0,0,0,0,0,0,0,0,0,0,0,0,1,0,0,0,0,1,0,1,0,0,0,1,2,1,0,0,0,0,0,1,0,1,0,0,0,0,0,1,3.767279899
shrubAmbWet1_bin.14.orig,1,3,0,1,0,0,1,0,0,0,0,2,0,3,0,1,7,7,6,2,0,0,1,1,0,0,0,0,0,0,0,0,0,1,1,0,0,1,0,1,0,1,2,0,0,1,0,15,0,0,0,0,1,0,0,0,0,0,0,0,0,0,0,0,0,0,0,1,0,0,1,0,1,0,0,0,0,0,1,1,1,0,1,0,0,0,0,0,0,0,0,0,0,0,0,0,0,1,0,0,0,0,0,0,0,0,0,0,0,0,0,0,0,0,0,0,0,0,0,0,0,0,0,0,0,0,0,0,0,0,0,0,0,0,0,0,0,0,0,0,0,0,0,0,0,0,0,0,0,0,0,0,0,0,0,0,0,0,0,0,1,2,3,1,3,1,1,0,0,1,0,0,2,2,2,0,0,1,0,1,0,0,0,2,1,1,0,0,0,4.380340381
shrubAmbWet1_bin.15.orig,0,0,0,1,0,0,2,0,2,1,1,2,2,2,0,0,5,2,7,0,0,1,0,1,0,0,0,0,0,0,0,1,0,1,1,0,1,0,2,1,0,4,3,1,2,7,3,10,0,0,1,0,0,1,1,1,0,0,0,0,0,0,0,0,0,0,0,0,0,0,1,0,0,0,0,0,0,1,1,1,0,0,0,0,0,0,1,0,0,0,0,0,0,0,0,0,0,0,0,0,0,0,0,0,0,0,0,0,0,0,0,0,0,0,0,0,0,0,0,0,0,0,0,0,0,0,0,0,0,0,0,0,0,0,0,0,0,0,0,0,0,0,0,0,0,0,0,0,0,0,0,0,0,0,0,0,0,0,0,0,0,0,2,1,2,1,1,0,1,1,0,1,2,1,0,0,0,1,0,0,1,0,0,1,0,0,0,0,1,0.370769969
shrubAmbWet1_bin.16.orig,0,3,0,1,0,0,4,0,1,0,0,2,1,5,0,1,7,3,6,2,0,2,1,0,1,1,0,0,0,2,0,0,0,1,0,0,1,1,0,3,0,3,2,1,1,3,1,20,0,0,0,0,1,0,0,1,0,0,0,0,0,0,0,0,0,0,0,0,0,1,1,0,1,1,0,0,0,0,1,1,1,0,0,0,0,0,0,0,0,0,0,0,1,0,0,0,0,1,0,0,0,0,0,0,0,0,0,0,0,0,0,0,0,1,0,0,0,0,0,0,0,0,0,0,0,0,0,0,0,1,0,0,0,0,0,0,0,0,0,0,0,0,0,0,0,0,0,0,0,0,0,0,0,0,0,0,0,0,0,0,1,3,1,0,1,0,1,0,0,0,0,1,1,2,3,0,0,0,0,1,1,1,1,3,1,1,0,1,0,3.135065178
shrubAmbWet1_bin.17.orig,0,2,0,1,0,0,2,0,1,0,0,0,0,2,1,0,4,3,4,2,0,1,0,1,0,0,0,0,0,0,0,0,0,0,0,0,1,0,1,0,0,5,4,1,3,9,5,25,0,0,1,0,1,0,0,1,0,0,0,0,0,0,0,0,0,0,0,0,0,0,1,1,0,0,0,1,0,0,1,1,0,1,0,0,0,0,1,0,0,0,0,1,0,0,0,0,0,0,0,0,0,0,0,0,0,0,0,0,0,0,0,0,0,0,0,0,0,0,0,0,0,0,0,0,0,0,0,0,0,0,0,0,0,0,0,0,0,0,0,0,0,0,0,0,0,0,0,0,0,0,0,0,0,0,0,0,0,0,0,0,1,3,4,2,4,2,0,0,1,1,0,0,1,0,3,0,0,2,0,0,1,0,1,2,0,0,0,0,0,4.100578284
shrubAmbWet1_bin.18.orig,0,0,0,0,0,0,1,0,0,0,0,0,0,1,0,0,0,0,3,1,0,0,0,0,0,0,0,0,0,0,0,0,0,0,0,0,0,0,0,0,0,3,2,2,1,8,3,18,0,0,0,0,1,1,0,1,0,0,0,0,0,0,0,0,0,0,0,0,0,0,0,0,0,0,0,0,0,1,1,1,1,0,0,0,0,0,0,0,0,0,0,1,1,0,0,0,0,0,0,0,0,0,0,0,0,0,0,0,0,0,0,0,0,1,0,0,0,0,0,0,0,0,0,0,0,0,0,0,0,1,0,0,0,0,0,0,0,0,0,0,0,0,0,0,0,0,0,0,0,0,0,0,0,0,0,0,0,0,0,0,2,2,2,1,2,1,0,0,1,0,0,1,1,0,2,0,0,1,0,0,0,1,0,3,0,0,0,0,0,4.004994264
shrubAmbWet1_bin.19.orig,1,0,1,1,0,0,6,0,3,1,1,4,1,5,3,0,10,8,9,0,1,1,1,1,0,0,0,0,0,2,1,1,0,1,2,0,1,0,1,4,0,6,3,2,4,8,4,25,0,1,1,0,1,0,1,1,0,0,1,0,0,0,0,0,0,0,0,1,0,0,1,0,0,0,0,0,0,1,1,1,0,0,1,0,0,0,1,0,0,0,0,1,0,0,0,0,0,0,0,0,0,0,0,0,0,0,0,0,0,0,0,0,0,0,0,0,0,0,0,0,0,0,0,0,1,0,0,0,0,0,0,0,0,0,0,0,0,0,0,0,0,0,0,1,1,1,0,1,0,0,0,0,0,0,0,0,0,0,0,0,1,1,4,1,4,1,1,0,1,0,0,1,2,3,1,0,0,1,0,0,1,1,1,2,0,0,0,0,1,0.860316037
shrubAmbWet1_bin.2.orig,0,0,1,0,0,0,5,1,3,1,1,4,1,4,1,0,7,7,8,0,2,1,1,1,0,0,0,0,0,0,0,1,0,1,1,0,1,1,2,3,0,7,5,2,4,10,5,33,0,0,1,0,1,1,1,1,0,0,0,0,0,0,0,0,0,0,0,1,0,0,1,0,0,0,0,0,0,0,1,1,1,0,1,0,0,0,1,0,0,0,0,1,0,0,0,0,0,1,1,0,0,0,0,0,0,0,0,0,0,0,0,0,0,0,0,0,0,0,0,0,0,0,0,0,0,0,0,0,0,0,0,0,0,0,0,0,0,0,0,0,0,0,0,0,0,0,0,0,0,0,0,0,0,0,0,0,0,0,0,0,1,3,4,2,4,2,1,0,1,1,0,1,2,2,3,0,0,2,1,1,1,1,3,1,1,1,0,0,1,3.490349685
shrubAmbWet1_bin.20.strict,1,3,1,7,1,1,15,2,8,1,2,3,2,11,4,2,37,6,12,4,1,2,1,1,0,0,1,1,0,4,3,1,0,4,5,0,4,2,2,5,1,3,3,1,2,6,1,48,1,1,1,0,1,1,1,0,0,0,1,0,0,0,0,0,0,0,0,1,0,0,1,0,0,0,0,0,0,1,1,1,1,1,1,0,0,1,1,0,0,0,0,1,1,0,0,0,1,0,0,1,0,1,0,0,0,0,0,0,0,0,0,0,0,0,0,0,0,0,0,0,0,0,0,1,0,0,0,0,0,0,0,0,0,0,0,0,0,0,0,0,0,0,0,0,0,0,0,0,0,0,0,0,0,0,0,0,0,0,0,0,1,1,5,2,5,2,0,0,1,1,2,0,4,3,1,1,0,2,1,1,1,0,3,2,1,1,0,3,0,0.489392891
shrubAmbWet1_bin.21.orig,0,0,0,1,0,0,5,0,2,0,0,1,1,5,1,1,7,6,7,3,0,1,1,1,1,1,0,1,0,1,0,0,0,3,0,0,0,2,0,1,0,2,2,1,1,6,0,18,0,0,0,0,0,0,0,0,0,0,0,0,0,0,0,0,0,0,0,0,0,1,1,0,1,1,0,0,0,1,1,1,0,0,1,0,0,0,1,0,0,0,0,0,0,0,0,0,0,0,0,0,0,0,0,0,0,0,0,0,0,0,0,0,0,1,0,0,0,0,0,0,0,0,0,0,0,0,0,0,0,1,0,0,0,0,0,1,1,0,0,0,0,0,0,0,0,0,0,0,0,0,0,0,0,0,0,0,0,0,0,0,0,3,3,1,3,1,0,0,0,0,1,0,0,1,3,0,0,1,0,0,1,0,3,1,0,0,0,0,0,2.683826826
shrubAmbWet1_bin.22.orig,0,3,0,1,1,0,2,0,0,0,0,0,0,2,0,0,5,4,3,3,0,0,0,1,0,0,1,0,0,0,1,0,0,1,1,0,0,0,1,1,0,1,3,1,1,5,2,13,0,0,0,0,0,0,1,0,0,0,0,0,0,0,0,0,0,0,0,0,0,0,1,0,1,0,0,0,0,0,1,1,0,0,1,0,0,0,0,0,0,0,0,0,0,0,0,0,0,1,0,0,0,0,0,0,0,0,0,0,0,0,0,0,0,0,0,0,0,0,0,0,0,0,0,0,0,0,0,0,0,0,0,0,0,0,0,0,0,0,0,0,0,0,0,0,0,0,0,0,0,0,0,0,0,0,0,0,0,0,0,0,1,1,0,1,0,1,0,1,1,0,1,0,2,0,1,0,0,1,1,0,0,0,0,2,0,0,0,0,1,3.382420235
shrubAmbWet1_bin.3.orig,0,3,0,1,0,0,7,0,1,1,1,4,0,2,1,1,8,6,9,3,0,0,0,0,1,1,1,1,0,0,1,1,0,1,1,0,1,2,1,3,0,7,4,2,5,11,6,32,0,0,0,0,0,1,0,0,0,0,0,0,0,0,0,0,0,0,0,1,0,0,1,0,1,0,0,0,0,0,1,1,1,0,1,0,0,0,1,0,0,0,0,0,0,0,0,0,0,0,0,0,0,0,0,0,0,0,0,0,0,0,0,0,0,0,0,0,0,0,0,0,0,0,0,0,0,0,0,0,0,0,0,0,0,0,0,0,0,0,0,0,0,0,0,1,1,1,0,1,0,0,0,0,0,0,0,0,0,0,0,0,2,3,2,2,2,2,1,0,1,1,1,1,2,0,3,0,0,2,1,0,1,1,0,3,0,0,0,1,0,0.304114856
shrubAmbWet1_bin.4.permissive,0,0,0,0,0,0,4,0,0,0,0,1,0,0,0,0,5,4,4,2,0,1,0,1,0,0,0,0,0,0,0,0,0,1,1,0,1,0,0,0,0,3,3,1,1,8,1,20,0,1,1,0,0,0,0,0,0,0,0,0,0,0,0,0,0,0,0,0,0,0,1,0,0,0,0,0,0,1,1,0,0,0,0,0,0,0,0,0,0,0,0,0,0,0,0,0,0,1,0,0,0,0,0,0,0,0,0,0,0,0,0,0,0,0,0,0,0,0,0,0,0,0,0,0,0,0,0,0,0,0,0,0,0,0,0,0,0,0,0,0,0,0,0,0,0,0,0,0,0,0,0,0,0,0,0,0,0,0,0,0,2,1,0,2,0,2,0,0,1,1,2,0,2,1,1,0,0,2,0,0,1,0,0,3,0,0,0,0,0,1.80554237
shrubAmbWet1_bin.5.orig,0,2,0,0,0,0,8,0,1,0,0,2,2,4,0,0,7,4,6,3,0,2,1,1,0,0,0,0,0,0,1,0,0,1,1,0,1,0,2,2,0,2,3,1,1,8,3,28,1,0,1,0,1,0,0,1,0,0,0,0,0,0,0,0,0,0,0,0,0,1,1,0,1,0,0,0,0,0,1,1,0,0,0,0,0,0,1,0,0,0,0,1,1,1,0,0,1,1,1,0,0,0,0,0,0,0,0,0,0,0,0,0,0,0,0,0,0,0,0,0,0,0,0,0,0,0,0,0,0,0,0,0,0,0,0,0,0,0,0,0,0,0,0,0,0,0,0,0,0,0,0,0,0,0,0,0,0,0,0,0,1,2,5,2,5,2,1,0,1,1,2,1,2,1,2,0,0,2,1,1,1,0,2,2,1,1,0,1,0,1.658537994
shrubAmbWet1_bin.6.strict,0,3,1,2,1,0,9,1,3,1,1,3,2,4,4,2,23,6,8,2,1,1,0,1,1,1,1,1,0,2,1,1,0,3,2,0,4,2,3,3,0,3,4,1,2,6,1,26,0,0,0,0,1,0,1,0,0,0,1,0,0,0,0,0,0,0,0,0,0,0,1,0,0,0,0,0,0,0,1,1,0,1,0,0,0,0,1,0,0,0,0,1,0,0,0,0,0,0,0,0,0,1,0,0,0,0,0,0,0,0,0,0,0,0,0,0,0,0,0,0,0,0,0,1,0,0,0,0,0,0,0,0,0,0,0,0,0,0,0,0,0,0,0,1,1,1,0,1,0,0,0,0,0,0,0,0,0,0,0,0,1,2,3,1,3,1,0,0,1,1,0,0,3,1,2,1,0,1,1,0,0,0,3,2,0,0,0,1,1,0.473145962
shrubAmbWet1_bin.7.orig,0,0,0,0,0,0,3,0,1,0,0,4,1,2,0,0,2,6,5,0,0,1,0,1,0,0,0,0,0,0,0,1,0,1,0,0,0,1,2,1,0,4,1,1,1,8,0,12,0,0,1,0,0,0,1,1,0,0,0,0,0,0,0,0,0,0,0,0,0,0,0,0,0,0,0,0,0,1,1,1,0,0,0,0,0,0,1,0,0,0,0,1,1,0,0,0,0,1,0,0,0,0,0,0,0,0,0,0,0,0,0,0,0,0,0,0,0,0,0,0,0,0,0,0,0,0,0,0,0,0,0,0,0,0,0,0,0,0,0,0,0,0,0,0,0,0,0,0,0,0,0,0,0,0,0,0,0,0,0,0,0,0,3,1,3,1,0,0,1,1,1,0,1,2,0,0,0,1,0,0,1,0,1,1,0,0,0,0,1,3.377911335
shrubAmbWet1_bin.8.orig,0,3,0,1,0,0,9,0,3,1,1,1,1,5,1,1,10,12,7,3,0,1,1,1,1,1,1,0,0,1,0,0,0,2,3,0,1,1,3,2,0,4,3,1,3,8,5,36,0,0,1,0,0,1,0,0,0,0,0,0,0,0,0,0,0,0,0,0,0,1,1,0,1,0,0,0,0,0,1,1,1,0,0,0,0,0,1,0,0,0,0,0,1,0,0,0,0,1,1,0,0,0,0,0,0,0,0,0,0,0,0,0,0,0,0,0,0,0,0,0,0,0,0,0,0,0,0,0,0,0,0,0,0,0,0,0,0,0,0,0,0,0,0,0,0,0,0,0,0,0,0,0,0,0,0,0,0,0,0,0,1,3,4,2,4,2,1,0,1,1,1,1,4,2,3,0,0,2,0,1,1,1,0,3,1,1,0,2,0,0.595760399
shrubAmbWet1_bin.9.strict,0,2,0,1,0,0,3,0,1,0,0,0,0,4,1,1,4,3,4,2,0,1,1,1,0,0,0,0,0,0,1,0,0,1,0,0,1,0,0,0,0,4,5,1,2,9,5,30,0,1,1,0,0,0,0,1,1,0,0,0,0,0,0,0,0,0,0,0,0,0,1,1,0,0,0,0,0,1,1,0,0,1,0,0,0,0,1,0,0,0,0,1,1,0,0,0,0,0,0,0,0,0,0,0,0,0,0,0,0,0,0,0,0,0,0,0,0,0,0,0,0,0,0,0,0,0,0,0,0,0,0,0,0,0,0,0,0,0,0,0,0,0,0,0,0,0,0,0,0,0,0,0,0,0,0,0,0,0,0,0,2,2,5,2,5,2,0,0,1,1,2,0,1,1,2,0,0,2,1,0,1,0,0,3,0,0,0,0,0,1.250793003
shrubAmbWet2_bin.1.orig,0,2,0,2,0,0,5,0,3,1,1,1,2,6,1,1,12,5,10,3,0,1,1,1,1,1,0,0,0,0,0,0,0,3,1,1,0,2,0,5,0,3,2,1,3,7,3,26,0,0,0,0,1,0,0,1,0,0,1,0,0,0,0,0,0,0,0,0,0,0,1,0,1,0,0,0,0,1,1,1,0,0,1,0,0,0,1,0,0,0,0,1,0,0,0,0,0,1,0,0,0,0,0,0,0,0,0,0,0,0,0,0,0,0,0,0,0,0,0,0,0,0,0,0,0,0,0,0,0,0,0,0,0,0,0,0,0,0,0,0,0,0,0,1,1,0,0,0,0,0,0,0,0,0,0,0,0,0,0,0,2,3,5,2,5,2,1,0,1,1,1,0,2,2,3,0,0,2,1,0,1,1,1,3,0,0,0,0,0,12.36879306
shrubAmbWet2_bin.10.strict,0,2,0,1,0,0,2,0,1,0,0,1,0,4,0,0,6,3,4,1,0,1,1,1,0,0,0,1,0,0,0,0,1,1,1,0,1,0,1,0,0,5,4,2,5,9,5,28,0,0,1,0,0,1,1,0,0,0,0,0,0,0,0,0,0,0,0,0,0,0,1,0,0,0,0,0,0,1,1,1,0,0,0,0,0,0,1,0,0,0,0,0,1,0,0,0,0,0,1,0,0,0,0,0,0,0,0,0,0,0,0,0,0,0,0,0,0,0,0,0,0,0,0,0,0,0,0,0,0,0,0,0,0,0,0,0,0,0,0,0,0,0,0,0,0,0,0,0,0,0,0,0,0,0,0,0,0,0,0,0,2,2,4,2,4,2,0,0,1,1,2,0,2,1,2,0,0,2,0,0,1,1,1,3,0,0,0,0,0,1.060803121
shrubAmbWet2_bin.11.orig,0,0,0,1,0,0,4,0,4,1,1,2,1,1,0,0,8,5,7,0,0,1,0,1,0,0,0,0,0,1,0,1,0,1,1,0,1,1,1,3,0,4,3,1,3,8,3,25,0,0,1,0,1,0,1,1,0,0,0,0,0,0,0,0,0,0,0,1,0,0,1,0,0,0,0,0,0,1,1,1,0,0,1,0,0,0,1,0,0,0,0,1,0,0,0,0,0,1,1,0,0,0,0,0,0,0,0,0,0,0,0,0,0,0,0,0,0,0,0,0,0,0,0,0,0,0,0,0,0,0,0,0,0,0,0,0,0,0,0,0,0,0,0,1,1,1,0,1,0,0,0,0,0,0,0,0,0,0,0,0,1,1,5,1,5,1,1,0,1,1,0,1,2,3,1,0,0,1,1,0,1,1,2,1,0,0,0,0,0,3.686541554
shrubAmbWet2_bin.12.orig,0,3,0,1,0,0,7,0,0,0,0,3,2,2,0,1,7,4,7,0,0,1,0,1,0,0,1,1,0,0,0,0,0,3,1,0,1,2,0,5,0,2,2,1,2,5,1,23,1,0,1,0,1,0,0,1,0,0,0,0,0,0,0,0,0,0,0,1,0,0,1,0,1,0,0,0,0,1,1,1,1,0,0,0,0,0,0,0,0,0,0,1,0,0,0,0,0,0,0,0,0,0,0,0,0,0,0,0,0,0,0,0,0,0,0,0,0,0,0,0,0,0,0,0,0,0,0,0,0,0,0,0,0,0,0,0,0,0,0,0,0,0,0,0,0,0,0,0,0,0,0,0,0,0,0,0,0,0,0,0,0,3,3,2,3,2,0,0,1,1,1,0,3,2,3,0,0,2,1,1,1,1,3,0,1,1,0,0,0,3.018860631
shrubAmbWet2_bin.13.orig,0,0,0,1,0,0,6,1,7,1,1,4,2,2,2,0,7,5,9,0,1,2,0,1,0,0,0,0,0,1,0,1,0,1,1,0,0,0,1,1,0,5,5,2,3,10,5,29,1,0,1,0,1,1,1,1,0,0,0,0,0,0,0,0,0,0,0,0,0,0,0,0,0,0,0,0,0,0,1,1,1,0,1,0,0,0,1,0,0,0,0,1,0,0,0,0,0,1,0,0,0,0,0,0,0,0,0,0,0,0,0,0,0,0,0,0,0,0,0,0,0,0,0,0,0,0,0,0,0,0,0,0,0,0,0,0,0,0,0,0,0,0,0,1,1,1,0,1,0,0,0,0,0,0,0,0,0,0,0,0,1,1,3,1,3,1,1,0,1,0,1,1,2,2,1,0,0,1,1,1,1,1,2,1,1,1,0,0,1,0.73017981
shrubAmbWet2_bin.14.orig,0,0,1,0,0,0,2,0,2,0,0,3,1,1,0,0,4,5,7,0,0,1,0,1,0,0,0,0,0,0,0,1,0,1,1,0,1,0,1,3,1,3,2,2,3,6,4,15,0,0,0,0,1,0,0,0,0,0,0,0,0,0,0,0,0,0,0,0,0,0,1,0,0,0,0,0,0,0,1,1,0,0,1,0,0,0,0,0,0,0,0,0,0,0,0,0,0,1,0,0,0,0,0,0,0,0,0,0,0,0,0,0,0,0,0,0,0,0,0,0,0,0,0,0,0,0,0,0,0,0,0,0,0,0,0,0,0,0,0,0,0,0,0,0,0,0,0,0,0,0,0,0,0,0,0,0,0,0,0,0,0,1,2,0,2,0,1,0,1,0,0,0,1,1,1,0,0,0,0,0,1,0,1,1,0,0,0,0,1,1.891704202
shrubAmbWet2_bin.15.orig,0,3,0,0,0,0,5,0,2,0,0,1,1,2,1,2,7,2,9,1,0,1,0,1,0,0,1,0,0,0,0,0,0,1,1,0,0,2,0,3,0,1,2,1,1,3,0,21,0,0,0,0,1,0,0,0,0,0,0,0,0,0,0,0,0,0,0,0,0,0,1,0,1,0,0,0,0,0,0,1,1,0,1,0,0,0,0,0,0,0,0,0,0,0,0,0,0,0,1,0,0,0,0,0,0,0,0,0,0,0,0,0,0,0,0,0,0,0,0,0,0,0,0,0,0,0,0,0,0,0,0,0,0,0,0,0,0,0,0,0,0,0,0,0,0,0,0,0,0,0,0,0,0,0,0,0,0,0,0,0,0,3,2,1,2,1,1,0,1,1,0,0,1,1,3,0,0,1,1,1,0,1,2,1,1,1,0,0,0,1.857642254
shrubAmbWet2_bin.16.orig,0,2,0,0,0,0,2,0,0,0,0,0,0,1,0,0,4,1,4,0,0,0,0,1,0,0,0,0,0,0,1,0,0,1,0,0,0,0,0,2,0,2,5,1,1,6,1,22,0,0,0,0,1,1,0,1,0,0,0,0,0,0,0,0,0,0,0,0,0,0,1,1,0,0,0,0,0,1,1,0,0,0,0,0,0,0,0,0,0,0,0,1,0,0,0,0,0,0,0,0,0,0,0,0,0,0,0,0,0,0,0,0,0,1,0,0,0,0,0,0,0,0,0,0,0,0,0,0,0,1,0,0,0,0,0,0,0,0,0,0,0,0,0,1,1,0,0,0,0,0,0,0,0,0,0,0,0,0,0,0,0,3,0,2,0,2,1,0,1,0,0,1,0,0,3,0,0,2,0,0,0,0,0,1,0,0,0,0,0,2.78972064
shrubAmbWet2_bin.17.strict,0,3,0,0,0,0,2,0,0,0,0,1,0,2,0,0,5,1,3,1,0,1,0,1,0,0,0,0,0,0,2,1,0,1,0,0,0,0,1,2,0,5,5,1,2,9,4,25,0,0,0,0,1,0,1,1,0,0,0,0,0,0,0,0,0,0,0,1,0,1,1,1,0,0,0,0,0,1,1,1,1,0,0,0,0,0,1,0,0,0,0,1,1,0,0,0,0,0,1,0,0,0,0,0,0,0,0,0,0,0,0,0,0,1,0,0,0,0,0,0,0,0,0,0,0,0,0,0,0,1,0,0,0,0,0,0,0,0,0,0,0,0,0,1,1,0,0,0,0,0,0,0,0,0,0,0,0,0,0,0,1,3,5,2,5,2,1,0,1,1,1,0,1,1,3,0,0,2,0,0,0,0,1,1,0,0,0,0,0,5.44755196
shrubAmbWet2_bin.18.strict,0,2,0,1,0,0,4,0,1,0,0,0,0,4,1,0,3,3,4,2,0,0,1,1,0,0,0,0,0,0,1,0,0,1,0,0,1,0,0,1,0,6,4,2,5,11,6,28,0,0,1,0,0,0,1,1,0,0,0,0,0,0,0,0,0,0,0,0,0,0,1,0,0,0,0,1,0,1,1,1,0,0,0,0,0,0,1,0,0,0,0,1,1,0,0,0,0,0,1,0,0,0,0,0,0,0,0,0,0,0,0,0,0,0,0,0,0,0,0,0,0,0,0,0,0,0,0,0,0,0,0,0,0,0,0,0,0,0,0,0,0,0,0,0,0,0,0,0,0,0,0,0,0,0,0,0,0,0,0,0,1,2,3,2,3,2,0,0,1,1,1,0,1,1,2,0,0,2,0,0,1,0,0,2,0,0,0,0,0,3.560846579
shrubAmbWet2_bin.19.orig,0,2,0,0,0,0,1,0,1,0,0,0,0,1,0,0,2,2,3,2,0,0,0,0,0,0,0,0,0,0,0,0,0,1,0,0,1,0,0,0,0,2,3,1,2,6,5,21,0,0,0,0,0,0,1,0,0,0,0,0,0,0,0,0,0,0,0,0,0,0,1,0,0,0,0,0,0,1,1,0,0,0,1,0,0,0,1,0,0,0,0,1,1,0,0,0,0,0,0,0,0,0,0,0,0,0,0,0,0,0,0,0,0,0,0,0,0,0,0,0,0,0,0,0,0,0,0,0,0,0,0,0,0,0,0,0,0,0,0,0,0,0,0,0,0,0,0,0,0,0,0,0,0,0,0,0,0,0,0,0,1,1,2,1,2,1,0,0,1,0,1,0,1,1,1,0,0,1,0,0,0,0,1,2,0,0,0,0,0,3.077732284
shrubAmbWet2_bin.2.permissive,0,0,0,2,0,0,2,0,0,0,0,0,0,0,0,0,2,1,4,1,0,0,0,1,0,0,0,0,0,0,1,0,0,1,0,0,1,0,0,0,0,4,4,1,3,8,4,14,0,0,1,0,0,0,1,0,0,0,0,0,0,0,0,0,0,0,0,0,0,0,1,0,0,0,0,0,0,0,1,0,0,0,1,0,0,0,0,0,0,0,0,1,0,0,0,0,0,0,0,0,0,0,0,0,0,0,0,0,0,0,0,0,0,0,0,0,0,0,0,0,0,0,0,0,0,0,0,0,0,0,0,0,0,0,0,1,0,0,0,0,0,0,0,0,0,0,0,0,0,0,0,0,0,0,0,0,0,0,0,0,0,1,3,1,3,1,0,0,1,1,0,0,1,0,1,0,0,1,1,0,0,1,1,0,0,0,0,0,0,2.503168787
shrubAmbWet2_bin.20.orig,0,3,0,0,0,0,0,0,0,0,0,0,0,3,0,1,11,4,6,3,0,0,0,1,1,1,1,1,0,1,1,0,0,2,1,0,0,2,4,3,0,3,3,1,2,4,1,22,0,0,0,0,1,0,0,0,0,0,0,0,0,0,0,0,0,0,0,0,0,0,1,0,1,0,0,0,0,0,1,1,1,0,1,0,0,0,1,0,0,0,0,1,0,0,0,0,0,0,0,0,0,0,0,0,0,0,0,0,0,0,0,0,0,0,0,0,0,0,0,0,0,0,0,0,0,0,0,0,0,0,0,0,0,0,0,0,0,0,0,0,0,0,0,0,0,0,0,0,0,0,0,0,0,0,0,0,0,0,0,0,1,2,2,2,2,2,1,0,0,1,1,0,2,2,2,0,0,2,0,1,1,0,1,3,1,1,0,1,0,2.605355972
shrubAmbWet2_bin.21.orig,1,0,0,0,0,0,1,0,1,0,0,2,0,2,1,1,6,11,3,2,0,0,0,0,0,0,0,0,0,0,0,0,0,4,0,0,0,1,0,4,0,3,3,1,2,5,1,22,0,0,1,0,1,0,0,0,0,0,0,0,0,0,0,0,0,0,0,0,0,0,0,0,1,0,0,0,0,0,1,1,1,0,0,0,0,0,0,0,0,0,0,0,0,0,0,0,0,0,0,0,0,0,0,0,0,0,0,0,0,0,0,0,0,0,0,0,0,0,0,0,0,0,0,0,0,0,1,0,0,0,0,0,0,0,0,1,0,0,0,0,0,0,1,0,0,0,0,0,0,0,0,0,0,0,0,0,0,0,0,0,2,3,0,1,0,1,0,0,1,0,0,0,0,0,3,0,0,1,1,0,1,1,1,2,0,0,0,0,0,9.410947959
shrubAmbWet2_bin.22.orig,0,2,0,2,0,0,3,0,1,0,0,0,0,4,1,0,1,2,3,2,0,0,1,1,0,0,0,0,0,0,0,0,0,0,0,0,0,0,1,0,0,4,4,2,4,10,5,20,0,1,1,0,0,0,0,1,0,0,0,0,0,0,0,0,0,0,0,0,0,0,1,0,0,0,0,0,0,0,1,0,0,0,0,0,0,0,1,0,0,0,0,1,0,0,0,0,0,0,0,0,0,0,0,0,0,0,0,0,0,0,0,0,0,0,0,0,0,0,0,0,0,0,0,0,0,0,0,0,0,0,0,0,0,0,0,0,0,0,0,0,0,0,0,0,0,0,0,0,0,0,0,0,0,0,0,0,0,0,0,0,0,3,2,2,2,2,0,0,1,1,2,0,1,0,3,0,0,2,0,0,1,0,0,1,0,0,0,0,0,1.848202399
shrubAmbWet2_bin.23.orig,0,3,0,1,1,0,7,0,2,0,0,1,1,2,0,0,3,5,6,2,0,1,0,1,0,0,1,0,0,0,2,1,0,1,0,0,1,0,1,2,0,3,3,1,3,6,2,17,0,0,0,0,1,0,1,0,0,0,0,0,0,0,0,0,0,0,0,0,0,0,0,0,1,0,0,0,0,1,1,1,0,0,1,0,0,0,0,0,0,0,0,0,1,0,0,0,0,1,1,0,0,0,0,0,0,0,0,0,0,0,0,0,0,0,0,0,0,0,0,0,0,0,0,0,0,0,0,0,0,0,0,0,0,0,0,0,0,0,0,0,0,0,0,0,0,0,0,0,0,0,0,0,0,0,0,0,0,0,0,0,1,2,1,2,1,2,0,1,1,0,0,0,1,1,2,0,0,2,1,1,1,0,1,2,1,1,0,0,1,3.974021249
shrubAmbWet2_bin.24.strict,0,2,0,0,0,0,0,0,0,0,0,0,0,2,0,0,6,2,6,1,0,0,0,0,0,0,0,0,0,0,0,0,0,0,0,0,0,0,0,2,0,0,0,0,1,0,1,14,0,0,0,0,1,0,0,0,0,0,0,0,0,0,0,0,0,0,0,0,0,0,0,0,0,0,0,0,0,0,0,0,0,0,0,0,0,0,0,0,0,0,0,0,0,0,0,0,0,1,0,0,0,0,0,0,0,0,0,0,0,0,0,0,0,0,0,0,0,0,0,0,0,0,0,0,0,0,0,0,0,0,0,0,0,0,0,0,0,0,0,0,0,0,0,0,0,0,0,0,0,0,0,0,0,0,0,0,0,0,0,0,0,2,3,1,3,1,1,0,1,1,0,0,0,1,2,0,0,1,1,0,0,0,0,0,0,0,0,0,0,35.39777919
shrubAmbWet2_bin.3.permissive,0,2,0,0,0,0,3,0,1,0,0,0,0,4,1,0,2,1,4,2,0,0,1,1,0,0,0,0,0,0,2,0,0,1,0,0,1,0,0,0,0,5,3,2,5,9,6,21,0,0,1,0,0,0,0,0,0,0,0,0,0,0,0,0,0,0,0,0,0,0,1,0,0,0,0,0,0,0,1,1,1,0,1,0,0,0,1,0,0,0,0,1,0,0,0,0,0,0,0,0,0,0,0,0,0,0,0,0,0,0,0,0,0,0,0,0,0,0,0,0,0,0,0,0,0,0,0,1,0,0,0,0,0,0,0,0,0,0,0,0,0,0,0,0,0,0,0,0,0,0,0,0,0,0,0,0,0,0,0,0,2,2,4,1,4,1,0,0,0,0,1,0,0,0,2,0,0,1,0,0,1,0,0,3,0,0,0,0,0,2.931114507
shrubAmbWet2_bin.4.orig,1,3,0,0,0,0,1,0,0,0,0,2,0,4,0,1,6,7,8,2,0,0,1,1,1,1,0,0,0,0,0,1,0,2,0,0,0,2,0,2,0,2,2,2,2,4,0,17,0,0,0,0,1,0,0,0,0,0,0,0,0,0,0,0,0,0,0,1,0,0,0,0,1,0,0,0,0,0,0,1,1,0,1,0,0,0,0,0,0,0,0,1,1,0,0,0,0,1,0,0,0,0,0,0,0,0,0,0,0,0,0,0,0,0,0,0,0,0,0,0,0,0,0,0,0,0,0,0,0,0,0,0,0,0,0,0,0,0,0,0,0,0,0,1,1,0,0,0,0,0,0,0,0,0,0,0,0,0,0,0,1,2,3,1,3,1,1,0,1,1,0,0,1,1,2,0,0,1,1,0,1,0,0,2,0,0,0,0,0,7.434932239
shrubAmbWet2_bin.5.orig,0,2,0,1,0,0,4,0,0,0,0,0,0,4,1,0,4,4,4,2,0,0,1,1,0,0,0,0,0,0,0,0,1,1,0,0,1,0,0,0,0,6,4,2,5,12,4,28,0,1,1,0,0,0,1,1,1,0,0,0,0,0,0,0,0,0,0,0,0,0,1,0,0,0,0,1,0,1,1,1,0,0,1,0,0,0,1,0,0,0,0,1,1,0,0,0,0,0,0,0,0,0,0,0,0,0,0,0,0,0,0,0,0,0,0,0,0,0,0,0,0,0,0,0,0,0,0,0,0,0,0,0,0,0,0,0,0,0,0,0,0,0,0,0,0,0,0,0,0,0,0,0,0,0,0,0,0,0,0,0,1,2,5,2,5,2,0,0,1,1,2,0,1,1,2,0,0,2,0,0,1,0,0,2,0,0,0,0,0,0.708355521
shrubAmbWet2_bin.6.orig,0,3,0,1,0,0,7,1,2,1,1,1,1,6,1,2,5,11,5,1,0,1,1,1,0,0,0,0,0,0,0,0,0,1,1,0,1,2,2,2,0,2,2,1,2,9,2,31,1,0,0,0,0,0,0,0,0,0,0,0,0,0,0,0,0,0,0,1,0,0,1,0,1,0,0,0,0,0,1,1,1,0,1,0,0,0,0,0,0,0,0,0,1,0,0,0,0,0,0,0,0,0,0,0,0,0,0,0,0,0,0,0,0,0,0,0,0,0,0,0,0,0,0,0,0,0,0,0,0,0,0,0,0,0,0,0,0,0,0,0,0,0,0,0,0,0,0,0,0,0,0,0,0,0,0,0,0,0,0,0,1,3,1,1,1,1,1,0,1,1,1,0,1,1,3,0,0,1,1,1,1,0,0,2,1,1,0,0,0,1.423797819
shrubAmbWet2_bin.7.orig,0,3,0,0,0,0,3,0,1,0,0,1,0,3,0,0,2,4,5,2,0,1,0,0,0,0,1,0,0,0,0,0,0,1,0,0,1,1,0,1,0,2,3,1,1,4,1,23,0,0,0,0,0,0,1,0,0,0,0,0,0,0,0,0,0,0,0,0,0,0,1,0,1,0,0,0,0,0,1,1,0,0,1,0,0,0,0,0,0,0,0,0,0,0,0,0,0,0,0,0,0,0,0,0,0,0,0,0,0,0,0,0,0,0,0,0,0,0,0,0,0,0,0,0,0,0,0,0,0,0,0,0,0,0,0,0,0,0,0,0,0,0,0,1,1,0,0,0,0,0,0,0,0,0,0,0,0,0,0,0,0,1,3,1,3,1,1,0,1,1,2,0,0,2,1,0,0,1,1,0,1,0,1,1,0,0,0,0,1,2.839942551
shrubAmbWet2_bin.8.orig,0,3,0,1,0,0,8,0,2,0,0,2,1,4,2,1,11,4,9,2,0,1,0,1,0,0,1,1,0,0,2,0,0,3,3,0,2,2,0,3,0,2,2,1,2,5,2,29,1,0,0,0,1,0,0,1,0,0,0,0,0,0,0,0,0,0,0,0,0,1,1,0,1,1,1,0,0,0,1,1,1,0,1,0,0,0,1,0,0,0,0,1,1,0,0,0,0,1,0,0,0,0,0,0,0,0,0,0,0,0,0,0,0,1,0,0,0,0,0,0,0,0,0,0,0,0,0,0,0,1,0,0,0,0,0,1,1,0,0,0,0,0,1,1,1,0,0,0,0,0,0,0,1,0,1,0,0,0,0,0,2,4,4,2,4,2,1,0,1,1,1,0,2,2,4,0,0,2,0,1,1,1,3,3,1,1,0,0,0,4.063437849
shrubAmbWet2_bin.9.orig,0,0,1,1,0,0,5,1,4,1,1,4,1,4,1,0,7,8,10,1,2,1,1,1,0,0,0,0,0,0,0,1,0,1,2,0,1,1,2,3,0,7,5,2,4,12,5,38,0,1,1,0,1,1,1,1,0,0,0,0,0,0,0,0,0,0,0,1,0,0,1,0,0,0,0,0,0,0,1,1,1,0,1,0,0,0,1,0,0,0,0,1,0,0,0,0,0,0,1,0,0,0,0,0,0,0,0,0,0,0,0,0,0,0,0,0,0,0,0,0,0,0,0,0,0,0,0,0,0,0,0,0,0,0,0,0,0,0,0,0,0,0,0,0,0,0,0,0,0,0,0,0,0,0,0,0,0,0,0,0,1,3,4,2,4,2,1,0,1,0,1,1,2,3,3,0,0,2,1,1,1,1,3,1,1,1,0,0,1,4.278851218
shrubRedDry1_bin.1.orig,0,0,0,1,0,0,3,0,3,1,1,2,1,2,4,0,6,5,9,1,0,1,0,1,0,0,0,0,0,1,1,1,0,1,0,0,0,1,0,0,0,5,2,2,3,7,5,30,0,0,1,0,1,1,1,1,0,0,0,0,0,0,0,0,0,0,0,1,0,0,1,0,1,0,0,0,0,1,1,1,1,0,1,0,0,0,1,0,0,0,0,1,1,0,0,0,0,1,1,0,0,0,0,0,0,0,0,0,0,0,0,0,0,0,0,0,0,0,0,0,0,0,0,0,0,0,0,0,0,0,0,0,0,0,0,0,0,0,0,0,0,0,0,1,1,1,0,1,0,0,0,0,0,0,0,0,0,0,0,0,1,1,4,2,4,2,1,0,1,1,1,0,1,2,1,0,0,2,1,0,1,0,0,1,0,0,0,0,1,4.093939117
shrubRedDry1_bin.10.orig,0,3,1,1,0,0,6,0,1,0,0,2,1,4,2,0,5,4,5,1,0,1,1,1,0,0,1,0,0,0,1,0,0,1,0,0,0,0,0,3,0,5,4,2,5,10,3,29,1,0,0,0,0,0,1,0,0,1,0,0,0,0,0,0,0,0,0,0,0,0,1,0,1,0,0,0,0,1,1,1,0,0,0,0,0,1,0,0,0,0,0,1,1,0,0,1,1,1,1,0,0,0,0,0,0,0,0,0,0,0,0,0,0,0,0,0,0,0,0,0,0,0,0,0,0,0,0,0,0,0,0,0,0,0,0,0,0,0,0,0,0,0,0,1,1,1,0,1,0,0,0,0,0,0,0,0,0,0,0,0,1,2,5,2,5,2,1,0,1,1,2,0,1,1,2,0,0,2,1,0,1,0,1,3,0,0,0,0,1,3.155257435
shrubRedDry1_bin.12.orig,1,3,1,4,2,1,13,3,10,1,2,4,0,9,2,2,35,7,14,3,0,1,1,1,1,1,1,1,0,4,3,1,0,4,6,0,5,2,5,5,1,3,2,1,2,7,2,47,0,1,1,0,1,1,1,0,1,1,1,0,0,0,0,0,0,0,0,0,0,0,1,0,0,0,0,0,0,1,1,1,1,1,0,0,0,0,1,0,0,0,0,1,1,0,0,0,0,0,1,1,0,0,0,0,0,0,0,0,0,0,0,0,0,0,0,0,0,0,0,0,0,0,0,1,0,0,0,0,0,0,0,0,0,0,0,0,0,0,0,0,0,0,0,1,1,1,0,1,0,0,0,0,0,0,0,0,0,0,0,0,1,2,5,2,5,2,0,0,1,1,1,0,4,3,2,1,0,2,1,1,1,0,4,3,1,1,0,3,1,0.415558885
shrubRedDry1_bin.2.strict,0,2,0,0,0,0,2,0,1,0,0,0,0,4,1,0,0,1,4,1,0,0,1,1,0,0,0,0,0,0,0,0,0,0,0,0,1,0,0,0,0,5,3,2,5,11,4,19,0,0,0,0,1,0,1,1,0,0,0,0,0,0,0,0,0,0,0,0,0,0,1,0,0,0,0,0,0,0,1,0,0,0,0,0,0,0,1,0,0,0,0,1,1,0,0,0,0,0,0,0,0,0,0,0,0,0,0,0,0,0,0,0,0,0,0,0,0,0,0,0,0,0,0,0,0,0,0,0,0,0,0,0,0,0,0,0,0,0,0,0,0,0,0,0,0,0,0,0,0,0,0,0,0,0,0,0,0,0,0,0,1,2,3,0,3,0,0,0,1,1,0,0,1,0,2,0,0,0,0,0,1,0,0,2,0,0,0,0,0,2.062566915
shrubRedDry1_bin.3.orig,0,0,0,0,0,0,3,0,0,0,0,3,1,1,1,1,7,8,4,2,0,0,0,1,0,0,1,1,0,1,0,0,0,1,0,0,0,1,0,4,0,2,2,0,2,2,2,12,0,0,1,0,0,0,0,1,0,0,0,0,0,0,0,0,0,0,0,0,0,0,0,0,0,0,0,0,0,0,1,1,1,0,0,0,0,0,0,0,0,0,0,0,0,0,0,0,0,1,0,0,0,0,0,0,0,0,0,0,0,0,0,0,0,0,0,0,0,0,0,0,0,0,0,0,0,0,0,0,0,0,0,0,0,0,0,0,0,0,0,0,0,0,0,0,0,0,0,0,0,0,0,0,0,0,0,0,0,0,0,0,1,2,4,1,4,1,1,0,1,0,2,0,2,0,2,0,0,1,0,1,1,1,1,1,1,1,0,0,0,5.463035565
shrubRedDry1_bin.4.orig,0,3,0,1,0,0,8,0,2,0,0,2,1,5,2,1,11,6,9,0,0,2,1,0,0,0,0,1,0,0,2,0,0,3,3,0,2,2,0,3,0,2,2,1,2,6,2,26,1,0,0,0,0,0,0,1,0,0,0,0,0,0,0,0,0,0,0,0,0,1,1,0,1,1,0,0,0,1,1,1,1,0,1,0,0,0,1,0,0,0,0,1,1,0,0,0,0,1,0,0,0,0,0,0,0,0,0,0,0,0,0,0,0,1,0,0,0,0,0,0,0,0,0,0,0,0,0,0,0,1,0,0,0,0,0,1,1,0,0,0,0,0,0,1,1,0,0,0,0,0,0,0,1,0,1,0,0,0,0,0,2,3,3,2,3,2,1,0,1,1,1,0,2,2,3,0,0,2,0,1,1,1,1,3,1,1,0,0,0,5.915796812
shrubRedDry1_bin.5.orig,0,0,0,0,0,0,4,0,3,1,1,2,1,2,2,1,10,5,9,1,1,1,0,1,0,0,0,0,0,1,1,1,0,1,0,0,0,1,1,2,0,3,4,2,3,7,4,20,0,0,1,0,1,0,1,1,0,0,0,0,0,0,0,0,0,0,0,0,0,1,1,0,1,0,0,0,0,0,1,1,1,0,1,0,0,0,1,0,0,0,0,0,0,0,0,0,0,0,0,0,0,0,0,0,0,0,0,0,0,0,0,0,0,0,0,0,0,0,0,0,0,0,0,0,0,0,0,0,0,0,0,0,0,0,0,0,0,0,0,0,0,0,0,1,1,0,0,0,0,0,0,0,0,0,0,0,0,0,0,0,1,1,4,1,4,1,1,0,1,0,1,1,2,0,1,0,0,1,0,0,1,1,1,2,0,0,0,0,0,0.712055243
shrubRedDry1_bin.6.orig,1,3,1,7,2,1,16,3,9,1,2,4,2,11,7,2,40,6,17,4,1,2,1,1,1,1,1,1,0,4,3,1,0,5,5,0,5,2,4,7,1,3,4,1,2,8,2,48,0,1,1,0,1,1,1,0,0,1,1,0,0,0,0,0,0,0,0,0,0,0,1,0,0,0,0,0,0,0,1,1,1,1,1,0,0,1,1,0,0,0,0,0,1,1,1,0,1,0,1,1,0,0,0,0,0,0,0,0,0,0,0,0,0,0,0,0,0,0,0,0,0,0,0,1,0,0,0,0,0,0,0,0,0,0,0,0,0,0,0,0,0,0,0,1,1,1,0,1,0,0,0,0,0,0,0,0,0,0,0,0,1,3,5,2,5,2,0,0,1,1,2,0,4,3,3,1,0,2,1,1,1,0,4,3,1,1,0,3,1,0.684549825
shrubRedDry1_bin.7.orig,1,3,0,2,2,1,8,1,5,0,0,1,1,5,4,0,17,5,8,3,0,2,1,0,1,1,1,0,0,1,2,1,0,2,4,0,3,2,3,2,0,3,3,1,2,6,2,36,0,0,0,0,1,0,1,0,0,0,1,0,0,0,0,0,0,0,0,0,0,1,0,0,0,0,0,0,0,0,1,1,1,0,1,0,0,0,1,0,0,0,0,1,0,0,0,0,1,0,0,1,0,0,0,0,0,0,0,0,0,0,0,0,0,0,0,0,0,0,0,0,0,0,0,1,0,0,0,0,0,0,0,0,0,0,0,0,0,0,0,0,0,0,0,0,0,0,0,0,0,0,0,0,0,0,0,0,0,0,0,0,1,2,3,2,3,2,0,0,1,1,2,0,1,0,2,0,0,2,1,0,1,0,2,2,0,0,0,2,0,0.160822985
shrubRedDry1_bin.8.strict,1,3,1,6,1,1,16,0,8,1,1,3,2,9,3,2,38,7,12,3,0,2,1,1,0,1,0,0,0,3,3,1,0,5,3,0,5,2,4,5,1,3,3,1,2,7,2,43,0,0,1,0,1,1,1,0,1,1,1,0,0,0,0,0,0,0,0,0,0,0,1,0,0,0,0,0,0,1,1,1,1,0,1,0,0,1,1,0,0,0,0,0,1,1,1,0,1,0,0,1,0,0,0,0,0,0,0,0,0,0,0,0,0,0,0,0,0,0,0,0,0,0,0,0,0,0,0,0,0,0,0,0,0,0,0,0,0,0,0,0,0,0,0,1,1,1,0,1,0,0,0,0,0,0,0,0,0,0,0,0,2,2,3,1,3,1,0,0,1,1,1,0,3,2,2,1,0,1,1,1,1,0,3,4,1,1,0,2,1,0.496962868
shrubRedDry1_bin.9.orig,1,3,0,1,0,0,9,0,2,0,0,2,1,7,2,1,27,12,12,3,0,2,1,1,1,1,0,1,0,3,1,1,0,4,3,0,1,2,2,2,0,1,2,0,0,2,0,20,0,0,1,0,1,0,1,1,0,0,0,0,0,0,0,0,0,0,0,1,0,1,1,0,0,0,0,0,0,0,1,1,1,0,1,0,0,0,1,0,0,0,0,1,0,0,0,0,0,1,1,0,0,0,0,0,0,0,0,0,0,0,0,0,0,0,0,0,0,0,0,0,0,0,0,0,1,0,0,0,0,0,0,0,0,0,0,0,0,0,0,0,0,0,0,1,1,1,0,1,0,0,0,0,0,0,0,0,0,0,0,0,2,3,2,2,2,2,0,0,1,0,2,0,4,2,3,1,0,2,0,1,1,1,3,4,1,1,0,0,0,0.321437092
shrubRedDry2_bin.1.orig,0,3,0,0,1,0,1,0,1,0,0,2,0,1,0,0,3,3,3,2,0,0,0,1,0,0,1,0,0,0,0,0,0,0,0,0,0,0,1,0,0,2,2,2,1,6,2,18,0,0,0,0,1,0,1,0,0,0,0,0,0,0,0,0,0,0,0,0,0,0,1,0,1,0,0,0,0,0,1,1,1,1,1,0,0,0,0,0,0,0,0,0,0,0,0,0,0,1,0,0,0,0,0,0,0,0,0,0,0,0,0,0,0,0,0,0,0,0,0,0,0,0,0,0,0,0,0,0,0,0,0,0,0,0,0,0,0,0,0,0,0,0,0,0,0,0,0,0,0,0,0,0,0,0,0,0,0,0,0,0,0,3,5,1,5,1,1,0,1,1,1,0,1,2,3,0,0,1,1,1,1,0,0,1,1,1,0,0,1,2.469567335
shrubRedDry2_bin.10.orig,0,0,1,1,0,0,2,0,2,1,1,2,0,1,0,0,7,6,6,0,0,1,0,0,0,0,0,0,0,1,0,0,0,1,0,0,1,0,1,1,0,3,4,2,3,7,4,11,0,0,1,0,0,0,1,1,0,0,0,0,0,0,0,0,0,0,0,0,0,0,0,0,0,0,0,0,0,1,0,1,0,0,0,0,0,0,1,0,0,0,0,0,0,0,0,0,0,0,0,0,0,0,0,0,0,0,0,0,0,0,0,0,0,0,0,0,0,0,0,0,0,0,0,0,0,0,0,0,0,0,0,0,0,0,0,0,0,0,0,0,0,0,0,0,0,0,0,0,0,0,0,0,0,0,0,0,0,0,0,0,0,0,1,0,1,0,1,0,1,0,0,0,2,1,0,0,0,0,0,0,0,0,0,1,0,0,0,0,1,1.445924934
shrubRedDry2_bin.11.orig,1,0,1,0,0,0,2,0,0,0,0,3,1,1,0,0,4,7,5,0,0,0,0,1,0,0,0,0,0,0,0,1,0,1,0,0,0,0,1,3,1,3,2,1,1,5,2,18,0,0,0,0,1,0,1,0,0,0,0,0,0,0,0,0,0,0,0,1,0,0,1,0,0,0,0,0,0,0,0,1,0,0,1,0,0,0,1,0,0,0,0,1,0,0,0,0,0,1,0,0,0,0,0,0,0,0,0,0,0,0,0,0,0,0,0,0,0,0,0,0,0,0,0,0,0,0,0,0,0,0,0,0,0,0,0,0,0,0,0,0,0,0,0,0,0,0,0,0,0,0,0,0,0,0,0,0,0,0,0,0,0,1,3,1,3,1,1,0,1,0,1,0,1,1,1,0,0,1,0,0,0,0,1,1,0,0,0,0,1,0.950615263
shrubRedDry2_bin.12.orig,0,0,1,1,0,0,4,1,1,0,0,4,1,2,2,1,8,4,6,1,1,1,0,1,0,0,0,0,0,0,1,1,0,1,2,0,2,0,1,1,0,6,3,2,4,10,3,21,0,0,0,0,0,0,1,1,0,0,0,0,0,0,0,0,0,0,0,0,0,0,1,0,1,0,0,0,0,0,1,1,0,0,1,0,0,0,1,0,0,0,0,1,1,0,0,0,0,1,0,0,0,0,0,0,0,0,0,0,0,0,0,0,0,0,0,0,0,0,0,0,0,0,0,0,0,0,0,0,0,0,0,0,0,0,0,0,0,0,0,0,0,0,0,0,0,0,0,0,0,0,0,0,0,0,0,0,0,0,0,0,1,1,3,1,3,1,1,0,1,0,0,0,2,1,1,0,0,1,0,0,1,1,2,2,0,0,0,0,1,3.720210758
shrubRedDry2_bin.13.orig,0,2,0,1,0,0,2,0,1,0,0,0,0,4,1,0,4,1,3,2,0,0,1,1,0,0,0,0,0,0,0,0,1,1,0,0,1,0,0,1,0,6,3,2,4,9,5,24,0,0,0,0,0,0,0,1,0,0,0,0,0,0,0,0,0,0,0,0,0,0,1,1,0,0,0,0,0,1,1,0,0,0,0,0,0,0,1,0,0,0,0,1,1,0,0,0,0,0,0,0,0,0,0,0,0,0,0,0,0,0,0,0,0,0,0,0,0,0,0,0,0,0,0,0,0,0,0,1,0,0,0,0,0,0,0,1,0,0,0,0,0,0,0,0,0,0,0,0,0,0,0,0,0,0,0,0,0,0,0,0,1,3,1,2,1,2,0,0,1,0,0,0,1,0,3,0,0,2,0,0,1,0,0,2,0,0,0,0,0,1.444096971
shrubRedDry2_bin.14.strict,0,2,0,1,0,0,3,0,1,0,0,0,0,3,0,0,6,4,4,2,0,1,1,1,0,0,0,0,0,0,0,0,1,0,0,0,1,0,0,1,0,3,3,2,3,8,6,20,0,0,1,0,0,0,0,1,0,0,0,0,0,0,0,0,0,0,0,0,0,0,1,1,0,0,0,0,0,1,1,0,0,1,0,0,0,0,1,0,0,0,0,1,0,0,0,0,0,0,0,0,0,0,0,0,0,0,0,0,0,0,0,0,0,0,0,0,0,0,0,0,0,0,0,0,0,0,0,1,0,0,0,0,0,0,0,0,0,0,0,0,0,0,0,0,0,0,0,0,0,0,0,0,0,0,0,0,0,0,0,0,1,2,3,2,3,2,0,0,1,1,1,0,1,1,2,0,0,2,0,0,1,0,2,2,0,0,0,0,0,3.385679187
shrubRedDry2_bin.15.orig,0,3,1,1,0,0,6,0,1,0,0,1,1,3,1,0,4,3,5,2,0,1,1,1,0,0,1,0,0,1,1,0,0,1,0,0,1,0,2,2,0,4,4,1,3,9,4,25,1,0,0,0,1,0,1,0,0,0,0,0,0,0,0,0,0,0,0,0,0,0,1,0,1,0,0,0,0,1,1,1,1,1,1,0,0,0,1,0,0,0,0,1,1,0,0,0,1,1,1,0,0,0,0,0,0,0,0,0,0,0,0,0,0,0,0,0,0,0,0,0,0,0,0,0,0,0,0,0,0,0,0,0,0,0,0,0,0,0,0,0,0,0,0,1,1,1,0,1,0,0,0,0,0,0,0,0,0,0,0,0,1,3,2,1,2,1,1,0,1,0,1,1,1,1,3,0,0,1,1,1,1,0,0,3,1,1,0,0,1,4.169762773
shrubRedDry2_bin.16.orig,1,0,1,0,0,0,3,0,5,1,1,3,1,5,4,1,11,8,6,0,1,0,1,0,0,0,0,0,0,1,1,1,0,0,1,0,1,1,1,4,0,4,3,1,2,9,4,24,0,1,1,0,1,1,1,1,0,0,0,0,0,0,0,0,0,0,0,1,0,0,1,0,0,0,0,0,0,1,1,0,1,1,1,0,0,0,1,0,0,0,0,1,0,0,0,0,1,1,0,0,0,0,0,0,0,0,0,0,0,0,0,0,0,0,0,0,0,0,0,0,0,0,0,0,1,0,0,0,0,0,0,0,0,0,0,0,0,0,0,0,0,0,0,1,1,1,0,1,0,0,0,0,0,0,0,0,0,0,0,0,1,2,3,0,3,0,1,0,1,1,0,1,1,4,2,0,0,0,0,0,1,1,2,2,0,0,0,0,1,0.641767253
shrubRedDry2_bin.17.orig,0,3,0,1,0,0,6,0,2,0,0,1,1,1,0,0,4,2,5,1,0,2,0,0,0,0,1,0,0,0,0,0,0,1,0,0,0,0,0,3,0,3,3,2,2,7,4,19,0,0,0,0,1,0,0,0,0,1,0,0,0,0,0,0,0,0,0,0,0,0,0,0,1,0,0,0,0,0,1,0,0,1,0,0,0,0,0,0,0,0,0,0,0,0,0,0,0,0,0,0,0,0,0,0,0,0,0,0,0,0,0,0,0,0,0,0,0,0,0,0,0,0,0,0,0,0,0,0,0,0,0,0,0,0,0,0,0,0,0,0,0,0,0,1,1,1,0,1,0,0,0,0,0,0,0,0,0,0,0,0,0,1,2,1,2,1,1,0,1,1,1,0,1,0,1,0,0,1,1,0,1,0,0,0,0,0,0,0,1,3.22753449
shrubRedDry2_bin.18.strict,0,2,0,1,0,0,3,0,0,0,0,1,0,2,0,0,2,3,5,1,0,1,0,1,0,0,0,0,0,0,2,0,0,0,1,0,1,0,0,0,0,3,4,2,4,8,2,20,0,0,1,0,0,0,0,1,0,0,0,0,0,0,0,0,0,0,0,0,0,0,1,0,0,0,0,0,0,0,1,0,0,1,0,0,0,0,1,0,0,0,0,1,0,0,0,0,0,0,0,0,0,0,0,0,0,0,0,0,0,0,0,0,0,0,0,0,0,0,0,0,0,0,0,0,0,0,0,0,0,0,0,0,0,0,0,0,0,0,0,0,0,0,0,0,0,0,0,0,0,0,0,0,0,0,0,0,0,0,0,0,1,2,4,2,4,2,0,0,1,0,0,0,0,1,2,0,0,2,0,0,1,0,0,2,0,0,0,0,0,0.930327342
shrubRedDry2_bin.19.orig,1,0,1,1,0,0,3,0,1,1,1,3,0,5,1,1,10,6,9,0,1,1,1,1,0,0,0,0,0,2,0,1,0,1,1,0,2,1,1,3,0,3,2,1,2,10,5,29,0,0,1,0,1,1,0,0,0,0,0,0,0,0,0,0,0,0,0,1,0,0,0,0,0,0,1,0,0,0,1,1,1,0,1,0,0,0,1,0,0,0,0,0,1,0,0,0,0,1,1,0,0,0,0,0,0,0,0,0,0,0,0,0,0,0,0,0,0,0,0,0,0,0,0,0,0,0,0,0,0,0,0,0,0,0,0,0,0,0,0,0,0,0,0,1,1,1,1,1,1,1,0,1,0,0,0,0,0,0,0,0,1,1,5,2,5,2,1,0,1,1,0,1,3,4,1,0,0,2,0,1,1,0,2,2,1,1,0,0,1,4.246686721
shrubRedDry2_bin.2.orig,0,3,1,1,0,0,5,0,2,0,0,2,1,4,1,0,4,4,6,1,0,2,1,0,0,0,0,0,0,0,1,0,0,2,0,0,1,0,0,1,0,3,3,2,3,6,4,21,0,0,0,0,1,0,1,0,0,1,0,0,0,0,0,0,0,0,0,0,0,0,1,0,1,0,0,0,0,0,0,1,1,0,1,0,0,0,1,0,0,0,0,1,0,0,0,0,0,1,1,0,0,0,0,0,0,0,0,0,0,0,0,0,0,0,0,0,0,0,0,0,0,0,0,0,0,0,0,0,0,0,0,0,0,0,0,0,0,0,0,0,0,0,0,0,0,0,0,0,0,0,0,0,0,0,0,0,0,0,0,0,1,3,3,1,3,1,1,0,0,0,2,0,0,2,3,0,0,1,1,1,1,0,0,2,1,1,0,0,1,1.628948685
shrubRedDry2_bin.20.orig,1,3,0,1,0,1,8,0,2,0,0,1,1,6,2,2,32,12,11,4,0,2,0,1,1,1,1,1,0,1,1,1,0,4,3,0,1,2,2,2,0,3,3,1,1,4,1,29,1,0,1,0,1,0,1,1,0,0,0,0,0,0,0,0,0,0,0,1,0,0,1,0,1,0,0,0,0,1,1,1,1,0,1,0,0,0,1,0,0,0,0,1,1,0,0,0,0,1,1,0,0,0,0,0,0,0,0,0,0,0,0,0,0,0,0,0,0,0,0,0,0,0,0,0,1,0,0,0,0,0,0,0,0,0,0,0,0,0,0,0,0,0,0,1,1,1,0,1,0,0,0,0,0,0,0,0,0,0,0,0,2,4,5,1,5,1,0,0,1,0,2,0,4,2,4,1,0,1,1,1,1,1,1,4,1,1,0,0,1,0.452871281
shrubRedDry2_bin.21.orig,1,3,0,1,0,0,3,0,1,0,0,2,0,4,0,2,8,10,10,2,0,0,0,1,0,0,1,0,0,1,1,0,0,4,1,0,0,2,1,2,0,4,3,1,2,9,0,31,0,0,1,0,1,0,0,1,0,0,0,0,0,0,0,0,0,0,0,0,0,1,1,0,1,0,0,0,0,0,1,1,0,0,1,0,1,0,1,0,0,0,0,0,1,0,0,0,0,0,0,0,0,0,0,0,0,0,0,0,0,0,0,0,0,0,0,0,0,0,0,0,0,0,0,0,1,0,0,0,0,0,0,0,0,0,0,0,0,0,0,0,0,0,0,0,0,0,0,0,0,0,0,0,0,0,0,0,0,0,0,0,1,2,4,1,4,1,1,0,1,1,1,0,2,1,2,0,0,1,1,1,1,1,2,2,1,1,0,0,0,2.639861847
shrubRedDry2_bin.22.orig,0,3,0,0,0,0,1,0,1,0,0,2,0,3,0,1,6,11,10,2,0,0,0,0,0,0,1,1,0,0,1,0,0,3,2,0,0,2,1,2,0,5,2,1,3,7,0,25,0,0,1,0,1,0,0,0,0,0,1,0,0,0,0,0,0,0,0,0,0,0,1,0,1,0,0,0,0,1,1,1,1,0,1,0,0,0,1,0,0,0,0,0,0,0,0,0,0,0,1,0,0,0,0,0,0,0,0,0,0,0,0,0,0,0,0,0,0,0,0,0,0,0,0,0,0,0,0,0,0,0,0,0,0,0,0,0,0,0,0,0,0,0,0,1,1,1,0,1,0,0,0,0,0,0,0,0,0,0,0,0,1,2,1,0,1,0,1,0,1,0,1,0,2,1,2,0,0,0,0,1,1,1,2,2,1,1,0,0,0,2.175555017
shrubRedDry2_bin.23.orig,1,0,0,1,0,0,1,1,6,1,1,4,0,5,1,1,21,7,7,0,2,1,1,1,0,0,0,0,0,0,1,1,0,2,2,0,2,1,1,4,0,3,4,1,2,7,4,18,0,1,1,0,0,1,1,1,0,0,0,0,0,0,0,0,0,0,0,0,0,0,1,1,0,0,0,0,0,1,1,1,0,0,0,0,0,0,1,0,0,0,0,1,0,0,0,0,0,0,0,0,0,0,0,0,0,0,0,0,0,0,0,0,0,0,0,0,0,0,0,0,0,0,0,0,0,0,0,0,0,0,0,0,0,0,0,0,0,0,0,0,0,0,0,0,0,0,0,0,0,0,0,0,0,0,0,0,0,0,0,0,1,0,2,1,2,1,1,0,1,0,0,1,3,2,0,0,0,1,0,0,1,0,3,2,0,0,0,0,1,0.537331223
shrubRedDry2_bin.24.orig,0,2,1,0,0,0,1,0,1,0,0,2,0,3,0,0,2,2,5,1,0,0,1,1,0,0,0,0,0,0,0,0,0,1,0,0,1,0,0,3,0,7,4,1,4,14,7,19,0,0,0,0,0,0,0,0,0,0,0,0,0,0,0,0,0,0,0,0,0,0,1,0,0,0,0,0,0,1,1,1,0,0,1,0,0,0,0,0,0,0,0,1,0,0,0,0,0,0,0,0,0,0,0,0,0,0,0,0,0,0,0,0,0,0,0,0,0,0,0,0,0,0,0,0,0,0,0,0,0,0,0,0,0,0,0,0,0,0,0,0,0,0,0,1,1,0,0,0,0,0,0,0,0,0,0,0,0,0,0,0,1,3,3,1,3,1,0,0,0,1,0,0,1,0,3,0,0,1,0,0,1,0,0,2,0,0,0,0,1,2.887381035
shrubRedDry2_bin.25.orig,1,0,0,1,0,0,3,0,2,1,1,2,0,2,0,0,8,7,5,0,2,0,0,1,0,0,0,0,0,0,0,1,0,1,2,0,0,0,1,3,0,4,2,1,2,7,2,16,0,0,1,0,0,0,0,0,0,0,0,0,0,0,0,0,0,0,0,0,0,0,1,1,0,0,0,0,0,1,1,1,0,0,0,0,0,0,1,0,0,0,0,0,0,0,0,0,0,0,0,0,0,0,0,0,0,0,0,0,0,0,0,0,0,0,0,0,0,0,0,0,0,0,0,0,1,0,0,0,0,0,0,0,0,0,0,0,0,0,0,0,0,0,0,0,0,0,0,0,0,0,0,0,0,0,0,0,0,0,0,0,1,0,1,1,1,1,1,0,1,1,1,0,2,2,0,0,0,1,0,0,1,0,2,2,0,0,0,0,1,0.775078135
shrubRedDry2_bin.26.orig,0,3,0,1,0,1,10,1,2,0,0,2,3,5,0,1,24,8,7,3,0,3,1,1,1,1,1,1,0,2,0,1,0,3,2,0,1,2,2,3,0,2,2,1,1,5,0,22,1,0,1,0,1,0,1,1,0,0,0,0,0,0,0,0,0,0,0,1,0,0,1,0,0,0,0,0,0,0,1,1,0,0,0,0,0,0,0,0,0,0,0,1,0,0,0,0,0,0,0,0,0,0,0,0,0,0,0,0,0,0,0,0,0,0,0,0,0,0,0,0,0,0,0,0,0,0,0,0,0,0,0,0,0,0,0,0,0,0,0,0,0,0,0,0,0,0,0,0,0,0,0,0,0,0,0,0,0,0,0,0,1,3,4,2,4,2,0,0,1,0,2,0,3,2,3,0,0,2,1,1,1,1,3,3,1,1,0,0,1,2.833870234
shrubRedDry2_bin.27.orig,0,3,0,1,0,0,8,0,2,0,0,2,1,6,2,1,11,4,10,2,0,2,1,1,0,0,1,1,0,0,2,0,0,3,3,0,2,2,0,3,0,2,2,2,2,5,2,30,1,0,0,0,0,0,0,1,0,0,0,0,0,0,0,0,0,0,0,0,0,1,1,0,1,1,1,0,0,1,1,1,1,0,1,0,0,0,1,0,0,0,0,1,1,0,0,0,0,1,0,0,0,0,0,0,0,0,0,0,0,0,0,0,0,1,0,0,0,0,0,0,0,0,0,0,0,0,0,0,0,1,0,0,0,0,0,1,1,0,0,0,0,0,1,1,1,0,0,0,0,0,0,0,1,0,1,0,0,0,0,0,2,4,4,2,4,2,1,0,1,1,1,0,2,2,4,0,0,2,0,1,1,1,3,3,1,1,0,0,0,5.951643661
shrubRedDry2_bin.3.orig,0,0,0,0,0,0,0,0,0,0,0,0,0,1,0,0,0,0,3,1,0,0,0,0,0,0,0,0,0,0,0,0,1,1,0,0,0,0,0,1,0,1,2,1,2,5,3,15,0,0,0,0,0,0,0,0,0,0,0,0,0,0,0,0,0,0,0,0,0,0,0,0,0,0,0,0,0,1,1,0,0,0,0,0,0,0,0,0,0,0,0,1,0,0,0,0,0,0,0,0,0,0,0,0,0,0,0,0,0,0,0,0,0,0,0,0,0,0,0,0,0,0,0,0,0,0,0,0,0,0,0,0,0,0,0,0,0,0,0,0,0,0,0,0,0,0,0,0,0,0,0,0,0,0,0,0,0,0,0,0,1,2,5,2,5,2,0,0,1,1,1,0,1,0,2,0,0,2,0,0,1,0,0,2,0,0,0,0,0,2.009667839
shrubRedDry2_bin.4.strict,1,3,1,3,2,1,13,1,4,1,1,3,2,8,2,1,26,8,11,4,0,2,1,1,0,1,1,1,0,2,2,1,0,5,4,0,5,2,4,5,1,3,3,1,2,5,2,45,0,0,1,0,1,0,1,0,1,1,1,0,0,0,0,0,0,0,0,0,0,0,1,0,0,0,0,0,0,1,1,1,1,0,1,0,0,1,1,0,0,0,0,0,1,0,0,0,1,0,0,1,0,0,0,0,0,0,0,0,0,0,0,0,0,0,0,0,0,0,0,0,0,0,0,0,0,0,0,0,0,0,0,0,0,0,0,0,0,0,0,0,0,0,0,1,1,1,0,1,0,0,0,0,0,0,0,0,0,0,0,0,2,2,5,2,5,2,0,0,1,1,1,0,3,1,2,1,0,2,1,1,1,0,1,4,1,1,0,2,1,0.409318864
shrubRedDry2_bin.5.orig,0,2,0,0,0,0,4,0,0,0,0,3,1,5,0,1,7,8,8,2,0,0,1,0,0,0,0,0,0,0,0,0,0,0,0,0,3,1,2,3,0,3,2,1,3,4,1,16,1,0,0,0,1,0,0,0,0,0,0,0,0,0,0,0,0,0,0,0,0,0,1,0,0,0,0,0,0,1,1,1,1,0,0,0,0,0,1,0,0,0,0,0,0,0,0,0,0,1,1,0,0,0,0,0,0,0,0,0,0,0,0,0,0,0,0,0,0,0,0,0,0,0,0,0,0,0,0,0,0,0,0,0,0,0,0,0,0,0,0,0,0,0,0,0,0,0,0,0,0,0,0,0,0,0,0,0,0,0,0,0,1,2,1,2,1,2,1,0,1,0,1,0,2,2,2,0,0,2,1,0,1,1,2,2,0,0,0,0,0,2.264209642
shrubRedDry2_bin.6.orig,0,0,0,1,0,0,5,0,0,0,0,2,1,4,1,0,3,8,5,1,0,0,1,0,0,0,1,0,0,0,0,0,0,1,3,0,1,0,3,2,0,6,2,2,4,8,5,22,1,0,0,0,1,0,1,1,0,0,0,0,0,0,0,0,0,0,0,0,0,0,1,0,1,0,0,0,0,1,1,1,1,0,1,0,0,0,1,0,0,0,0,0,0,0,0,0,0,0,0,0,0,0,0,0,0,0,0,0,0,0,0,0,0,0,0,0,0,0,0,0,0,0,0,0,0,0,0,0,0,0,0,0,0,0,0,0,0,0,0,0,0,0,0,0,0,0,0,0,0,0,0,0,0,0,0,0,0,0,0,0,1,2,3,2,3,2,1,0,1,0,2,0,2,0,2,0,0,2,1,0,0,0,0,2,0,0,0,0,1,2.315984967
shrubRedDry2_bin.8.orig,0,0,0,1,0,0,3,0,4,1,1,2,1,4,3,0,5,6,9,1,0,1,1,1,0,0,0,0,0,1,1,1,0,1,0,0,0,1,1,1,0,5,3,2,4,9,5,31,0,1,1,0,1,1,1,1,0,0,0,0,0,0,0,0,0,0,0,1,0,0,1,0,0,0,0,0,0,1,1,1,1,0,0,0,0,0,1,0,0,0,0,1,1,0,0,0,1,1,1,0,0,0,0,0,0,0,0,0,0,0,0,0,0,0,0,0,0,0,0,0,0,0,0,0,0,0,0,0,0,0,0,0,0,0,0,1,0,0,0,0,0,0,0,1,1,1,0,1,0,0,0,0,0,0,0,0,0,0,0,0,2,0,4,2,4,2,1,0,1,1,1,1,1,2,0,0,0,2,1,1,1,0,1,2,1,1,0,0,1,3.331852831
shrubRedDry2_bin.9.orig,1,0,0,1,0,0,3,0,4,1,1,4,1,1,0,1,8,4,5,0,0,1,0,1,0,0,0,0,0,0,0,0,0,1,3,0,0,1,1,1,1,3,2,1,1,6,0,19,0,0,1,0,0,0,1,1,0,0,0,0,0,0,0,0,0,0,0,1,0,0,1,0,0,0,0,0,0,1,1,1,0,0,0,0,0,0,1,0,0,0,0,1,1,0,0,0,0,0,0,0,0,0,0,0,0,0,0,0,0,0,0,0,0,0,0,0,0,0,0,0,0,0,0,0,0,0,0,0,0,0,0,0,0,0,0,0,0,0,0,0,0,0,0,0,0,0,0,0,0,0,0,0,0,0,0,0,0,0,0,0,1,0,1,1,1,1,0,0,1,1,0,1,2,1,0,0,0,1,0,0,1,0,3,2,0,0,0,0,1,2.238026968
shrubRedWet1_bin.1.orig,0,2,0,1,0,0,5,0,2,0,0,0,1,4,0,0,4,3,3,0,0,1,1,1,0,0,0,0,0,0,0,0,0,2,1,0,1,0,1,1,0,4,4,2,3,9,2,23,0,0,0,0,0,0,1,0,0,1,0,0,0,0,0,0,0,0,0,0,0,0,0,0,1,0,0,0,0,1,1,0,0,0,0,0,0,0,0,0,0,0,0,1,0,0,0,0,0,0,0,0,0,0,0,0,0,0,0,0,0,0,0,0,0,0,0,0,0,0,0,0,0,0,0,0,0,0,0,0,0,0,0,0,0,0,0,0,0,0,0,0,0,0,0,0,0,0,0,0,0,0,0,0,0,0,0,0,0,0,0,0,1,4,2,1,2,1,0,0,0,0,0,1,2,1,4,0,0,1,0,0,1,0,1,3,0,0,0,0,1,4.914838151
shrubRedWet1_bin.10.orig,0,2,1,0,0,0,6,0,2,0,0,2,1,3,0,0,5,7,5,1,0,2,1,1,0,0,1,0,0,0,1,0,0,2,1,0,1,0,1,0,0,4,4,1,3,9,4,21,1,0,0,0,1,0,0,0,0,0,0,0,0,0,0,0,0,0,0,0,0,0,0,0,1,0,0,0,0,0,1,1,1,1,1,0,0,0,1,0,0,0,0,0,0,0,0,0,0,0,1,0,0,0,0,0,0,0,0,0,0,0,0,0,0,0,0,0,0,0,0,0,0,0,0,0,0,0,0,0,0,0,0,0,0,0,0,0,0,0,0,0,0,0,0,1,1,1,0,1,0,0,0,0,0,0,0,0,0,0,0,0,1,3,3,1,3,1,1,0,1,0,1,0,1,0,3,0,0,1,1,1,1,0,1,2,1,1,0,0,1,5.073855596
shrubRedWet1_bin.11.strict,1,3,1,5,2,1,18,1,7,1,1,3,2,11,7,1,40,6,16,4,1,2,1,1,0,0,1,1,0,4,3,1,0,5,5,0,5,2,3,5,1,3,4,1,2,6,2,48,0,1,1,0,1,1,1,0,0,1,1,0,0,0,0,0,0,0,0,0,0,0,1,0,0,0,0,0,0,1,1,1,1,0,0,0,0,1,1,0,0,0,0,0,1,0,0,0,0,0,0,1,0,0,0,0,0,0,0,0,0,0,0,0,0,0,0,0,0,0,0,0,0,0,0,1,0,0,0,0,0,0,0,0,0,0,0,0,0,0,0,0,0,0,0,1,1,1,0,1,0,0,0,0,0,0,0,0,0,0,0,0,2,3,4,2,4,2,0,0,1,0,0,0,4,3,3,0,0,2,1,1,1,0,4,4,1,1,0,3,1,0.326524633
shrubRedWet1_bin.13.strict,1,3,1,6,2,1,16,1,7,1,1,3,2,9,6,2,39,7,12,3,1,2,1,1,1,2,1,0,0,4,3,1,0,5,3,0,5,2,4,7,1,3,3,1,2,6,2,51,0,1,1,0,1,1,1,0,1,1,1,0,0,0,0,0,0,0,0,0,0,0,1,0,0,0,0,0,0,1,1,1,1,0,1,0,0,1,1,0,0,0,0,1,1,0,0,0,0,0,1,1,0,0,0,0,0,0,0,0,0,0,0,0,0,0,0,0,0,0,0,0,0,0,0,0,0,0,0,0,0,0,0,0,0,0,0,0,0,0,0,0,0,0,0,1,1,1,0,1,0,0,0,0,0,0,0,0,0,0,0,0,2,2,5,2,5,2,0,0,1,1,2,0,3,3,2,1,0,2,1,1,1,0,3,4,1,1,0,3,1,0.355063534
shrubRedWet1_bin.16.orig,1,0,1,1,1,0,2,0,4,1,1,4,1,3,1,1,9,7,10,0,1,1,1,1,0,0,0,0,0,2,1,1,0,1,2,0,0,0,1,4,0,6,2,2,3,9,5,19,0,0,1,0,1,1,1,1,0,0,1,0,0,0,0,0,0,0,0,1,0,0,0,0,0,0,0,0,0,1,1,1,1,0,1,0,0,0,1,0,0,0,0,1,1,0,0,0,0,0,0,0,0,0,0,0,0,0,0,0,0,0,0,0,0,0,0,0,0,0,0,0,0,0,0,0,1,0,0,0,0,0,0,0,0,0,0,0,0,0,0,0,0,0,0,1,1,1,0,1,0,0,0,0,0,0,0,0,0,0,0,0,2,1,1,1,1,1,0,0,1,0,0,1,3,3,1,0,0,1,0,0,1,1,1,3,0,0,0,0,1,0.747405658
shrubRedWet1_bin.17.orig,0,0,1,1,0,0,1,0,2,1,1,3,0,2,0,1,6,2,8,0,0,0,1,1,0,0,0,0,0,0,1,0,0,0,1,0,0,1,2,4,1,5,4,2,3,6,3,14,0,0,1,0,0,0,0,1,0,0,1,0,0,0,0,0,0,0,0,0,0,0,0,0,0,0,0,0,0,1,0,1,0,0,1,0,0,0,0,0,0,0,0,1,0,0,0,0,0,0,0,0,0,0,0,0,0,0,0,0,0,0,0,0,0,0,0,0,0,0,0,0,0,0,0,0,1,0,0,0,0,0,0,0,0,0,0,0,0,0,0,0,0,0,0,0,0,0,0,0,0,0,0,0,0,0,0,0,0,0,0,0,0,0,2,1,2,1,1,0,1,1,0,0,2,1,0,0,0,1,0,0,0,0,2,1,0,0,0,0,1,1.194592136
shrubRedWet1_bin.18.orig,0,0,0,1,0,1,3,0,1,1,1,4,1,2,0,1,8,6,4,0,0,0,0,0,0,0,0,0,0,1,1,0,0,1,3,0,0,0,2,3,0,4,2,2,3,8,3,17,0,0,1,0,0,0,1,1,0,0,0,0,0,0,0,0,0,0,0,0,0,0,1,1,0,0,0,0,0,1,1,1,0,0,0,0,0,0,1,0,0,0,0,1,1,0,0,0,1,0,0,0,0,0,0,0,0,0,0,0,0,0,0,0,0,0,0,0,0,0,0,0,0,0,0,0,0,0,0,0,0,0,0,0,0,0,0,0,0,0,0,0,0,0,0,0,0,0,0,0,0,0,0,0,0,0,0,0,0,0,0,0,1,0,3,0,3,0,1,0,0,1,1,1,3,2,0,0,0,0,0,0,1,0,0,2,0,0,0,0,1,1.134874276
shrubRedWet1_bin.19.orig,0,3,0,1,0,0,6,0,1,0,0,3,2,2,0,1,4,8,4,0,0,1,1,1,0,0,0,0,0,0,1,0,0,1,0,0,1,0,1,2,0,4,4,1,4,6,2,20,0,0,0,0,0,0,0,0,0,1,0,0,0,0,0,0,0,0,0,0,0,0,1,0,1,0,0,0,0,1,1,0,1,1,1,0,0,0,0,0,0,0,0,0,0,0,0,0,0,0,0,0,0,0,0,0,0,0,0,0,0,0,0,0,0,0,0,0,0,0,0,0,0,0,0,0,0,0,0,0,0,0,0,0,0,0,0,0,0,0,0,0,0,0,0,1,1,1,0,1,0,0,0,0,0,0,0,0,0,0,0,0,0,2,2,2,2,2,1,0,0,0,1,1,1,1,2,0,0,2,1,0,1,0,1,0,0,0,0,0,1,5.847417704
shrubRedWet1_bin.2.orig,0,3,0,1,0,0,8,0,2,0,0,2,1,5,2,1,11,4,10,1,0,2,1,1,0,0,1,1,0,0,2,0,0,3,3,0,1,2,0,3,0,2,2,1,2,5,2,27,1,0,0,0,0,0,0,1,0,0,0,0,0,0,0,0,0,0,0,0,0,1,1,0,1,1,1,0,0,1,1,1,1,0,1,0,0,0,1,0,0,0,0,1,1,0,0,0,1,1,0,0,0,0,0,0,0,0,0,0,0,0,0,0,0,1,0,0,0,0,0,0,0,0,0,0,0,0,0,0,0,1,0,0,0,0,0,1,1,0,0,0,0,0,1,1,1,0,0,0,0,0,0,0,1,0,1,0,0,0,0,0,2,4,3,2,3,2,1,0,1,1,1,0,2,2,4,0,0,2,0,1,1,1,3,3,1,1,0,0,0,4.590849064
shrubRedWet1_bin.20.strict,1,3,0,4,2,1,13,1,6,0,0,3,2,10,2,2,32,6,10,4,1,2,1,1,1,1,1,1,0,3,2,1,0,5,3,0,4,2,3,5,1,3,3,1,2,6,1,43,1,1,1,0,1,0,0,0,0,0,1,0,0,0,0,0,0,0,0,1,0,0,1,0,0,0,0,0,0,0,1,1,1,1,1,0,0,1,1,0,0,0,0,0,1,0,0,0,1,0,0,1,0,0,0,0,0,0,0,0,0,0,0,0,0,0,0,0,0,0,0,0,0,0,0,1,0,0,0,0,0,0,0,0,0,0,0,0,0,0,0,0,0,0,0,1,1,1,0,1,0,0,0,0,0,0,0,0,0,0,0,0,1,1,4,1,4,1,0,0,1,1,1,0,3,3,1,1,0,1,1,0,1,0,3,2,0,0,0,3,1,0.396030498
shrubRedWet1_bin.21.orig,0,3,0,0,0,0,2,0,0,0,0,3,1,4,0,1,7,8,6,2,0,0,1,1,0,0,1,0,0,1,0,0,0,1,0,0,0,1,2,2,0,3,3,1,3,4,1,15,0,0,0,0,1,0,0,0,0,0,0,0,0,0,0,0,0,0,0,0,0,0,1,0,0,0,0,0,0,1,1,1,0,0,0,0,0,0,1,0,0,0,0,0,0,0,0,0,0,1,0,0,0,0,0,0,0,0,0,0,0,0,0,0,0,0,0,0,0,0,0,0,0,0,0,0,0,0,0,0,0,0,0,0,0,0,0,0,0,0,0,0,0,0,0,0,0,0,0,0,0,0,0,0,0,0,0,0,0,0,0,0,1,1,3,1,3,1,0,0,1,0,0,0,2,1,1,0,0,1,1,1,1,1,1,2,1,1,0,0,0,4.10496952
shrubRedWet1_bin.23.orig,1,0,0,0,1,0,3,1,5,1,1,3,0,5,0,0,7,8,6,0,2,0,1,1,0,0,0,0,0,1,1,1,0,1,3,0,0,1,1,1,1,5,2,1,1,8,2,16,0,0,1,0,0,0,1,1,0,0,0,0,0,0,0,0,0,0,0,1,0,0,1,1,0,0,0,0,0,1,0,0,0,0,0,0,1,0,1,0,0,0,0,0,0,0,0,0,0,0,0,0,0,0,0,0,0,0,0,0,0,0,0,0,0,0,0,0,0,0,0,0,0,0,0,0,1,0,0,0,0,0,0,0,0,0,0,0,0,0,0,0,0,0,0,0,0,0,0,0,0,0,0,0,0,0,0,0,0,0,0,0,1,0,2,1,2,1,1,0,1,0,1,0,3,2,0,0,0,1,0,0,0,0,1,2,0,0,0,0,1,0.66663411
shrubRedWet1_bin.24.orig,0,2,0,1,0,0,3,0,1,0,0,2,0,2,1,1,7,6,4,2,0,0,0,1,0,0,1,0,0,1,1,1,0,2,1,0,1,1,2,2,0,5,3,1,2,10,4,32,0,0,1,0,0,1,0,0,0,0,0,0,0,0,0,0,0,0,0,1,0,1,1,0,1,0,0,0,0,0,1,1,0,0,1,0,0,0,1,0,0,0,0,0,0,0,0,0,0,0,0,0,0,0,0,0,0,0,0,0,0,0,0,0,0,0,0,0,0,0,0,0,0,0,0,0,0,0,0,0,0,0,0,0,0,0,0,0,0,0,0,0,0,0,0,1,1,1,0,1,0,0,0,0,0,0,0,0,0,0,0,0,1,3,2,1,2,1,1,0,1,0,0,1,2,2,3,0,0,1,1,0,1,1,0,3,0,0,0,0,0,0.825419592
shrubRedWet1_bin.25.orig,0,0,1,1,0,0,5,1,4,1,1,4,1,4,1,0,7,6,10,1,2,1,1,1,0,0,0,0,0,0,0,1,0,1,2,0,1,1,2,3,0,7,5,2,4,12,5,38,0,1,1,0,1,1,1,1,0,0,0,0,0,0,0,0,0,0,0,1,0,0,1,0,0,0,0,1,0,0,1,1,1,0,1,0,0,0,1,0,0,0,0,1,1,0,0,0,0,1,0,0,0,0,0,0,0,0,0,0,0,0,0,0,0,0,0,0,0,0,0,0,0,0,0,0,0,0,0,0,0,0,0,0,0,0,0,0,0,0,0,0,0,0,0,0,0,0,0,0,0,0,0,0,0,0,0,0,0,0,0,0,1,3,2,2,2,2,1,0,1,1,1,1,2,3,3,0,0,2,1,1,1,1,3,1,1,1,0,0,1,1.537897343
shrubRedWet1_bin.26.orig,1,0,0,1,1,0,2,0,4,1,1,4,3,2,0,1,6,4,6,0,0,1,0,1,0,0,0,0,0,1,1,0,0,2,1,0,0,0,1,5,0,5,1,1,2,10,4,16,0,0,1,0,0,1,1,0,0,0,0,0,0,0,0,0,0,0,0,0,0,0,0,0,0,0,0,0,0,0,1,1,1,0,0,0,0,0,1,0,0,0,0,1,1,0,0,0,0,0,0,0,0,0,0,0,0,0,0,0,0,0,0,0,0,0,0,0,0,0,0,0,0,0,0,0,0,0,0,0,0,0,0,0,0,0,0,0,0,0,0,0,0,0,0,0,0,0,0,0,0,0,0,0,0,0,0,0,0,0,0,0,0,0,2,1,2,1,1,0,1,1,1,1,2,2,0,0,0,1,0,0,1,0,1,0,0,0,0,0,0,1.559478571
shrubRedWet1_bin.27.strict,0,2,0,1,0,0,2,0,1,0,0,0,0,2,1,0,2,2,5,1,0,0,0,1,0,0,0,0,0,0,0,0,0,0,0,0,0,0,0,0,0,3,4,2,4,8,3,16,0,0,0,0,0,0,1,0,0,0,0,0,0,0,0,0,0,0,0,0,0,0,0,0,0,0,0,0,0,1,0,0,0,0,0,0,0,0,0,0,0,0,0,0,0,0,0,0,0,0,0,0,0,0,0,0,0,0,0,0,0,0,0,0,0,0,0,0,0,0,0,0,0,0,0,0,0,0,0,0,0,0,0,0,0,0,0,0,0,0,0,0,0,0,0,0,0,0,0,0,0,0,0,0,0,0,0,0,0,0,0,0,1,2,3,2,3,2,0,0,1,1,0,0,1,0,2,0,0,2,0,0,1,0,0,2,0,0,0,0,0,1.92328159
shrubRedWet1_bin.29.orig,1,0,0,2,0,1,2,0,4,1,1,3,0,4,2,1,8,5,7,0,0,1,1,1,0,0,0,0,0,2,1,0,0,2,1,0,0,0,2,2,1,3,2,2,3,8,3,20,0,0,0,0,0,1,1,1,0,0,0,0,0,0,0,0,0,0,0,0,0,0,1,1,0,0,0,0,0,1,0,1,0,0,0,0,1,0,1,0,0,0,0,1,1,0,0,0,1,0,0,0,0,0,0,0,0,0,0,0,0,0,0,0,0,0,0,0,0,0,0,0,0,0,0,0,0,0,0,0,0,0,0,0,0,0,0,0,0,0,0,0,0,0,0,0,0,0,0,0,0,0,0,0,0,0,0,0,0,0,0,0,1,1,3,0,3,0,1,0,1,0,1,0,2,2,1,0,0,0,0,1,1,0,2,2,1,1,0,0,1,1.651811859
shrubRedWet1_bin.30.permissive,0,3,0,0,0,1,3,0,0,0,0,1,1,2,0,0,2,1,8,1,0,1,0,1,0,0,0,0,0,0,0,1,0,1,0,0,0,0,0,3,0,6,4,2,4,12,5,20,0,0,0,0,1,1,1,0,0,0,0,0,0,0,0,0,0,0,0,0,0,0,1,0,1,0,0,0,0,1,1,1,1,0,0,0,0,0,1,0,0,0,0,0,0,0,0,0,0,0,0,0,0,0,0,0,0,0,0,0,0,0,0,0,0,0,0,0,0,0,0,0,0,0,0,0,0,0,0,0,0,0,0,0,0,0,0,0,0,0,0,0,0,0,0,1,1,0,0,0,0,0,0,0,0,0,0,0,0,0,0,0,0,2,4,2,4,2,1,0,1,1,1,1,1,1,2,0,0,2,0,0,0,0,1,1,0,0,0,0,1,10.73567262
shrubRedWet1_bin.31.strict,0,2,0,0,0,0,2,0,1,0,0,0,0,0,0,0,2,3,4,2,0,0,0,0,0,0,0,0,0,0,0,0,0,0,0,0,1,0,0,0,0,3,3,1,1,6,3,16,0,0,0,0,0,0,0,0,0,0,0,0,0,0,0,0,0,0,0,0,0,0,0,0,0,0,0,0,0,0,0,0,0,0,1,0,0,0,1,0,0,0,0,0,1,0,0,0,0,0,0,0,0,0,0,0,0,0,0,0,0,0,0,0,0,0,0,0,0,0,0,0,0,0,0,0,0,0,0,0,0,0,0,0,0,0,0,0,0,0,0,0,0,0,0,0,0,0,0,0,0,0,0,0,0,0,0,0,0,0,0,0,1,2,2,2,2,2,0,0,1,1,0,0,1,0,2,0,0,2,0,0,1,0,0,2,0,0,0,0,0,0.340563063
shrubRedWet1_bin.32.orig,0,0,0,1,0,0,2,0,0,0,0,2,1,2,0,1,8,3,7,1,0,1,1,1,0,0,0,0,0,1,0,1,0,1,2,1,0,2,1,1,0,2,4,2,3,6,2,21,0,0,1,0,1,0,1,1,0,0,0,0,0,0,0,0,0,0,0,0,0,0,0,0,0,0,0,0,0,0,1,1,1,0,1,0,0,0,1,0,0,0,0,0,1,0,0,0,0,1,0,0,0,0,0,0,0,0,0,0,0,0,0,0,0,0,0,0,0,0,0,0,0,0,0,0,0,0,0,0,0,0,0,0,0,0,0,0,0,0,0,0,0,0,0,1,1,1,1,1,1,1,0,1,0,0,0,0,0,0,0,0,1,2,3,1,3,1,1,0,1,0,0,0,2,2,2,0,0,1,1,0,1,1,2,1,0,0,1,0,1,3.204152973
shrubRedWet1_bin.4.orig,0,0,0,1,0,0,5,0,0,0,0,0,0,3,1,0,4,7,7,1,0,0,1,1,0,0,0,0,0,0,1,0,0,2,2,0,1,0,3,2,0,5,3,2,4,7,2,22,1,0,0,0,1,0,1,1,0,0,0,0,0,0,0,0,0,0,0,0,0,0,0,0,1,0,0,0,0,0,1,1,0,1,1,0,0,0,1,0,0,0,0,0,0,0,0,0,0,0,0,0,0,0,0,0,0,0,0,0,0,0,0,0,0,0,0,0,0,0,0,0,0,0,0,0,0,0,0,0,0,0,0,0,0,0,0,0,0,0,0,0,0,0,0,0,0,0,0,0,0,0,0,0,0,0,0,0,0,0,0,0,1,3,2,1,2,1,0,0,1,0,0,0,2,1,3,0,0,1,1,1,1,0,1,2,1,1,0,0,1,3.919742131
shrubRedWet1_bin.5.permissive,0,2,0,0,0,0,1,0,1,0,0,2,0,1,0,0,8,3,4,1,0,0,0,1,0,0,0,0,0,0,0,0,0,1,0,0,0,2,0,3,0,2,3,1,1,4,1,17,0,0,1,0,1,0,0,0,0,0,0,0,1,0,0,0,0,0,1,0,0,0,1,0,0,0,0,1,0,1,1,1,0,0,1,0,0,0,0,0,0,0,0,0,0,0,0,0,0,0,0,0,0,0,0,0,0,0,0,0,0,0,0,0,0,0,0,0,0,0,0,0,0,0,0,0,0,0,0,0,0,0,0,1,0,0,0,0,1,0,0,0,0,0,0,0,0,0,0,0,0,0,0,0,0,0,0,1,1,0,1,0,0,2,3,0,3,0,1,0,1,1,1,0,0,1,2,0,0,0,0,0,0,1,2,0,0,0,0,0,1,2.530218818
shrubRedWet1_bin.6.orig,0,3,0,1,0,0,3,1,1,0,0,3,0,5,1,1,9,9,4,3,0,0,1,0,0,0,1,0,0,0,1,0,0,2,1,0,1,1,1,3,0,2,3,1,2,6,3,30,0,0,0,0,0,1,0,0,0,0,0,0,0,0,0,0,0,0,0,0,0,0,1,0,1,0,0,0,0,0,1,1,1,0,1,0,0,0,1,0,0,0,0,0,1,0,0,0,0,1,0,0,0,0,0,0,0,0,0,0,0,0,0,0,0,0,0,0,0,0,0,0,0,0,0,0,0,0,0,0,0,0,0,0,0,0,0,0,0,0,0,0,0,0,0,1,1,1,0,1,0,0,0,0,0,0,0,0,0,0,0,0,1,3,3,1,3,1,1,0,1,0,1,0,3,0,3,0,0,1,0,1,1,0,1,3,1,1,0,0,0,3.023249186
shrubRedWet1_bin.7.orig,0,0,1,1,1,0,2,0,3,1,1,3,1,2,0,1,8,5,7,0,0,1,0,1,0,0,0,0,0,1,0,1,0,1,0,0,1,0,1,3,1,5,4,2,4,7,3,16,0,1,1,0,0,0,1,0,0,0,0,0,0,0,0,0,0,0,0,0,0,0,1,1,0,0,0,0,0,1,1,1,0,0,1,0,0,0,1,0,0,0,0,0,0,0,0,0,1,0,0,0,0,0,0,0,0,0,0,0,0,0,0,0,0,0,0,0,0,0,0,0,0,0,0,0,0,0,0,0,0,0,0,0,0,0,0,0,0,0,0,0,0,0,0,0,0,0,0,0,0,0,0,0,0,0,0,0,0,0,0,0,0,0,3,1,3,1,1,0,1,0,0,1,1,2,0,0,0,1,0,0,1,0,2,1,0,0,0,0,1,1.327328497
shrubRedWet1_bin.8.orig,1,0,0,1,0,1,3,0,5,0,0,3,0,2,0,0,10,7,6,0,0,0,0,1,0,0,0,0,0,1,1,0,0,1,4,0,0,0,1,0,1,4,3,2,2,8,2,18,0,0,1,0,0,1,0,1,0,0,0,0,0,0,0,0,0,0,0,1,0,0,1,1,0,0,0,0,0,1,1,1,0,0,0,0,1,0,1,0,0,0,0,1,0,0,0,0,1,0,0,0,0,0,0,0,0,0,0,0,0,0,0,0,0,0,0,0,0,0,0,0,0,0,0,0,0,0,0,0,0,0,0,0,0,0,0,0,0,0,0,0,0,0,0,0,0,0,0,0,0,0,0,0,0,0,0,0,0,0,0,0,1,1,2,1,2,1,1,0,1,0,1,0,4,2,1,0,0,1,0,0,1,0,2,2,0,0,0,0,1,1.225703221
shrubRedWet1_bin.9.orig,1,2,0,1,0,0,5,0,3,1,1,3,1,3,0,1,6,8,4,2,0,0,0,1,0,0,1,0,0,0,0,0,0,1,1,0,1,2,1,5,0,3,2,1,2,5,3,18,0,0,1,0,1,0,0,1,0,0,0,0,0,0,0,0,0,0,0,1,0,0,1,0,1,0,0,0,0,1,1,1,0,0,0,0,0,0,0,0,0,0,0,0,1,0,0,0,0,1,0,0,0,0,0,0,0,0,0,0,0,0,0,0,0,0,0,0,0,0,0,0,0,0,0,0,0,0,0,0,0,0,0,0,0,0,0,0,0,0,0,0,0,0,0,1,1,1,0,1,0,0,0,0,0,0,0,0,0,0,0,0,2,2,3,1,3,1,1,0,1,1,2,0,2,0,2,0,0,1,1,1,1,0,2,3,1,1,0,0,0,2.242348832
shrubRedWet2_bin.1.strict,0,0,0,1,0,0,3,0,1,0,0,0,0,2,0,0,9,4,4,1,0,1,1,1,0,0,0,0,0,0,2,0,0,1,1,0,1,0,1,1,0,3,4,2,4,5,3,24,0,0,0,0,0,0,0,1,0,0,0,0,0,0,0,0,0,0,0,0,0,0,1,0,0,0,0,1,0,0,1,1,0,0,1,0,0,0,1,0,0,0,0,1,1,0,0,0,0,0,0,0,0,0,0,0,0,0,0,0,0,0,0,0,0,0,0,0,0,0,0,0,0,0,0,0,0,0,0,1,0,0,0,0,0,0,0,0,0,0,0,0,0,0,0,0,0,0,0,0,0,0,0,0,0,0,0,0,0,0,0,0,0,2,2,2,2,2,0,0,1,0,2,0,2,0,2,0,0,2,0,0,1,0,0,1,0,0,0,0,1,0.977967394
shrubRedWet2_bin.10.orig,1,0,0,0,0,0,6,0,4,1,1,2,0,3,0,1,7,3,7,2,0,0,1,1,0,0,0,0,0,0,0,0,0,2,2,0,0,1,0,4,0,2,2,1,1,4,0,18,1,0,0,0,0,0,0,1,0,0,0,0,0,0,0,0,0,0,0,0,0,0,0,0,1,0,0,0,0,1,1,1,1,0,0,0,0,0,0,0,0,0,0,1,0,0,0,0,0,1,0,0,0,0,0,0,0,0,0,0,0,0,0,0,0,0,0,0,0,0,0,0,0,0,0,0,0,0,0,0,0,0,0,0,0,0,0,0,0,0,0,0,0,0,0,0,0,0,0,0,0,0,0,0,0,0,0,0,0,0,0,0,1,3,2,2,2,2,1,0,1,1,0,0,3,1,3,0,0,2,0,0,1,1,1,2,0,0,0,0,0,1.449503241
shrubRedWet2_bin.13.orig,1,0,1,0,0,0,4,0,1,1,1,3,1,5,4,1,9,8,9,0,1,1,1,1,0,0,0,0,0,2,1,1,0,1,0,0,0,1,1,4,0,4,3,1,2,8,3,29,0,1,1,0,1,1,1,0,0,0,0,0,0,0,0,0,0,0,0,1,0,0,1,0,0,0,0,0,0,1,1,1,1,1,1,0,0,0,1,0,0,0,0,1,0,0,0,0,0,0,0,0,0,0,0,0,0,0,0,0,0,0,0,0,0,0,0,0,0,0,0,0,0,0,0,0,1,0,0,0,0,0,0,0,0,0,0,0,0,0,0,0,0,0,0,1,1,1,0,1,0,0,0,0,0,0,0,0,0,0,0,0,1,2,1,0,1,0,1,0,1,0,0,1,1,4,2,0,0,0,0,1,1,1,2,2,1,1,0,0,1,0.62948597
shrubRedWet2_bin.14.strict,0,2,0,1,0,0,4,0,1,0,0,0,0,2,1,0,3,2,3,1,0,0,0,1,0,0,0,0,0,0,1,0,0,1,0,0,1,0,0,1,0,6,4,1,4,10,3,20,0,0,0,0,1,0,0,0,0,0,0,0,0,0,0,0,0,0,0,0,0,0,1,0,0,0,0,0,0,0,1,0,0,0,0,0,0,0,1,0,0,0,0,1,1,0,0,0,0,0,0,0,0,0,0,0,0,0,0,0,0,0,0,0,0,0,0,0,0,0,0,0,0,0,0,0,0,0,0,0,0,0,0,0,0,0,0,0,0,0,0,0,0,0,0,0,0,0,0,0,0,0,0,0,0,0,0,0,0,0,0,0,1,1,4,2,4,2,0,0,1,1,1,0,1,0,1,0,0,2,0,0,0,0,0,2,0,0,0,0,0,0.96932449
shrubRedWet2_bin.15.strict,0,2,0,0,0,0,3,0,1,0,0,0,0,4,0,0,4,4,5,2,0,0,1,1,0,0,0,0,0,0,0,0,0,1,2,0,1,0,0,0,0,3,5,1,2,6,4,24,0,0,0,0,0,1,0,0,0,0,0,0,0,0,0,0,0,0,0,0,0,0,0,0,0,0,0,0,0,1,1,0,0,0,1,0,0,0,1,0,0,0,0,0,0,0,0,0,0,0,0,0,0,0,0,0,0,0,0,0,0,0,0,0,0,0,0,0,0,0,0,0,0,0,0,0,0,0,0,0,0,0,0,0,0,0,0,0,0,0,0,0,0,0,0,0,0,0,0,0,0,0,0,0,0,0,0,0,0,0,0,0,1,2,5,2,5,2,0,0,1,1,2,0,2,1,2,0,0,2,0,0,1,0,0,2,0,0,0,0,0,0.489092184
shrubRedWet2_bin.16.orig,0,3,0,2,0,0,5,0,1,0,0,0,1,1,0,1,9,5,6,2,0,1,0,1,0,0,1,0,0,0,1,0,0,1,0,0,0,0,0,1,0,3,2,1,2,9,2,18,0,0,0,0,1,0,0,1,0,0,0,0,0,0,0,0,0,0,0,0,0,0,0,0,1,0,0,0,0,0,1,1,1,0,1,0,0,0,0,0,0,0,0,0,0,0,0,0,0,0,0,0,0,0,0,0,0,0,0,0,0,0,0,0,0,0,0,0,0,0,0,0,0,0,0,0,0,0,0,1,0,0,0,0,0,0,0,0,0,0,0,0,0,0,0,0,0,0,0,0,0,0,0,0,0,0,0,0,0,0,0,0,2,3,1,0,1,0,1,0,1,1,1,0,0,1,3,0,0,0,1,0,1,0,1,2,0,0,0,0,0,2.227820019
shrubRedWet2_bin.17.orig,0,3,0,1,0,0,8,0,2,0,0,2,1,6,2,1,11,4,9,2,0,1,1,1,0,0,1,1,0,0,2,0,0,3,3,0,1,2,0,3,0,2,2,1,2,5,2,28,0,0,0,0,0,0,0,1,0,0,0,0,0,0,0,0,0,0,0,0,0,1,1,0,1,1,0,0,0,1,1,1,0,0,1,0,0,0,1,0,0,0,0,1,1,0,0,0,1,1,0,0,0,0,0,0,0,0,0,0,0,0,0,0,0,1,0,0,0,0,0,0,0,0,0,0,0,0,0,0,0,1,0,0,0,0,0,1,1,0,0,0,0,0,1,1,1,0,0,0,0,0,0,0,1,0,1,0,0,0,0,0,2,4,4,2,4,2,1,0,1,0,1,0,2,2,4,0,0,2,0,1,1,1,2,3,1,1,0,0,0,3.819426389
shrubRedWet2_bin.18.orig,0,3,0,1,1,0,7,0,1,0,0,0,1,2,1,0,2,2,4,2,0,1,1,0,0,0,1,0,0,1,0,0,0,0,1,0,1,1,1,1,0,4,3,2,5,9,4,17,0,0,0,0,1,0,1,0,0,0,0,0,0,0,0,0,0,0,0,0,0,0,1,0,1,0,0,0,0,0,1,1,0,0,0,0,0,0,0,0,0,0,0,0,0,0,0,0,0,0,1,0,0,0,0,0,0,0,0,0,0,0,0,0,0,0,0,0,0,0,0,0,0,0,0,0,0,0,0,0,0,0,0,0,0,0,0,0,0,0,0,0,0,0,0,0,0,0,0,0,0,0,0,0,0,0,0,0,0,0,0,0,1,2,0,1,0,1,0,0,1,0,0,0,1,1,2,0,0,1,1,1,1,0,1,2,1,1,0,0,1,6.065175473
shrubRedWet2_bin.19.orig,0,2,0,1,0,0,2,0,0,0,0,0,0,0,0,0,3,1,4,2,0,1,0,1,0,0,0,0,0,0,0,0,1,1,0,0,0,0,0,1,0,3,3,2,3,7,2,15,0,0,1,0,0,0,0,0,1,0,0,0,0,0,0,0,0,0,0,1,0,0,0,0,0,0,0,0,0,1,1,0,1,1,0,0,0,0,1,0,0,0,0,0,0,0,0,0,0,0,0,0,0,0,0,0,0,0,0,0,0,0,0,0,0,0,0,0,0,0,0,0,0,0,0,0,0,0,0,0,0,0,0,0,0,0,0,0,0,0,0,0,0,0,0,1,1,1,0,1,0,0,0,0,0,0,0,0,0,0,0,0,1,2,2,1,2,1,0,0,1,0,0,0,1,1,2,0,0,1,0,0,1,1,0,2,0,0,0,0,0,1.093675416
shrubRedWet2_bin.2.orig,1,0,0,0,0,0,3,0,4,1,1,3,0,1,0,0,5,7,4,0,0,1,0,0,0,0,0,0,0,1,0,0,0,1,1,0,0,0,1,1,1,4,1,1,2,7,2,17,0,0,1,0,0,1,0,1,0,0,0,0,0,0,0,0,0,0,0,1,0,0,1,0,0,0,0,0,0,0,0,1,0,0,0,0,0,0,1,0,0,0,0,1,0,0,0,0,0,1,1,0,0,0,0,0,0,0,0,0,0,0,0,0,0,0,0,0,0,0,0,0,0,0,0,0,0,0,0,0,0,0,0,0,0,0,0,0,0,0,0,0,0,0,0,0,0,0,0,0,0,0,0,0,0,0,0,0,0,0,0,0,0,0,1,1,1,1,1,0,1,1,1,1,1,2,0,0,0,1,0,0,1,0,2,1,0,0,0,0,1,1.660386947
shrubRedWet2_bin.20.orig,0,3,0,1,2,0,8,1,4,0,0,2,1,2,1,1,18,3,8,3,1,1,0,1,0,0,0,1,0,1,1,1,0,3,1,0,1,1,3,2,0,3,3,1,2,4,0,26,0,0,1,0,1,1,1,0,0,0,0,0,0,0,0,0,0,0,0,1,0,0,1,0,0,0,0,0,0,0,1,1,1,1,1,0,0,0,0,0,0,0,0,0,0,0,0,0,0,0,0,1,0,0,0,0,0,0,0,0,0,0,0,0,0,0,0,0,0,0,0,0,0,0,0,1,0,0,0,0,0,0,0,0,0,0,0,0,0,0,0,0,0,0,0,0,0,0,0,0,0,0,0,0,0,0,0,0,0,0,0,0,2,2,4,1,4,1,0,0,1,1,1,0,3,1,2,0,0,1,1,0,1,0,1,2,0,0,0,1,1,0.257164026
shrubRedWet2_bin.21.strict,0,2,0,1,0,0,1,0,0,0,0,0,0,3,0,0,4,2,3,1,0,0,1,1,0,0,0,0,0,0,0,0,1,2,1,0,0,0,0,0,0,3,3,2,3,9,4,21,0,0,1,0,0,0,0,1,0,0,0,0,0,0,0,0,0,0,0,0,0,0,1,0,0,0,0,0,0,0,0,0,0,0,1,0,0,0,1,0,0,0,0,1,1,0,0,0,0,0,0,0,0,0,0,0,0,0,0,0,0,0,0,0,0,0,0,0,0,0,0,0,0,0,0,0,0,0,0,1,0,0,0,0,0,0,0,0,0,0,0,0,0,0,0,0,0,0,0,0,0,0,0,0,0,0,0,0,0,0,0,0,1,3,1,2,1,2,0,0,1,1,1,0,2,2,3,0,0,2,0,0,0,0,0,1,0,0,0,0,0,1.173265549
shrubRedWet2_bin.22.orig,0,0,0,1,0,0,3,0,2,1,1,3,0,1,0,1,6,2,5,1,0,1,0,0,0,0,0,0,0,1,1,0,0,2,0,0,1,1,2,3,0,5,2,1,2,7,4,16,0,0,1,0,1,0,0,0,0,0,0,0,0,0,0,0,0,0,0,1,0,1,0,0,0,0,0,0,0,0,1,1,0,0,1,0,0,0,0,0,0,0,0,1,0,0,0,0,0,1,0,0,0,0,0,0,0,0,0,0,0,0,0,0,0,0,0,0,0,0,0,0,0,0,0,0,1,0,0,0,0,0,0,0,0,0,0,0,0,0,0,0,0,0,0,0,0,0,0,0,0,0,0,0,0,0,0,0,0,0,0,0,1,2,2,0,2,0,0,1,1,0,0,1,1,0,2,0,0,0,0,0,1,1,1,1,0,0,0,0,0,5.452822628
shrubRedWet2_bin.23.orig,0,2,0,0,0,0,1,0,0,0,0,2,0,1,1,0,1,4,3,1,0,0,0,1,0,0,0,1,0,0,0,0,0,2,0,0,0,1,0,1,0,5,4,2,4,10,8,13,0,0,0,0,0,0,1,0,0,0,0,0,0,0,0,0,0,0,0,0,0,0,1,0,0,0,0,0,0,0,1,1,1,0,1,0,0,0,0,0,0,0,0,1,0,0,0,0,0,0,0,0,0,0,0,0,0,0,0,0,0,0,0,0,0,0,0,0,0,0,0,0,0,0,0,0,0,0,0,0,0,0,0,0,0,0,0,0,0,0,0,0,0,0,0,0,0,0,0,0,0,0,0,0,0,0,0,0,0,0,0,0,1,3,3,2,3,2,1,0,1,0,0,0,0,1,3,0,0,2,1,0,1,1,0,2,0,0,0,1,0,4.690124716
shrubRedWet2_bin.24.orig,0,2,0,1,0,0,8,0,2,0,0,2,1,5,1,1,8,10,7,3,0,1,1,1,1,1,1,0,0,0,1,0,0,2,1,0,1,2,4,4,0,4,3,1,3,8,5,35,0,0,1,0,0,0,0,0,0,0,0,0,0,0,0,0,0,0,0,0,0,1,1,0,1,0,0,0,0,0,1,1,1,0,0,0,0,0,1,0,0,0,0,0,0,0,0,0,0,1,1,0,0,0,0,0,0,0,0,0,0,0,0,0,0,0,0,0,0,0,0,0,0,0,0,0,0,0,0,0,0,0,0,0,0,0,0,0,0,0,0,0,0,0,0,1,1,1,0,1,0,0,0,0,0,0,0,0,0,0,0,0,1,3,3,1,3,1,1,0,1,0,1,1,3,2,3,0,0,1,0,1,1,1,0,2,1,1,0,0,0,4.237129451
shrubRedWet2_bin.25.orig,0,2,0,0,0,0,2,0,0,0,0,1,0,1,0,0,4,0,9,1,0,0,0,1,0,1,0,0,0,0,0,0,0,0,0,0,0,0,0,2,0,4,4,2,3,9,3,20,0,0,0,0,1,0,1,0,0,0,0,0,0,0,0,0,0,0,0,1,0,0,0,0,0,0,0,0,0,0,1,1,1,0,0,0,0,0,1,0,0,0,0,1,0,0,0,0,0,0,0,0,0,0,0,0,0,0,0,0,0,0,0,0,0,0,0,0,0,0,0,0,0,0,0,0,0,0,0,0,0,0,0,0,0,0,0,0,0,0,0,0,0,0,0,1,1,0,0,0,0,0,0,0,0,0,0,0,0,0,0,0,1,2,2,1,2,1,1,1,1,0,0,0,0,0,2,0,0,1,0,0,0,1,0,2,0,0,0,0,0,1.675111525
shrubRedWet2_bin.26.strict,0,2,0,1,0,0,2,0,1,0,0,0,0,4,1,0,4,2,4,2,0,1,1,1,0,0,0,0,0,0,0,0,1,1,0,0,1,0,0,1,0,4,3,2,4,10,4,27,0,0,0,0,0,0,0,1,0,0,0,0,0,0,0,0,0,0,0,0,0,0,1,0,0,0,0,0,0,1,1,0,0,0,0,0,0,0,1,0,0,0,0,1,1,0,0,0,0,0,0,0,0,0,0,0,0,0,0,0,0,0,0,0,0,0,0,0,0,0,0,0,0,0,0,0,0,0,0,0,0,0,0,0,0,0,0,0,0,0,0,0,0,0,0,0,0,0,0,0,0,0,0,0,0,0,0,0,0,0,0,0,1,3,4,2,4,2,0,0,1,1,1,0,1,1,3,0,0,2,0,0,1,0,0,2,0,0,0,0,0,1.860169304
shrubRedWet2_bin.27.orig,0,2,0,2,0,0,3,0,1,0,0,0,0,5,1,0,3,2,4,2,0,0,1,1,0,0,0,0,0,0,0,0,1,0,0,0,1,0,0,0,0,4,3,2,4,10,5,20,0,0,1,0,0,0,1,1,0,0,0,0,0,0,0,0,0,0,0,0,0,0,1,0,0,0,0,0,0,1,1,0,0,0,0,0,0,0,0,0,0,0,0,1,1,0,0,0,0,0,0,0,0,0,0,0,0,0,0,0,0,0,0,0,0,0,0,0,0,0,0,0,0,0,0,0,0,0,0,0,0,0,0,0,0,0,0,0,0,0,0,0,0,0,0,0,0,0,0,0,0,0,0,0,0,0,0,0,0,0,0,0,1,2,5,2,5,2,0,0,1,1,1,0,1,0,2,0,0,2,0,0,1,0,0,2,0,0,0,0,0,0.65505956
shrubRedWet2_bin.28.orig,1,0,1,0,0,0,2,0,1,1,1,2,0,1,0,0,4,6,7,0,0,1,0,1,0,0,0,0,0,0,0,1,0,1,0,0,0,0,1,3,1,3,2,1,2,7,3,17,0,0,0,0,1,0,1,1,0,0,0,0,0,0,0,0,0,0,0,0,0,0,1,0,0,0,0,0,0,1,1,1,0,0,1,0,0,0,0,0,0,0,0,1,0,0,0,0,0,1,0,0,0,0,0,0,0,0,0,0,0,0,0,0,0,0,0,0,0,0,0,0,0,0,0,0,0,0,0,0,0,0,0,0,0,0,0,0,0,0,0,0,0,0,0,0,0,0,0,0,0,0,0,0,0,0,0,0,0,0,0,0,1,1,2,0,2,0,1,0,1,0,0,1,1,2,1,0,0,0,0,0,1,0,2,2,0,0,0,0,1,2.849080099
shrubRedWet2_bin.29.orig,0,2,0,0,0,0,0,0,0,0,0,2,0,4,0,1,7,5,5,1,0,0,0,0,0,0,0,1,0,0,0,1,0,1,0,0,0,1,0,3,0,1,2,0,0,1,0,9,0,0,0,0,0,0,0,1,0,0,0,0,0,0,0,0,0,0,0,0,0,0,1,0,0,0,0,0,0,0,1,0,0,0,1,0,0,0,0,0,0,0,0,0,0,0,0,0,0,0,0,0,0,0,0,0,0,0,0,0,0,0,0,0,0,0,0,0,0,0,0,0,0,0,0,0,0,0,0,0,0,0,0,0,0,0,0,0,0,0,0,0,0,0,0,0,0,0,0,0,0,0,0,0,0,0,0,0,0,0,0,0,1,3,0,1,0,1,1,0,0,1,0,0,0,0,3,0,0,1,1,0,1,0,2,3,0,0,0,0,0,5.14472589
shrubRedWet2_bin.3.orig,1,3,1,5,1,1,16,3,9,1,2,4,2,10,5,2,36,7,18,4,0,2,1,1,0,0,1,0,0,4,3,1,0,4,4,0,5,2,3,7,1,3,3,1,2,7,2,48,0,1,1,0,1,1,0,0,0,1,1,0,0,0,0,0,0,0,0,1,0,0,1,0,0,0,0,0,0,1,1,1,1,0,0,0,0,1,1,0,0,0,0,0,1,0,0,0,1,0,0,1,0,0,0,0,0,0,0,0,0,0,0,0,0,0,0,0,0,0,0,0,0,0,0,1,0,0,0,0,0,0,0,0,0,0,0,0,0,0,0,0,0,0,0,1,1,1,0,1,0,0,0,0,0,0,0,0,0,0,0,0,1,2,2,2,2,2,0,0,1,1,2,0,3,3,2,0,0,2,0,0,1,0,3,3,0,0,0,3,1,0.50285326
shrubRedWet2_bin.30.orig,0,0,0,0,0,0,0,0,0,0,0,0,0,0,0,0,0,0,2,0,0,0,0,0,0,0,0,0,0,0,0,0,0,0,0,0,0,0,0,0,0,0,1,0,0,0,0,8,0,0,0,0,0,0,0,0,0,0,0,0,0,0,0,0,0,0,0,0,0,0,1,0,0,0,0,0,0,0,0,0,0,0,0,0,0,0,0,0,0,0,0,0,0,0,0,0,0,0,1,0,0,0,0,0,0,0,0,0,0,0,0,0,0,0,0,0,0,0,0,0,0,0,0,0,0,0,0,0,0,0,0,0,0,0,0,0,0,0,0,0,0,0,0,0,0,0,0,0,0,0,0,0,0,0,0,0,0,0,0,0,0,0,2,0,2,0,0,0,0,1,0,0,0,0,0,0,0,0,0,0,0,0,0,1,0,0,0,0,0,1.263243854
shrubRedWet2_bin.31.orig,0,0,0,0,0,0,2,0,0,0,0,1,1,3,1,0,2,5,3,1,0,0,1,0,0,0,0,0,0,0,1,0,0,3,0,0,0,1,1,1,0,2,3,2,1,4,2,17,0,0,0,0,1,0,1,0,0,0,0,0,0,0,0,0,0,0,0,0,0,0,1,0,1,0,0,0,0,1,1,0,0,1,1,0,0,0,0,0,0,0,0,0,0,0,0,0,0,0,0,0,0,0,0,0,0,0,0,0,0,0,0,0,0,0,0,0,0,0,0,0,0,0,0,0,0,0,0,0,0,0,0,0,0,0,0,0,0,0,0,0,0,0,0,0,0,0,0,0,0,0,0,0,0,0,0,0,0,0,0,0,1,2,2,0,2,0,1,0,0,0,0,0,1,1,2,0,0,0,1,1,0,0,1,2,1,1,0,0,1,2.266373901
shrubRedWet2_bin.32.orig,1,0,0,1,0,0,3,0,5,1,1,4,1,2,1,1,6,6,4,0,0,1,0,1,0,0,0,0,0,0,1,0,0,1,1,0,2,0,1,4,0,3,3,1,2,7,3,20,0,0,1,0,0,1,1,0,0,0,0,0,0,0,0,0,0,0,0,0,0,0,1,0,0,0,0,0,0,1,1,1,0,0,0,0,1,0,0,0,0,0,0,1,1,0,0,0,1,1,1,0,0,0,0,0,0,0,0,0,0,0,0,0,0,0,0,0,0,0,0,0,0,0,0,0,0,0,0,0,0,0,0,0,0,0,0,0,0,0,0,0,0,0,0,0,0,0,0,0,0,0,0,0,0,0,0,0,0,0,0,0,1,0,4,1,4,1,1,0,1,1,1,1,1,2,0,0,0,1,0,0,1,0,3,2,0,0,0,0,1,0.941647473
shrubRedWet2_bin.33.orig,1,0,0,1,0,0,3,0,5,1,1,5,1,1,0,1,14,8,7,0,3,1,0,1,0,0,0,0,0,1,1,1,0,1,2,0,2,0,1,3,0,3,3,1,2,8,3,19,0,0,1,0,0,0,1,1,0,0,0,0,0,0,0,0,0,0,0,1,0,0,1,0,0,0,0,0,0,0,1,1,0,0,0,0,1,0,1,0,0,0,0,0,1,0,0,0,0,1,1,0,0,0,0,0,0,0,0,0,0,0,0,0,0,0,0,0,0,0,0,0,0,0,0,0,0,0,0,0,0,0,0,0,0,0,0,0,0,0,0,0,0,0,0,0,0,0,0,0,0,0,0,0,0,0,0,0,0,0,0,0,1,1,4,1,4,1,1,0,1,1,0,1,2,1,1,0,0,1,0,0,1,0,3,2,0,0,0,0,1,0.599701977
shrubRedWet2_bin.34.strict,0,2,0,1,0,0,3,0,1,0,0,0,0,3,0,0,4,4,3,2,0,1,1,1,0,0,0,0,0,0,0,0,1,1,0,0,1,0,0,1,0,3,2,2,3,8,5,21,0,0,1,0,0,0,0,1,0,0,0,0,0,0,0,0,0,0,0,0,0,0,1,1,1,0,0,0,0,1,1,0,0,1,0,0,0,0,1,0,0,0,0,1,1,0,0,0,0,0,0,0,0,0,0,0,0,0,0,0,0,0,0,0,0,0,0,0,0,0,0,0,0,0,0,0,0,0,0,1,0,0,0,0,0,0,0,0,0,0,0,0,0,0,0,0,0,0,0,0,0,0,0,0,0,0,0,0,0,0,0,0,1,3,3,2,3,2,0,0,1,1,2,0,1,1,3,0,0,2,0,0,1,0,0,2,0,0,0,0,0,1.227100757
shrubRedWet2_bin.35.orig,0,2,0,0,0,0,4,0,1,0,0,0,0,2,0,0,6,3,5,2,0,0,1,1,0,0,0,0,0,0,0,1,1,1,1,0,1,0,0,0,0,4,4,1,3,12,4,24,0,0,1,0,0,1,0,0,1,0,0,0,0,0,0,0,0,0,0,0,0,0,0,0,0,0,0,0,0,0,0,0,0,1,1,0,0,0,1,0,0,0,0,1,1,0,0,0,0,0,1,0,0,0,0,0,0,0,0,0,0,0,0,0,0,0,0,0,0,0,0,0,0,0,0,0,0,0,0,1,0,0,0,0,0,0,0,0,0,0,0,0,0,0,0,1,1,1,0,1,0,0,0,0,0,0,0,0,0,0,0,0,2,3,5,2,5,2,0,0,1,0,0,0,2,1,3,0,0,2,0,0,1,0,1,3,0,0,0,0,0,1.928972612
shrubRedWet2_bin.36.strict,0,2,0,1,0,0,1,0,1,0,0,0,0,0,0,0,7,3,4,1,0,1,0,0,0,0,0,0,0,0,0,0,0,0,1,0,0,0,1,0,0,3,2,1,3,7,6,20,0,1,0,0,1,0,1,0,0,0,0,0,0,0,0,0,0,0,0,0,0,0,1,0,0,0,0,0,0,1,1,1,1,1,0,0,0,0,0,0,0,0,0,1,0,0,0,0,0,0,0,0,0,0,0,0,0,0,0,0,0,0,0,0,0,0,0,0,0,0,0,0,0,0,0,0,0,0,0,0,0,0,0,0,0,0,0,0,0,0,0,0,0,0,0,0,0,0,0,0,0,0,0,0,0,0,0,0,0,0,0,0,2,2,3,1,3,1,0,0,0,1,0,0,2,1,2,0,0,1,0,0,1,0,0,3,0,0,0,0,0,2.065487009
shrubRedWet2_bin.37.orig,0,2,0,2,0,1,3,0,1,0,0,0,0,4,0,0,4,3,4,2,0,1,1,1,0,0,0,0,0,0,0,0,0,1,0,0,1,0,1,1,0,4,4,1,3,8,7,30,0,0,1,0,0,1,0,1,1,0,0,0,0,0,0,0,0,0,0,0,0,0,1,0,0,0,0,0,0,1,1,1,0,0,0,0,0,0,1,0,0,0,0,1,1,0,0,0,0,0,0,0,0,0,0,0,0,0,0,0,0,0,0,0,0,0,0,0,0,0,0,0,0,0,0,0,0,0,0,0,0,0,0,0,0,0,0,1,0,0,0,0,0,0,0,0,0,0,0,0,0,0,0,0,0,0,0,0,0,0,0,0,1,3,3,2,3,2,0,0,1,1,2,0,1,1,3,0,0,2,0,0,1,0,0,2,0,0,0,0,0,0.974251367
shrubRedWet2_bin.38.strict,0,0,0,0,0,0,0,0,0,0,0,0,0,0,0,0,0,0,1,0,0,0,0,0,0,0,0,0,0,0,0,0,0,0,0,0,0,0,0,0,0,2,1,1,3,4,1,9,0,0,0,0,0,0,0,0,0,0,0,0,0,0,0,0,0,0,0,0,0,0,1,0,0,0,0,0,0,0,0,0,0,0,0,0,0,0,0,0,0,0,0,0,0,0,0,0,0,0,0,0,0,0,0,0,0,0,0,0,0,0,0,0,0,0,0,0,0,0,0,0,0,0,0,0,0,0,0,0,0,0,0,0,0,0,0,0,0,0,0,0,0,0,0,0,0,0,0,0,0,0,0,0,0,0,0,0,0,0,0,0,0,0,3,0,3,0,0,0,0,1,0,0,0,0,0,0,0,0,0,0,0,0,0,1,0,0,0,0,0,11.8658631
shrubRedWet2_bin.4.orig,0,3,0,1,0,0,2,0,1,0,0,1,0,4,1,2,9,2,9,1,0,1,1,1,1,1,1,1,0,0,0,0,0,2,1,0,0,2,1,5,0,2,3,1,1,5,0,27,0,0,0,0,1,0,0,1,0,0,0,0,0,0,0,0,0,0,0,0,0,1,1,0,1,0,0,0,0,1,1,1,1,0,1,0,0,0,1,0,0,0,0,0,1,1,1,0,1,0,1,0,0,0,0,0,0,0,0,0,0,0,0,0,0,0,0,0,0,0,0,0,0,0,0,0,0,0,0,0,0,0,0,0,0,0,0,0,0,0,0,0,0,0,0,0,0,0,0,0,0,0,0,0,0,0,0,0,0,0,0,0,1,3,5,1,5,1,1,0,1,1,1,0,2,1,3,0,0,1,1,1,1,1,2,2,1,1,0,0,0,7.126175987
shrubRedWet2_bin.5.orig,0,2,0,1,0,0,5,0,0,0,0,2,0,5,1,1,7,6,7,3,0,0,1,1,1,1,1,0,0,1,1,0,0,2,1,0,1,2,1,5,0,6,3,2,5,11,3,36,1,0,1,0,0,0,0,0,0,0,0,0,0,0,0,0,0,0,0,1,0,0,1,0,1,0,0,0,0,0,1,1,1,0,1,0,0,0,1,0,0,0,0,0,0,0,0,0,0,0,0,0,0,0,0,0,0,0,0,0,0,0,0,0,0,0,0,0,0,0,0,0,0,0,0,0,0,0,0,0,0,0,0,0,0,0,0,0,0,0,0,0,0,0,0,1,1,1,0,1,0,0,0,0,0,0,0,0,0,0,0,0,1,2,4,2,4,2,1,0,1,0,0,0,2,0,2,0,0,2,1,1,1,1,0,3,1,1,0,2,0,1.358392412
shrubRedWet2_bin.6.orig,1,3,0,0,0,0,3,0,0,0,0,2,0,5,0,1,8,3,8,2,0,0,1,0,0,0,1,0,0,2,0,0,0,4,1,0,1,2,1,3,0,2,2,1,1,4,1,25,0,0,1,0,0,0,0,1,0,0,0,0,0,0,0,0,0,0,0,0,0,1,1,0,1,0,0,0,0,1,1,1,1,0,0,0,0,0,1,0,0,0,0,0,1,0,0,0,1,1,0,0,0,0,0,0,0,0,0,0,0,0,0,0,0,0,0,0,0,0,0,0,0,0,0,0,0,0,0,0,0,0,0,0,0,0,0,0,0,0,0,0,0,0,0,0,0,0,0,0,0,0,0,0,0,0,0,0,0,0,0,0,0,3,5,1,5,1,1,0,1,0,2,0,2,2,3,0,0,1,1,1,1,1,2,1,1,1,0,0,0,7.91703213
shrubRedWet2_bin.7.orig,0,3,1,1,0,0,6,0,1,0,0,1,1,2,2,0,3,4,5,1,0,1,0,1,0,0,1,0,0,0,1,0,0,0,0,0,0,0,0,1,0,5,3,2,5,9,4,21,1,0,0,0,0,0,1,0,0,1,0,0,0,0,0,0,0,0,0,0,0,0,1,0,1,0,0,0,0,1,1,1,0,1,0,0,0,1,0,0,0,0,0,0,0,0,0,1,1,1,0,0,0,0,0,0,0,0,0,0,0,0,0,0,0,0,0,0,0,0,0,0,0,0,0,0,0,0,0,0,0,0,0,0,0,0,0,0,0,0,0,0,0,0,0,1,1,1,0,1,0,0,0,0,0,0,0,0,0,0,0,0,0,2,4,1,4,1,1,0,1,1,1,0,1,0,2,0,0,1,1,0,1,0,1,2,0,0,0,0,1,2.284954784
shrubRedWet2_bin.8.orig,0,3,0,1,1,0,5,0,0,0,0,2,1,4,1,0,4,8,7,1,0,0,1,1,0,0,1,0,0,0,1,0,0,2,3,0,1,0,3,2,0,6,3,1,3,9,3,27,1,0,0,0,1,0,1,1,0,1,0,0,0,0,0,0,0,0,0,1,0,0,1,0,1,0,0,0,0,1,1,1,1,1,1,0,0,0,1,0,0,0,0,0,1,0,0,0,1,0,0,0,0,0,0,0,0,0,0,0,0,0,0,0,0,0,0,0,0,0,0,0,0,0,0,0,0,0,0,0,0,0,0,0,0,0,0,0,0,0,0,0,0,0,0,1,1,1,0,1,0,0,0,0,0,0,0,0,0,0,0,0,1,2,5,2,5,2,1,0,1,0,2,1,2,2,2,0,0,2,1,1,1,0,1,3,1,1,0,0,1,4.625114272
shrubRedWet2_bin.9.orig,0,3,1,1,0,0,6,0,2,0,0,3,1,4,1,0,4,6,9,2,0,2,1,1,0,0,1,0,0,0,1,0,0,2,0,0,1,0,2,2,0,4,4,2,3,6,4,27,1,0,0,0,1,0,1,0,0,1,0,0,0,0,0,0,0,0,0,0,0,0,1,0,1,0,0,0,0,1,1,1,1,1,1,0,0,0,1,0,0,0,0,1,1,0,0,0,1,0,1,0,0,0,0,0,0,0,0,0,0,0,0,0,0,0,0,0,0,0,0,0,0,0,0,0,0,0,0,0,0,0,0,0,0,0,0,0,0,0,0,0,0,0,0,1,1,1,0,1,0,0,0,0,0,0,0,0,0,0,0,0,1,3,3,2,3,2,1,0,1,1,2,0,1,2,3,0,0,2,1,1,1,0,1,2,1,1,0,0,1,2.109737229